{
    "domain": "ac28816960.com",
    "owner": {},
    "source": [
        "DuckDuckGo-NO"
    ],
    "prevalence": 0.00191,
    "sites": 19,
    "subdomains": [
        "7885c8b33a"
    ],
    "cnames": [],
    "fingerprinting": 0,
    "resources": [
        {
            "rule": "ac28816960\\.com\\/in\\/multy",
            "cookies": 0,
            "fingerprinting": 0,
            "subdomains": [
                "7885c8b33a"
            ],
            "apis": {},
            "sites": 19,
            "prevalence": 0.00191,
            "cnames": [],
            "responseHashes": [],
            "type": "Preflight",
            "firstPartyCookies": {},
            "firstPartyCookiesSent": {},
            "exampleSites": [
                "18comix.org",
                "bananamovies.org",
                "epawg.com",
                "femdom-joi.com",
                "forcedcinema.net",
                "heavyfetish.com",
                "highporn.net",
                "incest.pro",
                "novamanga.com",
                "pornovideoshub.com",
                "watchporn.to",
                "www.pornfd.com",
                "www.xasiat.com",
                "xtapes.me",
                "xxxi.porn"
            ]
        },
        {
            "rule": "ac28816960\\.com\\/in\\/multy",
            "cookies": 0,
            "fingerprinting": 0,
            "subdomains": [
                "7885c8b33a"
            ],
            "apis": {},
            "sites": 19,
            "prevalence": 0.00191,
            "cnames": [],
            "responseHashes": [
                "bbb3ad32b1974f2add622bbc4f6d023d5abcc5eda0e000e0349872604ab44e6e",
                "c53f1ed26924bd8c50f7682c4393826549bcf7f1a29eb2c9d593b33508a917a8",
                "1c71dc8628f5d1e23902426b9494def377a30313e09db4f4993dd1a980bf79a9",
                "6584535a1787e582552b30218a6548137a7269a9960fc1e67f5a906e8af622f4",
                "972fbb77b6e9cfe20bc9d82eee3c262a9611f99cc1f12b9b8afafda1ffe4e476",
                "a91eef4379f2e8d933765130045b88523cecd5bcb1713509ff47c73cc173cc89",
                "afc051958bd21b0d53a0cc76f0a65b7d43c52dd28087e65081b00704bc0034ff",
                "504ce166be719cf8ce2571f04a095ea59ea4606bb2a80d8a97543abfb41036cb",
                "01e7924b17d2560bcfc4ef1fdfdb2656337e3c8339dca74c6985c2ec8f2737fb",
                "8af2fc6c0a064b47e2bcdd250bb24df5c691b5003ee692de32fd83d7492e0fcd",
                "6536d505e6130b409ba1d330bd53462656455ef881f7e48367078714fdcafdb4",
                "54ff9a10e3df9c6aec335a5fde50ae94eb87da3c0656ef36a87bbd25b58a09f0",
                "a385219beed01b5253e467b860555c244e4e50e0851a0a5df2141d85e09929b6",
                "3c6225b37b4a73d6bb74b83a98ec48998ce15a06c94ba9a6679519e7747affaa",
                "f2bedb9c73a77cf60b4a7f29afd8556d444041a53a6e5a32cf3ee2f15b20194b",
                "3cd9351d73bb75d4bd671c7506abed59240ac0e8bc3f94b1579bdd7edb017050",
                "78259af08f9903cfd9e0193a2ab42e621dc9f6ac7c1dd8e0850996e9ebf5e318",
                "46c3a06cfc77ccf20e9a714708973f753620a86eea47eee1273e8416e20b3aa9"
            ],
            "type": "XHR",
            "firstPartyCookies": {},
            "firstPartyCookiesSent": {},
            "exampleSites": [
                "18comix.org",
                "bananamovies.org",
                "epawg.com",
                "femdom-joi.com",
                "forcedcinema.net",
                "heavyfetish.com",
                "highporn.net",
                "incest.pro",
                "novamanga.com",
                "pornovideoshub.com",
                "watchporn.to",
                "www.pornfd.com",
                "www.xasiat.com",
                "xtapes.me",
                "xxxi.porn"
            ]
        },
        {
            "rule": "ac28816960\\.com\\/in\\/show\\/",
            "cookies": 0,
            "fingerprinting": 0,
            "subdomains": [
                "7885c8b33a"
            ],
            "apis": {},
            "sites": 19,
            "prevalence": 0.00191,
            "cnames": [],
            "responseHashes": [
                "e3b0c44298fc1c149afbf4c8996fb92427ae41e4649b934ca495991b7852b855"
            ],
            "type": "Image",
            "firstPartyCookies": {},
            "firstPartyCookiesSent": {},
            "exampleSites": [
                "18comix.org",
                "bananamovies.org",
                "epawg.com",
                "femdom-joi.com",
                "forcedcinema.net",
                "heavyfetish.com",
                "highporn.net",
                "incest.pro",
                "novamanga.com",
                "pornovideoshub.com",
                "watchporn.to",
                "www.pornfd.com",
                "www.xasiat.com",
                "xtapes.me",
                "xxxi.porn"
            ]
        }
    ],
    "categories": [],
    "performance": {},
    "cookies": 0,
    "topInitiators": [
        {
            "domain": "19b7f4f4d8.com",
            "prevalence": 0.5072463768115942
        },
        {
            "domain": "wpushsdk.com",
            "prevalence": 0.43478260869565216
        },
        {
            "domain": "first party",
            "prevalence": 0.057971014492753624
        }
    ],
    "types": {
        "Preflight": 19,
        "XHR": 19,
        "Image": 19
    },
    "nameservers": [
        "dns1.infrapu.sh",
        "dns2.infrapu.sh"
    ]
}