{
    "domain": "adnuntius.delivery",
    "owner": {},
    "source": [
        "DuckDuckGo-NO"
    ],
    "prevalence": 0.00121,
    "sites": 12,
    "subdomains": [
        "ads"
    ],
    "cnames": [],
    "fingerprinting": 0,
    "resources": [
        {
            "rule": "adnuntius\\.delivery\\/i",
            "cookies": 0.000705,
            "fingerprinting": 0,
            "subdomains": [
                "ads"
            ],
            "apis": {},
            "sites": 13,
            "prevalence": 0.00131,
            "cnames": [],
            "responseHashes": [
                "9e28717dae261028a56feeaf4c43be5065d243b44de3d9193e05755df7e446b8",
                "d2a5548984b8e9de64b22650fdbbd34a3a6d147b749ee524242fbc1f560f837b",
                "53f2bdffcd65396c451d6cb4f579a50c0327448de6a60f1268af7c30a1feaf20",
                "36c4ac8f9db70da812b92b36ff673b8297183b8ae0325d84d5bda362537a5f10",
                "1df240077a948a4c776849dcc41cb8b23dd265457578c38f2ac097d328627cde",
                "5ec1374494923ac540e307b8ea8b0b4f1eae3365d596ac2da39e9c77cb003791",
                "226d8ffa5f1097477fd36a3cb63f32609e9acf07b50eb323f69fe34f72d8645b",
                "8780409022d6a25d01c6ce0648b2a1ce66c67d4019e07e51af00b6eba3af0232",
                "56a52d6c22715344cd197ac7b5a27ece9aa5945fa0b7b5461002f48c9a86cae5",
                "b028c232eef48995001b518e3ed3371685a5e9a16cedd7bb981898acc510e193",
                "f2f4c9c984bcb358a675c7fb6d83793e6818f56415944b5a46da85ea703d653b",
                "6f0c47b71d652213ae60c14226d65a7a7ec6588fe919006f7f76c5b8e9a514f8"
            ],
            "type": "Fetch",
            "firstPartyCookies": {},
            "firstPartyCookiesSent": {},
            "exampleSites": [
                "dagbladet.no",
                "borsen.dagbladet.no",
                "dinside.dagbladet.no",
                "sol.no",
                "www.aperitif.no",
                "www.elbil24.no",
                "www.filmweb.no",
                "www.journalisten.no",
                "www.kk.no",
                "www.kom24.no",
                "www.m24.no",
                "www.sciencenorway.no",
                "www.seher.no"
            ]
        }
    ],
    "categories": [],
    "performance": {},
    "cookies": 0.000604,
    "topInitiators": [
        {
            "domain": "first party",
            "prevalence": 0.8571428571428571
        },
        {
            "domain": "adnuntius.com",
            "prevalence": 0.14285714285714285
        }
    ],
    "types": {
        "Fetch": 13
    },
    "nameservers": [
        "major.ns.cloudflare.com",
        "emily.ns.cloudflare.com"
    ]
}