{
    "domain": "civiccomputing.com",
    "owner": {
        "name": "Civic Computing Limited",
        "displayName": "Civic Computing"
    },
    "source": [
        "DuckDuckGo-NO"
    ],
    "prevalence": 0.00141,
    "sites": 14,
    "subdomains": [
        "cc.cdn",
        "apikeys"
    ],
    "cnames": [],
    "fingerprinting": 1,
    "resources": [
        {
            "rule": "civiccomputing\\.com\\/9\\/cookieControl-9\\.5\\.min\\.js",
            "cookies": 0,
            "fingerprinting": 1,
            "subdomains": [
                "cc.cdn"
            ],
            "apis": {
                "Navigator.prototype.userAgent": 3,
                "Navigator.prototype.language": 3,
                "Navigator.prototype.product": 3,
                "Document.cookie getter": 3,
                "Date.prototype.getTime": 3
            },
            "sites": 3,
            "prevalence": 0.000302,
            "cnames": [],
            "responseHashes": [
                "0c9bc7534d077408a1b33568ff0c03071c9a2a9f27752478a82c70045d3ef172"
            ],
            "type": "Script",
            "firstPartyCookies": {},
            "firstPartyCookiesSent": {},
            "exampleSites": [
                "bygghjemme.no",
                "www.bygghjemme.no",
                "www.bygghemma.se"
            ]
        },
        {
            "rule": "civiccomputing\\.com\\/c\\/v",
            "cookies": 0,
            "fingerprinting": 0,
            "subdomains": [
                "apikeys"
            ],
            "apis": {},
            "sites": 14,
            "prevalence": 0.00141,
            "cnames": [],
            "responseHashes": [
                "2b16382d8433cd3891a803b5b9d9a1588865c2138da9c6e5343cbacd8cf944b5",
                "9b707bf3eaa94061ba20c06a1bee43a456fd5ce9a80bb5aaecac67bc9f22bf5e",
                "780b93c7e103048dcd5719d33c4fa7ed6bae68c9674dedbde653df7e8670c69b",
                "be551e8ee69e4be35baa9e2cb8f44038151a6509f76372595be610f8d794917a",
                "61f7d8b8ef5c97792bb0f4e6295869161d4ebf5ba29391aa42b7c49f56132729",
                "5dae83ca2860435c66388f2d7d794dcbe176643424c1b44f19a56ac4d5f3f3c0",
                "d4f6a741da3a2925010ba381872d78c7292062fc446182094e7f59fd98babdef",
                "8532d12adfc8fa581d0e87d0f34b3f4732d119d96b4b509a99091a11ea02779c",
                "5e0d75d36c71c1dccfe6f6c6f23b184f2cc842a38601eeb8d929af7a3a2db924",
                "1d62144edc1a7ab034440d009c958389602537f7ab05603ca1d17f301e6d519d",
                "0d22e840899f11f903a5fd079d14420ddd45691dbd1f3797c0e391bef21c3150",
                "ddad9a4c371504678fd9173f3edb7c9dcc241c82110665a8c88402245971c685"
            ],
            "type": "XHR",
            "firstPartyCookies": {},
            "firstPartyCookiesSent": {},
            "exampleSites": [
                "bygghjemme.no",
                "community.sports-interactive.com",
                "forum-en.msi.com",
                "play.tetris.com",
                "sparebankstiftelsen.no",
                "weather.metoffice.gov.uk",
                "www.bilfinans.no",
                "www.bygghjemme.no",
                "www.bygghemma.se",
                "www.folkehogskole.no",
                "www.metoffice.gov.uk",
                "www.msi.com",
                "www.onthemarket.com",
                "www.soundonsound.com"
            ]
        },
        {
            "rule": "civiccomputing\\.com\\/9\\/cookieControl-9\\.x\\.min\\.js",
            "cookies": 0.000302,
            "fingerprinting": 1,
            "subdomains": [
                "cc.cdn"
            ],
            "apis": {
                "Navigator.prototype.userAgent": 7,
                "Navigator.prototype.language": 7,
                "Navigator.prototype.product": 7,
                "Document.cookie getter": 7,
                "Document.cookie setter": 3,
                "Date.prototype.getTime": 1
            },
            "sites": 7,
            "prevalence": 0.000705,
            "cnames": [],
            "responseHashes": [
                "97e6f234ea9745ebdbe4e7501cce0af7f84dd90a18c7e95f679643786f3cc964"
            ],
            "type": "Script",
            "firstPartyCookies": {},
            "firstPartyCookiesSent": {},
            "exampleSites": [
                "sports-interactive.com",
                "forum-en.msi.com",
                "play.tetris.com",
                "sparebankstiftelsen.no",
                "www.folkehogskole.no",
                "www.msi.com",
                "www.soundonsound.com"
            ]
        },
        {
            "rule": "civiccomputing\\.com\\/9\\/cookieControl-9\\.10\\.min\\.js",
            "cookies": 0,
            "fingerprinting": 1,
            "subdomains": [
                "cc.cdn"
            ],
            "apis": {
                "Navigator.prototype.userAgent": 2,
                "Navigator.prototype.language": 2,
                "Navigator.prototype.product": 2,
                "Document.cookie getter": 2,
                "Date.prototype.getTime": 2
            },
            "sites": 2,
            "prevalence": 0.000201,
            "cnames": [],
            "responseHashes": [
                "97e6f234ea9745ebdbe4e7501cce0af7f84dd90a18c7e95f679643786f3cc964"
            ],
            "type": "Script",
            "firstPartyCookies": {},
            "firstPartyCookiesSent": {},
            "exampleSites": [
                "metoffice.gov.uk",
                "www.metoffice.gov.uk"
            ]
        },
        {
            "rule": "civiccomputing\\.com\\/vl\\/v3\\/vendor-list\\.json",
            "cookies": 0,
            "fingerprinting": 0,
            "subdomains": [
                "cc.cdn"
            ],
            "apis": {},
            "sites": 2,
            "prevalence": 0.000201,
            "cnames": [],
            "responseHashes": [
                "1f25877509495e46105b996cd17f7624241873c6fba4a4e8a9669cc795b438ae"
            ],
            "type": "XHR",
            "firstPartyCookies": {},
            "firstPartyCookiesSent": {},
            "exampleSites": [
                "metoffice.gov.uk",
                "www.metoffice.gov.uk"
            ]
        },
        {
            "rule": "civiccomputing\\.com\\/vl\\/additional-consent-providers\\.json",
            "cookies": 0,
            "fingerprinting": 0,
            "subdomains": [
                "cc.cdn"
            ],
            "apis": {},
            "sites": 2,
            "prevalence": 0.000201,
            "cnames": [],
            "responseHashes": [
                "f6235452b160feb59429716bd452da5d01d6c0864b6b4e3a6adad0afe05ea3df"
            ],
            "type": "XHR",
            "firstPartyCookies": {},
            "firstPartyCookiesSent": {},
            "exampleSites": [
                "metoffice.gov.uk",
                "www.metoffice.gov.uk"
            ]
        }
    ],
    "categories": [
        "Consent Management Platform"
    ],
    "performance": {},
    "cookies": 0.000302,
    "topInitiators": [
        {
            "domain": "first party",
            "prevalence": 0.7586206896551724
        },
        {
            "domain": "googletagmanager.com",
            "prevalence": 0.1724137931034483
        },
        {
            "domain": "adobedtm.com",
            "prevalence": 0.06896551724137931
        }
    ],
    "types": {
        "Script": 12,
        "XHR": 18
    },
    "nameservers": [
        "ns0.civiccomputing.com",
        "ns1.civiccomputing.com",
        "ns2.civiccomputing.com",
        "ns3.civiccomputing.com"
    ]
}