{
    "domain": "confirmit.com",
    "owner": {},
    "source": [
        "DuckDuckGo-NO"
    ],
    "prevalence": 0.00101,
    "sites": 10,
    "subdomains": [
        "digitalfeedback.us",
        "digitalfeedback.euro"
    ],
    "cnames": [],
    "fingerprinting": 1,
    "resources": [
        {
            "rule": "confirmit\\.com\\/api\\/digitalfeedback\\/loader",
            "cookies": 0,
            "fingerprinting": 1,
            "subdomains": [
                "digitalfeedback.us",
                "digitalfeedback.euro"
            ],
            "apis": {
                "Navigator.prototype.userAgent": 10
            },
            "sites": 10,
            "prevalence": 0.00101,
            "cnames": [],
            "responseHashes": [
                "7f7612bfc7802aac96bd1d71961e5dc7ccfe3d38c08ec43db604272c7b1cbab1",
                "8f3d79f75d310c5a396890e4e5e054f8d125d25ee110b665e460f3b0d31f7b6b",
                "4219a1bc4f4402e9b94ff544bd49ecca3ce4a4472d95c61840f1b4a2b6c5e2fa",
                "491af63d5c24a95397f8ed4356802e83fde07e105e9eedb3cbdbae8a382477a4",
                "1b963546194cd7cefe6819c35231b1398e873c2d019a9610451ce700800c3d11",
                "09563b3e7b671a38954328cfa621c93b4a674d327216b5faa3edadc9e89d34dd",
                "b111a26aa7d872a1810a4b4871c9971a2d1622d8ab38d5eee9368d6b2757ba58",
                "5f653d022655549b46d38226b14556cb8cc5dc20f4d97e642679b54d8ab839ec",
                "4c708c9b74b07b58ef1d3504a1d2015ad6a702fc36148e4696970269ca9ea7b3"
            ],
            "type": "Script",
            "firstPartyCookies": {},
            "firstPartyCookiesSent": {},
            "exampleSites": [
                "lenovo.com",
                "trinesmatblogg.no",
                "www.clasohlson.com",
                "www.dyreparken.no",
                "www.godt.no",
                "www.if.no",
                "www.lenovo.com",
                "www.minmote.no",
                "www.puuilo.fi",
                "www.tek.no"
            ]
        },
        {
            "rule": "confirmit\\.com\\/api\\/digitalfeedback\\/static\\/v32\\/intercept-survey\\.js",
            "cookies": 0,
            "fingerprinting": 1,
            "subdomains": [
                "digitalfeedback.us",
                "digitalfeedback.euro"
            ],
            "apis": {
                "Navigator.prototype.product": 5,
                "Navigator.prototype.userAgent": 5
            },
            "sites": 5,
            "prevalence": 0.000503,
            "cnames": [],
            "responseHashes": [
                "a9c7e9e12167024309fcdf158863346a9ffbb68b9addd7535f39e65b1025f614"
            ],
            "type": "Script",
            "firstPartyCookies": {},
            "firstPartyCookiesSent": {},
            "exampleSites": [
                "lenovo.com",
                "www.dyreparken.no",
                "www.godt.no",
                "www.minmote.no",
                "www.tek.no"
            ]
        },
        {
            "rule": "confirmit\\.com\\/api\\/digitalfeedback\\/loader\\/prod\\/program",
            "cookies": 0,
            "fingerprinting": 0,
            "subdomains": [
                "digitalfeedback.us",
                "digitalfeedback.euro"
            ],
            "apis": {},
            "sites": 10,
            "prevalence": 0.00101,
            "cnames": [],
            "responseHashes": [
                "164cb13b94a118e15e4e184b88350195bf53077366d8145ca2bfee2c25033792",
                "2496d692d436c670980eec8ba49e58eb51580e4210e4e157d10ab47eb1630b79",
                "0b77faf6832cc3105c5de465ba5e38cdf431a27a6fbca8d66819eff71fcf91e7",
                "b73485aafd68a0b9a113f723bba289816559ff4a4dc95f061c386e54c9b33122",
                "5ffd60ae08364a1a5e39b29dae9dbe7e935c882c8a209216fdf1b8d3d9754dc4",
                "b4a0df83ab2f65be6ad7d3f3506f6286745f2280be02a2f2b349f94bf62d66d7",
                "523b76fd918a95b81c6a9b2751984c7d9dc628b532afeed432400a18592cba2b",
                "9e8f9756b064bf15a4beae486ef62e7c3a5e0d41c1b16b0b4ec3264850656632"
            ],
            "type": "XHR",
            "firstPartyCookies": {},
            "firstPartyCookiesSent": {},
            "exampleSites": [
                "lenovo.com",
                "trinesmatblogg.no",
                "www.clasohlson.com",
                "www.dyreparken.no",
                "www.godt.no",
                "www.if.no",
                "www.lenovo.com",
                "www.minmote.no",
                "www.puuilo.fi",
                "www.tek.no"
            ]
        },
        {
            "rule": "confirmit\\.com\\/api\\/digitalfeedback\\/loader\\/prod\\/scenario",
            "cookies": 0,
            "fingerprinting": 1,
            "subdomains": [
                "digitalfeedback.us",
                "digitalfeedback.euro"
            ],
            "apis": {
                "window.sessionStorage": 1,
                "Date.prototype.getTime": 1,
                "Document.cookie getter": 1,
                "window.localStorage": 4,
                "Navigator.prototype.userAgent": 5
            },
            "sites": 9,
            "prevalence": 0.000906,
            "cnames": [],
            "responseHashes": [
                "00e934c689cd4dd76f8da60b7fe9ecf4ebb5bd53f6b1a39cfec424b0692dcba2",
                "5316e9625e64f8206c451ceb7a610671c6b1549d4fbbd8d9ce1e283b5577c79a",
                "68b670742a5990aae76deda0980b8e2f0ab98ca3fce66de886be704b5876125b",
                "523f40dd93143277f55fd4b14e6cb916083b5c46e802b7ef3efbe5ff00cf76f2",
                "95c590b40698e933ad41928407d2717377e7731ca6bb2c896e55e5a08dfbf73c",
                "3ba8f00c2a84261c2c9928398c8ee4c146180575856b1f3ba99ca6be009c2c94",
                "ce4a97a3456e58bd8ac79317e9d4407d2eddd43eb4fd47a988dd6c09d066a979",
                "25bc3a7b8cd422cee1825fb4917af1183a2245ba031cb10ee6e5663181652905"
            ],
            "type": "Script",
            "firstPartyCookies": {},
            "firstPartyCookiesSent": {},
            "exampleSites": [
                "lenovo.com",
                "pcsupport.lenovo.com",
                "trinesmatblogg.no",
                "www.clasohlson.com",
                "www.dyreparken.no",
                "www.godt.no",
                "www.if.no",
                "www.minmote.no",
                "www.tek.no"
            ]
        },
        {
            "rule": "confirmit\\.com\\/api\\/digitalfeedback\\/static\\/v33\\/intercept-survey\\.js",
            "cookies": 0,
            "fingerprinting": 1,
            "subdomains": [
                "digitalfeedback.euro",
                "digitalfeedback.us"
            ],
            "apis": {
                "Navigator.prototype.product": 2,
                "Navigator.prototype.userAgent": 2
            },
            "sites": 2,
            "prevalence": 0.000201,
            "cnames": [],
            "responseHashes": [
                "9a5fbd58b25337834b01cadf961fe6ff6b7de4fcb3c98382a31cdcf10f392318"
            ],
            "type": "Script",
            "firstPartyCookies": {},
            "firstPartyCookiesSent": {},
            "exampleSites": [
                "if.no",
                "www.lenovo.com"
            ]
        }
    ],
    "categories": [],
    "performance": {},
    "cookies": 0,
    "topInitiators": [
        {
            "domain": "first party",
            "prevalence": 0.5263157894736842
        },
        {
            "domain": "datadoghq-browser-agent.com",
            "prevalence": 0.15789473684210525
        },
        {
            "domain": "adobedtm.com",
            "prevalence": 0.05263157894736842
        },
        {
            "domain": "googletagmanager.com",
            "prevalence": 0.05263157894736842
        },
        {
            "domain": "if.eu",
            "prevalence": 0.05263157894736842
        },
        {
            "domain": "azure.com",