{
    "domain": "cookie-script.com",
    "owner": {},
    "source": [
        "DuckDuckGo-NO"
    ],
    "prevalence": 0.00543,
    "sites": 54,
    "subdomains": [
        "consent",
        "cdn"
    ],
    "cnames": [],
    "fingerprinting": 2,
    "resources": [
        {
            "rule": "cookie-script\\.com\\/analytics",
            "cookies": 0,
            "fingerprinting": 0,
            "subdomains": [
                "consent"
            ],
            "apis": {},
            "sites": 31,
            "prevalence": 0.00312,
            "cnames": [],
            "responseHashes": [
                "e0b10f3bbeec6e00e4ed00a067adbc31d2ed239973d2dc7672c39c9fac1ed511",
                "6ac63d40dc5cbc6acc95c50dd274922a6cdda41233aa2db4097eedffb30ec242",
                "bc6d9f74013229509565b113eb149b9cb6d01381102672fe10dafdb6810bacea",
                "3c8b861f8607be673a7ce110ee7cc7555fa13e665744aa2559af43b2dcf0c884",
                "66d4af482773b03dbccf220bc972afbbf12481c3f0aa3dc8f7c8bb6ca2cc9e5b",
                "e3e8a8256cc8e14569c71e45da9e08120b2de7b218d370ee7aada1e391f6acfd",
                "07aed9dff4157f87ca37dca405afdbc37d33858aee2e7ffdc3434c14c605d597",
                "7bd5ab94832cccf3860fc4fba90f696380e5cade34fab3e6c97946bcae8c643c",
                "4d24174459215770045a315399cde03395f5adc1b366faf0c65c3b946a48b923",
                "b62811e4dbb5b71549dac87c95caca4a532f7fabf60de0897e78be32741f5705",
                "d4afade0b552fb7d656f8a92057fa3594e2401f915c1be4403deac6a3d90bc64",
                "94b971428c398b8cdb96c1880774138511bfae94c38c7275c054daa9c980f379",
                "9954f82187d48063066be665ce4eff6a6b4eb43ffbac91590f20a51f9528aa22",
                "312c3384642feb753fdd42a5eb5e23c0ce5fef93185f331a39a2fefc38d74a3d",
                "b5633792cb89cfb678c0c8de4dc81611c8f9eba49afbd3ce51fc23897560e122",
                "c9337b68071123f42768b7a6c2c51ca3d53cc3750c232d53d6f9c9100085a4f9",
                "11fc7fca45ddaf9ab0e561ba259ae37afa9bebe14e608e65949c1fbdc915faa6",
                "bf3a6b7a95144d3f12b86642c14a2858885c2739aeb5e98485de6c4c22b7db5f",
                "32d74e7e2b335bc4584435806c2032ab82915a9225bc16a60060cce09b869ff2",
                "14096b02be48cbee4e5f465b150159921724696452c5fd01b2da58d3ca0506c9",
                "ad1a1b11c4c3c728ecc5eff63828c717ce140f13df05a6911f88949ad89f8476",
                "741bb802fda4074b080bf39966fdf20976343027c40ec314b027e042c7616cd5",
                "33f8243b14f02abf1c6ab637828cafe9075fe3c8bca013c03d3382ad853539bb",
                "592ec85cb9ec83faf4f5d5362c610610d6f61d2c326bbf9817c1633680e5f10d",
                "9a93ae3298e42b603e16472e25f750aee017d952bc05dfa830d7a7d0f32c4d67"
            ],
            "type": "XHR",
            "firstPartyCookies": {},
            "firstPartyCookiesSent": {},
            "exampleSites": [
                "www.oslotaxi.no",
                "www.baerum.kommune.no",
                "www.operaen.no",
                "www.byggforsk.no",
                "www.garnstudio.com",
                "www.kaufmich.com",
                "www.friskforlag.no",
                "www.vid.no",
                "svanemerket.no",
                "fagflis.no",
                "bilxtraverksted.no",
                "traktoren.no",
                "bilxtra.no",
                "www.bytt.no",
                "www.3t.no",
                "www.deskmodder.de",
                "www.watchmojo.com",
                "www.christianity.com",
                "okologisknorge.no",
                "www.animalia.no"
            ]
        },
        {
            "rule": "cookie-script\\.com\\/iabtcf\\/2\\.2\\/sdk_cmp\\.js",
            "cookies": 0,
            "fingerprinting": 1,
            "subdomains": [
                "cdn"
            ],
            "apis": {
                "Date.prototype.getTime": 4
            },
            "sites": 10,
            "prevalence": 0.00101,
            "cnames": [],
            "responseHashes": [
                "d839924e924b395be743a947ee633a9a76805ad9773fa58709b775fbec547690"
            ],
            "type": "Script",
            "firstPartyCookies": {},
            "firstPartyCookiesSent": {},
            "exampleSites": [
                "fagflis.no",
                "fixthephoto.com",
                "motionarray.com",
                "www.deskmodder.de",
                "www.hollyland.com",
                "www.moddb.com",
                "www.resizepixel.com",
                "www.sportsgambler.com",
                "www.watchmojo.com",
                "www.worldanvil.com"
            ]
        },
        {
            "rule": "cookie-script\\.com\\/iabtcf\\/2\\.2\\/vendor-list\\.json",
            "cookies": 0,
            "fingerprinting": 0,
            "subdomains": [
                "cdn"
            ],
            "apis": {},
            "sites": 4,
            "prevalence": 0.000403,
            "cnames": [],
            "responseHashes": [
                "f94295bb6f75599fce180fcb071a843047cb1fd16b712024738b7ffb10128119"
            ],
            "type": "XHR",
            "firstPartyCookies": {},
            "firstPartyCookiesSent": {},
            "exampleSites": [
                "fagflis.no",
                "www.deskmodder.de",
                "www.resizepixel.com",
                "www.watchmojo.com"
            ]
        },
        {
            "rule": "cookie-script\\.com\\/iabtcf\\/2\\.2\\/google-vendors\\.json",
            "cookies": 0,
            "fingerprinting": 0,
            "subdomains": [
                "cdn"
            ],
            "apis": {},
            "sites": 4,
            "prevalence": 0.000403,
            "cnames": [],
            "responseHashes": [
                "3cb7bbf4e255f4daf48f192bc2b87768d259be9eb869c737b94079551f8f4066"
            ],
            "type": "Fetch",
            "firstPartyCookies": {},
            "firstPartyCookiesSent": {},
            "exampleSites": [
                "fagflis.no",
                "www.deskmodder.de",
                "www.resizepixel.com",
                "www.watchmojo.com"
            ]
        }
    ],
    "categories": [],
    "performance": {},
    "cookies": 0.00433,
    "topInitiators": [
        {
            "domain": "googletagmanager.com",
            "prevalence": 0.4696969696969697
        },
        {
            "domain": "first party",
            "prevalence": 0.42424242424242425
        },
        {
            "domain": "b-cdn.net",
            "prevalence": 0.06060606060606061
        },
        {
            "domain": "msecnd.net",
            "prevalence": 0.030303030303030304
        },
        {
            "domain": "azure.com",
            "prevalence": 0.015151515151515152
        }
    ],
    "types": {
        "XHR": 35,
        "Script": 10,
        "Fetch": 4
    },
    "nameservers": [
        "ns1.digitalocean.com",
        "ns2.digitalocean.com",
        "ns3.digitalocean.com"
    ]
}