{
    "domain": "cq0.co",
    "owner": {},
    "source": [
        "DuckDuckGo-NO"
    ],
    "prevalence": 0.00151,
    "sites": 15,
    "subdomains": [
        "doh"
    ],
    "cnames": [],
    "fingerprinting": 0,
    "resources": [
        {
            "rule": "cq0\\.co\\/resolve",
            "cookies": 0,
            "fingerprinting": 0,
            "subdomains": [
                "doh"
            ],
            "apis": {},
            "sites": 15,
            "prevalence": 0.00151,
            "cnames": [],
            "responseHashes": [
                "0f6c071723cee851acb5664862f87554d41bac8dc86f03b64e6ebee60ff7315a",
                "6a2dc2010eff421a1e9b8e98bd74553dc603de98d365417bf65335a4dd133dd7",
                "3b3d78e81f3bbf75aa9cd4860514e87b202f1fd4bf9f50792188dfd9eb5c2050",
                "c0e2607a3a95a0e0678e1bb0cc503f49da07d549beaec4047f8a9eb0269e0dee",
                "10e7c5a1380ecdf3f4296484ee5dce172c44147c68c17a61d478d469bc7117cd",
                "75a1cc6c902934eb8af00f646431c434e8d994c808b592f6a5b7af3ebd0bac7e",
                "2131919a1a009f991a5c72e0e45cfc749f8d5e85d81631849f9fb617255be80f",
                "ae9562edd7d1f93483b899ba699bbc83f8b39c8eb9d4b39eda4a2ed75348fbe2",
                "d7681af715b17842ce7ddd1212ffe4ba3731fae4cf640d590735f98570b96401",
                "517d95684ebdc4165c6bd301e1b8a1a9345bab5132b78124796419db6ea4085f",
                "0ad5e4163554b30f4f1509e70d7b1bcb1e779698158303616f5d02620bea5fbf",
                "ec4ee9fdb8968016455328c45ef3419ae41ec117809967fa3aff5ec76e38fc96",
                "f509eafcf7a4bd9c4c70b34dfbf4cf7e396eb8105b45c274541c9de08c60444d",
                "01caa9d05ab4a6257b653f797661a25f9a14b2d53b909eaeb5523a19078b5908"
            ],
            "type": "Fetch",
            "firstPartyCookies": {},
            "firstPartyCookiesSent": {
                "s_gpv_custom": 0.00010064412238325282
            },
            "exampleSites": [
                "go.com",
                "danskespil.dk",
                "moviesanywhere.com",
                "www.audi.no",
                "www.britishairways.com",
                "www.ccleaner.com",
                "www.delta.com",
                "www.easyjet.com",
                "www.espn.com",
                "www.fidelity.com",
                "www.latimes.com",
                "www.marvel.com",
                "www.mayoclinic.org",
                "www.nationalgeographic.com",
                "www.toyota.com"
            ]
        }
    ],
    "categories": [],
    "performance": {},
    "cookies": 0,
    "topInitiators": [
        {
            "domain": "first party",
            "prevalence": 0.6
        },
        {
            "domain": "espn.com",
            "prevalence": 0.13333333333333333
        },
        {
            "domain": "ensighten.com",
            "prevalence": 0.13333333333333333
        },
        {
            "domain": "audi.com",
            "prevalence": 0.06666666666666667
        },
        {
            "domain": "californiatimes.com",
            "prevalence": 0.06666666666666667
        }
    ],
    "types": {
        "Fetch": 15
    },
    "nameservers": [
        "ns-1240.awsdns-27.org",
        "ns-1857.awsdns-40.co.uk",
        "ns-488.awsdns-61.com",
        "ns-682.awsdns-21.net"
    ]
}