{
    "domain": "dotmetrics.net",
    "owner": {
        "name": "Dotmetrics",
        "displayName": "Dotmetrics"
    },
    "source": [
        "DuckDuckGo-NO"
    ],
    "prevalence": 0.00564,
    "sites": 56,
    "subdomains": [
        "uk-script",
        "au-script",
        "script",
        "rm-script"
    ],
    "cnames": [],
    "fingerprinting": 1,
    "resources": [
        {
            "rule": "dotmetrics\\.net\\/door\\.js",
            "cookies": 0,
            "fingerprinting": 1,
            "subdomains": [
                "uk-script",
                "au-script",
                "script"
            ],
            "apis": {
                "Date.prototype.getTime": 54,
                "Date.prototype.getTimezoneOffset": 54
            },
            "sites": 56,
            "prevalence": 0.00564,
            "cnames": [],
            "responseHashes": [
                "b9fe2d95744b338950aed87b708c38c3e46de94785a642eb436b38eeda024f75",
                "dbadc46feb3b863910ace68ba4771d0bbcf912c56d5719b40618f7dfce388d41",
                "a5bd2aa674036ddda7255d7a640964105e880e735f2e527e974ec0631cd10f27",
                "020806d0ce387a252da1918fd20c4940bb1bc3f54c319189794e18b38dbaf323",
                "2e83990a2dcb2997340bb39d149baa7601905ef28d89ebed55d110b9956b30cb",
                "22c7ff161e5ecdb4446ea278599f6a917a1b4400e675eb714b29e43d056463da",
                "89e81ec5c2945837c37a9a86fab7667277d21a6a19c2129cc89560871dd7534e",
                "376b7960b0325726134e66e363e29f5321ad00ccd0362cbae46aabaf2bb02d97",
                "cdf3d7b6a91d0e16a568360661b573dd202ff6a00b10ed3cec179d38227b8f48",
                "975cfc3fbe0db17c74caf00e1d293b5b5df28d610c81e57a4300cc209588a9fb",
                "1f7b489e73a573558d4e688eef76b4c5cc8c3d8bab7b60916501aa42228a633d",
                "95d8c7d8e68c96634590977ae475d6a8e77177d457f75215e7b04a04905b3405",
                "b9d8139cf3ff71e759f0722876a99446cb0f1e7d113137ec34df093f877f0890",
                "2e948e0fcbf41ed242335da7e2a65e74085efc12cb3f7406e0b1c18fe4085ea9",
                "8289b377e54ea0568b5252234a8ae4aef1556d440f2882a47d10ccbd209e8faf",
                "1c287504fddeda5a9b6528343838b046784bfad48e04413daf21f79d082eac45",
                "b47313011e6841181632219b5eb187c67b1ff4d3c287644f17bbdccac72dab7b",
                "821e11e8c378766c15d3f44926962b423d6f17de4fb7d052237a25ae1df4661f",
                "5d0ef0c1350d1fc9eb7910ef3b724f95fee53728cac2c4e4e391d2ace68ea1fe",
                "5262c1edf5eb0ba25d7b32d7705b3de0aa42eab5908185d0e374e48cd04afbe2",
                "48ea4248c57ab71b9b8f01c5e41c7338333fd1c2e3d1608fbef8d37bc3031da2",
                "ede708dacbb2dff8022f9124561a2afb8cd082c3c1e91f19e3025744958a2ffa",
                "bc80b4a0d63857ffc92b2ffdae96fbfbef5e37b84c020624d5a0c92f162253e9",
                "5828d69ab1753e63a9658d3597d9ed3dba1cbb29ecbed3ca250e219e587ab5da",
                "ee93ccefc06b3af220a6d289405c297c75174a42383f79f81ff6ef12b974ff9b",
                "2796469b7f3129472a65e67a59b0ec39f13ad2e21c2841cce7298de61e52121c",
                "05aeea208c3dc3e8875d3eda5dbfd642b5a310cb496364e301b45a530f1c3925",
                "522b1b3c18f9314442c81ba101693af5ffcefaf982f325c8ca012953583e6ae0",
                "c6fc60d79b11a35584e2248b2c8b23787bd89d70dd24ef24b1ad75f0699efb30",
                "0a6ed811b5388efe1b3a9ec9b8703718b92a4131432b253c7bb931ece8d9b3a6",
                "51928acf950ca7fe1163a5d220e6b34ca33e11ce064f59cfdbf05c9d27fb7fb1",
                "9c3e72d8a4909321d2f902e37aa501dbe7ac1552cf6352c4dc73c67092a6fec0",
                "b2a9fd56c4acd715b07245a2fcebe37df61389b062944fe89e0a3c66da0f7728",
                "425d6ec263cc82e4f09d8174bc5f04f3444ef63ff1817ba709916440db1d5b07",
                "bb1c2f42182446c54b601e9acff6ede5d0c72307c8a15613b584fc524e76d9c8",
                "79b7b097d4f40ddd83aa6d44cae0d1cfff6c0f9d0697cd756f7dac958408a186",
                "a65142b919c73ad0cb621f61517c940f8acbbc6ea9e6232bb53dc5030ca300bf",
                "4d8ba1962d3314dda4ce9f1ad9dfa61c542ee75a267ff8447082d087aadcae1d",
                "613a5d84769c86e4d6e82d244686f1de15178b48763cc0d7f8deaf8b5f46155b",
                "049e54e37ef3a60440f134d67f39cf7e6be6e07a25d565403aab9ac47a43e839",
                "28f292389969dc769ab229cbf8ac6b97337edd744370a796cc4d7b6e09dcff21",
                "9867e39f1dffc567f9a6f672ceff9f5c3af0b9977114b0778361386a2792e730",
                "26531210a3051b82156db58369e728f9fc8ef86306c7d72e5253f0da9290b741",
                "e9ada362c4102c8afed40fafec4da4c38f65df7c180b0f5c0ac1ef10fbdde86f",
                "4b180ff0f1c5745acd93544e634fddb3a0e6133d3586cc57cfaae49b7ca918fd",
                "7c78428ac3bb67ae3598ba2dfec5e69de2e849b9163ba97eed78405ffa5fb51f",
                "6293716b5537be5527af324113ac4524770a0a9fdccc47cb357b2cbd590ef2cc",
                "a0b1fd30ad7009b8fe19336cebef61ee430cf8c439c9f64c2f760aba1c215915",
                "b7be40a7c24516542b3b0e5cad88747c2ef9743692ab0c5c4b4aa7e390690803",
                "fd61ed620c5d81808fa3d69988f41524fdbebca0216e996c23a44e07fd72479e",
                "12293ff39c6872b1c1b36f6120dce7ebb916411850704138d1ee5ad218b3a1f8",
                "57b57126492a94159f40efa05700799e8641b1982b5fd807f1fe40b0f2a783cc",
                "fb8b59dc5a62e5037df3d809c4f78740c5d227b977d1c956754eef3840480c70",
                "bc06d3cf18c60a9ecb6896779ad188d32f632398e3b5034f5babb2eadbc51961",
                "eda2a96a45e94286be8a1f8cf8f6777c9378a974002f6552a1904d16ccd1cbc7"
            ],
            "type": "Script",
            "firstPartyCookies": {},
            "firstPartyCookiesSent": {},
            "exampleSites": [
                "www.bbc.co.uk",
                "www.bbc.com",
                "www.dailymail.co.uk",
                "www.express.co.uk",
                "www.independent.co.uk",
                "www.mirror.co.uk",
                "www.techradar.com",
                "www.thesun.co.uk",
                "www.tomsguide.com",
                "www.tomshardware.com",
                "www.bbcgoodfood.com",
                "www.mumsnet.com",
                "www.hellomagazine.com",
                "www.radiotimes.com",
                "www.windowscentral.com",
                "www.laptopmag.com",
                "www.space.com",
                "www.androidcentral.com",
                "www.liverpoolecho.co.uk",
                "www.thepinknews.com"
            ]
        },
        {
            "rule": "dotmetrics\\.net\\/hit\\.gif",
            "cookies": 0.000302,
            "fingerprinting": 0,
            "subdomains": [
                "uk-script",
                "rm-script",
                "au-script",
                "script"
            ],
            "apis": {},
            "sites": 55,
            "prevalence": 0.00554,
            "cnames": [],
            "responseHashes": [
                "57640b6d8ccf4070239d260940ca7576d90563d6f87b744f1a9928266930de46",
                "07383c96980710a04144e5a39ae59e7f9f74bcfd6462a6932ded48efe6d73bce"
            ],
            "type": "Image",
            "firstPartyCookies": {},
            "firstPartyCookiesSent": {},