{
    "domain": "featureassets.org",
    "owner": {},
    "source": [
        "DuckDuckGo-NO"
    ],
    "prevalence": 0.00211,
    "sites": 21,
    "subdomains": [],
    "cnames": [],
    "fingerprinting": 0,
    "resources": [
        {
            "rule": "featureassets\\.org\\/v1\\/initialize",
            "cookies": 0.00211,
            "fingerprinting": 0,
            "subdomains": [],
            "apis": {},
            "sites": 21,
            "prevalence": 0.00211,
            "cnames": [],
            "responseHashes": [
                "79450f2645dd2160c22c54d3bf271a520a02ae2492373e70bcddcb07663a4c54",
                "4fa01e8d22c84ae1cd96789e8823b3bb84ec75deb33e042f47a119e7ac6fd471",
                "a775e4d6b16eacccb458d82ec60fb1dbbb74300bbec316169af1b50add1a71e3",
                "e62b2d4495b7543d5f4fd94263ffb19301b6f834af3416a51b57262202a43333",
                "c6d2f79d0aebd9d1f4786c57c9531276e90fc41fbde1a5987d3ddd38df32335f",
                "dc754e7ab39557b29d7b3f3d1569278b42a82e377c995dded6c404d55a515877",
                "a113ef4c25d03d95e6af955ecf27c95240682ecffb67814719414422e9ef05fb",
                "0c0b8e665261c6092bc3ff32ee2ea37c463a042a11bd71d96f83c6c3e5409b78",
                "c421650c3847e87d2d576e142f5ead961e50033169f8c835c42845231fb71c00",
                "9a0878947fe88d965cc5eae56c1ef09721cf6fd2361c4129116438f568d15778",
                "0459967b50a668ff990c7d4203c456caf3ac7dc1d995621e5056e8f806179fc7",
                "ebfc5ed5b1c79cbdf0c6c6965e4d4d469f1d700012414dbd7f82a63cf4ddce37",
                "dc9916ae7c71e2aa75ba4bddfc84f8463a4071f73b5be00f2c431e7a9a3706cb",
                "a6230e7f161de5b5f369d5d89dc3fe7846c278871c0d5308faeb9fec0390f855",
                "f1a567ea105959c02b28bbd75a44473dbbdc4f0f23f5dc31a74b3e77fb832aa4",
                "1922459630ed860f8c1630bc1a9e45210eea110830f24c317d72694ab26a79a9",
                "f3177b9672c3b4905b0cef508188c987f9ce326f844db5c58525d11fc60df9b4",
                "4c7504a5d374218eba14d936409a7f49a4f87adf7052f3441ad558027ecde1fc",
                "8e5e67031812a4ff77bf0bf3429ec9fad4c6994a75b423ca38d6b039e4093395",
                "91104b772e3088de3b7ec47cee9a95bc7c8f300cf153bcfac5fe6974c1912a2c"
            ],
            "type": "Fetch",
            "firstPartyCookies": {},
            "firstPartyCookiesSent": {},
            "exampleSites": [
                "www.bloomberg.com",
                "www.scribd.com",
                "www.pixelcut.ai",
                "linktr.ee",
                "squarespace.com",
                "www.decathlon.com",
                "lolesports.com",
                "www.figma.com",
                "www.hvaskjerioslo.net",
                "traderie.com",
                "www.slideshare.net",
                "www.vondy.com",
                "www.visitoslofjorden.no",
                "webflow.com",
                "www.cervera.no",
                "u.gg",
                "help.openai.com",
                "www.bilkollektivet.no",
                "platform.openai.com",
                "cursor.com"
            ]
        }
    ],
    "categories": [],
    "performance": {},
    "cookies": 0.00211,
    "topInitiators": [
        {
            "domain": "first party",
            "prevalence": 0.5384615384615384
        },
        {
            "domain": "oaistatic.com",
            "prevalence": 0.11538461538461539
        },
        {
            "domain": "jsdelivr.net",
            "prevalence": 0.11538461538461539
        },
        {
            "domain": "squarespace.com",
            "prevalence": 0.11538461538461539
        },
        {
            "domain": "slidesharecdn.com",
            "prevalence": 0.07692307692307693
        },
        {
            "domain": "allstar.gg",
            "prevalence": 0.038461538461538464
        }
    ],
    "types": {
        "Fetch": 21
    },
    "nameservers": [
        "ns-1952.awsdns-52.co.uk",
        "ns-940.awsdns-53.net",
        "ns-1178.awsdns-19.org",
        "ns-387.awsdns-48.com"
    ]
}