{
    "domain": "futurehybrid.tech",
    "owner": {},
    "source": [
        "DuckDuckGo-NO"
    ],
    "prevalence": 0.00302,
    "sites": 30,
    "subdomains": [
        "sommelier"
    ],
    "cnames": [],
    "fingerprinting": 0,
    "resources": [
        {
            "rule": "futurehybrid\\.tech\\/config\\/",
            "cookies": 0,
            "fingerprinting": 0,
            "subdomains": [
                "sommelier"
            ],
            "apis": {},
            "sites": 30,
            "prevalence": 0.00302,
            "cnames": [],
            "responseHashes": [
                "ed51ab139ea036ada08967d82079a45b3d0928d025ad4938bdf63db533c37217",
                "4e446f0a8d7afb9519ea0f2dbb5bc26c995155e25d10ea85174ce938a3722152",
                "4bc67da60e70ff52d26370585fbc787cd0c1b4e644c17cf84a5a398ab7839def",
                "e4aaf76cf841757081abc8f3ec04b27ba67943f4ed86b336330c956daf335f3f",
                "6cd27766dab41746e8a80763c9bf378022a9a12e19d57f91efc17664388bddc2",
                "dd2f85e23bbaf42e2a1007dbd4eb6a0346f86710f19b743378cf77bcecb23ef7",
                "77c4d5992b55e14aa50295bd9cb56b5a9e2bb8912a5f96ed6f27bb1b0306da9a",
                "1a20c85f0dc394b73c5b60a25b698680b2031adc3cfc7e17d0ead2095e638d36",
                "916189bf232a087a76cf7c03637354c72339ac6305f99ea9f824fe311e774928",
                "ebc7b46d4ad22b446f094f19ac98b3384142d726ac05df333dd98db5610ca171",
                "75e4dda3a86d2132cd11556a35f496bd9ff66afa2e8e666f871e7f8c1d68f847",
                "914f05031c058a55ac08320d9876a87362edb6cae4f94698db8e0bacdc189e41",
                "9256a1b0499ea571260f41b33aba07084c2fb8ebd5787a445083535675fb1ee1",
                "54f4b4f8382c99756c8964e48e140a8a0a2edc66d4b71b1712ad2461218bfbe6",
                "ed08d189f7a2ec764c7f6b5618d2ed0210268359f71bbf5862a2238903221522",
                "0e96b4808f1b180828e5509545f4c8c1a73862d32e7f4af6340563be586a50a3",
                "2b8fb6cd1afaf17a4fea0d9dada53432764efd4804da6a21010e2c84ea647107",
                "ac44bd0ae6b21bede7860629469368a256f6a3c01627dfade129abd6270a742f",
                "29674ccba774987002d330f2570b1ea71de8958af95fbd7335e68a2ab6ffcd14",
                "2ae335b5a1a76db234c2fc2488d4dd0388a9979d5105a63daca22d1a8648ccea",
                "dbd655833a185bc9bb416e83bc375bc9802f375ed12f5888fd43dccb11adf501",
                "21d001d59fc3449b7b4eaa1dd669212801ce724e2ac15990d54b5f0c1dc0324d",
                "8621245530a34b8e80c7ab87ac63270bd489af1d008264ac06dcac69706b8ba2",
                "cf5760c0ca9cf0b211f964ea8b539f8811bba510abba5252deb3e88b0bda90c4",
                "08833340df29bcb65e66eadb44eae51452feae9f76dbb98ccd2504f0a8e9a17b",
                "db0897bdb2c7e8e88eeafac3b7ecf04f7ef294df41fc2663e2474ac51f5663d2",
                "af65abdb2b3bbee0797ae46951574c9c3bbd1531307303603f8d3306059775ed",
                "af81f7a632190ee39ae8e410dfdeacb18926b40fa8c58f9f88d475a8d9d5872e",
                "a53c409b875f1730d31d1bdd35e67c7acd2441745a4d767677c2f660d3baedce"
            ],
            "type": "Fetch",
            "firstPartyCookies": {},
            "firstPartyCookiesSent": {},
            "exampleSites": [
                "tomshardware.com",
                "www.techradar.com",
                "www.tomsguide.com",
                "www.tomshardware.com",
                "www.loudersound.com",
                "www.whattowatch.com",
                "www.cinemablend.com",
                "www.gamesradar.com",
                "www.cyclingweekly.com",
                "www.livescience.com",
                "www.t3.com",
                "www.androidcentral.com",
                "www.fourfourtwo.com",
                "www.space.com",
                "www.digitalcameraworld.com",
                "www.laptopmag.com",
                "www.techspot.com",
                "www.imore.com",
                "whatculture.com",
                "www.marieclaire.com"
            ]
        }
    ],
    "categories": [],
    "performance": {},
    "cookies": 0,
    "topInitiators": [
        {
            "domain": "futurecdn.net",
            "prevalence": 1
        }
    ],
    "types": {
        "Fetch": 30
    },
    "nameservers": [
        "ns-55.awsdns-06.com",
        "ns-786.awsdns-34.net",
        "ns-1419.awsdns-49.org",
        "ns-1705.awsdns-21.co.uk"
    ]
}