{
    "domain": "iloptrex.com",
    "owner": {},
    "source": [
        "DuckDuckGo-NO"
    ],
    "prevalence": 0.00101,
    "sites": 10,
    "subdomains": [],
    "cnames": [],
    "fingerprinting": 0,
    "resources": [
        {
            "rule": "iloptrex\\.com\\/in\\/multy",
            "cookies": 0,
            "fingerprinting": 0,
            "subdomains": [],
            "apis": {},
            "sites": 10,
            "prevalence": 0.00101,
            "cnames": [],
            "responseHashes": [
                "def592873becab3b4268623cb3e5895832bdb848a86e93f879e4763fbd15f95b",
                "29f2931072d8b0c09f00f66732ac08e3040561fd6f6977983cc14007017abb15",
                "21c61c2978d5e19e600431848242f36759897417895d116c0f6fa6039d4660e9",
                "02cb2bb1604aba3d106b521113997f1b8b33198b4acf2168d5284007ebd2a178",
                "5c408531961a1a9273f1363b33dc636366204b7879279f477799b958a2646ee0",
                "5445f0e7cdc595aba18f75a4cfc2d9a79d46d844ddd8234ec6b007f2659d3864",
                "0d1e318702ed7d400b65ebc32a9954e78b3d3cde84dedb2a0023df9e9f54d5f2",
                "0f78590b15b03911747cff617bb806dc62558b185f66416921de1c159bd24cf2",
                "95ef5eef52ebbb5cdcbf99b185caa28aa2189a6088ed17e19435571936f9bc43"
            ],
            "type": "XHR",
            "firstPartyCookies": {},
            "firstPartyCookiesSent": {},
            "exampleSites": [
                "hclips.com",
                "hdzog.com",
                "hotmovs.com",
                "pornzog.com",
                "shemalez.com",
                "transtxxx.com",
                "tubepornclassic.com",
                "txxx.com",
                "vjav.com",
                "voyeurhit.com"
            ]
        },
        {
            "rule": "iloptrex\\.com\\/in\\/multy",
            "cookies": 0,
            "fingerprinting": 0,
            "subdomains": [],
            "apis": {},
            "sites": 10,
            "prevalence": 0.00101,
            "cnames": [],
            "responseHashes": [],
            "type": "Preflight",
            "firstPartyCookies": {},
            "firstPartyCookiesSent": {},
            "exampleSites": [
                "hclips.com",
                "hdzog.com",
                "hotmovs.com",
                "pornzog.com",
                "shemalez.com",
                "transtxxx.com",
                "tubepornclassic.com",
                "txxx.com",
                "vjav.com",
                "voyeurhit.com"
            ]
        },
        {
            "rule": "iloptrex\\.com\\/in\\/show\\/",
            "cookies": 0,
            "fingerprinting": 0,
            "subdomains": [],
            "apis": {},
            "sites": 10,
            "prevalence": 0.00101,
            "cnames": [],
            "responseHashes": [
                "e3b0c44298fc1c149afbf4c8996fb92427ae41e4649b934ca495991b7852b855"
            ],
            "type": "Image",
            "firstPartyCookies": {},
            "firstPartyCookiesSent": {
                "_ym_d": 0.0006038647342995169
            },
            "exampleSites": [
                "hdzog.com",
                "hclips.com",
                "hotmovs.com",
                "pornzog.com",
                "shemalez.com",
                "transtxxx.com",
                "tubepornclassic.com",
                "txxx.com",
                "vjav.com",
                "voyeurhit.com"
            ]
        }
    ],
    "categories": [],
    "performance": {},
    "cookies": 0,
    "topInitiators": [
        {
            "domain": "first party",
            "prevalence": 0.8
        },
        {
            "domain": "nv7s.com",
            "prevalence": 0.1
        },
        {
            "domain": "txxx.tube",
            "prevalence": 0.1
        }
    ],
    "types": {
        "XHR": 10,
        "Preflight": 10,
        "Image": 10
    },
    "nameservers": [
        "ns1.digitalocean.com",
        "ns2.digitalocean.com",
        "ns3.digitalocean.com"
    ]
}