{
    "domain": "kameleoon.eu",
    "owner": {
        "name": "Kameleoon",
        "displayName": "Kameleoon"
    },
    "source": [
        "DuckDuckGo-NO"
    ],
    "prevalence": 0.00171,
    "sites": 17,
    "subdomains": [
        "qchmhd61sj",
        "pu8bufhtgh",
        "6tukvyck0c",
        "ybwe9yb02x",
        "61r5rmjzz9",
        "j7q313hy22",
        "h7vcu8taur",
        "dtvktbn6qk",
        "l96jc26jvj",
        "jptdpz43r4",
        "wni4spsbqo",
        "l6nk0rtuog",
        "eu-data",
        "na-data"
    ],
    "cnames": [],
    "fingerprinting": 2,
    "resources": [
        {
            "rule": "kameleoon\\.eu\\/kameleoon\\.js",
            "cookies": 0.000503,
            "fingerprinting": 2,
            "subdomains": [
                "qchmhd61sj",
                "pu8bufhtgh",
                "6tukvyck0c",
                "ybwe9yb02x",
                "61r5rmjzz9",
                "j7q313hy22",
                "h7vcu8taur",
                "dtvktbn6qk",
                "l96jc26jvj",
                "jptdpz43r4",
                "wni4spsbqo",
                "l6nk0rtuog"
            ],
            "apis": {
                "Date.prototype.getTime": 13,
                "window.sessionStorage": 13,
                "window.localStorage": 13,
                "Navigator.prototype.userAgent": 13,
                "Document.cookie getter": 13,
                "Screen.prototype.height": 13,
                "Screen.prototype.width": 13,
                "Intl.DateTimeFormat.prototype.resolvedOptions": 13,
                "window.innerHeight": 13,
                "window.innerWidth": 13,
                "Navigator.prototype.language": 13,
                "Document.cookie setter": 5,
                "Navigator.prototype.javaEnabled": 1
            },
            "sites": 14,
            "prevalence": 0.00141,
            "cnames": [],
            "responseHashes": [
                "132e05f624d4e874080a3d14fa50c1fec8e46366f4651ce8e145ec989cad7748",
                "6dd0239f7944ac95f3ec1dfa708bc920cff128a7ea6a6e331e9355555336dc87",
                "dd58f64ed9be5ba5c600b715359006895a325c2e2d7ac5c3160507aa3475c188",
                "0117b361184f98ca7d3425c9fdfbcc7747230ce60dd5ab61ac73dce9ae60c85f",
                "1e93ae10abf9027bfa73a2c608e3cd8a689306a586559bea997806992dcae2cc",
                "c18a2cf023f5ff6e33889497c939aa9a3887709055a411a204a0c6949f843581",
                "89b12dd244b335ec88ee1163e0176a8171bc679a2a6639d36aa2a60bdebca001",
                "f133835af891ffb265a6598debc643abd97c776d2fff2c0ab8f82b415393d02a",
                "a9f8e09008f8a7543e4bba47c6c0bd43118c2540de2136037ed32c60577251a1",
                "253012096947ab2a17d60d31fe8be7b307d40998b439e1f32267428c894f0fba",
                "f4a5030db2ad25be8ffed56f39317d11caa39857bd512c974ec52c4a78d50d0c"
            ],
            "type": "Script",
            "firstPartyCookies": {
                "kameleoonVisitorCode": {
                    "ttl": 31536003,
                    "length": 16,
                    "prevalence": 0.000503220611916264,
                    "uniqueness": 1
                }
            },
            "firstPartyCookiesSent": {},
            "exampleSites": [
                "accor.com",
                "lampegiganten.no",
                "no.yachtworld.com",
                "www.ditur.no",
                "www.klp.no",
                "www.lampegiganten.no",
                "www.n-tv.de",
                "www.obs.no",
                "www.obsbygg.no",
                "www.obi.de",
                "www.srf.ch",
                "www.sueddeutsche.de",
                "www.wetter.de",
                "www.yachtworld.com"
            ]
        },
        {
            "rule": "kameleoon\\.eu\\/geolocation",
            "cookies": 0,
            "fingerprinting": 0,
            "subdomains": [
                "eu-data",
                "na-data"
            ],
            "apis": {},
            "sites": 15,
            "prevalence": 0.00151,
            "cnames": [],
            "responseHashes": [
                "e3b0c44298fc1c149afbf4c8996fb92427ae41e4649b934ca495991b7852b855"
            ],
            "type": "XHR",
            "firstPartyCookies": {},
            "firstPartyCookiesSent": {},
            "exampleSites": [
                "accor.com",
                "lampegiganten.no",
                "no.yachtworld.com",
                "particuliers.sg.fr",
                "www.darty.com",
                "www.klp.no",
                "www.lampegiganten.no",
                "www.lidl.de",
                "www.obs.no",
                "www.obsbygg.no",
                "www.obi.de",
                "www.srf.ch",
                "www.sueddeutsche.de",
                "www.wetter.de",
                "www.yachtworld.com"
            ]
        },
        {
            "rule": "kameleoon\\.eu\\/visit\\/events",
            "cookies": 0,
            "fingerprinting": 0,
            "subdomains": [
                "eu-data",
                "na-data"
            ],
            "apis": {},
            "sites": 5,
            "prevalence": 0.000503,
            "cnames": [],
            "responseHashes": [
                "e3b0c44298fc1c149afbf4c8996fb92427ae41e4649b934ca495991b7852b855"
            ],
            "type": "XHR",
            "firstPartyCookies": {},
            "firstPartyCookiesSent": {
                "kameleoonVisitorCode": 0.000503220611916264
            },
            "exampleSites": [
                "lampegiganten.no",
                "no.yachtworld.com",
                "www.lampegiganten.no",
                "www.obi.de",
                "www.yachtworld.com"
            ]
        },
        {
            "rule": "kameleoon\\.eu\\/ip",
            "cookies": 0,
            "fingerprinting": 0,
            "subdomains": [
                "na-data"
            ],
            "apis": {},
            "sites": 2,
            "prevalence": 0.000201,
            "cnames": [],
            "responseHashes": [],
            "type": "XHR",
            "firstPartyCookies": {},
            "firstPartyCookiesSent": {},
            "exampleSites": [
                "yachtworld.com",
                "www.yachtworld.com"
            ]
        }
    ],
    "categories": [],
    "performance": {},
    "cookies": 0.000503,
    "topInitiators": [
        {
            "domain": "first party",
            "prevalence": 0.8571428571428571
        },
        {
            "domain": "instana.io",
            "prevalence": 0.07142857142857142
        },
        {
            "domain": "signalfx.com",
            "prevalence": 0.03571428571428571
        },
        {
            "domain": "kameleoonvariationjavascriptcode-1109110.js",
            "prevalence": 0.03571428571428571
        }
    ],
    "types": {
        "Script": 14,
        "XHR": 22
    },
    "nameservers": [
        "lady.ns.cloudflare.com",
        "pete.ns.cloudflare.com"
    ]
}