{
    "domain": "kurlkyja.com",
    "owner": {},
    "source": [
        "DuckDuckGo-NO"
    ],
    "prevalence": 0.00393,
    "sites": 39,
    "subdomains": [
        "www"
    ],
    "cnames": [],
    "fingerprinting": 0,
    "resources": [
        {
            "rule": "kurlkyja\\.com\\/en\\/ganolqdi\\/sultryb",
            "cookies": 0.00393,
            "fingerprinting": 0,
            "subdomains": [],
            "apis": {},
            "sites": 39,
            "prevalence": 0.00393,
            "cnames": [],
            "responseHashes": [
                "a67d266e7774e6519f32f6b57bd6b5b2b22aeb28f4548fda7b9c20fa529a7e88",
                "1a7636ad81deb69e05de6aa401b51017078a88c092786d2d6a7e4e25ef1685fe",
                "fd4d38d26eafad266fbb47b513b37c98f7bbdb9fdce38a37d109ad0872f2f5d1",
                "6707d07ba55f9f668c49e93a7fd1ed037184d6d3835e09b01a6abfa47e1cf1a2",
                "b37a2671c319746e942b3cd16f257aa36f7179262e11d09c0db2c4caac81ccf6",
                "825a377628108e9907b4dfa82b358ac1b1c4c5e0c78f3e42fb4b7bc37b382c72",
                "35c8300fd680b06f4d1474e7b23f262f6be753bd5e4481c943a83bb136487979",
                "742a282e3b78689b63b73c747231b4205ab90efce0084521da1d22adfdd98036",
                "15dacf80dcd8311aea1d8440b858d6802d1590a438e24da93a1eb1a1b312167f",
                "ce2fcc2c1cf291a90822c91474f431f159777f139e07533b67a38e4df1f721a1",
                "126c2c22968d17c13ef5f9e8b772739e2ad6bd9f1e58970891543f9221ee7145",
                "aad4e7aaac8595c71aeabfa52bbdd52d4b41ec5f334ff0920e3021eb04ca06a1",
                "3ca8bdf01ca1dc421f0fdb01ad6eb71d35f745cc21a89842a016b0e9351145bc",
                "6227731e03ab02e4d326496f7b2b4e65a5ee3c33721ac27678c1a4eda5ce223b",
                "31c3db067ee7bc7e442c7e62e36dd232824ff9051d49fc87ceea6babcae57eeb",
                "c0a4b7d0d5a5587d03d0c883dd13427c1d8bbfc9953711d25094a2cdf38799d8",
                "121f6b7f3b74d29d5d205ffd463ac1661b365c4462708ae3a8b9982476c1b24f",
                "8e06c0268c8e768eb991b486f6fdadfe3c0f520f997fae94d41f78e962dcb2ef",
                "67641303a44b34f36ca6126d6e5cb323968bbed0a5cb1d963d072200da81a66b",
                "d661de59865d5e49fe002dd31b05acc4ea18042c72e22d04ea288910d5a04c5d",
                "e86674cc8c7a5a3d7fba754c7f52938cc326d0e0537fb91a9c75662e885af6f0",
                "5eb3321291dc047aac70c2945269d7c564e8e16974efb59282be168d74f12b3e",
                "ea3863009593982db5ff0ba3d4a13aa6a636b84f67b7a3bb707d01e8c5ce698b",
                "4e0366e86c3eac04733ce5eaf85e9318ddc5776845c4265803cbf3d0ea190fb7",
                "dc844c89f99f890716ce1a94e3fa647f8032b4e09dcdaf0a52376df966416766",
                "420d50a0da22d15fd735031a84976ef1252ac10d02625019f81298b1a7f882ad",
                "067795c212feadd83920a7313f307f571eda863cda33637d09510b6f3c6e9397",
                "e022b06a026863e211f483e9068ecd63a74005437b22b6ccb4d27676495e67fe",
                "4b595ec911ea124a452753a8b3f88715566b770e69be87766f2d317fde1c87d9",
                "9727e07cffcbfdfd37bfbbe93a61c5b45144b88b7d4f7bc53668485125c0d883",
                "59e4ba39bda58f002a2216c5c21a553722475f0f45897cd591f17161c6cb9da3",
                "1b646b426e3e3b4555d2350cd6522258e63d33d0143b36561371cd5d224d1e47",
                "bf7f835a4ccb929d930d43d64a8686f56590e5a0ff9d22805f6c3c2c8a428e12",
                "2c2e3aa47aed50720561b3ba5c63a633e9692853127aeff4034d453546dd1c42",
                "52eea409e5c91883e3a7e1cf2faaaebe4e610af2843de7eb7b669dcfd10f5007",
                "968888e2c0c30888542e5bf37742fa3dd2ebd18c4bc9d966ce4dbef633b4335e",
                "1fc89fb5a778e9ca486cb4f5bf935c3fa506dab4fc77f739c5cb8404c7458043",
                "85665a99fd1ecf7ec89ca531bf61244462b6d792fbdf4c819f01933a52e425e5"
            ],
            "type": "Script",
            "firstPartyCookies": {},
            "firstPartyCookiesSent": {},
            "exampleSites": [
                "www.homemoviestube.com",
                "sexdicted.com",
                "javhd.today",
                "thefappening.pro",
                "justthegays.tv",
                "muchohentai.com",
                "taboodude.com",
                "www.camsave2.com",
                "ilovnudes.com",
                "iqbokep.org",
                "omegleporn.to",
                "familyporn.tv",
                "forcedcinema.net",
                "javseen.tv",
                "fapfappy.com",
                "celebporner.com",
                "www.sxyprn.com",
                "labokep.com",
                "sxyprn.net",
                "lusttaboo.com"
            ]
        },
        {
            "rule": "kurlkyja\\.com\\/static\\/video\\/bn\\/cdd\\/1f3\\/68f\\/cdd1f368fbb21f7501938076b93a2c1bf45e1c8e\\.mp4",
            "cookies": 0,
            "fingerprinting": 0,
            "subdomains": [
                "www"
            ],
            "apis": {},
            "sites": 2,
            "prevalence": 0.000201,
            "cnames": [],
            "responseHashes": [],
            "type": "Media",
            "firstPartyCookies": {},
            "firstPartyCookiesSent": {},
            "exampleSites": [
                "sxypix.com",
                "www.hentais.tube"
            ]
        }
    ],
    "categories": [],
    "performance": {},
    "cookies": 0.00393,
    "topInitiators": [
        {
            "domain": "clickadu.net",
            "prevalence": 0.15
        },
        {
            "domain": "crumpetprankerstench.com",
            "prevalence": 0.1
        },
        {
            "domain": "excavatenearbywand.com",
            "prevalence": 0.075
        },
        {
            "domain": "badlandlispyippee.com",
            "prevalence": 0.075
        },
        {
            "domain": "browsecoherentunrefined.com",
            "prevalence": 0.075
        },
        {
            "domain": "clammyendearedkeg.com",
            "prevalence": 0.05
        },
        {
            "domain": "footbathmockerpurse.com",
            "prevalence": 0.05
        },
        {
            "domain": "bundlemoviepumice.com",
            "prevalence": 0.05
        },
        {
            "domain": "chilihandshakewing.com",
            "prevalence": 0.025
        },
        {
            "domain": "nappyonsetstiffness.com",
            "prevalence": 0.025
        }
    ],
    "types": {
        "Script": 39,
        "Media": 2
    },
    "nameservers": [
        "ns-724.awsdns-26.net",
        "ns-451.awsdns-56.com",
        "ns-1101.awsdns-09.org",
        "ns-1721.awsdns-23.co.uk"
    ]
}