{
    "domain": "lwadm.com",
    "owner": {},
    "source": [
        "DuckDuckGo-NO"
    ],
    "prevalence": 0.00866,
    "sites": 86,
    "subdomains": [
        "content"
    ],
    "cnames": [],
    "fingerprinting": 2,
    "resources": [
        {
            "rule": "lwadm\\.com\\/lw\\/pbjs",
            "cookies": 0.000101,
            "fingerprinting": 1,
            "subdomains": [],
            "apis": {
                "window.localStorage": 86,
                "Navigator.prototype.cookieEnabled": 3,
                "window.innerHeight": 3
            },
            "sites": 86,
            "prevalence": 0.00866,
            "cnames": [],
            "responseHashes": [
                "5a61f7a4250f34d96a00a93078ee7b6ba16998d08944fe7e7043653be4b38873",
                "4b33386823b999e546c34f803219d9e0b13a863922777cdaffd69ff3c78dc8be",
                "3364329d9daf1e053a2889d32d23f826362a9457cf71b1528f7ea7cd76a56efd",
                "868d2a2099d7a58f9aafa91f1adaaf1ceabe335dcff7fe9993c635ff39cc0654",
                "8c651de774caefe8142d58a5b3ef6eacfd6a0d6bb555b7b3d0e749f10128e8c5",
                "2bb0cf903c2738f58574515cf13da9c0c1941abcd155879946a2778cdcd47ecb",
                "6ca8e0d044cb61c07d70ff60eb09ce7cde710b4f57be97c6f59244d723b443ba",
                "d81d53713e78cdd1521ed35266754af2103b6f62fc8c17f78223e99cbc4ff582",
                "f8e17645546cc4b669cfe87a010c7ab0bc425f9c7ae1c907e61de3f530325345",
                "c32895e9da3fa543933e91c8e2754429efcbfe38ac47c5476d854566cbdf972b",
                "8e33e1f1bc744f1a86ea30d1f069a22f2f8f6b7559d2340a129755111b462904",
                "af39fcfe418bcac133b33a23e0b9dc3a03f14c8ba91cdedeb7f18883086c56cf",
                "5f02ee3d51e9fda41a09615cc55affd4131d32de231ef9e662c052a4298f67c9",
                "6c1c6d8761cd116b958638b7aee66ea94483ecd20af6855df4898fe6ad58e984",
                "cc7cda8669eb58956e826ced21a648403f999e75570eb181ad14ccaad2ab5018",
                "c9a0d795975e0f90f74413de7cec848a2bff5d6d866b9104cf6d7dfcec09e571"
            ],
            "type": "Script",
            "firstPartyCookies": {},
            "firstPartyCookiesSent": {},
            "exampleSites": [
                "www.thelocal.no",
                "www.varingen.no",
                "www.nettavisen.no",
                "www.oyene.no",
                "www.ha-halden.no",
                "www.f-b.no",
                "www.gd.no",
                "www.moss-avis.no",
                "www.kystens.no",
                "www.bygdeposten.no",
                "www.ifinnmark.no",
                "www.gp.se",
                "startsiden.abcnyheter.no",
                "gladkokken.no",
                "www.namdalsavisa.no",
                "www.rablad.no",
                "www.nordhordland.no",
                "www.lofotposten.no",
                "www.firda.no",
                "www.noblad.no"
            ]
        },
        {
            "rule": "lwadm\\.com\\/lw\\/js\\/2\\.2\\.16\\/lw\\.js",
            "cookies": 0.000101,
            "fingerprinting": 2,
            "subdomains": [
                "content"
            ],
            "apis": {
                "window.localStorage": 83,
                "Navigator.prototype.cookieEnabled": 83,
                "Document.cookie getter": 1,
                "Date.prototype.getTime": 1,
                "Document.cookie setter": 1,
                "window.innerHeight": 78,
                "window.innerWidth": 78
            },
            "sites": 83,
            "prevalence": 0.00835,
            "cnames": [],
            "responseHashes": [
                "dc0970f35a792edc6b971f9b36a832fe8787d2f3dbf74810dc807bc05c66aabb"
            ],
            "type": "Script",
            "firstPartyCookies": {
                "lwuid": {
                    "ttl": 1296003,
                    "length": 32,
                    "prevalence": 0.00010064412238325282,
                    "uniqueness": 1
                }
            },
            "firstPartyCookiesSent": {},
            "exampleSites": [
                "www.gjengangeren.no",
                "www.ao.no",
                "www.fanaposten.no",
                "www.lofotposten.no",
                "spill.abcnyheter.no",
                "www.rb.no",
                "www.smaalenene.no",
                "www.synonymer.se",
                "www.blv.no",
                "www.sognavis.no",
                "www.telen.no",
                "www.dt.no",
                "www.oa.no",
                "www.namdalsavisa.no",
                "www.varingen.no",
                "www.ba.no",
                "www.ta.no",
                "www.rha.no",
                "www.ifinnmark.no",
                "www.jarlsbergavis.no"
            ]
        },
        {
            "rule": "lwadm\\.com\\/pbjs",
            "cookies": 0,
            "fingerprinting": 0,
            "subdomains": [],
            "apis": {},
            "sites": 78,
            "prevalence": 0.00785,
            "cnames": [],