{
    "domain": "meganewsspace.my",
    "owner": {},
    "source": [
        "DuckDuckGo-NO"
    ],
    "prevalence": 0.00121,
    "sites": 12,
    "subdomains": [],
    "cnames": [],
    "fingerprinting": 0,
    "resources": [
        {
            "rule": "meganewsspace\\.my\\/gh\\.js",
            "cookies": 0,
            "fingerprinting": 0,
            "subdomains": [],
            "apis": {},
            "sites": 12,
            "prevalence": 0.00121,
            "cnames": [],
            "responseHashes": [],
            "type": "XHR",
            "firstPartyCookies": {},
            "firstPartyCookiesSent": {},
            "exampleSites": [
                "animalsbestialityporn.com",
                "animalpornxxx.me",
                "animalporn.life",
                "beastiality.tv",
                "pornanimalsex.com",
                "scatporn.club",
                "www.bestialitygirls.com",
                "www.myzoowife.com",
                "www.zoofilialovers.com",
                "www.zooskoolvideos.com",
                "www.zoofiliavids.com",
                "zoosex.cc"
            ]
        },
        {
            "rule": "meganewsspace\\.my\\/feed\\/",
            "cookies": 0.00121,
            "fingerprinting": 0,
            "subdomains": [],
            "apis": {},
            "sites": 12,
            "prevalence": 0.00121,
            "cnames": [],
            "responseHashes": [
                "d1ac895ea68c838029171fdba25d098a7102f86908d68a9be1716af4dc2f1968",
                "17a4c00bd55c87357c523e46fa848d8f9b2b030357ff53ce28e5039e8dd7ba79",
                "6ef465e16e4b646b6828b075534a01d69e3fa9dd00976dac74db3c61f92f9174",
                "63c3b85b2c3e32a245fd504dd3f51d1b885fe9f7727f6494a5f821c92354ef47",
                "7195960a949e2dd211675ed9ba08e4bd1e882c9267fb53989a68ef7387551162",
                "aa44aa6a4fbfc73f16914d464ad9e8c7be38156a89dc9ff48045ee5fa7aabe6c",
                "682045ec5bd806a7c2122065345ea66741511c2b57290a23e4862986a0b2c19e",
                "6790322a5cfd7b336b61d8ccc108e7855d1208e8c073d0dc9d538f52c50fdbd3",
                "f180ff885f8246bc13d93d02e674218ac54c7e46223ec2fda3e3994bb08e475d",
                "78a87d96e3d9929c62226bbe78aa4d60f2bb070f14b9fa46fcc81a0f721ec91d",
                "44af8936901bd22c74d06b3e73ca26450ec7b2fb1ea1587c661986b5b726e75a"
            ],
            "type": "XHR",
            "firstPartyCookies": {},
            "firstPartyCookiesSent": {},
            "exampleSites": [
                "animalsbestialityporn.com",
                "animalpornxxx.me",
                "animalporn.life",
                "beastiality.tv",
                "pornanimalsex.com",
                "scatporn.club",
                "www.bestialitygirls.com",
                "www.myzoowife.com",
                "www.zoofilialovers.com",
                "www.zooskoolvideos.com",
                "www.zoofiliavids.com",
                "zoosex.cc"
            ]
        },
        {
            "rule": "meganewsspace\\.my\\/s2\\/pgo\\/3-7417\\/ar7qpilicj5geacoj4aaaaaap2jp2a32gb4dgaxzdqaaaaiaaaaaaaaaaaaa",
            "cookies": 0.000201,
            "fingerprinting": 0,
            "subdomains": [],
            "apis": {},
            "sites": 2,
            "prevalence": 0.000201,
            "cnames": [],
            "responseHashes": [
                "099dfbeb3e25352ac4222a6601b5d99f4f4d431c25d2f011944489dac32a5e9d"
            ],
            "type": "Document",
            "firstPartyCookies": {},
            "firstPartyCookiesSent": {},
            "exampleSites": [
                "bestialitygirls.com",
                "www.bestialitygirls.com"
            ]
        },
        {
            "rule": "meganewsspace\\.my\\/s2\\/pgo\\/3-7417\\/ar7qpilicj5geacoj4aaaaaap2jp2a32gb4dgaxzdqaaaaiaaaaaaaaaaaaa",
            "cookies": 0,
            "fingerprinting": 0,
            "subdomains": [],
            "apis": {},
            "sites": 2,
            "prevalence": 0.000201,
            "cnames": [],
            "responseHashes": [],
            "type": "Image",
            "firstPartyCookies": {},
            "firstPartyCookiesSent": {},
            "exampleSites": [
                "bestialitygirls.com",
                "www.bestialitygirls.com"
            ]
        },
        {
            "rule": "meganewsspace\\.my\\/s2\\/pgo\\/3-7417\\/aqgqjilicj5geacoj4aaaaaa7u6yubl2gb4dgaxzdqaaaaiaaaaaaaaaaaaa",
            "cookies": 0.000201,
            "fingerprinting": 0,
            "subdomains": [],
            "apis": {},
            "sites": 2,
            "prevalence": 0.000201,
            "cnames": [],
            "responseHashes": [
                "ba9678c139af993672bd910432c889b2edaeddaa2adc2578ce79ed48f1f6b52f"
            ],
            "type": "Document",
            "firstPartyCookies": {},
            "firstPartyCookiesSent": {},
            "exampleSites": [
                "myzoowife.com",
                "www.myzoowife.com"
            ]
        },
        {
            "rule": "meganewsspace\\.my\\/s2\\/pgo\\/3-7417\\/aqgqjilicj5geacoj4aaaaaa7u6yubl2gb4dgaxzdqaaaaiaaaaaaaaaaaaa",
            "cookies": 0,
            "fingerprinting": 0,
            "subdomains": [],
            "apis": {},
            "sites": 2,
            "prevalence": 0.000201,
            "cnames": [],
            "responseHashes": [],
            "type": "Image",
            "firstPartyCookies": {},
            "firstPartyCookiesSent": {},
            "exampleSites": [
                "myzoowife.com",
                "www.myzoowife.com"
            ]
        },
        {
            "rule": "meganewsspace\\.my\\/s2\\/pgo\\/3-7417\\/aqk75idicj5geacoj4aaaaaa7htaual2gb4dgaxzdqaaaaiaaaaaaaaaaaaa",
            "cookies": 0.000201,
            "fingerprinting": 0,
            "subdomains": [],
            "apis": {},
            "sites": 2,
            "prevalence": 0.000201,
            "cnames": [],
            "responseHashes": [
                "1038c6b8a7401d8da6448dbe5d0ff04e4357bd15c20bb0a40fe61ca689aeb9c9"
            ],
            "type": "Document",
            "firstPartyCookies": {},
            "firstPartyCookiesSent": {},
            "exampleSites": [
                "zoofilialovers.com",
                "www.zoofilialovers.com"
            ]
        },
        {
            "rule": "meganewsspace\\.my\\/s2\\/pgo\\/3-7417\\/aqk75idicj5geacoj4aaaaaa7htaual2gb4dgaxzdqaaaaiaaaaaaaaaaaaa",
            "cookies": 0,
            "fingerprinting": 0,
            "subdomains": [],
            "apis": {},
            "sites": 2,
            "prevalence": 0.000201,
            "cnames": [],
            "responseHashes": [],
            "type": "Image",
            "firstPartyCookies": {},
            "firstPartyCookiesSent": {},
            "exampleSites": [
                "zoofilialovers.com",
                "www.zoofilialovers.com"
            ]
        },
        {
            "rule": "meganewsspace\\.my\\/s2\\/pgo\\/3-7417\\/arop5idicj5geacoj4aaaaaafxhfcbd2gb4dgaxzdqaaaaiaaaaaaaaaaaaa",
            "cookies": 0.000201,
            "fingerprinting": 0,
            "subdomains": [],
            "apis": {},
            "sites": 2,
            "prevalence": 0.000201,
            "cnames": [],
            "responseHashes": [
                "b399274a99118837a54780aa99fff902786672154842d6245efe32fb54b8f490"
            ],
            "type": "Document",
            "firstPartyCookies": {},
            "firstPartyCookiesSent": {},
            "exampleSites": [
                "zooskoolvideos.com",
                "www.zooskoolvideos.com"
            ]
        },
        {
            "rule": "meganewsspace\\.my\\/s2\\/pgo\\/3-7417\\/arop5idicj5geacoj4aaaaaafxhfcbd2gb4dgaxzdqaaaaiaaaaaaaaaaaaa",
            "cookies": 0,
            "fingerprinting": 0,
            "subdomains": [],
            "apis": {},
            "sites": 2,
            "prevalence": 0.000201,
            "cnames": [],