{
    "domain": "metamanager.io",
    "owner": {},
    "source": [
        "DuckDuckGo-NO"
    ],
    "prevalence": 0.00141,
    "sites": 14,
    "subdomains": [
        "pixel"
    ],
    "cnames": [],
    "fingerprinting": 0,
    "resources": [
        {
            "rule": "metamanager\\.io\\/mm\\.js",
            "cookies": 0,
            "fingerprinting": 0,
            "subdomains": [
                "pixel"
            ],
            "apis": {},
            "sites": 10,
            "prevalence": 0.00101,
            "cnames": [],
            "responseHashes": [
                "4f0724af86a96065994e166a7de6512ee1175776ce6ed563ea7c078f18822849",
                "ee50514dd76d577331764c2bc9318f989217557f75b594d3b7afde7b826665c6",
                "37ba5350d0ea3ff177746d0e74cdd1cd07aa942511f3921737d95bc5bcfc5711",
                "61a6eb90d21abd85d3635c6c07aad84b6596005b062e7736fefe3276817f0734",
                "6ba7166bbadad7ac60b556dac3c6ebceefc330e00e43abb43405d6a1c894b652",
                "dc8fff9005e81838aeda0589184f8bf9beb4d5c2b26d4272166d1ff644e95c90",
                "c03439241c7a7cf7204bd44f2665bc9ce9d711ec07c4a345503799e4a8fd2e27",
                "393f7611095934633b2e988edc9c221f1ad17f1b2e3950abb5da3589c289247a",
                "5ab273c3301fca04d0ed94969b970c3643b3e2823e4cd2b47a1aff03ec517378"
            ],
            "type": "Script",
            "firstPartyCookies": {},
            "firstPartyCookiesSent": {},
            "exampleSites": [
                "tv2.no",
                "soundgarden.no",
                "thewell.no",
                "www.antonsport.no",
                "www.blomqvist.no",
                "www.ice.no",
                "www.kondomeriet.no",
                "www.lampehuset.no",
                "www.nytelse.no",
                "www.ratsit.se"
            ]
        },
        {
            "rule": "metamanager\\.io\\/id\\/MMP-0G5RUP3\\/data\\/https%253A%252F%252Fwww\\.antonsport\\.no%252F",
            "cookies": 0,
            "fingerprinting": 0,
            "subdomains": [
                "pixel"
            ],
            "apis": {},
            "sites": 2,
            "prevalence": 0.000201,
            "cnames": [],
            "responseHashes": [
                "902be8582dca281dbe501196525993eaee801f4e87a1f4ddc66acdbc41c4c561"
            ],
            "type": "Fetch",
            "firstPartyCookies": {},
            "firstPartyCookiesSent": {},
            "exampleSites": [
                "antonsport.no",
                "www.antonsport.no"
            ]
        }
    ],
    "categories": [],
    "performance": {},
    "cookies": 0,
    "topInitiators": [
        {
            "domain": "googletagmanager.com",
            "prevalence": 0.5
        },
        {
            "domain": "first party",
            "prevalence": 0.4
        },
        {
            "domain": "api.no",
            "prevalence": 0.05
        },
        {
            "domain": "azure.com",
            "prevalence": 0.05
        }
    ],
    "types": {
        "Script": 10,
        "Fetch": 2
    },
    "nameservers": [
        "sergi.ns.cloudflare.com",
        "heidi.ns.cloudflare.com"
    ]
}