{
    "domain": "nosto.com",
    "owner": {
        "name": "Nosto Solutions Ltd",
        "displayName": "Nosto Solutions"
    },
    "source": [
        "DuckDuckGo-NO"
    ],
    "prevalence": 0.00111,
    "sites": 11,
    "subdomains": [
        "connect"
    ],
    "cnames": [],
    "fingerprinting": 1,
    "resources": [
        {
            "rule": "nosto\\.com\\/include\\/magento-1cdd225d",
            "cookies": 0,
            "fingerprinting": 1,
            "subdomains": [
                "connect"
            ],
            "apis": {
                "Navigator.prototype.product": 2,
                "Navigator.prototype.userAgent": 2,
                "window.localStorage": 2,
                "window.sessionStorage": 2,
                "Date.prototype.getTime": 2
            },
            "sites": 2,
            "prevalence": 0.000201,
            "cnames": [],
            "responseHashes": [
                "01fe0b09dd9850eea2f25d14199124087fbad8355c0916374f58598e426eeeec"
            ],
            "type": "Script",
            "firstPartyCookies": {},
            "firstPartyCookiesSent": {},
            "exampleSites": [
                "bohus.no",
                "www.bohus.no"
            ]
        },
        {
            "rule": "nosto\\.com\\/ev1",
            "cookies": 0,
            "fingerprinting": 0,
            "subdomains": [
                "connect"
            ],
            "apis": {},
            "sites": 10,
            "prevalence": 0.00101,
            "cnames": [],
            "responseHashes": [
                "25fa739ebff5702e04c664c34d37f781b1cd14fb49458f31490067f765866fba",
                "b2abb997354a9f5471b01b6e429ee422e9ae7e4a519d051a3fe8afc546887461",
                "ffe8ad06cebe4b8d682c47ab0adedfc5d426df2e37a6f03e6dab5852c761b197",
                "fcd74c4bc9ebaa8822a8004e1190e81ef52232cab6fc2b2a54c6ad8bd7a09aea",
                "b27c90599ec5a8a53ab738dd01f583e264a445aaf34a0083cdd573fa38908197",
                "6e842d99207eb6df34adc6126c08684ad20d6e4a2e440c1b10eb3801d2478ed3",
                "0ec9f27d5edd420c98f9c42fcf47a2d3bd727e38204aae4a80d1a6f9e2b871d8",
                "e70d307ec85cd4d946dfcbf5fdf24fd84267e2324764f305c7804bc96859e063"
            ],
            "type": "XHR",
            "firstPartyCookies": {},
            "firstPartyCookiesSent": {},
            "exampleSites": [
                "bohus.no",
                "dbjourney.com",
                "focusrite.com",
                "villoid.no",
                "www.bgafotobutikk.no",
                "www.bjorklund.no",
                "www.bohus.no",
                "www.christiania-belysning.no",
                "www.teknikmagasinet.no",
                "www.xlmoto.no"
            ]
        },
        {
            "rule": "nosto\\.com\\/cmp-mapping\\/magento",
            "cookies": 0,
            "fingerprinting": 0,
            "subdomains": [
                "connect"
            ],
            "apis": {},
            "sites": 2,
            "prevalence": 0.000201,
            "cnames": [],
            "responseHashes": [
                "44136fa355b3678a1146ad16f7e8649e94fb4fc21fe77e8310c060f61caaff8a"
            ],
            "type": "XHR",
            "firstPartyCookies": {},
            "firstPartyCookiesSent": {
                "2c.cId": 0.00020128824476650564
            },
            "exampleSites": [
                "bohus.no",
                "www.bohus.no"
            ]
        },
        {
            "rule": "nosto\\.com\\/jserror2",
            "cookies": 0,
            "fingerprinting": 0,
            "subdomains": [
                "connect"
            ],
            "apis": {},
            "sites": 2,
            "prevalence": 0.000201,
            "cnames": [],
            "responseHashes": [
                "e3b0c44298fc1c149afbf4c8996fb92427ae41e4649b934ca495991b7852b855"
            ],
            "type": "XHR",
            "firstPartyCookies": {},
            "firstPartyCookiesSent": {},
            "exampleSites": [
                "christiania-belysning.no",
                "www.christiania-belysning.no"
            ]
        }
    ],
    "categories": [],
    "performance": {},
    "cookies": 0.000604,
    "topInitiators": [
        {
            "domain": "first party",
            "prevalence": 0.9629629629629629
        },
        {
            "domain": "bigcommerce.com",
            "prevalence": 0.037037037037037035
        }
    ],
    "types": {
        "Script": 2,
        "XHR": 14
    },
    "nameservers": [
        "ns-1361.awsdns-42.org",
        "ns-1750.awsdns-26.co.uk",
        "ns-425.awsdns-53.com",
        "ns-596.awsdns-10.net"
    ]
}