{
    "domain": "ntvpforever.com",
    "owner": {},
    "source": [
        "DuckDuckGo-NO"
    ],
    "prevalence": 0.00433,
    "sites": 43,
    "subdomains": [],
    "cnames": [],
    "fingerprinting": 0,
    "resources": [
        {
            "rule": "ntvpforever\\.com\\/keywords",
            "cookies": 0,
            "fingerprinting": 0,
            "subdomains": [],
            "apis": {},
            "sites": 42,
            "prevalence": 0.00423,
            "cnames": [],
            "responseHashes": [],
            "type": "Preflight",
            "firstPartyCookies": {},
            "firstPartyCookiesSent": {},
            "exampleSites": [
                "thethothub.com",
                "novamanga.com",
                "heavyfetish.com",
                "thothub.ch",
                "celebdeepfakes.net",
                "nudes69.com",
                "freeuseporn.com",
                "highporn.net",
                "thothub.lol",
                "www.xasiat.com",
                "xxxi.porn",
                "xtapes.me",
                "fuckingsession.com",
                "ebalko.net",
                "thepornscat.com",
                "forcedcinema.net",
                "www.freeuseporn.com",
                "femdom-joi.com",
                "watchporn.to",
                "pornovideoshub.com"
            ]
        },
        {
            "rule": "ntvpforever\\.com\\/keywords",
            "cookies": 0,
            "fingerprinting": 0,
            "subdomains": [],
            "apis": {},
            "sites": 42,
            "prevalence": 0.00423,
            "cnames": [],
            "responseHashes": [
                "b6b95a34b00f70a6b900103bf1870b5625fb684d4f001820226be1d339777d95",
                "080040b4937f3f423f32cd7f19b2a79ba1e1e213f1d9f4f4db4f609d4ad778d8",
                "bf4691936725cb231b2b6cd10dcf5ea7b1df807d454545e594763a6b4826b5ae",
                "fde7d36f453bb590121869961a43f2b35e60d8f9ba54dbf5812ea33ac00c6630",
                "4c7d996ddffabca7f5a8fba7c3fa72a41f041ba7f96dfdbbd1818ec884aec396",
                "c7f0c41fb42c73f02ac62b0a8fa846a8f843c65b6a0189a0f4fe5d6511de4845",
                "6a70d85c1216bac483973140582a2b4839b55c7795b8b4bd3f66edcb199079af",
                "47f31826a8f144ffb5961aacc71cc81cab5390cf0ba8872696ee4e976cf8cc71",
                "0a72faf4444934063c204bc94e023ca5229940f8a0e4edc613ff3c91d55a0dc3",
                "caff94c4597dd8a4d762b1ac54673b5d589f905368cbd45edccdc5c12653fe92",
                "030053c9fe6ccd93904e5050492f23454850583a740398363c61af6de8f30cfd",
                "2cc97755cb4083122228167f0b24643331f580dee787a4ad73c152f365cbf34b",
                "e4d769350a2dd615800efceaaade3999e331084bcbc3ed930ee71af566028b56",
                "eeccce95950758c1a3396e5d25c332fc5df9b4ed7233ad5bbcdf53684b1c6e70",
                "0d85aa1178528bf63cc6222ff21af428592861d0c1d7e0b4837a58d2e54d423d",
                "9dfbfb1cb0d27994946dcaed918c9819cce56c21690e9ff00001996a411779eb",
                "383883f90a04871f7f4a12fda1468bf510851241294c09c36357d001d7b89306",
                "4556c03294c5625b252dff7f9a9937a80cdaf434a71f5338d02897e324291a41",
                "b9c3aef537f3ed613a1cb0f7923c64fbdb53866585f96c9a3a6368b856ad62cb",
                "9270c30396e135e20e12a50b1070d31804c1eb5e580cbf711895b55a373993a6",
                "f203cd629b80d28c49e4ae5ad1a7535e5edbb9d7d05a738a94dd200c916af30e",
                "181c43b9a0bcddcba184c8995d01b329da8afe74d2bc08e4f0345a1dc8d566be",
                "59535ec6ee3c38a5f25c63f692f70dec7953d51c93c05029344733bb6b8f9e08"
            ],
            "type": "XHR",
            "firstPartyCookies": {},
            "firstPartyCookiesSent": {},
            "exampleSites": [
                "thothub.lol",
                "thepornscat.com",
                "xxxi.porn",
                "vulgarx.com",
                "pornovideoshub.com",
                "thothub.mx",
                "watchporn.to",
                "18comix.org",
                "www.thothub.to",
                "novamanga.com",
                "www.pornfd.com",
                "www5.javmost.com",
                "www.xasiat.com",
                "highporn.net",
                "thothub.to",
                "heavyfetish.com",
                "thothub.org",
                "www.rexporn.sex",
                "fans-here.com",
                "freeuseporn.com"
            ]
        },
        {
            "rule": "ntvpforever\\.com\\/in\\/show\\/",
            "cookies": 0,
            "fingerprinting": 0,
            "subdomains": [],
            "apis": {},
            "sites": 2,
            "prevalence": 0.000201,
            "cnames": [],
            "responseHashes": [
                "e3b0c44298fc1c149afbf4c8996fb92427ae41e4649b934ca495991b7852b855"
            ],
            "type": "Image",
            "firstPartyCookies": {},
            "firstPartyCookiesSent": {},
            "exampleSites": [
                "pornhits.com",
                "www.pornhits.com"
            ]
        }
    ],
    "categories": [],
    "performance": {},
    "cookies": 0,
    "topInitiators": [
        {
            "domain": "19b7f4f4d8.com",
            "prevalence": 0.5094339622641509
        },
        {
            "domain": "wpadmngr.com",
            "prevalence": 0.3584905660377358
        },
        {
            "domain": "first party",
            "prevalence": 0.1320754716981132
        }
    ],
    "types": {
        "Preflight": 42,
        "XHR": 42,
        "Image": 2
    },
    "nameservers": [
        "ns1.digitalocean.com",
        "ns2.digitalocean.com",
        "ns3.digitalocean.com"
    ]
}