{
    "domain": "openwebmp.com",
    "owner": {},
    "source": [
        "DuckDuckGo-NO"
    ],
    "prevalence": 0.000705,
    "sites": 7,
    "subdomains": [
        "hb"
    ],
    "cnames": [],
    "fingerprinting": 0,
    "resources": [
        {
            "rule": "openwebmp\\.com\\/hb-multi",
            "cookies": 0,
            "fingerprinting": 0,
            "subdomains": [
                "hb"
            ],
            "apis": {},
            "sites": 7,
            "prevalence": 0.000705,
            "cnames": [],
            "responseHashes": [
                "32fa54774a4db897c4e1bfb12e0a9537f56a7de662f76e4e829ed998844ac7e2",
                "3735552d0f530019ee2a438d89301d06b4921c359c5f7f4fbe68d03ca6a38b78",
                "1795df4b17cf98ee417c4a59488dcabc4a04841e4d58116298bf33adb6620464",
                "46be86e437cdb514af77408afe019448113e1967ac47493866483a93857f9a47",
                "12a5f2b47e47ee610e1e7b5f19b355ada166902df8be8dae960c40444a4d47ae",
                "bc616b3ab475a019938d9ba8172cc5d1ab7db4d8d4bb5bcd290c6c0b50e0affc"
            ],
            "type": "Fetch",
            "firstPartyCookies": {},
            "firstPartyCookiesSent": {},
            "exampleSites": [
                "cnet.com",
                "www.kooora.com",
                "www.moddb.com",
                "www.nintendolife.com",
                "www.pushsquare.com",
                "www.washingtonpost.com",
                "www.zdnet.com"
            ]
        }
    ],
    "categories": [],
    "performance": {},
    "cookies": 0,
    "topInitiators": [
        {
            "domain": "first party",
            "prevalence": 0.7777777777777778
        },
        {
            "domain": "streamrail.com",
            "prevalence": 0.1111111111111111
        },
        {
            "domain": "aniview.com",
            "prevalence": 0.1111111111111111
        }
    ],
    "types": {
        "Fetch": 7
    },
    "nameservers": [
        "ns-726.awsdns-26.net",
        "ns-438.awsdns-54.com",
        "ns-1547.awsdns-01.co.uk",
        "ns-1446.awsdns-52.org"
    ]
}