{
    "domain": "ozobang.com",
    "owner": {},
    "source": [
        "DuckDuckGo-NO"
    ],
    "prevalence": 0.00121,
    "sites": 12,
    "subdomains": [],
    "cnames": [],
    "fingerprinting": 0,
    "resources": [
        {
            "rule": "ozobang\\.com\\/get",
            "cookies": 0,
            "fingerprinting": 0,
            "subdomains": [],
            "apis": {},
            "sites": 12,
            "prevalence": 0.00121,
            "cnames": [],
            "responseHashes": [
                "042d7957d91c79802aab4276599c1856f41eccbbfb5b5f9f225ef8be793cb03e",
                "b6bdb8b20042417c9080e529854560bcdb00bcebf3e4932450e20c16a9cda640",
                "e76d907e6afaf168173c212b9f6126e111d9621e683d4b4e9f6470f1b6977a0d",
                "403a28949ae8f107c0ab0f25146c880060634f1c9450160e906e25bd7c3338ad",
                "eb027bd3a781ccd30697abc936a8c0113c5021fca9de5aac1183a53bab6503aa",
                "257ec0ffc914ecedc0614c5f74f0dd639337842797eca0c6fa9a8b7f864c1c3b",
                "6d6d74ab954a7c7b5d20442438c96f2e574ea21f28f465deaf9c8bf64465911f",
                "93a757432fe3910ab9820ae70e9128be2cf4c7c332ab1aa4000006c6cbe02ee3",
                "e7ab80025d0cb3d550e82af046b4cb316bb7b33f4a3cea14e163c5a287593362",
                "f91bc3ff02bf39c3ceb395d6352a6107a45d98608c9469bc0dbeb8e12ff0f8d2",
                "56935d0c0a71d6a993fd68b7ce61855efd62437bae6ab30407ecf4d8eb397f29"
            ],
            "type": "Fetch",
            "firstPartyCookies": {},
            "firstPartyCookiesSent": {},
            "exampleSites": [
                "hclips.com",
                "hdzog.com",
                "hotmovs.com",
                "porngo.xxx",
                "see.xxx",
                "shemalez.com",
                "transtxxx.com",
                "tubepornclassic.com",
                "txxx.com",
                "txxx.tube",
                "vjav.com",
                "voyeurhit.com"
            ]
        }
    ],
    "categories": [],
    "performance": {},
    "cookies": 0,
    "topInitiators": [
        {
            "domain": "first party",
            "prevalence": 0.8333333333333334
        },
        {
            "domain": "nv7s.com",
            "prevalence": 0.08333333333333333
        },
        {
            "domain": "txxx.tube",
            "prevalence": 0.08333333333333333
        }
    ],
    "types": {
        "Fetch": 12
    },
    "nameservers": [
        "ns1.digitalocean.com",
        "ns2.digitalocean.com",
        "ns3.digitalocean.com"
    ]
}