{
    "domain": "pbxai.com",
    "owner": {},
    "source": [
        "DuckDuckGo-NO"
    ],
    "prevalence": 0.00916,
    "sites": 91,
    "subdomains": [
        "floor",
        "cdn",
        "api"
    ],
    "cnames": [],
    "fingerprinting": 1,
    "resources": [
        {
            "rule": "pbxai\\.com\\/",
            "cookies": 0,
            "fingerprinting": 0,
            "subdomains": [
                "floor"
            ],
            "apis": {},
            "sites": 21,
            "prevalence": 0.00211,
            "cnames": [],
            "responseHashes": [
                "17af8fee22a11904c392ae87f08d9cbbe708a5f52cd5f4fa31e105d12622963a",
                "b5bf7ca68d39a551314bd27f4ce70694f2e4743e06ce61a3e97440a1bff1b521",
                "2fe27613bf7a7dd95b9ea1c4c37594381014b3c7c08805f931b01599abadd395",
                "88723d68d3ee59d18dc56bfb121da11ce9ec67f4539407bfdc6b5b59692f1086",
                "4b7df64146dc51055d84e6a398055cf8d80b3be744d0aac7c1819938c6a1041d",
                "e3b0c44298fc1c149afbf4c8996fb92427ae41e4649b934ca495991b7852b855",
                "7dbbbdc94fff72bef8710aea05f065cf331283dd9c2e8986ef68793a37690524",
                "6ec226741fedcae5e3b16b48dce28a0a6eeb91c32a38141a987ded3b613e8f84",
                "48cacb31bbd42f03bf8c6c970d941757423d5032e6de930a85a9f61808c6691b",
                "020c16fcd6c55ad3fa075b63e89f00538135cadf985242d3574b36e1300efaf9",
                "8aa0a3ee4c7e6526b6865e894bf83f1bfc2c9a7ebca2dde2ff02c936f20dee40",
                "d7a4a09a7ea9a21746c1c1ce9cd4459a91517eb418fbcf3b4854e516cc8918da",
                "5a6e6a784c2c3f4739134086f493ca19b19d6fc812400a2b66c679131bb1adf6",
                "b4118a4eae874d9550f0e717855964868eeb3ad1155d9e2ded6e8de83fdca638",
                "fda517fa559e46159f41d740164a845b285c1273a68b04e52e4b35dcf70effe1",
                "35fcdd5182091a7e99670c0bf4cfa93a4fce43d14d363dfd85b087d224d80176",
                "e5e8d5c3bbe9b282a5ff9f137399f7b263630e1820ab411b229328f8b3401492",
                "83d0f6ae0bc26b2683decdcccdab7d3808ee46cac73c054108dda5710bd0960f",
                "43f8b1d6fba4e9e29b05a24f4d5615f29f42982087ee5e45b49ac74cc0a02cbc",
                "0d19276103563e7dc5a59a32634331d62f17894f26fee55573ad281a76fe7a3c"
            ],
            "type": "Fetch",
            "firstPartyCookies": {},
            "firstPartyCookiesSent": {},
            "exampleSites": [
                "www.dict.cc",
                "www.independent.co.uk",
                "worldle.teuteuf.fr",
                "www.geoguessr.com",
                "www.thewordfinder.com",
                "www.radiotimes.com",
                "www.linguee.com",
                "www.linguee.fr",
                "www.isitdownrightnow.com",
                "mediabiasfactcheck.com",
                "www.linguee.de",
                "www.ultimatespecs.com",
                "www.timeout.com",
                "www.notebookcheck.com",
                "www.rapidtables.com",
                "helpdeskgeek.com",
                "www.wordhippo.com",
                "www.holiday-weather.com",
                "www.iplocation.net",
                "www.notebookcheck.net"
            ]
        },
        {
            "rule": "pbxai\\.com\\/5f4a4498-4f1f-48c2-94fc-26ecfea898d8\\.js",
            "cookies": 0,
            "fingerprinting": 1,
            "subdomains": [
                "cdn"
            ],
            "apis": {
                "window.localStorage": 3,
                "window.sessionStorage": 3,
                "Date.prototype.getTime": 3,
                "Navigator.prototype.platform": 3,
                "Navigator.prototype.userAgent": 3,
                "Navigator.prototype.vendor": 3
            },
            "sites": 3,
            "prevalence": 0.000302,
            "cnames": [],
            "responseHashes": [
                "7965c0024d00c54675906d3de6e8b31adbabff9a8acc675be8eab1bbba5adbb7",
                "635c4fc121ad68a1e133a11f73f32db2aed20ae9f32286e32c821f586d155229"
            ],
            "type": "Script",
            "firstPartyCookies": {},
            "firstPartyCookiesSent": {},
            "exampleSites": [
                "on4t.com",
                "www.golinuxcloud.com",
                "www.iplocation.net"
            ]
        },
        {
            "rule": "pbxai\\.com\\/analytics\\/auction",
            "cookies": 0,
            "fingerprinting": 0,
            "subdomains": [
                "api"
            ],
            "apis": {},
            "sites": 3,
            "prevalence": 0.000302,
            "cnames": [],
            "responseHashes": [],
            "type": "Fetch",
            "firstPartyCookies": {},
            "firstPartyCookiesSent": {},
            "exampleSites": [
                "on4t.com",
                "www.golinuxcloud.com",
                "www.iplocation.net"
            ]
        },
        {
            "rule": "pbxai\\.com\\/632d21ed-83ac-46f3-a081-199c59f7c2a6\\.js",
            "cookies": 0,
            "fingerprinting": 1,
            "subdomains": [
                "cdn"
            ],
            "apis": {
                "window.localStorage": 42,
                "window.sessionStorage": 42,
                "Date.prototype.getTime": 42
            },
            "sites": 66,
            "prevalence": 0.00664,
            "cnames": [],
            "responseHashes": [
                "43a5757c9e3a64d8a55f3b45163c5519ddea75b048fdb289ff63dfdaa0d1a330",
                "8b40006a90780d0617775e5c1ab245fca070cad5382d246d4ffcce3d01c183ff",
                "be2ab227b5c70e49fa4fba55749632052f48f0d45d4730eb07cfc2fba5259561",
                "8caed84f2b59ab5710233ac6f9458b0967d4dc12aaaedd1d7a8bafb404ff533f",
                "765b2f8be9c52a62ebbe33ab1a88413bfa325622d0ec486f0c1dda6db347df7f",
                "3646fb99590e9c639fe7efce0540526deba423dc5869d2be4c62066fb549c03d",
                "735e9b02489fbac001133534c8059309b6951abcfed83af47362fb27f7288c98",
                "4bf746b6ba00d2b0a8d1a0f26b69510433c57b7a898d720dedc31656d93a3705",
                "3ab86fa37deb0f7e1700e512b46ee8a2c5c1cd5e00e7b06b444920243f7ccef7",
                "3881a1bab8c81472fc2fcacc25f1ff5468a69321e793259af943d58448ec0eb8",
                "5caeeffb0bf2c1e5d3cdacb1ca4d50a044988b660c163efc1d744da91a8de4a3",
                "c842713fe0d18e8263294584853a0a6b60d31a8278fc888fd559be67d0e5b1c0",
                "26fd6eb25105c933dcd3c90fd1381b5a1ec5039c5fc25326244b26dd7bb9b4f6",
                "69e6182bedf4b4c66bbf88255b941faf1588146d4434b523840e303fe521c683",
                "39613f4cb4abdbc0c63206b43d8d03234ca74c50ec810f0f3c45a760fe531023",
                "6fbfcd8a48972554797a9aa2430beb201648db73d7e549f64833b49e46fcdf6d",
                "aed339441f127fb2abe6b32bdee4ed3f6fa8b5b705bd161f2bf37ffd2f058053",
                "02888a9292d271c1401b73fb5c6c499bf5ba40a81d1767f42dfbe86a0683b5ca",
                "c20882a901067e437fdfb226bb16b26485eb3a324953ddf7bfe323a40b3b44d5",
                "9f3409a0ecde594557cd11eb6f722081745d1db9344ba9704f55977eb5d8f9be",
                "c11232ad306ff6b8e7295aea932454609faa4b05f5ff553c298e2442d806c205",
                "b7a8f7d096eba350d4ffd2b8e06162f853c6bf6254aa6a252f4bba75dcf9aa8b",
                "da58efbd03394dd471eea869928d3cce53274172c7b26eef67e649b64802e58d",
                "734ff41594cb29f619bc9edea9512f002f161ac129b4195c7a1b5a9c2ac43c36",
                "67b6683ebe92d4625f8ddf8dbdeac39e56b07cba870e09d4cf1b44384b886fe5",
                "007299246b325024689d6ce368bfbe442ad68c8c4426759d3c7e88fdd70d9bc9",
                "c224d5da1391358bb193951109cf632b21990d313d5c1e691776716d4c8d2b82",
                "de9dc279d01d66606ac49d84dfb107e21319364f9b1d4c0b39df404276efceaf"
            ],
            "type": "Script",
            "firstPartyCookies": {},
            "firstPartyCookiesSent": {},