{
    "domain": "perfdrive.com",
    "owner": {
        "name": "Radware Ltd.",
        "displayName": "Radware"
    },
    "source": [
        "DuckDuckGo-NO"
    ],
    "prevalence": 0.000906,
    "sites": 9,
    "subdomains": [
        "validate",
        "captcha",
        "cdn",
        "cas.avalon"
    ],
    "cnames": [],
    "fingerprinting": 3,
    "resources": [
        {
            "rule": "perfdrive\\.com\\/",
            "cookies": 0.000302,
            "fingerprinting": 1,
            "subdomains": [
                "validate"
            ],
            "apis": {
                "Date.prototype.getTime": 3,
                "Document.cookie setter": 3
            },
            "sites": 3,
            "prevalence": 0.000302,
            "cnames": [],
            "responseHashes": [
                "60031c53c3add24cff5cf6eb91fb5799fc2c5f07cbe7517b2a2e32395fcfcdb6",
                "eec54019ee6cef9ba1202e0bc8ae440810d00f81f077da93b15bc6a8734f2e6a"
            ],
            "type": "Document",
            "firstPartyCookies": {
                "cbfm08580": {
                    "ttl": 133,
                    "length": 9,
                    "prevalence": 0.00010064412238325282,
                    "uniqueness": 1
                },
                "cbft08580": {
                    "ttl": 133,
                    "length": 9,
                    "prevalence": 0.00010064412238325282,
                    "uniqueness": 1
                },
                "cbfcl08580": {
                    "ttl": 133,
                    "length": 95,
                    "prevalence": 0.00010064412238325282,
                    "uniqueness": 1
                },
                "cbfm05e3c": {
                    "ttl": 131,
                    "length": 9,
                    "prevalence": 0.00010064412238325282,
                    "uniqueness": 1
                },
                "cbft05e3c": {
                    "ttl": 131,
                    "length": 9,
                    "prevalence": 0.00010064412238325282,
                    "uniqueness": 1
                },
                "cbfcl05e3c": {
                    "ttl": 131,
                    "length": 95,
                    "prevalence": 0.00010064412238325282,
                    "uniqueness": 1
                },
                "cbfmb5e20": {
                    "ttl": 130,
                    "length": 9,
                    "prevalence": 0.00010064412238325282,
                    "uniqueness": 1
                },
                "cbftb5e20": {
                    "ttl": 130,
                    "length": 9,
                    "prevalence": 0.00010064412238325282,
                    "uniqueness": 1
                },
                "cbfclb5e20": {
                    "ttl": 130,
                    "length": 95,
                    "prevalence": 0.00010064412238325282,
                    "uniqueness": 1
                }
            },
            "firstPartyCookiesSent": {},
            "exampleSites": [
                "elfadistrelec.no",
                "www.bankid.com",
                "www.elfadistrelec.no"
            ]
        },
        {
            "rule": "perfdrive\\.com\\/captcha-public\\/css\\/shieldsquare_styles\\.min\\.css",
            "cookies": 0,
            "fingerprinting": 0,
            "subdomains": [
                "captcha"
            ],
            "apis": {},
            "sites": 3,
            "prevalence": 0.000302,
            "cnames": [],
            "responseHashes": [
                "2fcdc3b4f2aed79bbe5b2bb0b20ee2054efde2b66244387b69c6ca030635de31"
            ],
            "type": "Stylesheet",
            "firstPartyCookies": {},
            "firstPartyCookiesSent": {},
            "exampleSites": [
                "elfadistrelec.no",
                "www.bankid.com",
                "www.elfadistrelec.no"
            ]
        },
        {
            "rule": "perfdrive\\.com\\/captcha-public\\/images\\/ss_captcha\\.png",
            "cookies": 0,
            "fingerprinting": 0,
            "subdomains": [
                "captcha"
            ],
            "apis": {},
            "sites": 3,
            "prevalence": 0.000302,
            "cnames": [],
            "responseHashes": [
                "0b2379960ae45dd67797331f1415f803d0acd9a6fd08a21acb3934ec1c9c2488"
            ],
            "type": "Image",
            "firstPartyCookies": {},
            "firstPartyCookiesSent": {},
            "exampleSites": [
                "elfadistrelec.no",
                "www.bankid.com",
                "www.elfadistrelec.no"
            ]
        },
        {
            "rule": "perfdrive\\.com\\/aperture\\/aperture\\.js",
            "cookies": 0.000705,
            "fingerprinting": 3,
            "subdomains": [
                "cdn"
            ],
            "apis": {
                "Document.cookie getter": 7,
                "Date.prototype.getTime": 7,
                "HTMLMediaElement.prototype.canPlayType": 7,
                "Navigator.prototype.vendor": 7,
                "Document.cookie setter": 7,
                "Navigator.prototype.userAgent": 7,
                "Navigator.prototype.appCodeName": 7,
                "Navigator.prototype.cookieEnabled": 7,
                "Navigator.prototype.platform": 7,
                "Navigator.prototype.language": 7,
                "Navigator.prototype.webdriver": 7,
                "Navigator.prototype.maxTouchPoints": 7,
                "Screen.prototype.colorDepth": 7,
                "Screen.prototype.width": 7,
                "Screen.prototype.height": 7,
                "Screen.prototype.availHeight": 7,
                "Screen.prototype.availWidth": 7,
                "window.innerHeight": 7,
                "window.innerWidth": 7,
                "Navigator.prototype.onLine": 7,
                "window.outerWidth": 7,
                "window.outerHeight": 7,
                "Navigator.prototype.plugins": 7,
                "Navigator.prototype.doNotTrack": 7,
                "Navigator.prototype.hardwareConcurrency": 7,
                "Navigator.prototype.mimeTypes": 7,
                "Navigator.prototype.product": 7,
                "Navigator.prototype.appVersion": 7,
                "Navigator.prototype.productSub": 7,
                "Navigator.prototype.vendorSub": 7,
                "window.localStorage": 7,
                "window.sessionStorage": 7,
                "window.indexedDB": 7,
                "Performance.prototype.memory": 7,
                "window.screenTop": 7,
                "window.screenLeft": 7,
                "Screen.prototype.pixelDepth": 7,
                "Date.prototype.getTimezoneOffset": 7,
                "Screen.prototype.orientation": 7
            },
            "sites": 7,
            "prevalence": 0.000705,
            "cnames": [],
            "responseHashes": [
                "9fb91ff0e8c179aea40dbe6842b36fd201654f5647c21dcec41fd18be535d506"
            ],
            "type": "Script",
            "firstPartyCookies": {
                "__sstester": {
                    "ttl": -1755380945,
                    "length": 1,
                    "prevalence": 0.00020128824476650564,
                    "uniqueness": 0.5
                },
                "__ssds": {
                    "ttl": 15555602,
                    "length": 1,
                    "prevalence": 0.00020128824476650564,
                    "uniqueness": 0.5
                },
                "__ssuzjsr2": {
                    "ttl": 15555603,
                    "length": 9,
                    "prevalence": 0.00020128824476650564,
                    "uniqueness": 1
                },
                "__uzmaj2": {
                    "ttl": 15555603,
                    "length": 36,
                    "prevalence": 0.00020128824476650564,
                    "uniqueness": 1
                },