{
    "domain": "poloptrex.com",
    "owner": {},
    "source": [
        "DuckDuckGo-NO"
    ],
    "prevalence": 0.00111,
    "sites": 11,
    "subdomains": [],
    "cnames": [],
    "fingerprinting": 0,
    "resources": [
        {
            "rule": "poloptrex\\.com\\/get",
            "cookies": 0,
            "fingerprinting": 0,
            "subdomains": [],
            "apis": {},
            "sites": 11,
            "prevalence": 0.00111,
            "cnames": [],
            "responseHashes": [
                "3700531b0579fdaf39bf35ee897c64677de4ff3b95a6f327aec3376356e3b355",
                "8074d795b1189c38280cfbe14756ae166f3c8dc2a8a529a9165322046a0fb7c1",
                "839b8d8e2ff1aac8cee651f3dc7db14485263b491212d623a6fe8d456592364d",
                "4e856a0a25d639dd9a7ebef3d0c26e98875d9edae81ea1ee68fb87c513519f74",
                "05916edd5081442db12f3deabc7075d702d1a4a41bf3e4cf465249be7752047a",
                "df84298008e0c1113f4431e38634d6a78ca712c1c81b6a892a30ad937d87c6f5",
                "ffe420fb441f6bd6bbc64f73e00fe3271cceeaa109b1263d0bf658a090521f4c",
                "e5d99cfc3fbd9e8311ec6a115c2f6942a5354c430711bf66b295ca31de07a4a1",
                "bcfb0b892f987b8b672a72c6b033ee306992d44b99d6ceada8cf2436a4543754",
                "97f55a6f0d92fd63cb966857a698d05b1a9ab7108100e763d54c67d33345c075"
            ],
            "type": "Document",
            "firstPartyCookies": {},
            "firstPartyCookiesSent": {},
            "exampleSites": [
                "hclips.com",
                "hdzog.com",
                "hotmovs.com",
                "porngo.xxx",
                "see.xxx",
                "transtxxx.com",
                "txxx.com",
                "txxx.tube",
                "upornia.com",
                "vjav.com",
                "zenporn.com"
            ]
        },
        {
            "rule": "poloptrex\\.com\\/banner\\/in\\/show\\/",
            "cookies": 0,
            "fingerprinting": 0,
            "subdomains": [],
            "apis": {},
            "sites": 11,
            "prevalence": 0.00111,
            "cnames": [],
            "responseHashes": [],
            "type": "Image",
            "firstPartyCookies": {},
            "firstPartyCookiesSent": {
                "_ym_d": 0.0009057971014492754
            },
            "exampleSites": [
                "hdzog.com",
                "hclips.com",
                "hotmovs.com",
                "porngo.xxx",
                "see.xxx",
                "transtxxx.com",
                "txxx.com",
                "txxx.tube",
                "upornia.com",
                "vjav.com",
                "zenporn.com"
            ]
        }
    ],
    "categories": [],
    "performance": {},
    "cookies": 0,
    "topInitiators": [
        {
            "domain": "first party",
            "prevalence": 0.7272727272727273
        },
        {
            "domain": "nv7s.com",
            "prevalence": 0.18181818181818182
        },
        {
            "domain": "txxx.tube",
            "prevalence": 0.09090909090909091
        }
    ],
    "types": {
        "Document": 11,
        "Image": 11
    },
    "nameservers": [
        "ns1.digitalocean.com",
        "ns2.digitalocean.com",
        "ns3.digitalocean.com"
    ]
}