{
    "domain": "salesforce-scrt.com",
    "owner": {},
    "source": [
        "DuckDuckGo-NO"
    ],
    "prevalence": 0.00161,
    "sites": 16,
    "subdomains": [
        "orgcs.my",
        "ledgercustomersuccess.my",
        "getremarkable.my",
        "canonamericas.my",
        "tripletex.my",
        "anydesk.my",
        "elvia.my",
        "fordpro.my",
        "fortinet.my",
        "invaluable.my",
        "saintgobaindsigroupe4.my",
        "nikeconsumerservices.my",
        "intendia.my",
        "vivino.my"
    ],
    "cnames": [],
    "fingerprinting": 0,
    "resources": [
        {
            "rule": "salesforce-scrt\\.com\\/embeddedservice\\/v1\\/embedded-service-config",
            "cookies": 0,
            "fingerprinting": 0,
            "subdomains": [
                "orgcs.my",
                "ledgercustomersuccess.my",
                "getremarkable.my",
                "canonamericas.my",
                "tripletex.my",
                "anydesk.my",
                "elvia.my",
                "fordpro.my",
                "fortinet.my",
                "invaluable.my",
                "saintgobaindsigroupe4.my",
                "nikeconsumerservices.my",
                "intendia.my",
                "vivino.my"
            ],
            "apis": {},
            "sites": 15,
            "prevalence": 0.00151,
            "cnames": [],
            "responseHashes": [
                "b581a270b6092915b65332cd3fb16c5261e4ed6a5e47dc10cefc95239b1f048d",
                "7f7a23e6b7fc4451bd0444b4e814769e87469970783d171051b7e44ccb3338d6",
                "a95cfb86e6682fa09b6fce6bab292cc8dfda2f37d4e94d498106c12914b94c68",
                "d810ebeda894603e743b9355d7a1724dfd92b5befa16c516c66f51a21f059550",
                "8914c483dd0fba04787287f8a353b0c80e838ada79a10da2edc8b4a6e9ebe9e1",
                "b64b2cc4b1fe9fe249d6a204f94a3f21d2793ca973a01baaff7778ddf099ed67",
                "c44b1e31084cdb6963fb8097a63f9294192f5ffcefbd19f887eec1f7ba57f84d",
                "1d30be8096748337bf4ea60625c02b8d62ec7122d8f79c509c4c35a57b088469",
                "00cb07a0e7b0ad5026887255e513de068d74d1b9c5f7aea4f9ab4ee14a828767",
                "6682f926477c3f726feda8c15e326cf6415f05fc9d114d7529924aed955bcd23",
                "72b665fb3316048440d158332a259ac3ed9dfdbc55bab24cd7270acd4992f28b",
                "d928177e8a779517be725f1a55f5ea1bfb28101c29d9f5ecb4681b25b1bd78cf",
                "87bc2cae91ecfd6a7a08ebea2ac80b802c896679629085359fb394cc9d1d0e6a",
                "d6650a9eb14ed677cdb3ee1cae3cfbd880d7db1e82510a57dde32c7d5ecf4baf"
            ],
            "type": "XHR",
            "firstPartyCookies": {},
            "firstPartyCookiesSent": {},
            "exampleSites": [
                "salesforce.com",
                "support.ledger.com",
                "support.remarkable.com",
                "support.usa.canon.com",
                "tripletex.no",
                "www.anydesk.com",
                "www.elvia.no",
                "www.ford.no",
                "www.fortinet.com",
                "www.invaluable.com",
                "www.monter.no",
                "www.nike.com",
                "www.nki.no",
                "www.tripletex.no",
                "www.vivino.com"
            ]
        },
        {
            "rule": "salesforce-scrt\\.com\\/embeddedservice\\/v1\\/businesshours",
            "cookies": 0,
            "fingerprinting": 0,
            "subdomains": [
                "orgcs.my",
                "ledgercustomersuccess.my",
                "getremarkable.my",
                "canonamericas.my",
                "tripletex.my",
                "anydesk.my",
                "elvia.my",
                "fordpro.my",
                "fortinet.my",
                "invaluable.my",
                "saintgobaindsigroupe4.my",
                "nikeconsumerservices.my",
                "intendia.my",
                "vivino.my"
            ],
            "apis": {},
            "sites": 15,
            "prevalence": 0.00151,
            "cnames": [],
            "responseHashes": [
                "e3b0c44298fc1c149afbf4c8996fb92427ae41e4649b934ca495991b7852b855",
                "2c624fe5a3f1566a23a71816a91e29207c3653644e8ee2e7e1798ff2626a60d8",
                "7c5107b0df526eb4813b7ee1c8b31558a4504db1db9172a7c01678c8d3283a2d",
                "d6d9e1fbd3e210ee9ed2babf8cb1a40f05386992609619e7775b4ae044f9db78",
                "e2db3a8b20924c392468773dd2110e3943c3e412d14df6a196221b8db79b8008",
                "36e630280905abfbb40d057d374ffe56c7b720e13036c931c376eeb452ba34c4"
            ],
            "type": "XHR",
            "firstPartyCookies": {},
            "firstPartyCookiesSent": {},
            "exampleSites": [
                "salesforce.com",
                "support.ledger.com",
                "support.remarkable.com",
                "support.usa.canon.com",
                "tripletex.no",
                "www.anydesk.com",
                "www.elvia.no",
                "www.ford.no",
                "www.fortinet.com",
                "www.invaluable.com",
                "www.monter.no",
                "www.nike.com",
                "www.nki.no",
                "www.tripletex.no",
                "www.vivino.com"
            ]
        }
    ],
    "categories": [],
    "performance": {},
    "cookies": 0,
    "topInitiators": [
        {
            "domain": "site.com",
            "prevalence": 0.5
        },
        {
            "domain": "first party",
            "prevalence": 0.4375
        },
        {
            "domain": "datadoghq-browser-agent.com",
            "prevalence": 0.0625
        }
    ],
    "types": {
        "XHR": 30
    },
    "nameservers": [
        "dns1.p03.nsone.net",
        "dns2.p03.nsone.net",
        "dns3.p03.nsone.net",
        "dns4.p03.nsone.net",
        "ns01.salesforce-dns.com",
        "ns02.salesforce-dns.com",
        "ns03.salesforce-dns.com",
        "ns04.salesforce-dns.com"
    ]
}