{
    "domain": "sensic.net",
    "owner": {},
    "source": [
        "DuckDuckGo-NO"
    ],
    "prevalence": 0.00101,
    "sites": 10,
    "subdomains": [
        "es-config",
        "es-config-preproduction",
        "17553846466594a809daa269d612d9b7cbab235cabe4e52fbc68284d.trk",
        "1755382556415826b09d3c31771f3955db5c3816261f4dd861988989.trk",
        "17553845136254ac32fc8c5b19d402e97bc92c36fee9e31ba30a826e.trk",
        "17553829703627fe252c7073a86b5d1af6c3e3de5d1393aad36a511b.trk",
        "1755382046064a0669ae90ad4b622c26017ffe3b0cae233fa6f8afa5.trk",
        "1755385419351f6701bddb089ef9ab89077410577c2dce3c3576eee9.trk",
        "1755383400438b2cf3032636cf4e2c06708db0360d016e087ee7d0f2.trk",
        "175538329698084ee89e5431257b40052413a7bfc23bf536de23eee3.trk",
        "1755383626164e045407342dc4d8ed6daceb672f87f55b196fe0daba.trk",
        "175538613806463661c062c55a37ac6419622fad2eb6106a0c22fed2.trk",
        "es1-s2s",
        "es1preprod-s2s"
    ],
    "cnames": [],
    "fingerprinting": 2,
    "resources": [
        {
            "rule": "sensic\\.net\\/s2s-web\\.js",
            "cookies": 0,
            "fingerprinting": 1,
            "subdomains": [
                "es-config",
                "es-config-preproduction"
            ],
            "apis": {
                "window.localStorage": 10,
                "Date.prototype.getTime": 10,
                "Navigator.prototype.maxTouchPoints": 10,
                "Navigator.prototype.userAgent": 10,
                "Navigator.prototype.platform": 10,
                "Navigator.prototype.language": 10
            },
            "sites": 10,
            "prevalence": 0.00101,
            "cnames": [],
            "responseHashes": [
                "c1970577e4c3e5dd0ea0de6255b1a5a15eecb911d7c5c22b588fecf064f0a4de",
                "c2c84d510aec9249edeb51fed90cb43ea3855d7db6b8ab395fe24425d3dec08c"
            ],
            "type": "Script",
            "firstPartyCookies": {},
            "firstPartyCookiesSent": {},
            "exampleSites": [
                "as.com",
                "elpais.com",
                "en.as.com",
                "theobjective.com",
                "utforsksinnet.no",
                "www.20minutos.es",
                "www.elmundo.es",
                "www.infobae.com",
                "www.marca.com",
                "www.mundodeportivo.com"
            ]
        },
        {
            "rule": "sensic\\.net\\/3pc\\.html",
            "cookies": 0,
            "fingerprinting": 1,
            "subdomains": [
                "es-config",
                "es-config-preproduction"
            ],
            "apis": {
                "window.localStorage": 5,
                "Document.cookie getter": 6
            },
            "sites": 10,
            "prevalence": 0.00101,
            "cnames": [],
            "responseHashes": [
                "50d7dc201785b5d141a77b2ddff351c2caaa2ab64b19e659fe8f825a7c487f22"
            ],
            "type": "Document",
            "firstPartyCookies": {},
            "firstPartyCookiesSent": {},
            "exampleSites": [
                "as.com",
                "elpais.com",
                "en.as.com",
                "theobjective.com",
                "utforsksinnet.no",
                "www.20minutos.es",
                "www.elmundo.es",
                "www.infobae.com",
                "www.marca.com",
                "www.mundodeportivo.com"
            ]
        },
        {
            "rule": "sensic\\.net\\/tp\\.gif",
            "cookies": 0,
            "fingerprinting": 0,
            "subdomains": [
                "17553846466594a809daa269d612d9b7cbab235cabe4e52fbc68284d.trk",
                "1755382556415826b09d3c31771f3955db5c3816261f4dd861988989.trk",
                "17553845136254ac32fc8c5b19d402e97bc92c36fee9e31ba30a826e.trk",
                "17553829703627fe252c7073a86b5d1af6c3e3de5d1393aad36a511b.trk",
                "1755382046064a0669ae90ad4b622c26017ffe3b0cae233fa6f8afa5.trk",
                "1755385419351f6701bddb089ef9ab89077410577c2dce3c3576eee9.trk",
                "1755383400438b2cf3032636cf4e2c06708db0360d016e087ee7d0f2.trk",
                "175538329698084ee89e5431257b40052413a7bfc23bf536de23eee3.trk",
                "1755383626164e045407342dc4d8ed6daceb672f87f55b196fe0daba.trk",
                "175538613806463661c062c55a37ac6419622fad2eb6106a0c22fed2.trk"
            ],
            "apis": {},
            "sites": 10,
            "prevalence": 0.00101,
            "cnames": [],
            "responseHashes": [
                "e3b0c44298fc1c149afbf4c8996fb92427ae41e4649b934ca495991b7852b855"
            ],
            "type": "XHR",
            "firstPartyCookies": {},
            "firstPartyCookiesSent": {},
            "exampleSites": [
                "as.com",
                "elpais.com",
                "en.as.com",
                "theobjective.com",
                "utforsksinnet.no",
                "www.20minutos.es",
                "www.elmundo.es",
                "www.infobae.com",
                "www.marca.com",
                "www.mundodeportivo.com"
            ]
        },
        {
            "rule": "sensic\\.net\\/",
            "cookies": 0,
            "fingerprinting": 0,
            "subdomains": [
                "es1-s2s",
                "es1preprod-s2s"
            ],
            "apis": {},
            "sites": 10,
            "prevalence": 0.00101,
            "cnames": [],
            "responseHashes": [
                "e3b0c44298fc1c149afbf4c8996fb92427ae41e4649b934ca495991b7852b855"
            ],
            "type": "XHR",
            "firstPartyCookies": {},
            "firstPartyCookiesSent": {},
            "exampleSites": [
                "as.com",
                "elpais.com",
                "en.as.com",
                "theobjective.com",
                "utforsksinnet.no",
                "www.20minutos.es",
                "www.elmundo.es",
                "www.infobae.com",
                "www.marca.com",
                "www.mundodeportivo.com"
            ]
        },
        {
            "rule": "sensic\\.net\\/html5vodextension\\.js",
            "cookies": 0,
            "fingerprinting": 1,
            "subdomains": [
                "es-config"
            ],
            "apis": {
                "window.localStorage": 2
            },
            "sites": 2,
            "prevalence": 0.000201,
            "cnames": [],
            "responseHashes": [
                "04594940c40973eb6b6f0fc7ddcb477f5013e6cd7315d2c0a1964a63de61d873"
            ],
            "type": "Script",
            "firstPartyCookies": {},
            "firstPartyCookiesSent": {},
            "exampleSites": [
                "as.com",
                "en.as.com"
            ]
        },
        {
            "rule": "sensic\\.net\\/id",
            "cookies": 0,
            "fingerprinting": 0,
            "subdomains": [
                "es1-s2s"
            ],
            "apis": {},
            "sites": 2,
            "prevalence": 0.000201,
            "cnames": [],
            "responseHashes": [
                "e3b0c44298fc1c149afbf4c8996fb92427ae41e4649b934ca495991b7852b855"
            ],
            "type": "XHR",
            "firstPartyCookies": {},
            "firstPartyCookiesSent": {},
            "exampleSites": [
                "elmundo.es",
                "www.marca.com"
            ]
        }
    ],
    "categories": [],
    "performance": {},
    "cookies": 0,
    "topInitiators": [
        {
            "domain": "first party",
            "prevalence": 0.5625
        },
        {
            "domain": "adobedtm.com",
            "prevalence": 0.25
        },
        {
            "domain": "prisamedia.com",
            "prevalence": 0.125
        },
        {
            "domain": "googletagmanager.com",
            "prevalence": 0.0625
        }
    ],
    "types": {
        "Script": 12,