{
    "domain": "trackcmp.net",
    "owner": {
        "name": "ActiveCampaign, Inc.",
        "displayName": "ActiveCampaign"
    },
    "source": [
        "DuckDuckGo-NO"
    ],
    "prevalence": 0.00141,
    "sites": 14,
    "subdomains": [],
    "cnames": [],
    "fingerprinting": 0,
    "resources": [
        {
            "rule": "trackcmp\\.net\\/t_prism_sitemessages\\.php",
            "cookies": 0,
            "fingerprinting": 0,
            "subdomains": [],
            "apis": {},
            "sites": 11,
            "prevalence": 0.00111,
            "cnames": [],
            "responseHashes": [
                "e3b0c44298fc1c149afbf4c8996fb92427ae41e4649b934ca495991b7852b855"
            ],
            "type": "Script",
            "firstPartyCookies": {},
            "firstPartyCookiesSent": {
                "prism_649424205": 0.00010064412238325282,
                "prism_477883297": 0.00010064412238325282,
                "prism_91160084": 0.00010064412238325282,
                "prism_66978442": 0.00010064412238325282,
                "prism_224817533": 0.00010064412238325282,
                "prism_611487216": 0.00010064412238325282,
                "prism_612995246": 0.00010064412238325282,
                "prism_1000565048": 0.00010064412238325282,
                "prism_226300083": 0.00010064412238325282,
                "prism_478502367": 0.00010064412238325282,
                "prism_69078272": 0.00010064412238325282
            },
            "exampleSites": [
                "americansongwriter.com",
                "digilent.com",
                "hubite.com",
                "www.boss.info",
                "www.classic.com",
                "www.flightconnections.com",
                "www.globalcitizensolutions.com",
                "www.ifixit.com",
                "www.iso.org",
                "www.speedtest.net",
                "www.thesimsresource.com"
            ]
        },
        {
            "rule": "trackcmp\\.net\\/visit",
            "cookies": 0.000302,
            "fingerprinting": 0,
            "subdomains": [],
            "apis": {},
            "sites": 3,
            "prevalence": 0.000302,
            "cnames": [],
            "responseHashes": [
                "e3b0c44298fc1c149afbf4c8996fb92427ae41e4649b934ca495991b7852b855"
            ],
            "type": "Script",
            "firstPartyCookies": {},
            "firstPartyCookiesSent": {},
            "exampleSites": [
                "gearspace.com",
                "www.fluentu.com",
                "www.wickedweasel.com"
            ]
        }
    ],
    "categories": [
        "Ad Motivated Tracking",
        "Advertising",
        "Action Pixels"
    ],
    "performance": {},
    "cookies": 0.000302,
    "topInitiators": [
        {
            "domain": "app-us1.com",
            "prevalence": 0.7777777777777778
        },
        {
            "domain": "first party",
            "prevalence": 0.2222222222222222
        }
    ],
    "types": {
        "Script": 14
    },
    "nameservers": [
        "love.ns.cloudflare.com",
        "kellen.ns.cloudflare.com"
    ]
}