{
    "domain": "usbrowserspeed.com",
    "owner": {},
    "source": [
        "DuckDuckGo-NO"
    ],
    "prevalence": 0.00252,
    "sites": 25,
    "subdomains": [
        "a"
    ],
    "cnames": [],
    "fingerprinting": 0,
    "resources": [
        {
            "rule": "usbrowserspeed\\.com\\/cs",
            "cookies": 0.00211,
            "fingerprinting": 0,
            "subdomains": [
                "a"
            ],
            "apis": {},
            "sites": 21,
            "prevalence": 0.00211,
            "cnames": [],
            "responseHashes": [
                "7abfef3e0560e47eec299ad34a01401bb3dd788b2ccf526bc79586f21792fdf5",
                "b2e7ae0e802ef4f67b703c8e9b5845b40be0484d91e88abb0828b79694192d97",
                "7228f4df55ca2e0149ae9e59ed64b97fc26911fd04c226f7414a47c91f1e472c",
                "dc6b3d17ddb52f6a43dcab32404c7478c2fad61252aae43f95cb83a48906991b",
                "fd7c8af7f5bd75adbdee2ac78f420536e918c29eb1ce46111e176392a8f6729e",
                "1b308413a8e477a58f98559dc2b42f350b78595a70b050cf3a871882f444a9f9",
                "fabce6628679fa34282986994e4ba6b99672b643108ef9040a459bf07d6d39ff",
                "54056f00e94731890b49ca4f88a2d36e55d689ab1400afbd617539729d52ef12",
                "05f5687c7a360525c5196555d6ecbab4bd06546fcf198a5f02f7d396934b2d3b",
                "323266cc3a6e93c4722bd61711f9a0bf5b1682b76a9da612c2dff4756a791691",
                "4b392add9c3d62f9b72c8a5a81f077d249db33325b7162454e70426b40e18d06",
                "65453f4c9d1f9752fdefd49e6b9a5e88cd4af1607341c7b897bf5e2ff73bb6a8",
                "4d4a96cf5bfce9bcd0a0f8baffeff0f48b45db60053b2dcc78624696cfb9e582",
                "68eed8169aa1a707b85f06e57e09a0811edb7bf9ae640a1ba83f662ba3afb36e",
                "e3b0c44298fc1c149afbf4c8996fb92427ae41e4649b934ca495991b7852b855",
                "6d3efb0f07c0b25aaf71c313be178cab0b2147d3b7bb972d9bdcd34d59760779",
                "822c356a5062c2da51af6644c0a6223433f0ad5acf3f823cbd55e149472b97f0",
                "fb4fbedcdc37b3b50374d87febf382e2bcc8306874e9030b64ba934cb0f4978c",
                "4064c711b70d2f9e14dbcb40ef2b55268156f46f5ee05c5e47aa9c1c8ff14c0f"
            ],
            "type": "Fetch",
            "firstPartyCookies": {},
            "firstPartyCookiesSent": {},
            "exampleSites": [
                "twinfinite.net",
                "www.mentalfloss.com",
                "www.gameskinny.com",
                "thestreamable.com",
                "www.destructoid.com",
                "golf.com",
                "doc.traefik.io",
                "www.jpost.com",
                "www.pythontutorial.net",
                "progameguides.com",
                "www.travelgay.com",
                "www.decathlon.com",
                "primagames.com",
                "attackofthefanboy.com",
                "www.w3docs.com",
                "www.atlasobscura.com",
                "www.sportskeeda.com",
                "www.themarysue.com",
                "gamerjournalist.com",
                "www.sqlitetutorial.net"
            ]
        },
        {
            "rule": "usbrowserspeed\\.com\\/cs",
            "cookies": 0.000503,
            "fingerprinting": 0,
            "subdomains": [
                "a"
            ],
            "apis": {},
            "sites": 5,
            "prevalence": 0.000503,
            "cnames": [],
            "responseHashes": [
                "e3b0c44298fc1c149afbf4c8996fb92427ae41e4649b934ca495991b7852b855"
            ],
            "type": "Script",
            "firstPartyCookies": {},
            "firstPartyCookiesSent": {},
            "exampleSites": [
                "golf.com",
                "rocketreach.co",
                "tvtropes.org",
                "www.nj.com",
                "www.snopes.com"
            ]
        }
    ],
    "categories": [],
    "performance": {},
    "cookies": 0.00252,
    "topInitiators": [
        {
            "domain": "script.ac",
            "prevalence": 0.4444444444444444
        },
        {
            "domain": "first party",
            "prevalence": 0.2777777777777778
        },
        {
            "domain": "googletagmanager.com",
            "prevalence": 0.1111111111111111
        },
        {
            "domain": "bigcrunch.com",
            "prevalence": 0.1111111111111111
        },
        {
            "domain": "rubiconproject.com",
            "prevalence": 0.05555555555555555
        }
    ],
    "types": {
        "Fetch": 21,
        "Script": 5
    },
    "nameservers": [
        "ns-682.awsdns-21.net",
        "ns-307.awsdns-38.com",
        "ns-1076.awsdns-06.org",
        "ns-2020.awsdns-60.co.uk"
    ]
}