{
    "domain": "53kf.com",
    "owner": {},
    "source": [
        "DuckDuckGo-GB"
    ],
    "prevalence": 0.000101,
    "sites": 1,
    "subdomains": [
        "accwww10"
    ],
    "cnames": [],
    "fingerprinting": 1,
    "resources": [
        {
            "rule": "53kf\\.com\\/sendacc\\.jsp",
            "cookies": 0.000201,
            "fingerprinting": 0,
            "subdomains": [
                "accwww10"
            ],
            "apis": {},
            "sites": 2,
            "prevalence": 0.000201,
            "cnames": [],
            "responseHashes": [
                "e3b0c44298fc1c149afbf4c8996fb92427ae41e4649b934ca495991b7852b855"
            ],
            "type": "Script",
            "firstPartyCookies": {},
            "firstPartyCookiesSent": {
                "site_initializing": 0.00020128824476650564,
                "site_initializing_time": 0.00020128824476650564,
                "53gid2": 0.00020128824476650564,
                "53gid0": 0.00020128824476650564,
                "53gid1": 0.00020128824476650564,
                "53kf_72351991_from_host": 0.00020128824476650564,
                "guest_id": 0.00020128824476650564
            },
            "exampleSites": [
                "imyfone.com",
                "www.imyfone.com"
            ]
        }
    ],
    "categories": [],
    "performance": {},
    "cookies": 0.000101,
    "topInitiators": [
        {
            "domain": "first party",
            "prevalence": 1
        }
    ],
    "types": {
        "Script": 2
    },
    "nameservers": [
        "vip3.alidns.com",
        "vip4.alidns.com"
    ]
}