{
    "domain": "ac28816960.com",
    "owner": {},
    "source": [
        "DuckDuckGo-GB"
    ],
    "prevalence": 0.000906,
    "sites": 9,
    "subdomains": [
        "7885c8b33a"
    ],
    "cnames": [],
    "fingerprinting": 0,
    "resources": [
        {
            "rule": "ac28816960\\.com\\/in\\/multy",
            "cookies": 0,
            "fingerprinting": 0,
            "subdomains": [
                "7885c8b33a"
            ],
            "apis": {},
            "sites": 9,
            "prevalence": 0.000906,
            "cnames": [],
            "responseHashes": [
                "a9c13fddc60fb84e1d5dc348cb0c0e0ae749118db9770ff3b41056baf1e1c135",
                "cc656f8779f8dd2b58ee00e3b8c1c4b1d5fbd381e425d6110ba4747964ca4925",
                "e3b0c44298fc1c149afbf4c8996fb92427ae41e4649b934ca495991b7852b855",
                "3975e8dbb077f5e23496871dea47ffbbb1b0337a067cb7a1045e7632b8d30dbb",
                "965b2570f9f7f0d0a68e27f5f34570c3b8487f3b3534d720118414376718d9c8",
                "d422f9c39df1fc179c0dc40cf29a3da0b401061ef9fc7837d3db7b1454e6f22b",
                "5d1826028194e2a75e92bae56a67dfb991744cc10c0a93d68438a12bae6ba259",
                "27495e28bb3dffc026e9e62067c489dbe8772d4f5c137a1b9f5e05e2bf872b69"
            ],
            "type": "XHR",
            "firstPartyCookies": {},
            "firstPartyCookiesSent": {},
            "exampleSites": [
                "epawg.com",
                "forcedcinema.net",
                "heavyfetish.com",
                "highporn.net",
                "incest.pro",
                "watchporn.to",
                "www.gig.sex",
                "www.xasiat.com",
                "xxxi.porn"
            ]
        },
        {
            "rule": "ac28816960\\.com\\/in\\/multy",
            "cookies": 0,
            "fingerprinting": 0,
            "subdomains": [
                "7885c8b33a"
            ],
            "apis": {},
            "sites": 9,
            "prevalence": 0.000906,
            "cnames": [],
            "responseHashes": [],
            "type": "Preflight",
            "firstPartyCookies": {},
            "firstPartyCookiesSent": {},
            "exampleSites": [
                "epawg.com",
                "forcedcinema.net",
                "heavyfetish.com",
                "highporn.net",
                "incest.pro",
                "watchporn.to",
                "www.gig.sex",
                "www.xasiat.com",
                "xxxi.porn"
            ]
        },
        {
            "rule": "ac28816960\\.com\\/in\\/show\\/",
            "cookies": 0,
            "fingerprinting": 0,
            "subdomains": [
                "7885c8b33a"
            ],
            "apis": {},
            "sites": 9,
            "prevalence": 0.000906,
            "cnames": [],
            "responseHashes": [
                "e3b0c44298fc1c149afbf4c8996fb92427ae41e4649b934ca495991b7852b855"
            ],
            "type": "Image",
            "firstPartyCookies": {},
            "firstPartyCookiesSent": {},
            "exampleSites": [
                "epawg.com",
                "forcedcinema.net",
                "heavyfetish.com",
                "highporn.net",
                "incest.pro",
                "watchporn.to",
                "www.gig.sex",
                "www.xasiat.com",
                "xxxi.porn"
            ]
        }
    ],
    "categories": [],
    "performance": {},
    "cookies": 0,
    "topInitiators": [
        {
            "domain": "19b7f4f4d8.com",
            "prevalence": 0.5714285714285714
        },
        {
            "domain": "wpushsdk.com",
            "prevalence": 0.42857142857142855
        }
    ],
    "types": {
        "XHR": 9,
        "Preflight": 9,
        "Image": 9
    },
    "nameservers": [
        "dns1.infrapu.sh",
        "dns2.infrapu.sh"
    ]
}