{
    "domain": "adalyser.com",
    "owner": {
        "name": "OneSoon Ltd",
        "displayName": "OneSoon"
    },
    "source": [
        "DuckDuckGo-GB"
    ],
    "prevalence": 0.00393,
    "sites": 39,
    "subdomains": [
        "c5",
        "c0",
        "s1-tracking"
    ],
    "cnames": [],
    "fingerprinting": 1,
    "resources": [
        {
            "rule": "adalyser\\.com\\/adalyser\\.js",
            "cookies": 0.00322,
            "fingerprinting": 1,
            "subdomains": [
                "c5",
                "c0"
            ],
            "apis": {
                "Navigator.prototype.userAgent": 37,
                "Navigator.prototype.language": 37,
                "Date.prototype.getTime": 37,
                "window.localStorage": 36,
                "Document.cookie setter": 32,
                "Document.cookie getter": 32
            },
            "sites": 37,
            "prevalence": 0.00372,
            "cnames": [],
            "responseHashes": [
                "6fc867d17e6ace86a262b1b74921dfe137905b90c190f638a35b0d33b48fd49c",
                "4a9b6603ef41adb1bea50a3b32b75d3cb2b3b836e78bcbdbcb2b71ac41b882a9",
                "e0b16252fbbcb1125fb5ea77e59fa7f03f3103d0ac40c3b352fcf0861cfd30ae",
                "9452344c4e704a15a8a4105312f8a242f0b5ad9a0dc0aa07558291bd4e591401",
                "0ec1ab29888e26a234e93254637cb07976e311c730efee4ee7a47641b8eb541a",
                "fd2c07b20d515291e0c7a3dd9f31f1fb211f6e027bfe25559b34e2c10642d4ac",
                "250755cc5ede9311a8db013b4c58a45d08c3239af3341c8aa2287cc5e4a9b7b5",
                "c1b356f3f76ac3ce3f19997f63fa181cb9d05cd531eb1ee612ce69a2a57fa56f"
            ],
            "type": "Script",
            "firstPartyCookies": {
                "__adal_ses": {
                    "ttl": 1804,
                    "length": 1,
                    "prevalence": 0.00322061191626409,
                    "uniqueness": 0.0625
                },
                "__adal_id": {
                    "ttl": 63072004,
                    "length": 108,
                    "prevalence": 0.00322061191626409,
                    "uniqueness": 1
                },
                "__adal_ca": {
                    "ttl": 15552004,
                    "length": 99,
                    "prevalence": 0.00322061191626409,
                    "uniqueness": 0.0625
                },
                "__adal_cw": {
                    "ttl": 604804,
                    "length": 13,
                    "prevalence": 0.00322061191626409,
                    "uniqueness": 1
                }
            },
            "firstPartyCookiesSent": {},
            "exampleSites": [
                "motorway.co.uk",
                "gtech.co.uk",
                "www.gtech.co.uk",
                "www.selectcarleasing.co.uk",
                "www.cashconverters.co.uk",
                "carmats.co.uk",
                "www.nrla.org.uk",
                "www.tfwm.org.uk",
                "shop.swan-brand.co.uk",
                "brooktaverner.co.uk",
                "www.bose.co.uk",
                "www.availablecar.com",
                "www.shearings.com",
                "www.sosandar.com",
                "www.sykescottages.co.uk",
                "www.scope.org.uk",
                "www.wrenkitchens.com",
                "www.xero.com",
                "www.sigmasports.com",
                "www.villaplus.com"
            ]
        },
        {
            "rule": "adalyser\\.com\\/tracking\\/track\\/v3\\/p",
            "cookies": 0,
            "fingerprinting": 0,
            "subdomains": [
                "c5",
                "c0"
            ],
            "apis": {},
            "sites": 37,
            "prevalence": 0.00372,
            "cnames": [],
            "responseHashes": [
                "d346801abbf9bb4e9e9a055239053d4ab5596514304f601a6c70604187acb744"
            ],
            "type": "Image",
            "firstPartyCookies": {},
            "firstPartyCookiesSent": {
                "__adal_cw": 0.003421900161030596,
                "AwinChannelCookie": 0.00010064412238325282
            },
            "exampleSites": [
                "musthaveideas.co.uk",
                "shop.swan-brand.co.uk",
                "www.wrenkitchens.com",
                "www.grapetree.co.uk",
                "www.chums.co.uk",
                "www.simplybusiness.co.uk",
                "www.nrla.org.uk",
                "www.checkatrade.com",
                "www.regatta.com",
                "www.visitisleofwight.co.uk",
                "247blinds.co.uk",
                "carmats.co.uk",
                "www.kuoni.co.uk",
                "gtech.co.uk",
                "www.bose.co.uk",
                "www.bluecross.org.uk",
                "brooktaverner.co.uk",
                "www.rangemaster.co.uk",
                "www.celebritycruises.com",
                "www.ambassadorcruiseline.com"
            ]
        },
        {
            "rule": "adalyser\\.com\\/",
            "cookies": 0,
            "fingerprinting": 0,
            "subdomains": [
                "s1-tracking"
            ],
            "apis": {},
            "sites": 2,
            "prevalence": 0.000201,
            "cnames": [],
            "responseHashes": [
                "e3b0c44298fc1c149afbf4c8996fb92427ae41e4649b934ca495991b7852b855"
            ],
            "type": "XHR",
            "firstPartyCookies": {},
            "firstPartyCookiesSent": {},
            "exampleSites": [
                "bonmarche.co.uk",
                "www.bonmarche.co.uk"
            ]
        }
    ],
    "categories": [],
    "performance": {},
    "cookies": 0.00322,
    "topInitiators": [
        {
            "domain": "googletagmanager.com",
            "prevalence": 0.4888888888888889
        },
        {
            "domain": "first party",
            "prevalence": 0.4222222222222222
        },
        {
            "domain": "termly.io",
            "prevalence": 0.044444444444444446
        },
        {
            "domain": "adobedtm.com",
            "prevalence": 0.022222222222222223
        },
        {
            "domain": "usercentrics.eu",
            "prevalence": 0.022222222222222223
        }
    ],
    "types": {
        "Script": 37,
        "Image": 37,
        "XHR": 2
    },
    "nameservers": [
        "ns10.dnsmadeeasy.com",
        "ns12.dnsmadeeasy.com",
        "ns13.dnsmadeeasy.com",
        "ns11.dnsmadeeasy.com",
        "ns15.dnsmadeeasy.com",
        "ns14.dnsmadeeasy.com"
    ]
}