{
    "domain": "config-security.com",
    "owner": {},
    "source": [
        "DuckDuckGo-GB"
    ],
    "prevalence": 0.00191,
    "sites": 19,
    "subdomains": [
        "conf",
        "api"
    ],
    "cnames": [],
    "fingerprinting": 0,
    "resources": [
        {
            "rule": "config-security\\.com\\/model",
            "cookies": 0,
            "fingerprinting": 0,
            "subdomains": [
                "conf"
            ],
            "apis": {},
            "sites": 18,
            "prevalence": 0.00181,
            "cnames": [],
            "responseHashes": [
                "cd8f674d2d0aaa1f3fa8bd3d10a4ab69edffcfc623c382252ff9edd0905ec9e8",
                "249484df4db822f406ba5288ea68095fd9dabdd4715d4522aa0e86129f329100",
                "d3282e47bef8d941fa5f80bfa99446c832e620e7c47bb06156d516522f873a88",
                "d3ee521b2dc0f992dee2c87e6df3e5709d0179d67e38f843444a442cfd12897b",
                "996f914c9b8b5c22d2fc48ff397fbf0867f61e10f5ab5e499678f1207f9851d4",
                "6f4c1ef5032cd43b2946d8121d44697efa3a16f3e08cdb60371d8440b890c5ee",
                "a3f61ebf013df3f07b0acbd9c554e51d6541ed719c7b336234b7a3f3196d6fde",
                "231bd6e74956fdc5383e5955a7d5f43d520c5bf4baf7c91aa376444e1743c752",
                "9b39830922f646a5dacc3417d590ef40ab79481e5002f081c62d6dc290d6f2d1",
                "4369a146d2a14d7217197b7d9208cb8dae7fdb63f5d6e74cfc7598f095b9b5e6",
                "ffd9b815c28ed78b2129309733717d3d81fa87738bbd24649742274dacd3c699",
                "6f2c091434465c5eb78ac31ee26d1a3d7fdfdadd434d0007acb0b8af79c44187",
                "1c091669e12b2804afcb4c92cb8db05e7d558aed5418cc48f25853befa9b3405",
                "f7fd7c6b2e1392fed672d1b734107dd21ec88a18b5b1c7fe43ba0418ef81606f",
                "25e0686baea600623cc3d704397d7e21d388cb0d47a6afa1c7ea2ed652065715",
                "3d11ee42ae2805b92913bf8a3e206d783d93377e4d11d4ca717a6694d332252f",
                "1bc0257beef4954373b779ddf1824ed4967a07368a010c1bfbb1a9bcc2e9e994"
            ],
            "type": "XHR",
            "firstPartyCookies": {},
            "firstPartyCookiesSent": {},
            "exampleSites": [
                "affordablegolf.co.uk",
                "all3dp.com",
                "alpkit.com",
                "british-supplements.net",
                "healf.com",
                "heinnie.com",
                "nextbase.co.uk",
                "perfectketo.com",
                "simbasleep.com",
                "tentbox.com",
                "www.affordablegolf.co.uk",
                "www.boroughkitchen.com",
                "www.fender.com",
                "www.keychron.com",
                "www.nutritiongeeks.co",
                "www.souschef.co.uk",
                "www.sram.com",
                "www.trysuri.com"
            ]
        },
        {
            "rule": "config-security\\.com\\/event",
            "cookies": 0,
            "fingerprinting": 0,
            "subdomains": [
                "api"
            ],
            "apis": {},
            "sites": 19,
            "prevalence": 0.00191,
            "cnames": [],
            "responseHashes": [
                "44136fa355b3678a1146ad16f7e8649e94fb4fc21fe77e8310c060f61caaff8a"
            ],
            "type": "XHR",
            "firstPartyCookies": {},
            "firstPartyCookiesSent": {},
            "exampleSites": [
                "affordablegolf.co.uk",
                "all3dp.com",
                "alpkit.com",
                "british-supplements.net",
                "healf.com",
                "heinnie.com",
                "nextbase.co.uk",
                "perfectketo.com",
                "shop.swan-brand.co.uk",
                "simbasleep.com",
                "tentbox.com",
                "www.affordablegolf.co.uk",
                "www.boroughkitchen.com",
                "www.fender.com",
                "www.keychron.com",
                "www.nutritiongeeks.co",
                "www.souschef.co.uk",
                "www.sram.com",
                "www.trysuri.com"
            ]
        },
        {
            "rule": "config-security\\.com\\/first",
            "cookies": 0,
            "fingerprinting": 0,
            "subdomains": [
                "api"
            ],
            "apis": {},
            "sites": 16,
            "prevalence": 0.00161,
            "cnames": [],
            "responseHashes": [
                "662220b06866303150b2793a4d2cc2628abb313981fcb8db6aba2244711e0830",
                "63519b1db475069df407c4f3d652329251e74244dc01449efe7595be97670578"
            ],
            "type": "XHR",
            "firstPartyCookies": {},
            "firstPartyCookiesSent": {},
            "exampleSites": [
                "affordablegolf.co.uk",
                "all3dp.com",
                "alpkit.com",
                "british-supplements.net",
                "healf.com",
                "heinnie.com",
                "nextbase.co.uk",
                "simbasleep.com",
                "tentbox.com",
                "www.affordablegolf.co.uk",
                "www.boroughkitchen.com",
                "www.fender.com",
                "www.keychron.com",
                "www.nutritiongeeks.co",
                "www.souschef.co.uk",
                "www.sram.com"
            ]
        },
        {
            "rule": "config-security\\.com\\/event\\/ext",
            "cookies": 0,
            "fingerprinting": 0,
            "subdomains": [
                "api"
            ],
            "apis": {},
            "sites": 5,
            "prevalence": 0.000503,
            "cnames": [],
            "responseHashes": [
                "565339bc4d33d72817b583024112eb7f5cdf3e5eef0252d6ec1b9c9a94e12bb3"
            ],
            "type": "XHR",
            "firstPartyCookies": {},
            "firstPartyCookiesSent": {},
            "exampleSites": [
                "healf.com",
                "simbasleep.com",
                "tentbox.com",
                "www.keychron.com",
                "www.nutritiongeeks.co"
            ]
        }
    ],
    "categories": [],
    "performance": {},
    "cookies": 0,
    "topInitiators": [
        {
            "domain": "first party",
            "prevalence": 0.821917808219178
        },
        {
            "domain": "lasso.link",
            "prevalence": 0.0547945205479452
        },
        {
            "domain": "googletagmanager.com",
            "prevalence": 0.0410958904109589
        },
        {
            "domain": "msecnd.net",
            "prevalence": 0.0410958904109589
        },
        {
            "domain": "blackcrow.ai",
            "prevalence": 0.0273972602739726
        },
        {
            "domain": "bigcommerce.com",
            "prevalence": 0.0136986301369863
        }
    ],
    "types": {
        "XHR": 58
    },
    "nameservers": [
        "grace.ns.cloudflare.com",
        "felipe.ns.cloudflare.com"
    ]
}