{
    "domain": "cq0.co",
    "owner": {},
    "source": [
        "DuckDuckGo-GB"
    ],
    "prevalence": 0.00312,
    "sites": 31,
    "subdomains": [
        "doh"
    ],
    "cnames": [],
    "fingerprinting": 0,
    "resources": [
        {
            "rule": "cq0\\.co\\/resolve",
            "cookies": 0,
            "fingerprinting": 0,
            "subdomains": [
                "doh"
            ],
            "apis": {},
            "sites": 31,
            "prevalence": 0.00312,
            "cnames": [],
            "responseHashes": [
                "907a71bb765e9f0e6a1aaa70b71ab01435d75b7460df411268a539b79c59bd55",
                "d2b603d874c6b2fdc73a8e607657e4c5651f255a5d33c77ac7f6eb6b7a3197d0",
                "8b04f4ab39cf62ab631c37029b488470bd5854eb65a1eae58910ead893f5b5e2",
                "0505042bc830730bc963dfde33875d4a2b3234c0e14393a70b357c8ab964eed3",
                "91d8ccee8aff4ac898f02808f8a4f01eaf810ae905621c7aab6db0923d88eae5",
                "bd22deec50ef333a585a23113a6ceb8df5ca1b69b83838651ff7199e33b1a757",
                "1a69d58c30b52ddf5793e25a3a26c6fcb5465da7927554a3436296afb990f3f7",
                "e8f76245b7d5d57071c966b503954cebf735c97bc9196beabf5cd671890cc7e3",
                "bb0e12e794257253e9d7716c67f065a596ea2a7e6050521ae33a233e92d96e64",
                "769b47f13fc53200a5a44c40755dda12cbe24c902b3834b7e2e4798d7e7a9609",
                "ed40d98d09b9fc71e5776d9867ffa18e7415261df9b611f05eb323061d8c0d77",
                "463e22b53d3543fde375fd7b42defd620e78a721feaae9edb757e4b512152983",
                "1f6e366b626420c334a57e4e76b171d550c5c5e61e700ff6e1a1385b8d804d3e",
                "feb00efa12de190f4529a08bb285705e8ff0ad577fcd86398645f67967a00ee2",
                "f3d44d47d798b66861ae96104bbe36bab6290623008422af1a0c28ede1c8150d",
                "17cbc82c2190790346333b418f62fa7d7ea230b686766f392f0e167254f8a86f",
                "defe1602ced1b5572e3f2f6af0b0dacf2d705305514444f0ce80ae20c73f703f",
                "3d7d81bb32861c712a6625713fba5b3dab9dbf0bfd1824bdbf207cce0a4bbe0c",
                "fd83008c79dda0492bd636a36c07dd791728821fcc95f54baaea86345247ed4d",
                "fc5a236336e53f30dd5a351b9e35f3bbd3067314d872466628055c56db5117fa",
                "cf9587bd5d2763ebb22a06471a9486f75d55a82598dd2c6448d0235334652533",
                "773d12c7b868a16ea78557268b2395c0d3b65b150faa3e470c58ed314e2314dc",
                "8ad1264d8b19a10b9a8294bb184667019afa8a59cc8355f2c233447ccffb7645",
                "7cc6cf19350375baf99fa6ff4e68f9059a96e267f5387f14291f1439d8f4bbd4",
                "15c45076642fa439ca1af9ce8ce67bed1cf38f043abc64e96c8689461c3d11d9",
                "7189f8c1de4cbef2b6a2ef1bab81322c3c9cb16124edbd11bd00b7619d58dc8d",
                "85a0d1e342ec11f6895d0383da39cd2ae5dd7938fa8e4cff4785e8388d329f3c",
                "c44330417e7e818c8835cd68df5745102d7e1e5a035eadee0ddc7aa83d6545c1",
                "2976c4d19377277442d62bea77e211760c4d3ce5b256b3df06b3d8ead862b35e"
            ],
            "type": "Fetch",
            "firstPartyCookies": {},
            "firstPartyCookiesSent": {
                "IR_gbd": 0.00010064412238325282,
                "s_gpv_custom": 0.00010064412238325282,
                "JOHNLEWIS_ENSIGHTEN_PRIVACY_TLD-www.johnlewisfinance.com": 0.00010064412238325282,
                "dy_fs_page": 0.00010064412238325282
            },
            "exampleSites": [
                "www.espn.com",
                "www.latimes.com",
                "www.mayoclinic.org",
                "connect.mayoclinic.org",
                "johnlewis.com",
                "www.nationalgeographic.com",
                "go.com",
                "www.travelodge.co.uk",
                "www.bhphotovideo.com",
                "uk.norton.com",
                "www.ccleaner.com",
                "www.britishairways.com",
                "moviesanywhere.com",
                "www.titantravel.co.uk",
                "www.espn.co.uk",
                "usedcars.volkswagen.co.uk",
                "www.sheilaswheels.com",
                "www.rac.co.uk",
                "www.marvel.com",
                "www.theworks.co.uk"
            ]
        }
    ],
    "categories": [],
    "performance": {},
    "cookies": 0,
    "topInitiators": [
        {
            "domain": "first party",
            "prevalence": 0.5
        },
        {
            "domain": "ensighten.com",
            "prevalence": 0.21875
        },
        {
            "domain": "espn.com",
            "prevalence": 0.125
        },
        {
            "domain": "lighthouselabs.eu",
            "prevalence": 0.0625
        },
        {
            "domain": "audi.com",
            "prevalence": 0.03125
        },
        {
            "domain": "bhphoto.com",
            "prevalence": 0.03125
        },
        {
            "domain": "californiatimes.com",
            "prevalence": 0.03125
        }
    ],
    "types": {
        "Fetch": 31
    },
    "nameservers": [
        "ns-1857.awsdns-40.co.uk",
        "ns-488.awsdns-61.com",
        "ns-1240.awsdns-27.org",
        "ns-682.awsdns-21.net"
    ]
}