{
    "domain": "gammaentertainment.com",
    "owner": {},
    "source": [
        "DuckDuckGo-GB"
    ],
    "prevalence": 0.000906,
    "sites": 9,
    "subdomains": [
        "www"
    ],
    "cnames": [],
    "fingerprinting": 0,
    "resources": [
        {
            "rule": "gammaentertainment\\.com\\/legal\\/sitefooter",
            "cookies": 0,
            "fingerprinting": 0,
            "subdomains": [
                "www"
            ],
            "apis": {},
            "sites": 10,
            "prevalence": 0.00101,
            "cnames": [],
            "responseHashes": [
                "7c3ce4060c90c282da16debf799e04d0bf574abd95db64646a5bfa44e7262f93",
                "aee55df9ba5cd0c93cc881a7c1ab6c47ef5503c8fd278a660cca63e92c4e47c4",
                "fcf337ea523d86805416dfa1c4cebd74380f5617280732e98cf3cf74cb7167be",
                "9c4fd985447a3895fe730bc8f42dce3c0f2570c2429710a868c81564d0cf15cb",
                "2e8150bd05d333f77a6f3f1e0ef2ae48960082808b0176a8c850a0d0c731592f",
                "8214c2605206957f055004e51b106d5a03f004cd28c6fba7985c9b0cc21b3537",
                "ac267df5847110359854a816584cc26f8df40601e3875f951a9b560f54a3f4c0",
                "0579c45462628af8b6c2d087670cc1580f44e98cc0d92925205cbbf19e1cf211",
                "cac314482442d550703b7f70a2c040d14ee531db63a0ac835b35aba06d9d3d59"
            ],
            "type": "XHR",
            "firstPartyCookies": {},
            "firstPartyCookiesSent": {},
            "exampleSites": [
                "adulttime.com",
                "www.adulttime.com",
                "www.eroticax.com",
                "www.evilangel.com",
                "www.girlfriendsfilms.com",
                "www.girlsway.com",
                "www.hardx.com",
                "www.playboyplus.com",
                "www.puretaboo.com",
                "www.truelesbian.com"
            ]
        }
    ],
    "categories": [],
    "performance": {},
    "cookies": 0,
    "topInitiators": [
        {
            "domain": "gammacdn.com",
            "prevalence": 1
        }
    ],
    "types": {
        "XHR": 10
    },
    "nameservers": [
        "etta.ns.cloudflare.com",
        "vick.ns.cloudflare.com"
    ]
}