{
    "domain": "isenselabs.com",
    "owner": {},
    "source": [
        "DuckDuckGo-GB"
    ],
    "prevalence": 0.000805,
    "sites": 8,
    "subdomains": [
        "gdpr.apps"
    ],
    "cnames": [],
    "fingerprinting": 0,
    "resources": [
        {
            "rule": "isenselabs\\.com\\/users\\/versioning",
            "cookies": 0,
            "fingerprinting": 0,
            "subdomains": [
                "gdpr.apps"
            ],
            "apis": {},
            "sites": 8,
            "prevalence": 0.000805,
            "cnames": [],
            "responseHashes": [
                "edd16f737e3c274d6ef78c70156718c2ddbae828a4d6ca93bcb832b5546cdb31",
                "ad970e229a434064ca43659efa06f71280442ac76aa86b27acfe0f6ff8af6e87",
                "7f3edaee835fc99b7c7804e238f4e57841fc8c8c0ff31c8c6b7a1e2fa5dac415",
                "494bbff04b1647790653ae4350284e77b47d7cc4f585f0c39ed70a8fd433ceba",
                "bda3d10370537a42af534d2e4c0ce32dbeefb3eef6e451b5ebf491245ad6d459",
                "4b965c23400aba50c21ea91da9b311a9cdf1acf5ca4c3869f9201e6db54f327a",
                "2fd63a9b28aacaa54f01ee6abf35fead91c2b0b0567b7c374d367b5f1139b580"
            ],
            "type": "Fetch",
            "firstPartyCookies": {},
            "firstPartyCookiesSent": {},
            "exampleSites": [
                "jaycotts.co.uk",
                "marshallsgarden.com",
                "shop.swan-brand.co.uk",
                "www.directdoors.com",
                "www.e-bikeshop.co.uk",
                "www.farmergracy.co.uk",
                "www.nutritiongeeks.co",
                "www.pooky.com"
            ]
        },
        {
            "rule": "isenselabs\\.com\\/users\\/getCookieConsentSettings",
            "cookies": 0,
            "fingerprinting": 0,
            "subdomains": [
                "gdpr.apps"
            ],
            "apis": {},
            "sites": 8,
            "prevalence": 0.000805,
            "cnames": [],
            "responseHashes": [
                "37f678eda8c4b7b6d8aa7df46eb473fdf515aa7b0670ffe470db27eedf012b6c",
                "c8eaa77d6e36fc8191b2a075052d603048b4c3e317e2d10067b0066e0ab3cd68",
                "ff4a795f194f866ed565045bbf75745902d9cf2bfbdd57ae2193623b4b419f37",
                "847dbae1de8e5cdd418ddddff0bcaa767cf7c1c5290c213fab355b8ca9518d29",
                "1c51498ae9a246f0448817c1c363ba7800fa23e98fd3fee88064caf9dc2a993d",
                "3390563aaaffe2c959e0fa687541819e32dd24d963557fb9aab6bbbe922d2d68",
                "7ef8bf01fa4bd03a3221e13a80b3b8265cbf7adeccd10823bd40efb441f21f76"
            ],
            "type": "Fetch",
            "firstPartyCookies": {},
            "firstPartyCookiesSent": {},
            "exampleSites": [
                "jaycotts.co.uk",
                "marshallsgarden.com",
                "shop.swan-brand.co.uk",
                "www.directdoors.com",
                "www.e-bikeshop.co.uk",
                "www.farmergracy.co.uk",
                "www.nutritiongeeks.co",
                "www.pooky.com"
            ]
        }
    ],
    "categories": [],
    "performance": {},
    "cookies": 0,
    "topInitiators": [
        {
            "domain": "first party",
            "prevalence": 0.9411764705882353
        },
        {
            "domain": "shopify.com",
            "prevalence": 0.058823529411764705
        }
    ],
    "types": {
        "Fetch": 16
    },
    "nameservers": [
        "ns-1084.awsdns-07.org",
        "ns-2001.awsdns-58.co.uk",
        "ns-132.awsdns-16.com",
        "ns-882.awsdns-46.net"
    ]
}