{
    "domain": "kameleoon.eu",
    "owner": {
        "name": "Kameleoon",
        "displayName": "Kameleoon"
    },
    "source": [
        "DuckDuckGo-GB"
    ],
    "prevalence": 0.00101,
    "sites": 10,
    "subdomains": [
        "qchmhd61sj",
        "5k2c23njfh",
        "al6bsr8cso",
        "3x1q21an12",
        "pu8bufhtgh",
        "9e9soula8o",
        "1ro8fa2atd",
        "6tukvyck0c",
        "eu-data",
        "na-data"
    ],
    "cnames": [],
    "fingerprinting": 2,
    "resources": [
        {
            "rule": "kameleoon\\.eu\\/kameleoon\\.js",
            "cookies": 0.000604,
            "fingerprinting": 2,
            "subdomains": [
                "qchmhd61sj",
                "5k2c23njfh",
                "al6bsr8cso",
                "3x1q21an12",
                "pu8bufhtgh",
                "9e9soula8o",
                "1ro8fa2atd",
                "6tukvyck0c"
            ],
            "apis": {
                "Date.prototype.getTime": 9,
                "window.sessionStorage": 9,
                "window.localStorage": 9,
                "Navigator.prototype.userAgent": 9,
                "Document.cookie getter": 9,
                "Screen.prototype.height": 9,
                "Screen.prototype.width": 9,
                "Intl.DateTimeFormat.prototype.resolvedOptions": 9,
                "window.innerHeight": 9,
                "window.innerWidth": 9,
                "Navigator.prototype.language": 9,
                "Document.cookie setter": 6,
                "Navigator.prototype.javaEnabled": 1
            },
            "sites": 10,
            "prevalence": 0.00101,
            "cnames": [],
            "responseHashes": [
                "d1974b661d1d9e850dcca7e948415eaa72917b5e82be0a205f1b138cd6511952",
                "fed8699b5b7d11869f673fe10449b7a535ee6b02ca3003349e8c51da091eb138",
                "b50063377655d48504c814fd3c6ef279a65c88968a447afa8495711a032e9f44",
                "df1a4ee65ecce9d70d68e4a82d1660496308ce169c7ba085962632a488bc053c",
                "132e05f624d4e874080a3d14fa50c1fec8e46366f4651ce8e145ec989cad7748",
                "b7f65e86bcc7c97643d302904f413858e78ead5f53cf56230e2b158e4e75cbdf",
                "1e93ae10abf9027bfa73a2c608e3cd8a689306a586559bea997806992dcae2cc",
                "6dd0239f7944ac95f3ec1dfa708bc920cff128a7ea6a6e331e9355555336dc87"
            ],
            "type": "Script",
            "firstPartyCookies": {
                "kameleoonVisitorCode": {
                    "ttl": 31536002,
                    "length": 16,
                    "prevalence": 0.0006038647342995169,
                    "uniqueness": 1
                }
            },
            "firstPartyCookiesSent": {},
            "exampleSites": [
                "accor.com",
                "ibis.accor.com",
                "wearewild.com",
                "www.atseuromaster.co.uk",
                "www.boatsandoutboards.co.uk",
                "www.lights.co.uk",
                "www.michelin.co.uk",
                "www.mpb.com",
                "www.yachtworld.co.uk",
                "www.yachtworld.com"
            ]
        },
        {
            "rule": "kameleoon\\.eu\\/geolocation",
            "cookies": 0,
            "fingerprinting": 0,
            "subdomains": [
                "eu-data",
                "na-data"
            ],
            "apis": {},
            "sites": 8,
            "prevalence": 0.000805,
            "cnames": [],
            "responseHashes": [
                "e3b0c44298fc1c149afbf4c8996fb92427ae41e4649b934ca495991b7852b855"
            ],
            "type": "XHR",
            "firstPartyCookies": {},
            "firstPartyCookiesSent": {},
            "exampleSites": [
                "accor.com",
                "ibis.accor.com",
                "wearewild.com",
                "www.atseuromaster.co.uk",
                "www.lights.co.uk",
                "www.michelin.co.uk",
                "www.yachtworld.co.uk",
                "www.yachtworld.com"
            ]
        },
        {
            "rule": "kameleoon\\.eu\\/visit\\/events",
            "cookies": 0,
            "fingerprinting": 0,
            "subdomains": [
                "eu-data",
                "na-data"
            ],
            "apis": {},
            "sites": 6,
            "prevalence": 0.000604,
            "cnames": [],
            "responseHashes": [
                "e3b0c44298fc1c149afbf4c8996fb92427ae41e4649b934ca495991b7852b855"
            ],
            "type": "XHR",
            "firstPartyCookies": {},
            "firstPartyCookiesSent": {
                "kameleoonVisitorCode": 0.0006038647342995169
            },
            "exampleSites": [
                "wearewild.com",
                "www.boatsandoutboards.co.uk",
                "www.lights.co.uk",
                "www.michelin.co.uk",
                "www.yachtworld.co.uk",
                "www.yachtworld.com"
            ]
        },
        {
            "rule": "kameleoon\\.eu\\/ip",
            "cookies": 0,
            "fingerprinting": 0,
            "subdomains": [
                "na-data"
            ],
            "apis": {},
            "sites": 2,
            "prevalence": 0.000201,
            "cnames": [],
            "responseHashes": [
                "e3b0c44298fc1c149afbf4c8996fb92427ae41e4649b934ca495991b7852b855"
            ],
            "type": "XHR",
            "firstPartyCookies": {},
            "firstPartyCookiesSent": {},
            "exampleSites": [
                "yachtworld.co.uk",
                "www.yachtworld.com"
            ]
        }
    ],
    "categories": [],
    "performance": {},
    "cookies": 0.000604,
    "topInitiators": [
        {
            "domain": "first party",
            "prevalence": 0.8125
        },
        {
            "domain": "signalfx.com",
            "prevalence": 0.125
        },
        {
            "domain": "kameleoonglobalscript.js",
            "prevalence": 0.0625
        }
    ],
    "types": {
        "Script": 10,
        "XHR": 16
    },
    "nameservers": [
        "pete.ns.cloudflare.com",
        "lady.ns.cloudflare.com"
    ]
}