{
    "domain": "mountain.com",
    "owner": {
        "name": "Mountain Digital, Inc.",
        "displayName": "Mountain Digital"
    },
    "source": [
        "DuckDuckGo-GB"
    ],
    "prevalence": 0.000503,
    "sites": 5,
    "subdomains": [
        "dx",
        "px",
        "gs"
    ],
    "cnames": [],
    "fingerprinting": 1,
    "resources": [
        {
            "rule": "mountain\\.com\\/spx",
            "cookies": 0,
            "fingerprinting": 1,
            "subdomains": [
                "dx"
            ],
            "apis": {
                "Document.cookie getter": 5,
                "Date.prototype.getTime": 2
            },
            "sites": 5,
            "prevalence": 0.000503,
            "cnames": [],
            "responseHashes": [
                "305849f3726a304f1eafe621e5e3273d4ebb6ff8c1207281ea1628f3adbf0a32",
                "5284cbcbdce8c0a74652c0d65d9b9c9b792fc77f6c120d4bbe5c601d687b44f0",
                "930721faba371323a6b2ece6e1584887f7e5d29e5200e67f0e302859b4b0c602",
                "ab10d7cd67a6a3f7ba3ebeedd4f1780e498b3d841ffb54017d8962d9992b34c7"
            ],
            "type": "Script",
            "firstPartyCookies": {},
            "firstPartyCookiesSent": {},
            "exampleSites": [
                "reedsy.com",
                "splice.com",
                "www.fjallraven.com",
                "www.peakdesign.com",
                "www.postman.com"
            ]
        },
        {
            "rule": "mountain\\.com\\/st",
            "cookies": 0.000503,
            "fingerprinting": 0,
            "subdomains": [
                "px"
            ],
            "apis": {},
            "sites": 5,
            "prevalence": 0.000503,
            "cnames": [],
            "responseHashes": [
                "e16beabd6a246b42233f2f2df33e9bf1122083666006d1bcacd8c10ae87b2822",
                "e19b9e6ab6ee6bd2e607d5f739febf30206018f449f38458ca01b733b666ad4a",
                "cf024f9fa15ef52eb9c4b1faf21ad51f108861b073c55ee2b2ca44919c400009",
                "e7ceaba435c99fb87fe05964f5fa97964053b0d955c04f509eb82cc459257831"
            ],
            "type": "Script",
            "firstPartyCookies": {},
            "firstPartyCookiesSent": {
                "_ga": 0.00030193236714975844,
                "rbuid": 0.00010064412238325282
            },
            "exampleSites": [
                "reedsy.com",
                "splice.com",
                "www.fjallraven.com",
                "www.peakdesign.com",
                "www.postman.com"
            ]
        },
        {
            "rule": "mountain\\.com\\/gs",
            "cookies": 0,
            "fingerprinting": 0,
            "subdomains": [
                "gs"
            ],
            "apis": {},
            "sites": 5,
            "prevalence": 0.000503,
            "cnames": [],
            "responseHashes": [
                "eb6dbd72a01a6e201564247722dc3d8eb30ca94847b2e161653b2dedecd3f627",
                "5512443c8496bf061fd76ad105a88acfc5c09a5e2bad56b2d70ecc75de9ddcad",
                "ca67c8c19abc7afbc3a1379f76d692a74b14464b407650a5f628920a6c772343",
                "b21978f29c3039399f8be7e190066de8f043c3a8c74942f9b7cfe620c17f592e"
            ],
            "type": "Script",
            "firstPartyCookies": {},
            "firstPartyCookiesSent": {},
            "exampleSites": [
                "reedsy.com",
                "splice.com",
                "www.fjallraven.com",
                "www.peakdesign.com",
                "www.postman.com"
            ]
        }
    ],
    "categories": [],
    "performance": {},
    "cookies": 0.000503,
    "topInitiators": [
        {
            "domain": "shopify.com",
            "prevalence": 0.5
        },
        {
            "domain": "first party",
            "prevalence": 0.25
        },
        {
            "domain": "googletagmanager.com",
            "prevalence": 0.25
        }
    ],
    "types": {
        "Script": 15
    },
    "nameservers": [
        "ns-116.awsdns-14.com",
        "ns-1508.awsdns-60.org",
        "ns-1916.awsdns-47.co.uk",
        "ns-845.awsdns-41.net"
    ]
}