{
    "domain": "noibu.com",
    "owner": {},
    "source": [
        "DuckDuckGo-GB"
    ],
    "prevalence": 0.00262,
    "sites": 26,
    "subdomains": [
        "cdn",
        "input"
    ],
    "cnames": [],
    "fingerprinting": 2,
    "resources": [
        {
            "rule": "noibu\\.com\\/collect\\.js",
            "cookies": 0,
            "fingerprinting": 2,
            "subdomains": [
                "cdn"
            ],
            "apis": {
                "Navigator.prototype.userAgent": 13,
                "window.localStorage": 10,
                "window.sessionStorage": 10,
                "Navigator.prototype.connection": 10,
                "window.innerHeight": 10,
                "Date.prototype.getTime": 10,
                "Navigator.prototype.language": 10,
                "URL.createObjectURL": 10,
                "window.innerWidth": 10
            },
            "sites": 14,
            "prevalence": 0.00141,
            "cnames": [],
            "responseHashes": [
                "449639accdf2a709256876e1893e787c0800a1a2632271eec7389c9460e1d424",
                "cd13d9547c28490cb80f8d345b939267affe0e5d1e30f048bf5f84ecf5ea2a37",
                "1156ca6ce48804c2b153b88ccb09bd909382c5607b8a58dfa5be904423f659d3",
                "d04dbb0e22d900a04d48526b2ba8b4a5cca6ceddb51da89e82e17f1747bcc2c7",
                "d5cbdd57ad285fdda363b0f7559bfd4cab905696e83cbe17c4d35edc8944cd9e",
                "a170eb557f0d95fcdd457429f9e5e1b35955e90b932bf3e42e4effeb4f2c0c83",
                "24c9ecf296adb5772bd98b022d493127b741bab1a1aa5a9a51175ef57bdb37b2",
                "2c6ecd5e2dfc337b906180503487295a99a5de270d8233cd664a5148681b34be",
                "70f35ce496940d0dbd8122e1db0c732667bedb99b0e03e0f709d93020cf78083",
                "ab4259c7a945cf23522f72dff8731107a8caa7a71fb81edce9cb3cc4178734bf",
                "92e9d0fb51231236ee329162e30541367e7ab947caf6b443fe9ea5d3fdebb91f"
            ],
            "type": "Script",
            "firstPartyCookies": {},
            "firstPartyCookiesSent": {},
            "exampleSites": [
                "dunsterhouse.co.uk",
                "hayloft.co.uk",
                "magicmadhouse.co.uk",
                "ribblecycles.co.uk",
                "wexphotovideo.com",
                "www.airtransat.com",
                "www.barkerandstonehouse.co.uk",
                "www.charlies.co.uk",
                "www.houseofbruar.com",
                "www.joebrowns.co.uk",
                "www.ribblecycles.co.uk",
                "www.scs.co.uk",
                "www.thegreenreaper.co.uk",
                "www.wexphotovideo.com"
            ]
        },
        {
            "rule": "noibu\\.com\\/pv_part",
            "cookies": 0,
            "fingerprinting": 0,
            "subdomains": [
                "input"
            ],
            "apis": {},
            "sites": 24,
            "prevalence": 0.00242,
            "cnames": [],
            "responseHashes": [],
            "type": "WebSocket",
            "firstPartyCookies": {},
            "firstPartyCookiesSent": {},
            "exampleSites": [
                "www.lighting-direct.co.uk",
                "www.sarahraven.com",
                "hollandandbarrett.com",
                "www.scs.co.uk",
                "www.theperfumeshop.com",
                "www.houseofbruar.com",
                "victorianplumbing.co.uk",
                "ribblecycles.co.uk",
                "www.thegreenreaper.co.uk",
                "www.accu.co.uk",
                "www.barkerandstonehouse.co.uk",
                "www.anglingdirect.co.uk",
                "www.charlies.co.uk",
                "www.keenfootwear.co.uk",
                "widefitshoes.co.uk",
                "www.victorianplumbing.co.uk",
                "www.ribblecycles.co.uk",
                "www.joebrowns.co.uk",
                "hayloft.co.uk",
                "www.wexphotovideo.com"
            ]
        },
        {
            "rule": "noibu\\.com\\/collect-worker\\.js",
            "cookies": 0,
            "fingerprinting": 0,
            "subdomains": [
                "cdn"
            ],
            "apis": {},
            "sites": 24,
            "prevalence": 0.00242,
            "cnames": [],
            "responseHashes": [
                "1022b0bd5a52c9f2e25cc1fd3993e9afd671d90d79bd4eed2e2a5679220f6a92"
            ],
            "type": "Fetch",
            "firstPartyCookies": {},
            "firstPartyCookiesSent": {},
            "exampleSites": [
                "www.scs.co.uk",
                "www.victorianplumbing.co.uk",
                "www.lighting-direct.co.uk",
                "hayloft.co.uk",
                "ribblecycles.co.uk",
                "www.airtransat.com",
                "www.charlies.co.uk",
                "hollandandbarrett.com",
                "www.houseofbruar.com",
                "www.accu.co.uk",
                "www.keenfootwear.co.uk",
                "www.fortnumandmason.com",
                "www.sarahraven.com",
                "www.anglingdirect.co.uk",
                "victorianplumbing.co.uk",
                "www.ribblecycles.co.uk",
                "widefitshoes.co.uk",
                "www.joebrowns.co.uk",
                "dunsterhouse.co.uk",
                "wexphotovideo.com"
            ]
        },
        {
            "rule": "noibu\\.com\\/collect-core\\.js",
            "cookies": 0,
            "fingerprinting": 2,
            "subdomains": [
                "cdn"
            ],
            "apis": {
                "Navigator.prototype.userAgent": 14,
                "window.localStorage": 14,
                "window.sessionStorage": 14,
                "Navigator.prototype.connection": 14,
                "Date.prototype.getTime": 14,
                "Navigator.prototype.language": 14,
                "URL.createObjectURL": 13,
                "window.innerHeight": 14
            },
            "sites": 15,
            "prevalence": 0.00151,
            "cnames": [],
            "responseHashes": [
                "cd13d9547c28490cb80f8d345b939267affe0e5d1e30f048bf5f84ecf5ea2a37",
                "321393647e6d062b24c48a4db44edae0872aabd9bb1f194d8efbbb61a239a386",
                "13b90e095608df78280733676b08a45eb8d4ca01b71460f98e8ed2a340cf1e26",
                "bf82ed15859201498a4b6defb07d1dcef4145bfc915682eb72cab168a34d5edb",
                "ae21a65111d4af9985485f2fb631d2b9cdacb066966ac6b81eed45d82d43a55b",
                "ed42795b4e27ca97a09c131577e421080c205b7bc4686d2a4150263663e4af2d",
                "70e1e0cb1fc8137bb547d1551baea0f0269200fc713f28206f288d60a5ccd8ab",
                "4983d84c1feade6a54089d380e388698506372193c571f53a9fbd36d6b4ed2f4",
                "338042b222d9dc12da2db83d3a75743773b60fbea66b800f546fd1976c59b3f0",
                "cce17abdec5e3b338ffb6ad14640380b7a26422a3aabf51daad19d70826c6fbb",
                "4615946c2d53dd8a755f01b7376b2d93363c656f824cebf75f5268b298847958",
                "dfd6f41a8db9b195f4b5b3eeac3f565d3a71db98db6577e3eb1c0f8ffbb7bdd5"
            ],
            "type": "Script",
            "firstPartyCookies": {},
            "firstPartyCookiesSent": {},
            "exampleSites": [
                "hayloft.co.uk",
                "hollandscountryclothing.co.uk",
                "hollandandbarrett.com",
                "ribblecycles.co.uk",
                "victorianplumbing.co.uk",
                "widefitshoes.co.uk",
                "www.accu.co.uk",
                "www.anglingdirect.co.uk",
                "www.fortnumandmason.com",
                "www.keenfootwear.co.uk",
                "www.lighting-direct.co.uk",
                "www.ribblecycles.co.uk",
                "www.sarahraven.com",
                "www.theperfumeshop.com",
                "www.victorianplumbing.co.uk"
            ]
        },
        {
            "rule": "noibu\\.com\\/collect-recording\\.js",
            "cookies": 0,
            "fingerprinting": 1,