{
    "domain": "ntvpforever.com",
    "owner": {},
    "source": [
        "DuckDuckGo-GB"
    ],
    "prevalence": 0.00272,
    "sites": 27,
    "subdomains": [],
    "cnames": [],
    "fingerprinting": 0,
    "resources": [
        {
            "rule": "ntvpforever\\.com\\/keywords",
            "cookies": 0,
            "fingerprinting": 0,
            "subdomains": [],
            "apis": {},
            "sites": 26,
            "prevalence": 0.00262,
            "cnames": [],
            "responseHashes": [
                "4c7d996ddffabca7f5a8fba7c3fa72a41f041ba7f96dfdbbd1818ec884aec396",
                "f19309f01c089d92d2f15479d0fb0babeada54807a3b1e7e0d7a3551e5ffb908",
                "0a72faf4444934063c204bc94e023ca5229940f8a0e4edc613ff3c91d55a0dc3",
                "822b3853185e769ef88ec3e376b8ec602e5fcb89c20e753059f62014c07ff643",
                "cee569fc915e2506d402d523933b359ba1c5992aa62a7e1077c6a9b91e6f66b6",
                "0d98fad655c4d6904dffcce40e48a91ae69cb87c7e9e4725f8ef01b4a7082ea5",
                "0d85aa1178528bf63cc6222ff21af428592861d0c1d7e0b4837a58d2e54d423d",
                "eeccce95950758c1a3396e5d25c332fc5df9b4ed7233ad5bbcdf53684b1c6e70",
                "a8bf1c989a0f6962efd998bbc5033873329b8066196aeb38b009315e5c5769ef",
                "7cec7a3b6c5aacb41b6de9f1e76b25517e63860200d6dd23fc0201a094e5a8a3",
                "0e8a4bb6677448f070e34499616c898430e994f86035079a6e65d862fd68ebcc",
                "58df08177a717650a9afd00fe4062a283b74af3177b49d1cca338e6490e30861",
                "f203cd629b80d28c49e4ae5ad1a7535e5edbb9d7d05a738a94dd200c916af30e",
                "181c43b9a0bcddcba184c8995d01b329da8afe74d2bc08e4f0345a1dc8d566be"
            ],
            "type": "XHR",
            "firstPartyCookies": {},
            "firstPartyCookiesSent": {},
            "exampleSites": [
                "matures.porn",
                "thothub.is",
                "thethothub.com",
                "thothub.lol",
                "www.xasiat.com",
                "www5.javmost.com",
                "vulgarx.com",
                "incest.pro",
                "www.xxxvideoindian2.com",
                "heavyfetish.com",
                "www.thothub.to",
                "freeuseporn.com",
                "fans-here.com",
                "thothub.to",
                "epawg.com",
                "forcedcinema.net",
                "watchporn.to",
                "highporn.net",
                "www.thothub.ch",
                "thothub.ch"
            ]
        },
        {
            "rule": "ntvpforever\\.com\\/keywords",
            "cookies": 0,
            "fingerprinting": 0,
            "subdomains": [],
            "apis": {},
            "sites": 26,
            "prevalence": 0.00262,
            "cnames": [],
            "responseHashes": [],
            "type": "Preflight",
            "firstPartyCookies": {},
            "firstPartyCookiesSent": {},
            "exampleSites": [
                "incest.pro",
                "freeuseporn.com",
                "www.rexporn.sex",
                "www.thothub.to",
                "www.luscious.net",
                "thothub.is",
                "thothub.org",
                "thothub.lol",
                "heavyfetish.com",
                "fans-here.com",
                "thothub.ch",
                "forcedcinema.net",
                "thethothub.com",
                "matures.porn",
                "watchporn.to",
                "thothub.to",
                "www5.javmost.com",
                "thepornscat.com",
                "www.xxxvideoindian2.com",
                "vulgarx.com"
            ]
        },
        {
            "rule": "ntvpforever\\.com\\/in\\/show\\/",
            "cookies": 0,
            "fingerprinting": 0,
            "subdomains": [],
            "apis": {},
            "sites": 2,
            "prevalence": 0.000201,
            "cnames": [],
            "responseHashes": [
                "e3b0c44298fc1c149afbf4c8996fb92427ae41e4649b934ca495991b7852b855"
            ],
            "type": "Image",
            "firstPartyCookies": {},
            "firstPartyCookiesSent": {},
            "exampleSites": [
                "pornhits.com",
                "www.pornhits.com"
            ]
        }
    ],
    "categories": [],
    "performance": {},
    "cookies": 0,
    "topInitiators": [
        {
            "domain": "19b7f4f4d8.com",
            "prevalence": 0.5517241379310345
        },
        {
            "domain": "wpadmngr.com",
            "prevalence": 0.3448275862068966
        },
        {
            "domain": "first party",
            "prevalence": 0.10344827586206896
        }
    ],
    "types": {
        "XHR": 26,
        "Preflight": 26,
        "Image": 2
    },
    "nameservers": [
        "ns1.digitalocean.com",
        "ns2.digitalocean.com",
        "ns3.digitalocean.com"
    ]
}