{
    "domain": "p-n.io",
    "owner": {
        "name": "Pushly",
        "displayName": "Pushly"
    },
    "source": [
        "DuckDuckGo-GB"
    ],
    "prevalence": 0.00574,
    "sites": 57,
    "subdomains": [
        "cdn",
        "k"
    ],
    "cnames": [],
    "fingerprinting": 3,
    "resources": [
        {
            "rule": "p-n\\.io\\/pushly-sdk\\.min\\.js",
            "cookies": 0.00523,
            "fingerprinting": 2,
            "subdomains": [
                "cdn"
            ],
            "apis": {
                "window.localStorage": 56,
                "Navigator.prototype.userAgent": 56,
                "Navigator.prototype.appVersion": 56,
                "Navigator.prototype.appCodeName": 56,
                "Navigator.prototype.product": 56,
                "Navigator.prototype.vendor": 56,
                "window.indexedDB": 56,
                "Document.cookie getter": 56,
                "window.sessionStorage": 55,
                "Date.prototype.getTime": 56,
                "Navigator.prototype.cookieEnabled": 53,
                "Document.cookie setter": 52,
                "Navigator.prototype.permissions": 51,
                "Intl.DateTimeFormat.prototype.resolvedOptions": 50,
                "NavigatorUAData.prototype.brands": 49,
                "Screen.prototype.orientation": 49
            },
            "sites": 56,
            "prevalence": 0.00564,
            "cnames": [],
            "responseHashes": [
                "bb527284cdb44aa1b0613092a5dd4f68c598a8e319ddf427a0f80ff23d289c76",
                "dc700eb34c686697e2f1a1a11b2038873d821ebc9ad39a5248efbba437060647",
                "95a50206e3cc597ec03c05148906b3477e4c89e34cb4b80f4536e0906a870c28",
                "d2329dc45367caa3a7c5bcf3d6828b42ae0d1206b5b41d38d7d2f2eceab94eef",
                "abf80cb12db80944d921d01f7f151408bf87abb3a5965afb1b4a7efb98a5076e",
                "b5384b3b2ab39abfad8938502014185bdd814673690c79e3eec582aebcff9340",
                "07f03fd1eefda019b81b63a2160e08ab2b1cd426dc349f964eca5d9f137bbc82",
                "a043424bfd90c42560eb9217f4c4850d72e0374b9abedb6be25ddeabef0242e6",
                "5f148ec074fe857f1cbca5a9af77edb710787d2940ec23ed31aa07979e9fd45f",
                "c002e7ba09664185facb52cf7b8c5732142a87e8dedff1aefddcfb78cc564c59",
                "c6b1f40044cc98e83e9546f02a82f00f6729e81e16ae88fff735742d102d0cf2",
                "14cfa47bfd553cc9b13e0bcc5d613b5eb1cefe45b5a3484b79901b7a98cc54ad",
                "6eefe110948f9cb5431fe00f2911109de5b91ba699ef6e419388b3c4319e2707",
                "52d968bd3a1eb35ab77ac48db2b5fb4196aefba7509d43de64341428daa9c1d8",
                "ff8ce146802ec4552b3d908f25e85e763b3388f7d38c3f4a50f7c9df07dae8be",
                "5b94ee23459a96e6fd88752d1d1661574850d12fa4fcf40cef840013b77cb3f2",
                "538134b0f9cbec94ed0f430529cce687f57f01f36151ed217bc8f2dc4e8135ef",
                "bd60508255a3614dd6b1469a0ce380829786ed0f7c95b5dd290bf6a63650b31d",
                "735411ee1c8da326ae7b635998b73fffdb5478d471592e32072a4a447b5e560a",
                "fe342afb560a521927a9ae54b7c020f4c9fb16cd8f37f9063152d98902e90ebb",
                "6cbf61be995bca24af8ead177c9d37aeeca18a5bb30fb08bd2d261c499d9d38a",
                "6bdfe4d5446af32805645929c630ebd2710cb9e62fdfca84f7cfe49ef930c7bc",
                "1ed9e967348f9bf59682cc247089a5cea7b76f78249dde7ab5df63894e34172f",
                "6addac6d37ee0d23b9a153bebbea5adc80382687f50a4fff75b9133bf33bbd54",
                "0a84b58b961eb8cfe68244ba64caa85ce15fef7c6c5568560d0761bea91fe181",
                "fd41467b6c5a7e76761e3fb186073593dbb827df536541f030c6cf73e8914398",
                "19110efa78008f1df9b2b8a12bcb6f79863536be27c5f4e9086f4aa657827bb4",
                "0518a1a9f28319f042d07560f0db2496d5a5a5f91da8ee024671764720a08b45",
                "02dd42516c88edccf649b281aa2d12392c334013d2ff312e791d8c2db5b13149",
                "6036262abdfc5bf318e2418c7abdf86d9fa8f90449d72477ac89abf59c1080a5",
                "bc050b0be01992ffd0e7732a82c9fedb7df8628e604b0d1dd07a0967cbfc60d5",
                "8c0b03195c0871452f0c83ef2758523f061914559e9b31177aa3e12de1e5ae52",
                "ed392bbcbd8779be4631a10c1d03485a02a4a931b7f15d9b530be9db2617963d",
                "74bb911ce1147bdfa60d025de4ee2e23d12c808be417e7d1908e8bd42f808418",
                "8fbe6e135f208e55b52214d777a7d3628e029ad37509bddd16249de363acda80",
                "659bfd29c69b33df157b906164793fbc9e5aa1043057e6a15559e2fb63b0aec7",
                "7d32105f57f0ac50754745a1f80e9cf7f3f0abd8130c9fcd1520b9d02740d04a",
                "f87fdc41274f8236131e5d8cdd575adbe5c219169f5ab36fe898f7d3d05aebe9",
                "c8f8698082db653c835aa314993824da8f94b0857c550bd06e7cc62e76caf6e3",
                "94d102a79cbc742ea6e702e2d3e8e497c1027e9488d83be31ad3a8be3949bd37",
                "b72a3b19a3641660768bf029f24e29b27084457db11951e6c18f42c3fb2585c2",
                "b8810ee3c6bdcf64d3033ffcb330ca31803e9aff8171e9646e3478aef7fc228a",
                "efde95f16e1c21a35e5ef935ccfba104b168174f2c7f01d7b3e5d6cb1b691035",
                "9f30c49e561bf15d8f26fbe67e6279c3a62f20c078b22d26547585abd21c14e7",
                "9fecb54baa926cf8f26ddeb5beb4f58c6175f4f16005a5709a73939444d8225b",
                "37e1de0de809c092b33a0e36274f8c7f5eb74906787766da9dd232c06d16b6cf",
                "aa15f00417c95d6630b9c4e299e521c35b08d5bc5c0ce724c095d534e05d13f7",
                "ee001303eab1317dfd99ffe358fc5f217790ad79fa5cba099c0179390d900273",
                "4e96fde96878ede53c9ebd766b3bdf56c31bd9a399b668091da1a95c6e0fb232",
                "a456b376b3aefbfadab83fc65c57454a517310afe51ec65eed7f4246218f8801",
                "132a770409f32e5f55d072a05d10faace6bfa38b66b260e7deff9f8cf0661178",
                "221b6887901cc5f927dc3200665c61f8474df788c902db699cc0f7af7ece5537",
                "74a91614209f1510ce52fae4333ec8c30812b01979611fe5c7cb88208811458f"
            ],
            "type": "Script",
            "firstPartyCookies": {
                "_pn_NtnVGehy": {
                    "ttl": 15552013,
                    "length": 139,
                    "prevalence": 0.00010064412238325282,
                    "uniqueness": 1
                },
                "_pn": {
                    "ttl": 15552012,
                    "length": 119,
                    "prevalence": 0.001107085346215781,
                    "uniqueness": 1
                },
                "_pn_ijIQnGTS": {
                    "ttl": 15552015,
                    "length": 139,
                    "prevalence": 0.00010064412238325282,
                    "uniqueness": 1
                },
                "_pn_hK0Z3pH2": {
                    "ttl": 15552010,
                    "length": 112,
                    "prevalence": 0.00010064412238325282,
                    "uniqueness": 1
                },
                "_pn_mP90dbv9": {
                    "ttl": 15552009,
                    "length": 139,
                    "prevalence": 0.00010064412238325282,
                    "uniqueness": 1
                },
                "_pn_JQBd8Qdi": {
                    "ttl": 15552004,
                    "length": 112,
                    "prevalence": 0.00010064412238325282,
                    "uniqueness": 1
                },
                "_pn_GvbR9fxg": {
                    "ttl": 15552028,
                    "length": 139,
                    "prevalence": 0.00010064412238325282,
                    "uniqueness": 1
                },
                "_pn_wgIpo68Z": {
                    "ttl": 15552016,
                    "length": 112,
                    "prevalence": 0.00010064412238325282,
                    "uniqueness": 1
                },
                "_pn_TgtvAlfG": {
                    "ttl": 15552005,
                    "length": 112,
                    "prevalence": 0.00010064412238325282,
                    "uniqueness": 1
                },