{
    "domain": "p7cloud.net",
    "owner": {},
    "source": [
        "DuckDuckGo-GB"
    ],
    "prevalence": 0.00272,
    "sites": 27,
    "subdomains": [
        "silo48",
        "silo55",
        "silo38",
        "silo90",
        "silo32",
        "silo52",
        "silo29",
        "silo43",
        "silo54",
        "silo27",
        "ua",
        "location",
        "lal"
    ],
    "cnames": [],
    "fingerprinting": 1,
    "resources": [
        {
            "rule": "p7cloud\\.net\\/as1\\.js",
            "cookies": 0.00101,
            "fingerprinting": 1,
            "subdomains": [
                "silo48",
                "silo55",
                "silo38",
                "silo90",
                "silo32",
                "silo52",
                "silo29",
                "silo43",
                "silo54",
                "silo27"
            ],
            "apis": {
                "window.localStorage": 22,
                "Date.prototype.getTime": 22,
                "Navigator.prototype.languages": 9,
                "Document.cookie getter": 22,
                "Document.cookie setter": 10,
                "Navigator.prototype.userAgent": 2,
                "window.devicePixelRatio": 1,
                "Screen.prototype.width": 1,
                "Screen.prototype.height": 1,
                "Navigator.prototype.platform": 1
            },
            "sites": 27,
            "prevalence": 0.00272,
            "cnames": [],
            "responseHashes": [
                "afe697bc56017c40d83e5341a0a042013e2df23af8af92aeca5aa046171f9647",
                "417d1e1da216356d2f6a87a636507527e0304f7b086dc1732db9941d246b44fa",
                "925c164bb70d2b53557a4ec04485b3e96752de963e88088c2ad2c158d2b67a5b",
                "c9002d3d14535ce98eb7f068443fb4f70d362c58b729a8d7e046d0246d3f0466",
                "3f9e120ce372b57f9933aff9d098a18fb3c188fe3bc64aa17fb10c0ce4124eaa",
                "c0533ce4c61f8a0c15cba48fa2d5b21a1cf32852e3f0dbed6faaab6844b63a4f",
                "dec155f5b2622c57d2d3f3174bfbd6c6d14b35f697b452f1793e8514986dc54c",
                "de7de0453a34dd73b29de4e1e55ee8f8882003524c2efc51577f1ac4f77509a4",
                "4fd15e3a1d3f25ef9020c94bd9145c39faced7d372c679a33539734d5a9ac0e0",
                "2238dd5f3d663d954837909ea4ae0a111e5415c20e605bffae6dea3976670667",
                "8241f4c84b73073e737e8bfee6adf6cdd0efae834cfcf31127988231ba9681fc",
                "d0ffc45705466196d5abce069d70fec09b82f31a0086f03c931029d360436e7e",
                "7010f4cd92fcd383794f3c5467bd54a91ef2d911f9c940d95c332fb0d07dbe57",
                "3b1f01fdeb1ce3fc76ca331691eff21aaf909c98218ce91509dd36349433d102",
                "2b338b56cb15855c12d9b5b77b6b20af7da3a8fcb0938bc5afa81a78ea1214a8",
                "e3b0c44298fc1c149afbf4c8996fb92427ae41e4649b934ca495991b7852b855",
                "5dec8dbe0b6c4de27399df936ae8f57f45232fda81fc1c346138b15c7cb5299d",
                "f7ee8b7f7cbd2583a8c9aa776b729233e3c152d9c3ea847d4f4ce0a81622d951",
                "e5f8c9633570ecee8e3555673e80be9e6e68e2ceb90e94bd3cd1ffb680a6c4da",
                "74e7bd84483e6fa9ba7dc781c8d9a5b3f03bf3c018f7ef070a783a4362fb4d66",
                "27b9c009534c8b9926043714ee9e183fb11274a0e802db344efe08a7c4b1188b",
                "522862aa00c531d94370c427b486fdf2741243f255379cf2a91249e6562e8ea1"
            ],
            "type": "Script",
            "firstPartyCookies": {
                "aspan_s": {
                    "ttl": 1818,
                    "length": 21,
                    "prevalence": 0.001006441223832528,
                    "uniqueness": 1
                }
            },
            "firstPartyCookiesSent": {
                "_li_dcdm_c": 0.00020128824476650564
            },
            "exampleSites": [
                "fortune.com",
                "twinfinite.net",
                "www.newsweek.com",
                "www.crash.net",
                "primagames.com",
                "www.destructoid.com",
                "www.refinery29.com",
                "www.gathered.how",
                "www.usmagazine.com",
                "www.sciencefocus.com",
                "www.visordown.com",
                "progameguides.com",
                "attackofthefanboy.com",
                "www.gamepur.com",
                "www.skyatnightmagazine.com",
                "www.classical-music.com",
                "www.countryfile.com",
                "golf.com",
                "www.gameskinny.com",
                "www.mindbodygreen.com"
            ]
        },
        {
            "rule": "p7cloud\\.net\\/if\\.html",
            "cookies": 0.00221,
            "fingerprinting": 1,
            "subdomains": [
                "silo48",
                "silo55",
                "silo38",
                "silo90",
                "silo52",
                "silo43",
                "silo54",
                "silo27"
            ],
            "apis": {
                "Date.prototype.getTime": 22,
                "Document.cookie setter": 22,
                "Document.cookie getter": 17,
                "window.localStorage": 13
            },
            "sites": 22,
            "prevalence": 0.00221,
            "cnames": [],
            "responseHashes": [
                "f10b55fc648ebc29d5188fd4314d67c6afc38eca17e1c04ba2eb22bc1a7e5069"
            ],
            "type": "Document",
            "firstPartyCookies": {
                "_t": {
                    "ttl": 247,
                    "length": 3,
                    "prevalence": 0.001710950080515298,
                    "uniqueness": 0.058823529411764705
                },
                "arcid": {
                    "ttl": 7776022,
                    "length": 21,
                    "prevalence": 0.002214170692431562,
                    "uniqueness": 0.5909090909090909
                },
                "cohorts": {
                    "ttl": 7776026,
                    "length": 111,
                    "prevalence": 0.0013083735909822866,
                    "uniqueness": 1
                }
            },
            "firstPartyCookiesSent": {},
            "exampleSites": [
                "fortune.com",
                "twinfinite.net",
                "www.newsweek.com",
                "www.gameskinny.com",
                "www.sciencefocus.com",
                "www.gamepur.com",
                "attackofthefanboy.com",
                "primagames.com",
                "www.usmagazine.com",
                "www.bikeradar.com",
                "www.destructoid.com",
                "www.whodoyouthinkyouaremagazine.com",
                "www.gathered.how",
                "www.countryfile.com",
                "www.refinery29.com",
                "golf.com",
                "www.skyatnightmagazine.com",
                "www.dexerto.com",
                "www.classical-music.com",
                "dotesports.com"
            ]
        },
        {
            "rule": "p7cloud\\.net\\/cpm\\.js",
            "cookies": 0,
            "fingerprinting": 0,
            "subdomains": [
                "silo48"
            ],
            "apis": {},
            "sites": 8,
            "prevalence": 0.000805,
            "cnames": [],
            "responseHashes": [
                "6558b4c93e7c2366a12f5213091cf6c0b5484653ca553f86a8a087f24e1c9fbb"
            ],
            "type": "Script",
            "firstPartyCookies": {},
            "firstPartyCookiesSent": {},
            "exampleSites": [
                "attackofthefanboy.com",
                "dotesports.com",
                "progameguides.com",
                "primagames.com",
                "twinfinite.net",
                "www.destructoid.com",
                "www.gamepur.com",
                "www.gameskinny.com"
            ]
        },
        {
            "rule": "p7cloud\\.net\\/p\\.png",
            "cookies": 0,
            "fingerprinting": 0,