{
    "domain": "qualified.com",
    "owner": {},
    "source": [
        "DuckDuckGo-GB"
    ],
    "prevalence": 0.000705,
    "sites": 7,
    "subdomains": [
        "js",
        "ws3",
        "ws6",
        "ws2",
        "ws1"
    ],
    "cnames": [],
    "fingerprinting": 2,
    "resources": [
        {
            "rule": "qualified\\.com\\/qualified\\.js",
            "cookies": 0.000705,
            "fingerprinting": 2,
            "subdomains": [
                "js"
            ],
            "apis": {
                "Navigator.prototype.userAgent": 7,
                "PerformanceTiming.prototype.navigationStart": 7,
                "Navigator.prototype.platform": 7,
                "Navigator.prototype.maxTouchPoints": 7,
                "window.localStorage": 7,
                "Intl.DateTimeFormat.prototype.resolvedOptions": 7,
                "Document.cookie getter": 7,
                "Document.cookie setter": 7,
                "Navigator.prototype.language": 7,
                "Date.prototype.getTime": 7
            },
            "sites": 7,
            "prevalence": 0.000705,
            "cnames": [],
            "responseHashes": [
                "ceb71eb677c9c5c24def82524598c83e9844f2755ac6c774671a80168a939b28",
                "04eb4be7c36a9b2bec5235db492f8309b616330fd0b93522622062d267df8b79",
                "b86abba9e4b3c6d493cb99e3c9f08204cff598af442c288930f2bc5c0810ae76",
                "d0af4eb02fbbc1224e145d5106e868f6a0706849a414611189b1d98555b2237f",
                "bb1da4e828f4931fda45e07b65b23088c9681759207e251b50d9ee2c4786a84b",
                "8aaa644953abe20a24cb647c3b30ccc1801fae79543976d27a1c05dd8264e83b"
            ],
            "type": "Script",
            "firstPartyCookies": {
                "__q_state_2qYJ2dzsqrwWZnjR": {
                    "ttl": 315360011,
                    "length": 102,
                    "prevalence": 0.00010064412238325282,
                    "uniqueness": 1
                },
                "__q_state_6Uq6dt4Ep4pEuSaQ": {
                    "ttl": 315360005,
                    "length": 102,
                    "prevalence": 0.00010064412238325282,
                    "uniqueness": 1
                },
                "__q_state_QCpwbhBMaAgaarau": {
                    "ttl": 315360005,
                    "length": 103,
                    "prevalence": 0.00010064412238325282,
                    "uniqueness": 1
                },
                "__q_state_ZB9yNHnAdpJRvvbF": {
                    "ttl": 315360005,
                    "length": 104,
                    "prevalence": 0.00010064412238325282,
                    "uniqueness": 1
                },
                "__q_state_FvGWn26rk1tuEjBR": {
                    "ttl": 315360002,
                    "length": 102,
                    "prevalence": 0.00010064412238325282,
                    "uniqueness": 1
                },
                "__q_state_hhaW6HiVqGA5oJq1": {
                    "ttl": 315360004,
                    "length": 102,
                    "prevalence": 0.00010064412238325282,
                    "uniqueness": 1
                },
                "__q_state_A4ceq7FQHNfJA7JE": {
                    "ttl": 315360006,
                    "length": 108,
                    "prevalence": 0.00010064412238325282,
                    "uniqueness": 1
                }
            },
            "firstPartyCookiesSent": {},
            "exampleSites": [
                "clickup.com",
                "mariadb.com",
                "muckrack.com",
                "pitchbook.com",
                "www.netlify.com",
                "www.postman.com",
                "www.techrepublic.com"
            ]
        },
        {
            "rule": "qualified\\.com\\/cable",
            "cookies": 0,
            "fingerprinting": 0,
            "subdomains": [
                "ws3",
                "ws6",
                "ws2",
                "ws1"
            ],
            "apis": {},
            "sites": 7,
            "prevalence": 0.000705,
            "cnames": [],
            "responseHashes": [],
            "type": "WebSocket",
            "firstPartyCookies": {},
            "firstPartyCookiesSent": {},
            "exampleSites": [
                "clickup.com",
                "mariadb.com",
                "muckrack.com",
                "pitchbook.com",
                "www.netlify.com",
                "www.postman.com",
                "www.techrepublic.com"
            ]
        }
    ],
    "categories": [],
    "performance": {},
    "cookies": 0.000705,
    "topInitiators": [
        {
            "domain": "googletagmanager.com",
            "prevalence": 0.5555555555555556
        },
        {
            "domain": "first party",
            "prevalence": 0.4444444444444444
        }
    ],
    "types": {
        "Script": 7,
        "WebSocket": 7
    },
    "nameservers": [
        "bart.ns.cloudflare.com",
        "emma.ns.cloudflare.com"
    ]
}