{
    "domain": "servenobid.com",
    "owner": {
        "name": "Prebid.org",
        "displayName": "Prebid.org"
    },
    "source": [
        "DuckDuckGo-GB"
    ],
    "prevalence": 0.00121,
    "sites": 12,
    "subdomains": [
        "ads",
        "public"
    ],
    "cnames": [],
    "fingerprinting": 2,
    "resources": [
        {
            "rule": "servenobid\\.com\\/adreq",
            "cookies": 0,
            "fingerprinting": 0,
            "subdomains": [
                "ads"
            ],
            "apis": {},
            "sites": 12,
            "prevalence": 0.00121,
            "cnames": [],
            "responseHashes": [
                "f0939fa85a22671cb498c1c7ec54bb0f2b6aed22f18783d7b1138dc8126847b4",
                "137211b9d5eca74c8641897618ee6ac98e3fab140bf5ba67ae242200a379d350",
                "c8e23f79195fe48d6fff2431410a6749b9ca76230725bdd029ab5af22cb33976",
                "ac793ce005b3a1e8e47871e0ef83b3d8c333491e8e27312bd8bb417752e2beb3",
                "ff9bdcb3002c5104d225e87f7c6f17eb351206fb44ec88c428d0bcb7c8fd4c14",
                "378535ed30285a40abe02fb81318e5f774fda496a7e723286ea05c5ac2f54e77",
                "bec933060d660b474df4fb7fc78d19ec376ceae383b094ed9e1864c260cf04aa",
                "aaa71aae5963ac89e00e573d7c9527fc8bf6f546438880ac309214e11ab22604",
                "343ad7562c99b8ca143f5145f2c557bcc221bed8fe2fe871d5dd7e6ca904902f",
                "d293797ad8f500b0ce83fe6c0f8d2ef36cb5dc71465fec7f1992442a220cc3f3"
            ],
            "type": "Fetch",
            "firstPartyCookies": {},
            "firstPartyCookiesSent": {},
            "exampleSites": [
                "appleinsider.com",
                "biblehub.com",
                "geekymedics.com",
                "sage-advices.com",
                "sonichits.com",
                "techcrunch.com",
                "uk.businessesforsale.com",
                "www.35mmc.com",
                "www.behindthename.com",
                "www.delftstack.com",
                "www.hardreset.info",
                "www.iplocation.net"
            ]
        },
        {
            "rule": "servenobid\\.com\\/sync\\.html",
            "cookies": 0.000805,
            "fingerprinting": 1,
            "subdomains": [
                "public"
            ],
            "apis": {
                "Document.cookie getter": 8,
                "Date.prototype.getTime": 9,
                "Document.cookie setter": 8
            },
            "sites": 10,
            "prevalence": 0.00101,
            "cnames": [],
            "responseHashes": [
                "587bd918a4110df6b3704e6fbb0e956264b1706560d6c32a6e899de8ccf12be7"
            ],
            "type": "Document",
            "firstPartyCookies": {
                "_nbxc_": {
                    "ttl": 22394880021,
                    "length": 1,
                    "prevalence": 0.0008051529790660225,
                    "uniqueness": 0.125
                }
            },
            "firstPartyCookiesSent": {},
            "exampleSites": [
                "appleinsider.com",
                "biblehub.com",
                "sage-advices.com",
                "sonichits.com",
                "techcrunch.com",
                "www.35mmc.com",
                "www.behindthename.com",
                "www.delftstack.com",
                "www.hardreset.info",
                "www.iplocation.net"
            ]
        },
        {
            "rule": "servenobid\\.com\\/sync",
            "cookies": 0.000302,
            "fingerprinting": 0,
            "subdomains": [
                "ads"
            ],
            "apis": {},
            "sites": 8,
            "prevalence": 0.000805,
            "cnames": [],
            "responseHashes": [
                "e3b0c44298fc1c149afbf4c8996fb92427ae41e4649b934ca495991b7852b855"
            ],
            "type": "Image",
            "firstPartyCookies": {},
            "firstPartyCookiesSent": {},
            "exampleSites": [
                "biblehub.com",
                "sage-advices.com",
                "sonichits.com",
                "techcrunch.com",
                "www.35mmc.com",
                "www.behindthename.com",
                "www.hardreset.info",
                "www.iplocation.net"
            ]
        }
    ],
    "categories": [],
    "performance": {},
    "cookies": 0.000906,
    "topInitiators": [
        {
            "domain": "adpushup.com",
            "prevalence": 0.21951219512195122
        },
        {
            "domain": "admetricspro.com",
            "prevalence": 0.12195121951219512
        },
        {
            "domain": "themoneytizer.fr",
            "prevalence": 0.12195121951219512
        },
        {
            "domain": "gumgum.com",
            "prevalence": 0.0975609756097561
        },
        {
            "domain": "smartadserver.com",
            "prevalence": 0.0975609756097561
        },
        {
            "domain": "buysellads.net",
            "prevalence": 0.0975609756097561
        },
        {
            "domain": "undrads.com",
            "prevalence": 0.0975609756097561
        },
        {
            "domain": "bidmatic.io",
            "prevalence": 0.04878048780487805
        },
        {
            "domain": "fuseplatform.net",
            "prevalence": 0.04878048780487805
        },
        {
            "domain": "first party",
            "prevalence": 0.024390243902439025
        }
    ],
    "types": {
        "Fetch": 12,
        "Document": 10,
        "Image": 8
    },
    "nameservers": [
        "ns-736.awsdns-28.net",
        "ns-1273.awsdns-31.org",
        "ns-1852.awsdns-39.co.uk",
        "ns-396.awsdns-49.com"
    ]
}