{
    "domain": "smct.co",
    "owner": {
        "name": "SMARTER CLICK TECHNOLOGY LTD",
        "displayName": "SMARTER CLICK"
    },
    "source": [
        "DuckDuckGo-GB"
    ],
    "prevalence": 0.00322,
    "sites": 32,
    "subdomains": [
        "ep",
        "js",
        "events"
    ],
    "cnames": [],
    "fingerprinting": 1,
    "resources": [
        {
            "rule": "smct\\.co\\/tm",
            "cookies": 0,
            "fingerprinting": 1,
            "subdomains": [],
            "apis": {
                "window.sessionStorage": 7,
                "window.localStorage": 3,
                "Navigator.prototype.userAgent": 1
            },
            "sites": 14,
            "prevalence": 0.00141,
            "cnames": [],
            "responseHashes": [
                "55d253395c1b61f2ebabe642ef4d69eb2598932319e97273ce3bb3cdb8303848",
                "89ce633469be63261ddfa3c9c32125ff52f3fea5fa21784480d36d87248da6e5",
                "d121a21882a2bc57a0e1655beba06e652c62e0746bcd17f7df76e5358e9a785a",
                "787571144db379dcbeeba68e3dc28bd900acbdc359be5caf134274d772cac741",
                "6a870411b511f31bea248ea13e9c23dbf2adf10a2597d5c44b6d4d58b9da6520",
                "35f821bc57680410719dbb11647917595152881ad4a4803a445e0ce62045fa25",
                "e3b0c44298fc1c149afbf4c8996fb92427ae41e4649b934ca495991b7852b855",
                "0e04367473da717ba4eb33ea9ab8ad09d6f27c0f382e92e0d6b1bb0f46bf7e3e",
                "7a2bd850ae8a777590f74dcbf9eba6bb658bdbe52f0b5bca868816a8c6625803",
                "4536d6403fde40aea57e7b9bdf8cadd24ff6cfef94ac9748d979049df4c2e790",
                "38fd9fde039fdad1f6829307359a58627a17498136e6f7877ae8558288b7f380",
                "b08229c7f2470eb73f15552677dfee8b6e3e49b954f18d9d0bb1096399ce6b3f"
            ],
            "type": "Script",
            "firstPartyCookies": {},
            "firstPartyCookiesSent": {},
            "exampleSites": [
                "bsigroup.com",
                "mobile.asda.com",
                "shop.ordnancesurvey.co.uk",
                "wexphotovideo.com",
                "www.abelandcole.co.uk",
                "www.bsigroup.com",
                "www.fredolsencruises.com",
                "www.hivehome.com",
                "www.musicmagpie.co.uk",
                "www.pdsa.org.uk",
                "www.protyre.co.uk",
                "www.tyre-shopper.co.uk",
                "www.voxi.co.uk",
                "www.wexphotovideo.com"
            ]
        },
        {
            "rule": "smct\\.co\\/bb-ep\\/",
            "cookies": 0,
            "fingerprinting": 0,
            "subdomains": [
                "ep"
            ],
            "apis": {},
            "sites": 4,
            "prevalence": 0.000403,
            "cnames": [],
            "responseHashes": [
                "5f3a3127a1ef0047b39c77dc31b3a9bbceef784ae54ea49cb9d24808e4dc792e",
                "9884aff439f8b42da0443e74ce2e0d8750791071b39f5a09e0e68209da1ef6b9",
                "f0953755894c8de0f2028272a17d9a2d2fc2d0ca42c94fe6ae9deab376ed8d46"
            ],
            "type": "XHR",
            "firstPartyCookies": {},
            "firstPartyCookiesSent": {},
            "exampleSites": [
                "bsigroup.com",
                "landingpage.bsigroup.com",
                "www.bsigroup.com",
                "www.condorcycles.com"
            ]
        },
        {
            "rule": "smct\\.co\\/v7\\.7\\.4\\/bb-v7\\.7\\.4\\.js",
            "cookies": 0,
            "fingerprinting": 1,
            "subdomains": [
                "js"
            ],
            "apis": {
                "window.localStorage": 2,
                "Document.cookie getter": 2
            },
            "sites": 2,
            "prevalence": 0.000201,
            "cnames": [],
            "responseHashes": [
                "2f87f71267700157407f964826796563126473280bc867c6d756560fe5ec06e6"
            ],
            "type": "Script",
            "firstPartyCookies": {},
            "firstPartyCookiesSent": {},
            "exampleSites": [
                "bsigroup.com",
                "www.bsigroup.com"
            ]
        },
        {
            "rule": "smct\\.co\\/ov5\\/load\\/new\\/5662\\/157426\\/1\\.js",
            "cookies": 0,
            "fingerprinting": 0,
            "subdomains": [],
            "apis": {},
            "sites": 2,
            "prevalence": 0.000201,
            "cnames": [],
            "responseHashes": [
                "044bc091f2cf2ec2610f4aec78a56d8b6e121a8e41e0069af93926e65f401f78"
            ],
            "type": "Script",
            "firstPartyCookies": {},
            "firstPartyCookiesSent": {},
            "exampleSites": [
                "bsigroup.com",
                "www.bsigroup.com"
            ]
        },
        {
            "rule": "smct\\.co\\/tm\\/",
            "cookies": 0,
            "fingerprinting": 1,
            "subdomains": [],
            "apis": {
                "window.sessionStorage": 10,
                "window.name": 1,
                "window.localStorage": 2,
                "Document.cookie getter": 1,
                "window.innerHeight": 1
            },
            "sites": 18,
            "prevalence": 0.00181,
            "cnames": [],
            "responseHashes": [
                "0bd472987106f9d06cd5541fc7c054166b5b1c91d730b137e57405cc6dbdb708",
                "12179be52e96dd8e4ae0c7dd61902bfe3d4f62b5014571f6da724b36a0bb55c2",
                "06593f32a16558165d33a3c5e3c43a1549ae68d2e438e5c00a5374d79cae54f1",
                "ee0944510629d63b209f9d3551b41d1067e58a654b458413b3ee040a80b021d0",
                "d7446dad5c7080b7b2045b947e898b6cf60d4a213278d475dc99fb1988147fd7",
                "35f821bc57680410719dbb11647917595152881ad4a4803a445e0ce62045fa25",
                "c948a2217999a23cdd7f9bab3366d46a1149658b79137da8174286e727fcb5d8",
                "4162d3db5be548bdcf783aa328a2d20b1cab263cd49782ba09f1cb590bb16220",
                "17001063d1f19e3b5fef6f4e273f87913f83c50571628588fa6ba1753cbb89c4",
                "4ebbd0b381d70a6dda4ca955a0f3e1e96e0e43298d330f938b764dfadb4632df",
                "a73a0880ef4d13000bb04a5cfefb90ca91fa013fb860ec590ca3a3949d67a4b0",
                "03f9b0ef8d7e690945560427038fda5aa99af6071a5c8c6836a07c9196af4e74",
                "0201ebc4a381a7571ddca313a0e6fba2ca1157786898b83ee3b4631eb11be0a7",
                "57dd66fa2b0ef74bbe57210ac8d06aee5ce0ec79addb680dfe6c4235a3e92bcb",
                "662809c58038ec8811612cd992ae3b7d471f9b1094ca834a9dff5b63e5e2e04b",
                "bbdce32b40321bc240a1f47d8c804245a7660f6f5417e9662212e2d99ca56078"
            ],
            "type": "Script",
            "firstPartyCookies": {},
            "firstPartyCookiesSent": {
                "IR_gbd": 0.00010064412238325282
            },
            "exampleSites": [
                "ambassadorcruiseline.com",
                "www.beggshoes.com",
                "www.broadband.co.uk",
                "www.campingworld.co.uk",
                "www.condorcycles.com",
                "www.directferries.co.uk",
                "www.eufy.com",
                "www.imobie.com",
                "www.justgoholidays.com",
                "www.leedsbradfordairport.co.uk",
                "www.lelo.com",
                "www.leaseloco.com",
                "www.motorola.com",
                "www.nationalholidays.com",
                "www.nobodyschild.com",
                "www.penshop.co.uk",
                "www.suttons.co.uk",
                "www.vista-health.co.uk"
            ]
        },
        {
            "rule": "smct\\.co\\/event",
            "cookies": 0,
            "fingerprinting": 0,
            "subdomains": [
                "events"
            ],
            "apis": {},
            "sites": 3,
            "prevalence": 0.000302,
            "cnames": [],