{
    "domain": "wisepops.net",
    "owner": {},
    "source": [
        "DuckDuckGo-GB"
    ],
    "prevalence": 0.00252,
    "sites": 25,
    "subdomains": [],
    "cnames": [],
    "fingerprinting": 2,
    "resources": [
        {
            "rule": "wisepops\\.net\\/loader\\.js",
            "cookies": 0.00101,
            "fingerprinting": 2,
            "subdomains": [],
            "apis": {
                "window.sessionStorage": 10,
                "window.localStorage": 10,
                "Document.cookie getter": 10,
                "Document.cookie setter": 10,
                "Date.prototype.getTime": 10,
                "window.innerHeight": 10,
                "window.innerWidth": 10,
                "Navigator.prototype.cookieEnabled": 10,
                "Intl.DateTimeFormat.prototype.resolvedOptions": 9
            },
            "sites": 25,
            "prevalence": 0.00252,
            "cnames": [],
            "responseHashes": [
                "e3b0c44298fc1c149afbf4c8996fb92427ae41e4649b934ca495991b7852b855",
                "0ff0e6eb606e992490970cc020cdd20c94524ef68f6e18c79a15f0df08957733",
                "1fbf8bf8477aff29adcb506e6dc6ed6270043f715fe4705d2724d474d18bf1ac",
                "4eac35b926b76a8b759f560b1340488c9b181c804e2e57a5d4587626abb7d4cd",
                "a7b8c0a06d4f1ca2e58b5e8878177f58be76a9039551e2ba16bbe3b9fedf5c18",
                "71eb3f6dd09429cca4880e2afface56740ca91b98ded02f7fdedd347827e50b6",
                "970f21a918918b7e9f2d172f86a21baf801c283d336acde54acc57815d69057b",
                "4e76db7576920a2a66b53a35a73cd4e7ddbb0bf53eb503cce949c4b367a7987e",
                "dd32ee98196b51d7dd6f6d7c9f566b5ccf2aa0052a3c862bbf22ed7a7b0a0875",
                "a6226ba2636c1d520e5f9dd07ef5c0fa61d1d5f531cb06bdcad3abd19dfa4e5c",
                "e57f759b252cfdb570e8f026cf2c61be86ace27be543b5261d8736f97aaba188",
                "2d26b780b73dfd1e65aea7b5df27af719641795508b30adb66b7d32c9da6fedb",
                "c12467656ae38b0f5cd77527437c5a1043c50c67cc331106fd6af62ff8c63d85",
                "c46fe65e39d22e64dee0cb4822766d1e72b74538c5795c193d5ced82b74770a7",
                "a7f012be24fa1a75df92768f544e2d5e47a0f8f3ecf167d788bceb943eb40f4b",
                "d9f342791c40cf3e4bb69e62ac97ca010f34a5c075e954711c8b4ef9a806e39b",
                "77f27a93f1a8e06a6f80152871542f349a978accf369c3fb37f608844bb79a1e"
            ],
            "type": "Script",
            "firstPartyCookies": {
                "wisepops_tld": {
                    "ttl": 4,
                    "length": 1,
                    "prevalence": 0.001006441223832528,
                    "uniqueness": 0.1
                },
                "wisepops": {
                    "ttl": 63072000,
                    "length": 157,
                    "prevalence": 0.001006441223832528,
                    "uniqueness": 1
                },
                "wisepops_session": {
                    "ttl": null,
                    "length": 300,
                    "prevalence": 0.001006441223832528,
                    "uniqueness": 1
                },
                "wisepops_visitor": {
                    "ttl": 63072000,
                    "length": 67,
                    "prevalence": 0.0009057971014492754,
                    "uniqueness": 1
                },
                "wisepops_visits": {
                    "ttl": 63072000,
                    "length": 40,
                    "prevalence": 0.0009057971014492754,
                    "uniqueness": 1
                }
            },
            "firstPartyCookiesSent": {},
            "exampleSites": [
                "www.powertoolworld.co.uk",
                "timex.co.uk",
                "the-adviser.co.uk",
                "dusk.com",
                "horticulture.co.uk",
                "shimano.com",
                "www.patheos.com",
                "www.davidaustinroses.co.uk",
                "rab.equipment",
                "www.ambassadorcruiseline.com",
                "www.tilegiant.co.uk",
                "www.purevpn.com",
                "powertoolworld.co.uk",
                "www.bcfc.com",
                "whatson.bfi.org.uk",
                "finisterre.com",
                "www.bfi.org.uk",
                "www.jacksons-fencing.co.uk",
                "www.goodhotelguide.com",
                "www.demon-tweeks.com"
            ]
        },
        {
            "rule": "wisepops\\.net\\/id",
            "cookies": 0,
            "fingerprinting": 0,
            "subdomains": [],
            "apis": {},
            "sites": 18,
            "prevalence": 0.00181,
            "cnames": [],
            "responseHashes": [
                "13999a59710a0b25c049ef4323f1c5143c29f448f5e3c89aa862c59d236e9d8a",
                "478407efa7daebe92cf1cb4b1ae971a6fd5492f8dd57f1a7075b940aeab2a99c",
                "594d451e3be832aa84e9cdef42c8b4a8086e9ecca6fc8b88a0eaf16e4852bc64",
                "d4889cb86cfdc5db1c88741106896585cb47b39a5f894df4b1c35d30fe3ea8b8",
                "42be4542c80d57d0d2d65c639a6eed658e1ffef57d3fa21bc9dcc1f06e04d67e",
                "4de4b84909e84e7129b02d9fcf4762afcc52ae23cfd4b35f7d3b6949fb1e7395",
                "04962d9d72d06fff9e0296b625afe8344334078ba1b12316b28038f655ec1ba2",
                "a70ec56f60e58dc12ca0432b6dea1f1406cb0b47d530f07b9d01fb82fe3d7f06",
                "703167aa5e3a8f9f172eebf16756356f1353b2ba1aa6895d01fdadfd84f1d038",
                "e344578e627f15195dc820d202a9a9de056896601d8f8c69f381cf5ff6e09e82",
                "cff4e78d5e71ad4c3afa725004486bf881162ebde9b84db566a39b941f6cb5f0",
                "5de3576ebf442cacb6be133dae57845b0f0bf05a06f305fd59920f0ea77df11e",
                "8ea77b0295d2ff72b83add047f44acd5c57084873712d56b2317376843375bd4",
                "e83fa205702dc440987c367817192a264e9c75a538d47f826890a9e6a4103738",
                "7f7f52538b8b4b4225a45d1def1de85ae6a4ac9772af239ca4b085ed4a5db9e3",
                "915dcb44c4e4e22d1556d0a73a8d0859831cbbd4575b6a9934d69db3e3929a7f",
                "ead9fccad33183dffa295401bdd2fca9395e97fddac42961093fd625f6536d10"
            ],
            "type": "Fetch",
            "firstPartyCookies": {},
            "firstPartyCookiesSent": {},
            "exampleSites": [
                "shimano.com",
                "finisterre.com",
                "powertoolworld.co.uk",
                "rab.equipment",
                "timex.co.uk",
                "whatson.bfi.org.uk",
                "www.ambassadorcruiseline.com",
                "www.bcfc.com",
                "www.bfi.org.uk",
                "www.clickmechanic.com",
                "www.goodhotelguide.com",
                "www.hagerty.co.uk",
                "www.jacksons-fencing.co.uk",
                "www.lelo.com",
                "www.patheos.com",
                "www.powertoolworld.co.uk",
                "www.purevpn.com",
                "www.swansea.ac.uk"
            ]
        },
        {
            "rule": "wisepops\\.net\\/my-wisepop",
            "cookies": 0,
            "fingerprinting": 0,
            "subdomains": [],
            "apis": {},
            "sites": 18,
            "prevalence": 0.00181,
            "cnames": [],