{
    "domain": "18.210.229.244",
    "owner": {},
    "source": [
        "DuckDuckGo-US"
    ],
    "prevalence": 0.00166,
    "sites": 243,
    "subdomains": [],
    "cnames": [],
    "fingerprinting": 0,
    "resources": [
        {
            "rule": "18\\.210\\.229\\.244\\/is",
            "cookies": 0,
            "fingerprinting": 0,
            "subdomains": [],
            "apis": {},
            "sites": 230,
            "prevalence": 0.00157,
            "cnames": [],
            "responseHashes": [
                "f74eb92b2d2b7128b6d2d4fb96a79c117e3ef393772a8e5fb7bbd7fcba927a55",
                "4286af395e8379913ca10469627f4786122ce6a467d49cf7901a3364525a3888",
                "a51d74c86807c7ec13fc16566998ae05e1588ae79ad0861e358c7730629d9acf",
                "e1ea29516d203497260ccb876049a269d074c2f91bd21d89482bb9a82add1a58",
                "561cfbcef7a24ec5b34cdbbefab2e78a24ec5aed7441ecdaf1437bc764b341b8",
                "cbb8511668e0ce097a799e4756bcbe07a38011ab2969b489d38e7a44800f4d72",
                "7b253365bbeeca403b098ab58e41b6e4783afe08932cf01182175b618ffcd419",
                "bb5fa13252fa36fc3e6096080e3eec969a33c8388a7d3956e9e5cb2c4bb84d92",
                "7ceeb4aad8de7a9929f0d3d4488ab45b9f938a0a5dd26c57c375931fe6f97e41",
                "fd71860fde825a139188879edb966cc6952bb761c6912842f82e35342ca6dc3e",
                "f260e0ffcaf58c77882143c087bd701d7489e7be8820d3fe41a3076f3290647d",
                "2d78c24e37aa5e803cb565185d57bf29337d7f2b9121209a458b99c6b6826f90",
                "421264a51c8cfe24d33cdf1b820b4e8f88caba85140b9b49012e0818d49e153b",
                "12970263aae02b2dadea52a1fa9e4df6613f8e557de90c0b14ad40d810bb320a",
                "3750a9992d87b0e95144da1a7bdb78b75944e7a15c993cf29ffe90fc7c4f9276",
                "2f0c911de41b9efac15f3824aa22baf58f213db6426089fe7c7a1171ab187747",
                "35e1de34ed9a580b3712ff05d38a5e0e58ad4b95c1f0aa29be088952f0b6f87a",
                "07f3a8c3b0aed4f9b466db98273d0677094b4c30beee4d2028e1a3818e598b06",
                "c71cc89c0abe62fa4428206570f4ecbd6bb1ab5c74a710c0c2a2a6746729c8a2",
                "0679855a5a07e8ce36f81980ce833ace7385ba59af45ae058d28c2f8c3f6fca6",
                "6474388c99b67b5c87178751d75f1a9a30529b465b0846f1656ae7c7cdb6cfb2",
                "cf1ec34dc34182ecc46b5993ac96c77657170c489dc3a6c36e08800acc45886b",
                "8c23469535815301489c6026b75f00b0026615b82433f24ef2b4dcc8e014bde4",
                "25d1fa75ceed3a156b5ec1470714753d76fa159090cf4e2a040b069050f150d5",
                "bc7a13c0e58220722c3053fc8afcd1294ea65002dc3bfd4384ad03dc8f34c37a",
                "01d746cda4077eb7a19d6f63bd77e105406340c2699fb15c67645755cf6327bd",
                "3d33209e631b93fe74019f22c026a69f91dd882a963bd2f5866a1c4681c34936",
                "ac8f6ad37f59eed9e588cd9461695a9c0a08664c9e5a2477b4db87500bd4936d",
                "de2575e312fe268833c32e5ae62fce62432dac1feb45fc6a8e50a338ff668f34",
                "aa58dd64dcde59822ee5eb50ce256cf28d03e91433cce5293435899dc5454566",
                "c8c38a408e6cf303c2070ae6e4379f9ccc9cb46230c0039c2d25166227d172fa",
                "e64bb611923e46d4599c1897566214c7ce41153c7c496afe3e7fbff3d1d9fcec",
                "ccceb9c2671b265258eb5904382d0a609170863e85a676075d46ad8ececb2a83",
                "2e8e13c6cc2695ba414ca66eea0590cfb470059d330134cb4bc0f4eac02cb436",
                "a4f2eaf1541b385fbd779f341659eb73c9a65f154c6815102f26a37d09c375fc",
                "6eb650324e7fe71addc690bf7500dfe267bb0400ad6ff9778ebe6f29bb9d6f52",
                "717b49ff174eaee4fa433a1898f6b36078f208bcf6d87063d500a614cf2eafed",
                "452251e6eec49732250b6d98c61de72ccf647089aafc9167844377c89671b2c1",
                "c132c6073db0ac0772f3f6029f755f5028a54fee1ee04b201143f5bb06e8a83b",
                "037477581b36852775517edac1f247c6de7761abd46d0269392d8488fa002576",
                "486c8dcbb06691c6d1a31ebac6559b3de174b32dbb1e40a6b64b03e24bea770a",
                "cc62ca924c31a97896b1d0daeab2d8ea5e213e5595a4ca81f953e25df3902a58",
                "f8ce0ce39e837c00bc57e474858d33831c191256d390c530576e07f7ce7e5e00",
                "d28986a52c39c5e67ad11625b93ce98d1976754afe20dfcded50f92fb659f576",
                "46e8abf0542a4cf6d0c060c3e26087cd0bdcdc8e653e89a816806d75be47e93d",
                "d218b5cf9cbd0086b04728a9ff69c3225ddbfcfc8c9c24ef0783b551b469ca7d",
                "32e2080089cc2c778ca70b05565006ddd1270887a119897e5280b19086425394",
                "4e24cde5186c11b2cbbd2ce6a9dcffa86ea6298fb3e3881c65550cf51d1fd526",
                "bc8d0f447c4c233f8d3c1f7de0988af57b97f3dae959626dcd5a1cc028a36317",
                "57c6d7ef13c5ced376acd0a1e528704c1bdf9a7ec23f7f4e105ad6e2b1320653",
                "980c48fdfb6406d297a0f32b09afb875e7efc23d662e4814002a9566ed3538ea",
                "3e2a53f3a94b0ee892abb009c163ba42b849cd77ee074b3f33d59c5d7729c103",
                "3b5b92c020e35610d19c6c2b146f063c304ff123d3b534e8f066ee57e2cc3b06",
                "d31dd66c574160b9920fda37f87818fa76d90cb0b3e869eb01e19a9411a383f6",
                "25d078cc906d639169c00b8fd76fd097d7398b3565e1136a150fda5d694e9175",
                "017ab6a8b95cc9debf76f3f8bb9ad04b6de2cab16f73f8f181d57439835721b1",
                "b7926f6af33ec2e2ea55445c1509b9e26f2efc6bbe824166e8a84dd204fed040",
                "a8db9808869157e6286879578eb86241d5de0e7875c89d536c27390fc5dc0f3d",
                "286d2d15c81dc2669cc057c86134ef27d149e0437c97482e9b940718b0c32696",
                "9fe001c26cd76e95fe8b815dbc6de7e21c10d440ca74fda47c63636c82cb2f85",
                "2fe24b95a33f5cb5bf6f36c214f384579ac835c251adc27cf79088a0a4fb697e",
                "0e953622e7ebde221e839ecf5a5de9282a9f640330a6b3309f99dc2d7fe11c8d",
                "965cb22511d3f206973c774b8492774d4c2c109cf98af4e51db032f717d21188",
                "e8ccef7efa8d952aa558eb53496536a9ee6a0125f90a433b174128c7465e0c0e",
                "ca48c62406372efdacf5a7fbec53dc4197a2b4d942f366540e3b02e5c899505a",
                "6f785857ddd696541d64bfb04dfbaadc26086f83a338da1dda06591f87b9d0c5",
                "945bc0010044504bce30590bc45667484cb36fec5790879b6ee197c4e3d9616e",
                "d2806ffa877ee1dcec80b8032b5f223e0cc0e9ccd29e8363d903dbe5ef7a5d54",
                "03b7aef32e44f35eb4e800e6bbc8816b41ad5f8c8002fdb9794182a3a275969d",
                "50fc4b0afc9a058e0e450aa3b69e56206ccc7fa86a499bfa58ba0f9f9191ef94",
                "fdb0ffff0a670d77feb75bd9ef59d2d9fbe1d120e0b99845a0cec6321cfec6c4",
                "1bfdfe2cb3a06ce07cf5fd09323a37aafb0e1e60a5a97f8d227e57866a8faeed",
                "1ee3fb9cb84579e102734b1b87b8a10c81f906fda2c4a2d836e92b094fcb2c1d",
                "cadb86fd40ee5d89ee46282e0adedab6b38a9b43d8c66737d5813277a1bb4e66",
                "1a469177918010f5038dc89f56ed23c25f7a47ec0ccfc0f8d259450c0e74654e",
                "377ace6a90784a28ef2d48097c481e191aa70a4c797e6e9342f3f36193acab00",
                "00a09a061d9fcc2f174e759e36fcfc8355b38c6d8bc070ced98caf5d487b0b98",
                "47f9ed279448b2577b52f1b9415f864405557b27302fbe546fa4935fcd44f47e",
                "abc6b038cfdfebacb4eb75e2755c299d1a004a3e7ce017f21d9bbc44f7f2007c",
                "7283fe87adfd6fc781396544da6a397ef90788d78bdf838ca4da4e3ddccd6c45",
                "3b6c6dca37376b75cafa9805645ad596bc27f2c0c4f9f4c9408f847f5f50b486",
                "133dda10a9057a967fcad1b2f5b377a7e0027130fbe0f7f35f6467d3d6f2b796",
                "eb41635fb1ad03464aefed09a40f3aeb12deff54bd62d08a497984e1326eb145",
                "00f7918c2f9d78691c816419115fcf5b4e0344d441e250f0c014349a21f5c6b4",
                "efcaefb6f163067f0940dac85a45170e2d67144ee90765d262f7965acabdd39e",
                "e6bff94bd6f84f1ee69b394766befa228577f98e5285b357f15a87c21431936b",
                "c0f8da93c7a48de442c7abca9d93b959cf622e35a6c0d609fc63c51eff368d17",
                "11057ba264c5beaf9c4a95cd9ed2928689c4924500a68c7333a84782969f34a4",
                "bae7bb7ac13e03c71bca9004ae09f09617b07efda7ef88bdc28433fe6711609d",
