{
    "domain": "1pdata.app",
    "owner": {},
    "source": [
        "DuckDuckGo-US"
    ],
    "prevalence": 0.000274,
    "sites": 40,
    "subdomains": [
        "build"
    ],
    "cnames": [],
    "fingerprinting": 2,
    "resources": [
        {
            "rule": "1pdata\\.app\\/hhtransmute\\.js",
            "cookies": 0.000164,
            "fingerprinting": 2,
            "subdomains": [
                "build"
            ],
            "apis": {
                "Document.cookie getter": 24,
                "Date.prototype.getTime": 24,
                "Document.cookie setter": 23,
                "Navigator.prototype.userAgent": 24,
                "Navigator.prototype.language": 24,
                "Date.prototype.getTimezoneOffset": 24,
                "window.sessionStorage": 16
            },
            "sites": 28,
            "prevalence": 0.000192,
            "cnames": [],
            "responseHashes": [
                "f7436b857493faa8bb9173b7cba25212c1e1fb83545d02681d9389370eca85e2",
                "27babc42a14369664a363e2a3c7a275329c969821dc582f50699356395b09ef4",
                "8be50efee234bdcb7692dd6ea46b3e1145ea494fca708be052274b7ab0fb8bfc",
                "005bde1aae6a8159e7051bad7bdc95d5936c00aee074a662472b0fdd7ebc3cfc",
                "3f4c4b4d79df34988e9e218d496a97833462ba041b55106ca78d0a8a9953057a",
                "28066a3497b1e6da56ce9dd403d78a21ac44b94e883a18aa965b0311824d9d4e",
                "58324068329c8e8d6f34dd17a8aaf23efd5af311601f7a5e0ef3f39d55ed6701",
                "19df7fa6cd139257035f60e5d3cc4b2fd51f927ad1e5dfc06a444929f4c544e7",
                "ef7569eea14e004871b63854b9dc6d1ea7e209aa6eb40c01879fdd84aca6aff1",
                "7109a8ad113584cfe8fe5c61c613c50e0871f68b77e451b2f35aeb7963543a33",
                "dd3392ae22fd20ba1e1b07d212be27dca1678fdbf896d9bb200953bf0b802c38",
                "51101b21f5256c5bf8beb59c336615bcdaafee97b852b36ff970583e91981c32",
                "4b951a561b7f069221eaa7b9edee30498fc713970bfa48f599ed95d79fb3037f",
                "cb6638c0bc58f9ab093c87e87fd15a454cf17195e8137293426c87a4ae4a6c9c",
                "0eec741d046867dc1430db458a963ebdbd2b89e86a98bcbb80e07d838e97fdcd",
                "567411f2100d6c017dd630f95bfe909fb3d15a0d9b1f43bb7417ed85446b02b4",
                "64ccdb666e40c7226f2042c0eccb691ee7ab99a2118607677a14c064c11da194",
                "399e25e624d06e16aa42ab27bc9aebe44f6e9029ee68568bbc06528ccac510df",
                "41a95dce5ef31316baf23ad0d0e6c232be8f2220cb7a75c1587e171efebc8408",
                "324abf4954dd92f19514816849c7a9cfa41aa77569ef61570dbf9ef66d084702",
                "74cc444325438d6a214581942b87c5c0f41c14da7f27c81c21e524ed8e2a0778",
                "2f73e516500921b4b58474a4d383c758d19b0d8877ac982b8ec224fcb238d2fb",
                "8903aa05717493f13b2bbf15f2a014bda6ef7506bc10a3923f0d670971c034ee",
                "c8139a7bfa2678e3d9047fc8d35ad74ac628a4ed4bc811773dae4888f3ea20b2"
            ],
            "type": "Script",
            "firstPartyCookies": {
                "fullthrottlelims_t2": {
                    "ttl": 630720007,
                    "length": 10,
                    "prevalence": 0.0001573402654261869,
                    "uniqueness": 1
                },
                "r": {
                    "ttl": 7207,
                    "length": 1,
                    "prevalence": 0.0001573402654261869,
                    "uniqueness": 0.043478260869565216
                }
            },
            "firstPartyCookiesSent": {},
            "exampleSites": [
                "www.collegeofthedesert.edu",
                "www.bluecompassrv.com",
                "www.etsu.edu",
                "bluecompassrv.com",
                "www.morainevalley.edu",
                "www.togethercu.org",
                "www.alaskarailroad.com",
                "www.clopaydoor.com",
                "www.greencars.com",
                "gosunward.org",
                "www.visitpensacola.com",
                "www.renewalbyandersen.com",
                "www.coronacigar.com",
                "www.carsoup.com",
                "byrna.com",
                "www.trailersplus.com",
                "www.ram.com",
                "www.rydeshopper.com",
                "www.aisd.net",
                "www.airliftcompany.com"
            ]
        }
    ],
    "categories": [],
    "performance": {},
    "cookies": 0.000233,
    "topInitiators": [
        {
            "domain": "ftlaunchpad.ai",
            "prevalence": 0.85
        },
        {
            "domain": "googletagmanager.com",
            "prevalence": 0.125
        },
        {
            "domain": "first party",
            "prevalence": 0.025
        }
    ],
    "types": {
        "Script": 28
    },
    "nameservers": [
        "ns-204.awsdns-25.com",
        "ns-1277.awsdns-31.org",
        "ns-818.awsdns-38.net",
        "ns-1744.awsdns-26.co.uk"
    ]
}