{
    "domain": "a47b.com",
    "owner": {},
    "source": [
        "DuckDuckGo-US"
    ],
    "prevalence": 0.00065,
    "sites": 95,
    "subdomains": [
        "aam",
        "a"
    ],
    "cnames": [],
    "fingerprinting": 2,
    "resources": [
        {
            "rule": "a47b\\.com\\/aam",
            "cookies": 0,
            "fingerprinting": 2,
            "subdomains": [
                "aam"
            ],
            "apis": {
                "Date.prototype.getTimezoneOffset": 25,
                "window.innerWidth": 25,
                "window.innerHeight": 25,
                "Navigator.prototype.userAgent": 25,
                "Screen.prototype.availHeight": 25,
                "Screen.prototype.availWidth": 25
            },
            "sites": 67,
            "prevalence": 0.000458,
            "cnames": [],
            "responseHashes": [
                "e3b0c44298fc1c149afbf4c8996fb92427ae41e4649b934ca495991b7852b855",
                "6cf633d89d2d4e4ec91c2455cce27b99055bd9120a319f2c413ac7f28559760f",
                "032c0760ab6f5164229713a4704207af4b6f12c9a9e9fb1f08fd0ee2dcb8afe7",
                "b16c2b309f65977b6d343b27c836ed0654bda11a5a82deb53062bb83e43ed7a6",
                "8473f1215f4633183642b11b6879305435d112ff95a7d8425dddaf31b62ab2fc",
                "2540473ce399227aad8f3a0b02928a525ed2e0e521299471d968130d88277228",
                "1aed4b2442680c807b94ddb4539267d1006360e4d239efb28055b66b1e88c05e",
                "010f3206b55ab84bcc69a84adbabc450d826395434352a285b23f97f2ccce567",
                "5fe4b397b5219a2d18a6a2bef5ff37c55491413730af2263fc7d863ef7c827f0",
                "2c70981d59eec8e2f73e56f0794564d6c4ff6ae2c3daa9a06a3b0d9b4bae21a8",
                "b761cfd07ad89b5aa8e8b0936d7f164f35999403265da3e2f507f88ef16b3ab9",
                "7f365b131e998ec1bcc3f664f95d7fd52a0825c1daac573ed31bd0c61bb7244e",
                "facfb9469c87a5a09bac1516ed181a35b64b83e13d2ad57f9adf1153654a744c",
                "b89df051c78ee5f16449474a2130260e0b723743d85339dbc1a34bec720cc2b4",
                "041f78bc0fe6e4828a2b9eb32fe8268779a6884acbb59e7f61c812e85c14390d",
                "2b85fef395ebafd700cd0786eb570a80ea28d48d36cba96e2775b3dfd173efc3",
                "277ce45acc618e0f02db2f578e43c495204109425311e3150f0495e61333b9e3",
                "efb90ab9d8159d362595c6e151dab87e5d633d9854128e2750c2a2a3a9a8b252",
                "34afafd28c45a9e56052e9d3c8b551f1fb06f749dd8bab399b3f2e699a900902",
                "cb4ce5a8c4e0611a4ad412bd9f5914d2ffa6ffc27d2e8f9b87ed679b7148ca0a",
                "fb0430d7a1c82f5a23770bdc0179de585c7a059e4abbad6797ee0cd75b38bcb8",
                "edb9e078c17d0a554758ceb4732d6a8aea6008319f7a25a3edd9bb5f88fcecd8",
                "092492590d64d0873bef07fba74e16ea6ecad06c0cbc73b7d22549073455c0e4",
                "f378438c16dbbdaeea47f3560fc6a238b887022ce024650909233f7262264538",
                "df705dc33c76ed3a9f881edc1d317e00e4a6c4dedd846ca070d8709c2804c9cd",
                "673b97c01531fe4ddadabdd13ac8c68727446a49444db9344fbece9a7d35c51d"
            ],
            "type": "Script",
            "firstPartyCookies": {},
            "firstPartyCookiesSent": {
                "lotame_domain_check": 0.00023258995758653714
            },
            "exampleSites": [
                "arstechnica.com",
                "cosmopolitan.com",
                "goodhousekeeping.com",
                "menshealth.com",
                "popularmechanics.com",
                "www.cosmopolitan.com",
                "elle.com",
                "www.theatlantic.com",
                "www.cntraveller.in",
                "pitchfork.com",
                "runnersworld.com",
                "football.fantasysports.yahoo.com",
                "www.prevention.com",
                "www.allure.com",
                "www.elle.com",
                "www.townandcountrymag.com",
                "www.cntraveler.com",
                "www.charlieintel.com",
                "www.bicycling.com",
                "www.epicurious.com"
            ]
        },
        {
            "rule": "a47b\\.com\\/track\\/mntrjsAssessed",
            "cookies": 0,
            "fingerprinting": 0,
            "subdomains": [
                "a"
            ],
            "apis": {},
            "sites": 35,
            "prevalence": 0.000239,
            "cnames": [],
            "responseHashes": [
                "e3b0c44298fc1c149afbf4c8996fb92427ae41e4649b934ca495991b7852b855"
            ],
            "type": "Image",
            "firstPartyCookies": {},
            "firstPartyCookiesSent": {},
            "exampleSites": [
                "arstechnica.com",
                "cosmopolitan.com",
                "menshealth.com",
                "www.goodhousekeeping.com",
                "elle.com",
                "es.wired.com",
                "www.tractor.com",
                "www.gq.com",
                "www.gqindia.com",
                "www.elle.com",
                "womenshealthmag.com",
                "www.etf.com",
                "www.lacucinaitaliana.com",
                "www.countryliving.com",
                "www.cntraveller.in",
                "www.vogue.co.jp",
                "www.teenvogue.com",
                "countryliving.com",
                "www.vogue.in",
                "pitchfork.com"
            ]
        },
        {
            "rule": "a47b\\.com\\/track\\/aamHrtBt",
            "cookies": 0,
            "fingerprinting": 0,
            "subdomains": [
                "a"
            ],
            "apis": {},
            "sites": 16,
            "prevalence": 0.000109,
            "cnames": [],
            "responseHashes": [
                "e3b0c44298fc1c149afbf4c8996fb92427ae41e4649b934ca495991b7852b855"
            ],
            "type": "Image",
            "firstPartyCookies": {},
            "firstPartyCookiesSent": {},
            "exampleSites": [
                "arstechnica.com",
                "elle.com",
                "es.wired.com",
                "menshealth.com",
                "thepioneerwoman.com",
                "wired.jp",
                "www.countryliving.com",
                "www.esquire.com",
                "www.goodhousekeeping.com",
                "www.gq.com.mx",
                "www.gqindia.com",
                "www.lacucinaitaliana.com",
                "www.popularmechanics.com",
                "www.veranda.com",
                "www.vogue.co.jp",
                "www.vogue.in"
            ]
        },
        {
            "rule": "a47b\\.com\\/track\\/aamjsResponded",
            "cookies": 0,
            "fingerprinting": 0,
            "subdomains": [
                "a"
            ],
            "apis": {},
            "sites": 15,
            "prevalence": 0.000103,
            "cnames": [],
            "responseHashes": [
                "e3b0c44298fc1c149afbf4c8996fb92427ae41e4649b934ca495991b7852b855"
            ],
            "type": "Image",
            "firstPartyCookies": {},
            "firstPartyCookiesSent": {},
            "exampleSites": [
                "cosmopolitan.com",
                "countryliving.com",
                "elle.com",
                "menshealth.com",
                "thepioneerwoman.com",
                "womenshealthmag.com",
                "www.countryliving.com",
                "www.elle.com",
                "www.esquire.com",
                "www.goodhousekeeping.com",
                "www.harpersbazaar.com",
                "www.popularmechanics.com",
                "www.prevention.com",
                "www.thepioneerwoman.com",
                "www.veranda.com"
            ]
        },
        {
            "rule": "a47b\\.com\\/track\\/aamjsLoaded",
            "cookies": 0,
            "fingerprinting": 0,
            "subdomains": [
                "a"
            ],
            "apis": {},
            "sites": 15,
            "prevalence": 0.000103,
            "cnames": [],