{
    "domain": "aaasouth.com",
    "owner": {},
    "source": [
        "DuckDuckGo-US"
    ],
    "prevalence": 0.0000616,
    "sites": 9,
    "subdomains": [
        "smetrics"
    ],
    "cnames": [],
    "fingerprinting": 0,
    "resources": [
        {
            "rule": "aaasouth\\.com\\/id",
            "cookies": 0.0000479,
            "fingerprinting": 0,
            "subdomains": [
                "smetrics"
            ],
            "apis": {},
            "sites": 7,
            "prevalence": 0.0000479,
            "cnames": [],
            "responseHashes": [
                "fd250606e42b9e9581175d598f2fd50f2a4ee6aeb315893d85b9e365539a1630",
                "e4682b2e3d9337888a14a30ebce9d1976ad33da31ac7c940b6f3534b15ce23e2",
                "21cdbd9913ae836b493291d40860bbeda6801c31169045ab2153f59bb6ceb656",
                "d992cf7c3e03a5af70f7ba6e330acd8577d92c50f1cc641e081cd6d8a8da7850",
                "19e9af084ad0e39e8c0c912321204cad3248a6d86386fc7d5b5f964df948eebb",
                "b4ae405208b98a6f094ea3333b6f5c2be439c0e7fb48cb908c046e4c9553f861"
            ],
            "type": "XHR",
            "firstPartyCookies": {},
            "firstPartyCookiesSent": {},
            "exampleSites": [
                "aaa.com",
                "locator.acg.aaa.com",
                "member.acg.aaa.com",
                "michigan.aaa.com",
                "www.acg.aaa.com",
                "www.colorado.aaa.com",
                "www.meemic.com"
            ]
        }
    ],
    "categories": [],
    "performance": {},
    "cookies": 0.0000616,
    "topInitiators": [
        {
            "domain": "adobedtm.com",
            "prevalence": 0.4444444444444444
        },
        {
            "domain": "first party",
            "prevalence": 0.3333333333333333
        },
        {
            "domain": "tiqcdn.com",
            "prevalence": 0.2222222222222222
        }
    ],
    "types": {
        "XHR": 7
    },
    "nameservers": [
        "ns1.aaa-autoclubgroup.com",
        "ns2.aaa-autoclubgroup.com",
        "ns3.aaa-autoclubgroup.com"
    ]
}