{
    "domain": "aalnk.com",
    "owner": {},
    "source": [
        "DuckDuckGo-US"
    ],
    "prevalence": 0.0000342,
    "sites": 5,
    "subdomains": [],
    "cnames": [],
    "fingerprinting": 1,
    "resources": [
        {
            "rule": "aalnk\\.com\\/SyncCookie\\.ashx",
            "cookies": 0.0000205,
            "fingerprinting": 1,
            "subdomains": [],
            "apis": {
                "Document.cookie setter": 3
            },
            "sites": 3,
            "prevalence": 0.0000205,
            "cnames": [],
            "responseHashes": [
                "d71718b1c223bffca0a0eeb4d9320c205fa8a63ff29d57e491b0840120450813",
                "8eb9e8244d9859c73aeb960054a3c45121b8629cfdc45579f7079104ed4e03c3"
            ],
            "type": "Script",
            "firstPartyCookies": {
                "mf_uuid": {
                    "ttl": 31536021,
                    "length": 36,
                    "prevalence": 0.00002052264331645916,
                    "uniqueness": 1
                }
            },
            "firstPartyCookiesSent": {},
            "exampleSites": [
                "belllexusnorthscottsdale.com",
                "www.jclewisford.com",
                "www.parkplace.com"
            ]
        },
        {
            "rule": "aalnk\\.com\\/SignalConfig\\.ashx",
            "cookies": 0.0000205,
            "fingerprinting": 1,
            "subdomains": [],
            "apis": {
                "Document.cookie setter": 3
            },
            "sites": 3,
            "prevalence": 0.0000205,
            "cnames": [],
            "responseHashes": [
                "7034d8527e5a18833f34ac0332796b02772b53435444d8d7852af53f90deddc5"
            ],
            "type": "Script",
            "firstPartyCookies": {
                "aavdpnew": {
                    "ttl": 3621,
                    "length": 1,
                    "prevalence": 0.00002052264331645916,
                    "uniqueness": 0.3333333333333333
                },
                "aavdpused": {
                    "ttl": 3621,
                    "length": 1,
                    "prevalence": 0.00002052264331645916,
                    "uniqueness": 0.3333333333333333
                },
                "aass": {
                    "ttl": 3621,
                    "length": 14,
                    "prevalence": 0.00002052264331645916,
                    "uniqueness": 0.3333333333333333
                },
                "aavs": {
                    "ttl": 3621,
                    "length": 14,
                    "prevalence": 0.00002052264331645916,
                    "uniqueness": 0.3333333333333333
                },
                "aasrpnew": {
                    "ttl": 3621,
                    "length": 1,
                    "prevalence": 0.00002052264331645916,
                    "uniqueness": 0.3333333333333333
                },
                "aasrpused": {
                    "ttl": 3621,
                    "length": 1,
                    "prevalence": 0.00002052264331645916,
                    "uniqueness": 0.3333333333333333
                },
                "aasrpss": {
                    "ttl": 3621,
                    "length": 14,
                    "prevalence": 0.00002052264331645916,
                    "uniqueness": 0.3333333333333333
                },
                "aasrpvs": {
                    "ttl": 3621,
                    "length": 14,
                    "prevalence": 0.00002052264331645916,
                    "uniqueness": 0.3333333333333333
                }
            },
            "firstPartyCookiesSent": {},
            "exampleSites": [
                "belllexusnorthscottsdale.com",
                "www.jclewisford.com",
                "www.parkplace.com"
            ]
        },
        {
            "rule": "aalnk\\.com\\/HandleSignal\\.ashx",
            "cookies": 0.0000205,
            "fingerprinting": 0,
            "subdomains": [],
            "apis": {},
            "sites": 3,
            "prevalence": 0.0000205,
            "cnames": [],
            "responseHashes": [
                "1e5e386fc13c50db7ebbb3b3593f7aabbcd02cf6bf1be2516311af8ef8c60ff9"
            ],
            "type": "Image",
            "firstPartyCookies": {},
            "firstPartyCookiesSent": {
                "mf_uuid": 0.00002052264331645916,
                "smc": 0.00002052264331645916,
                "mmc": 0.00002052264331645916,
                "cookies.js": 0.000006840881105486387
            },
            "exampleSites": [
                "belllexusnorthscottsdale.com",
                "www.jclewisford.com",
                "www.parkplace.com"
            ]
        },
        {
            "rule": "aalnk\\.com\\/pfzurl\\.ashx",
            "cookies": 0.0000205,
            "fingerprinting": 0,
            "subdomains": [],
            "apis": {},
            "sites": 3,
            "prevalence": 0.0000205,
            "cnames": [],
            "responseHashes": [],
            "type": "Image",
            "firstPartyCookies": {},
            "firstPartyCookiesSent": {
                "mf_uuid": 0.00002052264331645916,
                "mmc": 0.00002052264331645916
            },
            "exampleSites": [
                "belllexusnorthscottsdale.com",
                "www.jclewisford.com",
                "www.parkplace.com"
            ]
        },
        {
            "rule": "aalnk\\.com\\/signals\\.js",
            "cookies": 0.00000684,
            "fingerprinting": 1,
            "subdomains": [],
            "apis": {
                "Navigator.prototype.appName": 1,
                "Document.cookie getter": 1,
                "Date.prototype.getTime": 1,
                "Navigator.prototype.userAgent": 1,
                "Document.cookie setter": 1
            },
            "sites": 3,
            "prevalence": 0.0000205,
            "cnames": [],
            "responseHashes": [
                "e79a243d3e1e2dfb9c40b38b12c2a808f9b4ce258567a6846de30ba6fc7397e9"
            ],
            "type": "Script",
            "firstPartyCookies": {
                "smc": {
                    "ttl": null,
                    "length": 19,
                    "prevalence": 0.000006840881105486387,
                    "uniqueness": 1
                },
                "mmc": {
                    "ttl": 31536014,
                    "length": 36,
                    "prevalence": 0.000006840881105486387,
                    "uniqueness": 1
                }
            },
            "firstPartyCookiesSent": {},
            "exampleSites": [
                "jclewisford.com",
                "www.mountainstatestoyota.com",
                "www.parkplacelexusplano.com"
            ]
        }
    ],
    "categories": [],
    "performance": {},
    "cookies": 0.0000205,
    "topInitiators": [
        {
            "domain": "fzlnk.com",
            "prevalence": 0.5454545454545454
        },
        {
            "domain": "first party",
            "prevalence": 0.45454545454545453
        }
    ],
    "types": {
        "Script": 9,
        "Image": 6
    },
    "nameservers": [
        "ns-562.awsdns-06.net",
        "ns-392.awsdns-49.com",
        "ns-1054.awsdns-03.org",
        "ns-1963.awsdns-53.co.uk"
    ]
}