{
    "domain": "abstractapi.com",
    "owner": {},
    "source": [
        "DuckDuckGo-US"
    ],
    "prevalence": 0.0000889,
    "sites": 13,
    "subdomains": [
        "ipgeolocation"
    ],
    "cnames": [],
    "fingerprinting": 0,
    "resources": [
        {
            "rule": "abstractapi\\.com\\/v1\\/",
            "cookies": 0,
            "fingerprinting": 0,
            "subdomains": [
                "ipgeolocation"
            ],
            "apis": {},
            "sites": 5,
            "prevalence": 0.0000342,
            "cnames": [],
            "responseHashes": [
                "03472ef6f06807e4d8af9d8f9a36b39202de895f01e03a6c909f6855454ea755",
                "57497f3492f358e0801520edb282ce84ef9f75565404b434b7c97e8c2a95f86e",
                "136ca4c5cc9e61e09dc6f41b7783d4520ab73894acf77d61c340e6bee5329d19",
                "54069b389595b5419ea021d1189ff3ce63f0b28c839f42cbd22b83c783382a2a"
            ],
            "type": "Fetch",
            "firstPartyCookies": {},
            "firstPartyCookiesSent": {},
            "exampleSites": [
                "grizzly.com",
                "rachio.com",
                "www.grizzly.com",
                "www.lg.com",
                "www.watsons.com"
            ]
        },
        {
            "rule": "abstractapi\\.com\\/v1\\/",
            "cookies": 0,
            "fingerprinting": 0,
            "subdomains": [
                "ipgeolocation"
            ],
            "apis": {},
            "sites": 4,
            "prevalence": 0.0000274,
            "cnames": [],
            "responseHashes": [
                "8d6d415ebf2dd75fdcb91c6b403f25227e69130c415f19164e4547889f859371",
                "5387f242a70870675006a225d0ff0b45859bbe7161b90ca7dde28b5471f3d02e",
                "e948c3eb5e14aef4f61ea2b1127289868995e06bb3436aa195d4840279408cc1"
            ],
            "type": "XHR",
            "firstPartyCookies": {},
            "firstPartyCookiesSent": {},
            "exampleSites": [
                "roame.travel",
                "store.necaonline.com",
                "www.filmelier.com",
                "www.myregistry.com"
            ]
        }
    ],
    "categories": [],
    "performance": {},
    "cookies": 0,
    "topInitiators": [
        {
            "domain": "first party",
            "prevalence": 0.7692307692307693
        },
        {
            "domain": "sentry-cdn.com",
            "prevalence": 0.23076923076923078
        }
    ],
    "types": {
        "Fetch": 5,
        "XHR": 4
    },
    "nameservers": [
        "ns-1541.awsdns-00.co.uk",
        "ns-702.awsdns-23.net",
        "ns-212.awsdns-26.com",
        "ns-1182.awsdns-19.org"
    ]
}