{
    "domain": "ac28816960.com",
    "owner": {},
    "source": [
        "DuckDuckGo-US"
    ],
    "prevalence": 0.000322,
    "sites": 47,
    "subdomains": [
        "7885c8b33a"
    ],
    "cnames": [],
    "fingerprinting": 0,
    "resources": [
        {
            "rule": "ac28816960\\.com\\/in\\/multy",
            "cookies": 0,
            "fingerprinting": 0,
            "subdomains": [
                "7885c8b33a"
            ],
            "apis": {},
            "sites": 47,
            "prevalence": 0.000322,
            "cnames": [],
            "responseHashes": [
                "efdde66db350c24ec445b65ec12e359bf8caee78075abb503d99d28f8e3fe0d7",
                "11d94521413efef6546e42fe7bbe3ed85010739c26668c79834d43860a4e1b38",
                "44cb18be8f39b619493670afc4f315fb6f7c9e9b421ebd37a280130fe0987ac0",
                "70b7c493d0df7284482bf8bbb6838f2c2eadeeec4605505f3506b5eb79e72a87",
                "feace13d258a4d7afa880f630162e7c693cd1fd25cb54b9d32c05119abec1da5",
                "b1d7e0d8be855c01d61bf0a394d809340a51030eea93c935800fc7bb8c2f2b6c",
                "4f22a656202dfb451ff6b770ef0f3563b6dc607f985d6cc0b2a9751e0111cbb4",
                "ec65723086639d4a4087ca2291e9e209b587950588db20351e329cf0df70226a",
                "91ad71886911964afc553a0708440c74013593426fc6cac00a7137cb55af4077",
                "d817a90a914b0890beeb19a30c34d8d24ac25df37f630a4b4db7c0da30301bd9",
                "076a0328161160d20ff7014fb496578ee58a6babf6c11e6b50ec855d190ba1be",
                "67c8a4b09aeb36c76a47fcf5f097d56894b2367fb16bff3e92e4850cad949a13",
                "37f30251063d24cfc8e8beb660685b66a69507a7cb2284a35eeb0b4ffabc7579",
                "72e53e407ba3078b675f7197287626a6e87ea14eb18a0956359d1abac0b6b064",
                "5ecbc1a0494197cb39441a2705846bbcc37e408d21c9e3f3f01f700247970f66",
                "cd17da4aa9fd19ffec6d613c8107d5379eef240e6a7b339fb95846437c1e36cb",
                "60ef98369eaa40b91e76c5fd2975fd83436ac5d3e5cffd061c4af0cc513ccfcf",
                "e3b0c44298fc1c149afbf4c8996fb92427ae41e4649b934ca495991b7852b855",
                "ef85f23549998efc3cb10d24fc087c025ccd56e9d53333565ece8d9e699ccbc5",
                "1762c5c152eb345dac502e17caddab1a29fde9677837c328a4ac93b9ec76b74a",
                "5b58517a92c254a9ee7840f0379baa36a6dd435da0e89ed9fdd39f6cc5b509c1",
                "9c3506854603b3608d0266afb29567476a710e909d96bfcf6f55848f92967ac8",
                "aaa04ae49ddac44efe0d1a5c56d34512b8d520fdfb4cdbf910d07b94108f5aa0",
                "3374599e7467bbf18fe1a7d956aeeb9d914a36a52b425eb55c4281d5dcfe9bad",
                "39696d335af835b764d7e1e7eba49321034abe1fa8aab367299c137c76834085",
                "e366f430dc33a8aa1fef8dc64a08330122e07ad954a07e0d18bd6a67446deeb9",
                "1ef701f3308417156b6f622e07fd324df47c6e7c0a060bb7585e957a0f0703f2",
                "c58c49f873183f31f7df714cb19aba0d6bd96c8a0e083cb320f997de4ecb72f5",
                "8fb15056671c2e2bf6da02a31e89fa2e4c8bbbc91df2271f78c60c8e0745ba8b",
                "1a347e8f96ce8f80a79f944318be9547f8077d42f21ae67e4657f8c236d76744",
                "b26842143d73888a9e0a8facce1cd3c72908a9e7d64b9ee79d75ea6c3a605298",
                "95a4541e297f67aa5a9571d213ade6e614883e88d6520a1533ff411585792c59",
                "6595b7f7eb60bdaa7bc8f65ac07cb62eb668340d62c63394f2aef37f4c7d5a73",
                "efa1c0535b2f65866a9824ca7b9752875879de3ba4059c5db8d7b5c910067b65",
                "a2115a7eaa82f1b6727747c9c7a83c05d7344730798f3ad4fb3bb5c62245e031",
                "d71adab4bc0cef0c7aa05a63aaf829c98497c306175b78c8b48ebbd8035aaec0",
                "70ff5aec0ac793fd563a41a375481613dbdbaa8aabbbe89edb964ed135bc6685",
                "0c44e58b5fbf857c46487a0929b81d963e3676a847e658f918799399a3c6bd63",
                "d655998dd51031585991286b43482cdf4cc53e657aff92a8b7ff6bd9569c73fe",
                "74d7300bb149098026a7a246a7f3713cc00827dbd3078b2116cfa6547352f16f",
                "e01966b92d60bd647c3125aab95072a89aa7be5d99249b7828b20ce0655678d0",
                "a1e5c3f4e002f209ce4c44802530947674775380b4ca2e109703e1abd4b5c04a",
                "74234e98afe7498fb5daf1f36ac2d78acc339464f950703b8c019892f982b90b",
                "a4b14834498ee45e6c557c336fc10bb24c41fcd2aecab12312bdb81c6d1201ce"
            ],
            "type": "XHR",
            "firstPartyCookies": {},
            "firstPartyCookiesSent": {},
            "exampleSites": [
                "ruleporn.com",
                "www.japteenx.com",
                "whatreallyhappened.com",
                "trahkino.cc",
                "femdomup.net",
                "ddeva.info",
                "highporn.net",
                "tubesafari.net",
                "xphoto.name",
                "watchpornx.com",
                "femdom-joi.com",
                "pornotaran.com",
                "www.gig.sex",
                "pornovideoshub.com",
                "allsex.xxx",
                "speedporn.net",
                "desisex.xxx",
                "novamanga.com",
                "cliphunter.global",
                "epornerpics.com"
            ]
        },
        {
            "rule": "ac28816960\\.com\\/in\\/multy",
            "cookies": 0,
            "fingerprinting": 0,
            "subdomains": [
                "7885c8b33a"
            ],
            "apis": {},
            "sites": 47,
            "prevalence": 0.000322,
            "cnames": [],
            "responseHashes": [],
            "type": "Preflight",
            "firstPartyCookies": {},
            "firstPartyCookiesSent": {},
            "exampleSites": [
                "feet-zone.com",
                "incest.pro",
                "allsex.xxx",
                "femdomup.net",
                "bdsmup.net",
                "cliphunter.global",
                "desisex.xxx",
                "nudes18.fun",
                "18comix.org",
                "www.japteenx.com",
                "fullfamilyincest.com",
                "gaysdream.com",
                "www.xasiat.com",
                "xphoto.name",
                "femdom-joi.com",
                "ddeva.info",
                "thematureincest.com",
                "www.gig.sex",
                "tubesafari.net",
                "xtapes.me"
            ]
        },
        {
            "rule": "ac28816960\\.com\\/in\\/show\\/",
            "cookies": 0,
            "fingerprinting": 0,
            "subdomains": [
                "7885c8b33a"
            ],
            "apis": {},
            "sites": 43,
            "prevalence": 0.000294,
            "cnames": [],
            "responseHashes": [
                "e3b0c44298fc1c149afbf4c8996fb92427ae41e4649b934ca495991b7852b855"
            ],
            "type": "Image",
            "firstPartyCookies": {},
            "firstPartyCookiesSent": {
                "lotame_domain_check": 0.000047886167738404704,
                "_ym_d": 0.000006840881105486387
            },
            "exampleSites": [
                "pornotaran.com",
                "tubesafari.net",
                "speedporn.net",
                "www.ebooxa.com",
                "pornovideoshub.com",
                "watchpornx.com",
                "animeporn.best",
                "novamanga.com",
                "ruleporn.com",
                "highporn.net",
                "incest.pro",
                "nudes18.fun",
                "thematureincest.com",
                "javhub.net",
                "epornerpics.com",
                "femdom-joi.com",
                "trahkino.cc",
                "fullfamilyincest.com",
                "sextwat.com",
                "bdsmup.net"
            ]
        }
    ],
    "categories": [],
    "performance": {},
    "cookies": 0,
    "topInitiators": [
        {
            "domain": "19b7f4f4d8.com",
            "prevalence": 0.487012987012987
        },
        {
            "domain": "wpushsdk.com",