{
    "domain": "accessiblyapp.com",
    "owner": {},
    "source": [
        "DuckDuckGo-US"
    ],
    "prevalence": 0.000116,
    "sites": 17,
    "subdomains": [
        "alt-tags",
        "shopify",
        "dash"
    ],
    "cnames": [],
    "fingerprinting": 0,
    "resources": [
        {
            "rule": "accessiblyapp\\.com\\/v1\\/alt-tags",
            "cookies": 0.0000821,
            "fingerprinting": 0,
            "subdomains": [
                "alt-tags"
            ],
            "apis": {},
            "sites": 12,
            "prevalence": 0.0000821,
            "cnames": [],
            "responseHashes": [
                "608cf8496118e5115d7a0b2d94c780cc33ec1c35b11ac428bc1e008b6960f425",
                "3f7ebf8115999ba8cae4cb2f5e4acd48bed807b538f28c7444ad7653b6a2a587",
                "320aedda22e6d46a0a925a5a64c84545a810f80700f5e82e9559a7b324208b1f",
                "577868eabb52660a9412c1475bcc9e41dd570083d376c04623c7532517a5bbff",
                "a2ddba031f1d5d3cedfd8891297a85bd20413b91591c38171bc6ae2aeafcd0b7",
                "eb39e7f9b84ab8fd3de69b241fef1e3d19d61c32254ef3696c4cae2eede134af",
                "d759e27d1892536c93fce82133897aa562e4d4b49e80a0037d32be3f2351ab8c",
                "89f23b5d95970e2ec5d9df608228a661dde9b516fdc1b3794505c97c822236e4",
                "52a8da5b08076b7add032b61d0edea228e66fef36599ffa367f4d12781949bfc"
            ],
            "type": "Fetch",
            "firstPartyCookies": {},
            "firstPartyCookiesSent": {},
            "exampleSites": [
                "bobswatches.com",
                "shop.hillmangroup.com",
                "stonemountainfabric.com",
                "weaversofireland.com",
                "www.banyanbotanicals.com",
                "www.bobswatches.com",
                "www.buybackworld.com",
                "www.drharveys.com",
                "www.graceland.com",
                "www.hvlgroup.com",
                "www.umaryland.edu",
                "www.veriheal.com"
            ]
        },
        {
            "rule": "accessiblyapp\\.com\\/v1\\/alt-tags",
            "cookies": 0.0000821,
            "fingerprinting": 0,
            "subdomains": [
                "alt-tags"
            ],
            "apis": {},
            "sites": 12,
            "prevalence": 0.0000821,
            "cnames": [],
            "responseHashes": [],
            "type": "Preflight",
            "firstPartyCookies": {},
            "firstPartyCookiesSent": {},
            "exampleSites": [
                "bobswatches.com",
                "shop.hillmangroup.com",
                "stonemountainfabric.com",
                "weaversofireland.com",
                "www.banyanbotanicals.com",
                "www.bobswatches.com",
                "www.buybackworld.com",
                "www.drharveys.com",
                "www.graceland.com",
                "www.hvlgroup.com",
                "www.umaryland.edu",
                "www.veriheal.com"
            ]
        },
        {
            "rule": "accessiblyapp\\.com\\/public\\/widget\\/run\\.js",
            "cookies": 0.0000137,
            "fingerprinting": 0,
            "subdomains": [
                "shopify"
            ],
            "apis": {},
            "sites": 2,
            "prevalence": 0.0000137,
            "cnames": [],
            "responseHashes": [
                "c0d913b55e2ae403adef01fed255f626a04372389c9d56384ea91486e87e2967"
            ],
            "type": "Script",
            "firstPartyCookies": {},
            "firstPartyCookiesSent": {},
            "exampleSites": [
                "tokyocentral.com",
                "www.varley.com"
            ]
        },
        {
            "rule": "accessiblyapp\\.com\\/api\\/extension\\/widget\\/settings",
            "cookies": 0.0000137,
            "fingerprinting": 0,
            "subdomains": [
                "shopify"
            ],
            "apis": {},
            "sites": 2,
            "prevalence": 0.0000137,
            "cnames": [],
            "responseHashes": [
                "9dc097c7812ab5667e657c5980b2c6e52bfad5c7dba5cb344752f1f4bb303f07"
            ],
            "type": "Fetch",
            "firstPartyCookies": {},
            "firstPartyCookiesSent": {},
            "exampleSites": [
                "tokyocentral.com",
                "www.varley.com"
            ]
        },
        {
            "rule": "accessiblyapp\\.com\\/api\\/extension\\/widget\\/settings",
            "cookies": 0.0000137,
            "fingerprinting": 0,
            "subdomains": [
                "shopify"
            ],
            "apis": {},
            "sites": 2,
            "prevalence": 0.0000137,
            "cnames": [],
            "responseHashes": [],
            "type": "Preflight",
            "firstPartyCookies": {},
            "firstPartyCookiesSent": {},
            "exampleSites": [
                "tokyocentral.com",
                "www.varley.com"
            ]
        },
        {
            "rule": "accessiblyapp\\.com\\/widget\\/74680093-c08b-43bb-b980-fddf245bb7ef\\/autoload\\.js",
            "cookies": 0,
            "fingerprinting": 0,
            "subdomains": [
                "dash"
            ],
            "apis": {},
            "sites": 2,
            "prevalence": 0.0000137,
            "cnames": [],
            "responseHashes": [
                "6d5aa6eede9f7ad2f09798506cc5fcc087faf19e7306554d23d96bdeb7320fcd"
            ],
            "type": "Script",
            "firstPartyCookies": {},
            "firstPartyCookiesSent": {},
            "exampleSites": [
                "banyanbotanicals.com",
                "www.banyanbotanicals.com"
            ]
        },
        {
            "rule": "accessiblyapp\\.com\\/widget\\/39416ade-d3a0-454c-b38c-84cd491f95e9\\/autoload\\.js",
            "cookies": 0,
            "fingerprinting": 0,
            "subdomains": [
                "dash"
            ],
            "apis": {},
            "sites": 2,
            "prevalence": 0.0000137,
            "cnames": [],
            "responseHashes": [
                "7cebf3dbdb6eee2d7644cadfe1a50c9f468e072952c7e3cec3e739ea7b7811a1"
            ],
            "type": "Script",
            "firstPartyCookies": {},
            "firstPartyCookiesSent": {},
            "exampleSites": [
                "graceland.com",
                "www.graceland.com"
            ]
        }
    ],
    "categories": [],
    "performance": {},
    "cookies": 0.000109,
    "topInitiators": [
        {
            "domain": "first party",
            "prevalence": 0.48
        },
        {
            "domain": "accessibly.app",
            "prevalence": 0.44
        },
        {
            "domain": "bigcommerce.com",
            "prevalence": 0.04
        },
        {
            "domain": "shopify.com",
            "prevalence": 0.04
        }
    ],
    "types": {
        "Fetch": 14,
        "Preflight": 14,
        "Script": 6
    },
    "nameservers": [
        "dale.ns.cloudflare.com",
        "dora.ns.cloudflare.com"
    ]
}