{
    "domain": "adalyser.com",
    "owner": {
        "name": "OneSoon Ltd",
        "displayName": "OneSoon"
    },
    "source": [
        "DuckDuckGo-US"
    ],
    "prevalence": 0.000383,
    "sites": 56,
    "subdomains": [
        "c0",
        "c5"
    ],
    "cnames": [],
    "fingerprinting": 1,
    "resources": [
        {
            "rule": "adalyser\\.com\\/adalyser\\.js",
            "cookies": 0.000294,
            "fingerprinting": 1,
            "subdomains": [
                "c0",
                "c5"
            ],
            "apis": {
                "Navigator.prototype.userAgent": 46,
                "Navigator.prototype.language": 46,
                "Date.prototype.getTime": 46,
                "window.localStorage": 46,
                "Document.cookie setter": 43,
                "Document.cookie getter": 43
            },
            "sites": 46,
            "prevalence": 0.000315,
            "cnames": [],
            "responseHashes": [
                "9452344c4e704a15a8a4105312f8a242f0b5ad9a0dc0aa07558291bd4e591401",
                "6fc867d17e6ace86a262b1b74921dfe137905b90c190f638a35b0d33b48fd49c",
                "e0b16252fbbcb1125fb5ea77e59fa7f03f3103d0ac40c3b352fcf0861cfd30ae",
                "c1b356f3f76ac3ce3f19997f63fa181cb9d05cd531eb1ee612ce69a2a57fa56f",
                "0ec1ab29888e26a234e93254637cb07976e311c730efee4ee7a47641b8eb541a",
                "4a9b6603ef41adb1bea50a3b32b75d3cb2b3b836e78bcbdbcb2b71ac41b882a9"
            ],
            "type": "Script",
            "firstPartyCookies": {
                "__adal_ses": {
                    "ttl": 1806,
                    "length": 1,
                    "prevalence": 0.00029415788753591463,
                    "uniqueness": 0.046511627906976744
                },
                "__adal_id": {
                    "ttl": 63072006,
                    "length": 108,
                    "prevalence": 0.00029415788753591463,
                    "uniqueness": 1
                },
                "__adal_ca": {
                    "ttl": 15552006,
                    "length": 99,
                    "prevalence": 0.00029415788753591463,
                    "uniqueness": 0.046511627906976744
                },
                "__adal_cw": {
                    "ttl": 604805,
                    "length": 13,
                    "prevalence": 0.00029415788753591463,
                    "uniqueness": 1
                },
                "__adal_lp": {
                    "ttl": 2592005,
                    "length": 27,
                    "prevalence": 0.000013681762210972774,
                    "uniqueness": 1
                }
            },
            "firstPartyCookiesSent": {},
            "exampleSites": [
                "www.rangerover.com",
                "www.charlestyrwhitt.com",
                "asana.com",
                "www.cashconverters.co.uk",
                "www.grapetree.co.uk",
                "www.theiconic.com.au",
                "www.adfcareers.gov.au",
                "www.machinemart.co.uk",
                "dasher.doordash.com",
                "www.ufurnish.com",
                "silkandsnow.com",
                "www.bluecross.org.uk",
                "www.wrenkitchens.com",
                "www.humaneworld.org",
                "www.landrover.co.uk",
                "www.pavers.co.uk",
                "www.ambassadorcruiseline.com",
                "www.bose.co.uk",
                "musthaveideas.co.uk",
                "de.babbel.com"
            ]
        },
        {
            "rule": "adalyser\\.com\\/tracking\\/track\\/v3\\/p",
            "cookies": 0,
            "fingerprinting": 0,
            "subdomains": [
                "c0",
                "c5"
            ],
            "apis": {},
            "sites": 46,
            "prevalence": 0.000315,
            "cnames": [],
            "responseHashes": [
                "d346801abbf9bb4e9e9a055239053d4ab5596514304f601a6c70604187acb744"
            ],
            "type": "Image",
            "firstPartyCookies": {},
            "firstPartyCookiesSent": {
                "__adal_cw": 0.0003078396497468874,
                "IR_gbd": 0.00002052264331645916,
                "dy_fs_page": 0.000006840881105486387,
                "utag_main_vapi_domain": 0.000006840881105486387,
                "AwinChannelCookie": 0.000006840881105486387,
                "_li_dcdm_c": 0.000013681762210972774
            },
            "exampleSites": [
                "dasher.doordash.com",
                "www.charlestyrwhitt.com",
                "www.theiconic.com.au",
                "www.mycarly.com",
                "www.rvezy.com",
                "www.pavers.co.uk",
                "www.redfunnel.co.uk",
                "de.babbel.com",
                "www.ufurnish.com",
                "www.selectcarleasing.co.uk",
                "my.babbel.com",
                "www.ambassadorcruiseline.com",
                "motorway.co.uk",
                "www.macmillan.org.uk",
                "www.babbel.com",
                "musthaveideas.co.uk",
                "www.watchfinder.com",
                "www.visitisleofwight.co.uk",
                "www.bluecross.org.uk",
                "www.pooky.com"
            ]
        }
    ],
    "categories": [],
    "performance": {},
    "cookies": 0.000349,
    "topInitiators": [
        {
            "domain": "googletagmanager.com",
            "prevalence": 0.5166666666666667
        },
        {
            "domain": "first party",
            "prevalence": 0.35
        },
        {
            "domain": "adobedtm.com",
            "prevalence": 0.05
        },
        {
            "domain": "appdynamics.com",
            "prevalence": 0.03333333333333333
        },
        {
            "domain": "global-e.com",
            "prevalence": 0.03333333333333333
        },
        {
            "domain": "osano.com",
            "prevalence": 0.016666666666666666
        }
    ],
    "types": {
        "Script": 46,
        "Image": 46
    },
    "nameservers": [
        "ns10.dnsmadeeasy.com",
        "ns12.dnsmadeeasy.com",
        "ns13.dnsmadeeasy.com",
        "ns11.dnsmadeeasy.com",
        "ns15.dnsmadeeasy.com",
        "ns14.dnsmadeeasy.com"
    ]
}