{
    "domain": "adeptli.net",
    "owner": {},
    "source": [
        "DuckDuckGo-US"
    ],
    "prevalence": 0.0000547,
    "sites": 8,
    "subdomains": [
        "dev"
    ],
    "cnames": [],
    "fingerprinting": 0,
    "resources": [
        {
            "rule": "adeptli\\.net\\/mmm\\/alertcounts\\.php",
            "cookies": 0.0000547,
            "fingerprinting": 0,
            "subdomains": [
                "dev"
            ],
            "apis": {},
            "sites": 8,
            "prevalence": 0.0000547,
            "cnames": [],
            "responseHashes": [
                "4d3c3c58bd1eed1c7c36791b8949c00b02cd9e42a27253702dd9d478ff1f6781",
                "008dc87ffe9acb1ad33332a84c915d122f83541ae865e3ed187a91c1103b60cf",
                "def29ad9d3330f625f9522696ee4e6c5e2216d24aab5d9b5fae4f70afb845c3f",
                "499d111ff7b0de5cfe314d80f07792d0e49bae06cede3aa964446e0f266eddcc",
                "4ce7d1768f68b0d2853bfa970696dcf4c13324d0696578843b7b4ace5f538ecd",
                "3c86b4c35a9a5ca8d749512ec5752847e21134c6a0e63881e9012eb273413e8c",
                "abb80e63a595576a59a7f5b8498d140c404b562a61ca03d149761cce692a3e94"
            ],
            "type": "Fetch",
            "firstPartyCookies": {},
            "firstPartyCookiesSent": {},
            "exampleSites": [
                "applevalleynewsnow.com",
                "www.applevalleynewsnow.com",
                "www.channel3000.com",
                "www.crossroadstoday.com",
                "www.koamnewsnow.com",
                "www.kxly.com",
                "www.myupnow.com",
                "www.news8000.com"
            ]
        }
    ],
    "categories": [],
    "performance": {},
    "cookies": 0.0000547,
    "topInitiators": [
        {
            "domain": "first party",
            "prevalence": 0.9285714285714286
        },
        {
            "domain": "doubleclick.net",
            "prevalence": 0.07142857142857142
        }
    ],
    "types": {
        "Fetch": 8
    },
    "nameservers": [
        "lucy.ns.cloudflare.com",
        "todd.ns.cloudflare.com"
    ]
}