{
    "domain": "admantx.com",
    "owner": {
        "name": "SSL Corporation",
        "displayName": "SSL"
    },
    "source": [
        "DuckDuckGo-US"
    ],
    "prevalence": 0.000287,
    "sites": 42,
    "subdomains": [
        "async01",
        "euasync01",
        "usasync01"
    ],
    "cnames": [],
    "fingerprinting": 0,
    "resources": [
        {
            "rule": "admantx\\.com\\/admantx\\/service",
            "cookies": 0,
            "fingerprinting": 0,
            "subdomains": [
                "async01",
                "euasync01"
            ],
            "apis": {},
            "sites": 18,
            "prevalence": 0.000123,
            "cnames": [],
            "responseHashes": [
                "443ed81bdecf101546df491a309e858aa402b8ed6da609c78cb9f5d9b494a718",
                "7657a822d726f344cfe4ebb7b15af6e578c90ffb45daa8236bdaff9f5a0c9f5e",
                "7a1c3230efefbb57ba094b36f24891b30a205fd0716cb05244ca58aee32585bb",
                "7300fc33266fcb1c77d573116c1d68555ac4ed407cfff2e62c4d10ffdb3cd397",
                "52b105a8f8ec64d5634365543c72333b2f1c9353cd91244f9824deced199490a",
                "219be2b940b66eeea12aa849c4e5cc97336e65ef8998a381579d4bd94d3527fc",
                "870894deeb3cd01af874c1c1bf2552826de347cb168b6fae6d793697b9e78645",
                "87919c64130d7b04a79d8fbea976ed2b8d2416c35daf3e68eacaab82928c6992",
                "1dd33632c11ab3f6b9987171da6cd51dd5bd257948bca5e2d45b574b8b517b11",
                "5b36ba4d54a2364de91bec4fa7a2abe5e05407c3388205348a0bdccc66ed12da",
                "fe375bc1fa085d02f94b9c4722ced97a3c318aa66210ce334c09c94fa74d7cd7",
                "37fd6c2f092f5ec04bc74b22af8557b7ec0ee0cd3be2e61b6a91986671080c1d",
                "a0dab0c066fd7cd48098f7e98ecb4411e34cee41aa3d0f0cca6f1e72c1928aa6",
                "dca8703c139819338452c8a2f7e85d1a556457a9f97f0a7e1de6a197677f5ea5",
                "551a03d53b092c1bd981bd62ec7281343eedad9c95acf64bdfd6b96aa5d8c1ec",
                "ac217e0fe2263d4c383b5659c5911387954463388694c43f7b31bcf6d9fcc094",
                "a84d9cd7e4ea79aa4c8948c7f59d51527e574eae79e5c08b5d84ee08ab5064cb"
            ],
            "type": "Fetch",
            "firstPartyCookies": {},
            "firstPartyCookiesSent": {
                "_td_domain_trains.com": 0.000013681762210972774,
                "_li_dcdm_c": 0.000047886167738404704,
                "lotame_domain_check": 0.000034204405527431934,
                "_td_domain_knowyourmeme.com": 0.000006840881105486387,
                "_td_domain_allthetests.com": 0.000006840881105486387,
                "_td_domain_women.com": 0.000006840881105486387
            },
            "exampleSites": [
                "babynames.com",
                "basenotes.com",
                "evoke.ie",
                "extra.ie",
                "forum.trains.com",
                "greatergood.com",
                "inews.co.uk",
                "knowyourmeme.com",
                "likewise.com",
                "metro.co.uk",
                "mom.com",
                "trending.knowyourmeme.com",
                "www.allthetests.com",
                "www.lecho.be",
                "www.surfline.com",
                "www.tijd.be",
                "www.trains.com",
                "www.women.com"
            ]
        },
        {
            "rule": "admantx\\.com\\/admantx\\/service",
            "cookies": 0,
            "fingerprinting": 0,
            "subdomains": [
                "usasync01"
            ],
            "apis": {},
            "sites": 7,
            "prevalence": 0.0000479,
            "cnames": [],
            "responseHashes": [
                "83da110c441bbe8d477df206b9ea50ec2bb099165d83951b26d49f5dcccf4a18",
                "ea1aef75f610410895f0b047e6b84ad3579443b685ceee640d14b179126fc861",
                "93bedba4dbb5f27b64f9e978d4c7914b7d8fa206e2044bc45c61b0728f89481d",
                "aabb468951cf4df0bbbb266b13d1052c31dba57708c2e4bf6a021bef75f5c60c",
                "bf8a55af616bdebd85f6e1ef2e69413eaf11fa673fd18ff106b044d2bc4e1329",
                "0404bad6f7432feec67326b8a1f4b54e59ca0339686e69f602306ec6a448a88b"
            ],
            "type": "Script",
            "firstPartyCookies": {},
            "firstPartyCookiesSent": {},
            "exampleSites": [
                "msnbc.com",
                "www.cnbc.com",
                "www.msnbc.com",
                "www.nbcnews.com",
                "www.politico.com",
                "www.syfy.com",
                "www.today.com"
            ]
        }
    ],
    "categories": [],
    "performance": {},
    "cookies": 0,
    "topInitiators": [
        {
            "domain": "blogherads.com",
            "prevalence": 0.4523809523809524
        },
        {
            "domain": "first party",
            "prevalence": 0.21428571428571427
        },
        {
            "domain": "nbcuni.com",
            "prevalence": 0.21428571428571427
        },
        {
            "domain": "anm.co.uk",
            "prevalence": 0.09523809523809523
        },
        {
            "domain": "asadcdn.com",
            "prevalence": 0.023809523809523808
        }
    ],
    "types": {
        "Fetch": 18,
        "Script": 7
    },
    "nameservers": [
        "dns1.p06.nsone.net",
        "dns2.p06.nsone.net",
        "dns3.p06.nsone.net",
        "dns4.p06.nsone.net"
    ]
}