{
    "domain": "adnuntius.delivery",
    "owner": {},
    "source": [
        "DuckDuckGo-US"
    ],
    "prevalence": 0.00015,
    "sites": 22,
    "subdomains": [
        "ads"
    ],
    "cnames": [],
    "fingerprinting": 0,
    "resources": [
        {
            "rule": "adnuntius\\.delivery\\/i",
            "cookies": 0.000137,
            "fingerprinting": 0,
            "subdomains": [
                "ads"
            ],
            "apis": {},
            "sites": 21,
            "prevalence": 0.000144,
            "cnames": [],
            "responseHashes": [
                "7736b1831c7022ef6a8c269e8ea7cc3d58789292e29b19d775ae75e1252bf03b",
                "f70dfe4704bba823656b27c5a6267fcd0e795c2ba4c62dafbbbc18bb8595b08e",
                "c4148ae3b664e2c33db3e2248fcf9e6f123d18313f47904431dfe3fc43bb0e76",
                "42c42e61a8543b08ccc9f5b0d93c82942f6bdfffc9f0a0944c92349fbd26638e",
                "8753154f93cbdfbe6d4e590d44a5d66178a96e0d9a14cfdc59e6d13347cd23f0",
                "a068661fde5559314d47a85f3cdf4734056f9952a287ac5959acb22fcf9bb163",
                "ac8b89c8a56554bb3207f808f41c7df1f0cd7c97fd33af8ce1e7cb2e28662236",
                "8625f70719927cb50b38b91467fc02ff08544b33a72afb3fb6e4e8f3c4f03a98",
                "2a1ff800549f2c83280d2664607a44a887d2becff5e2f7353bb29eb85b0f93be",
                "5a174d82bc65c1b420f9e4a1bc9df904f321b2cf5026187f4689e066fd07540b",
                "b8ee173d49afc9ea2684a05d2b9a5ddf76fc0fb7a841d49b4c17d658699c6b0f",
                "c40e640fc83694a5add32e003a5290e3ea617323c5946e59bdb31610b00c6438",
                "7dadc132aae4935a44f61ce345ea5960be64914704d3ae7092aec26b10b3dcd4",
                "23a89df0382e56153365cf73a67c105c080143a10486f90fa437b048d6cdab3d",
                "0ccb9d3f842364a9946f327d4010e62a0e7e7998a5d41ce4f521f56bd222cd88",
                "3ee6cc0efcd08779beb9f87d48283222da1d0f7243121540bff516366914596d",
                "eca352868601ab1acd43c69a7a28bf0527b6b47c51a644cf80d9fd4c3d45a95b",
                "360a957c2fa18c28eab68f76e0f1740e31b0440ad8d8a19d29557c091d2e4cc8",
                "2e51ac44351bf04af8367ffa82ae72724ccf354ab00ce5b7af9019372f13cc43",
                "0cd818b6cae24ef75a8743f3ab40f22676c8f002b28592332c57578aefd2c67c"
            ],
            "type": "Fetch",
            "firstPartyCookies": {},
            "firstPartyCookiesSent": {
                "_pubcid": 0.00002052264331645916,
                "__cmpconsent10444": 0.000006840881105486387,
                "_sharedid": 0.000006840881105486387,
                "cookies.js": 0.000006840881105486387
            },
            "exampleSites": [
                "www.abcnyheter.no",
                "www.klikk.no",
                "www.ordlista.se",
                "jyllands-posten.dk",
                "www.50plus.de",
                "www.aperitif.no",
                "forum.kvinneguiden.no",
                "www.seher.no",
                "www.filmtopp.se",
                "www.filmweb.no",
                "www.aerotelegraph.com",
                "www.nettavisen.no",
                "dinside.dagbladet.no",
                "www.dagbladet.no",
                "www.diskusjon.no",
                "www.krysslexikon.se",
                "poddtoppen.se",
                "nhi.no",
                "finans.dk",
                "dejure.org"
            ]
        }
    ],
    "categories": [],
    "performance": {},
    "cookies": 0.000137,
    "topInitiators": [
        {
            "domain": "first party",
            "prevalence": 0.4444444444444444
        },
        {
            "domain": "cncptx.com",
            "prevalence": 0.28888888888888886
        },
        {
            "domain": "lwadm.com",
            "prevalence": 0.13333333333333333
        },
        {
            "domain": "yieldlove.com",
            "prevalence": 0.044444444444444446
        },
        {
            "domain": "lwgadm.com",
            "prevalence": 0.044444444444444446
        },
        {
            "domain": "pubmatic.com",
            "prevalence": 0.022222222222222223
        },
        {
            "domain": "adnz.co",
            "prevalence": 0.022222222222222223
        }
    ],
    "types": {
        "Fetch": 21
    },
    "nameservers": [
        "emily.ns.cloudflare.com",
        "major.ns.cloudflare.com"
    ]
}