{
    "domain": "adsquirrel.ai",
    "owner": {},
    "source": [
        "DuckDuckGo-US"
    ],
    "prevalence": 0.000109,
    "sites": 16,
    "subdomains": [
        "api"
    ],
    "cnames": [],
    "fingerprinting": 1,
    "resources": [
        {
            "rule": "adsquirrel\\.ai\\/ask",
            "cookies": 0,
            "fingerprinting": 0,
            "subdomains": [
                "api"
            ],
            "apis": {},
            "sites": 11,
            "prevalence": 0.0000752,
            "cnames": [],
            "responseHashes": [
                "024f6e5a6e4e3a99365147437c8f3ccb11e47f13b1d264cf4382a28b273b7738",
                "28933675bb384d21ea973779669dcb83571a671f601ef0af88f88dd1a9f9a32d",
                "d4eb020059d86be6bd195c19c2fca0fc73ccf85a19aa5dacbb268825f75507e3",
                "565330f82aa16b9864c4843023e271cd67ef9c97565e0b0df60a71e726945b2e",
                "2190748a7ed1f403e2cf3c75138fc28dae514beab2b7f3789bf45adfa32878e3",
                "61bc4ffed23c9b2534fb25f733eb0d677c3461969441b456b2454d5c14cb9d2f",
                "1c517950ef2ca5c1476894500c7602b582a70eee8da32cb0b99e127b8821255b",
                "f593bb61a9aaea140bbf7112a4af008a2b537d369145b02428cb3a6110c01b78",
                "449d45c8e668baad8fb3f6fd0be7040bfa9a66beb09ba9474613fd8ddd8b1100",
                "ab424a49e72a06710b208173645cb5734e7ab351d8b54c8ce60ab41d57047afe"
            ],
            "type": "Fetch",
            "firstPartyCookies": {},
            "firstPartyCookiesSent": {
                "lotame_domain_check": 0.00004104528663291832
            },
            "exampleSites": [
                "eleftherostypos.gr",
                "svet24.si",
                "www.alfavita.gr",
                "www.argiro.gr",
                "www.enikos.gr",
                "www.gazzetta.gr",
                "www.ieidiseis.gr",
                "www.lifo.gr",
                "www.pentapostagma.gr",
                "www.sdna.gr",
                "www.tlife.gr"
            ]
        },
        {
            "rule": "adsquirrel\\.ai\\/ask",
            "cookies": 0,
            "fingerprinting": 0,
            "subdomains": [
                "api"
            ],
            "apis": {},
            "sites": 4,
            "prevalence": 0.0000274,
            "cnames": [],
            "responseHashes": [
                "dfe0e97b6964fcd5dcb6b2ad29be60f4ef52d73572e79c3a41310cb8fd133968",
                "01faa05fa7b9d5b1985654317393d3bb6be4ccbc717c6ea43dcdaff0d9c54d39",
                "dd43dab09cb467a48645acea42081c22f80509aa7fae409ab22699ede15602dd"
            ],
            "type": "XHR",
            "firstPartyCookies": {},
            "firstPartyCookiesSent": {
                "lotame_domain_check": 0.000006840881105486387
            },
            "exampleSites": [
                "cnn.gr",
                "www.news247.gr",
                "www.newsbomb.gr",
                "www.onmed.gr"
            ]
        }
    ],
    "categories": [],
    "performance": {},
    "cookies": 0,
    "topInitiators": [
        {
            "domain": "orangeclickmedia.com",
            "prevalence": 0.5
        },
        {
            "domain": "first party",
            "prevalence": 0.2
        },
        {
            "domain": "inmobi.com",
            "prevalence": 0.15
        },
        {
            "domain": "cleverpush.com",
            "prevalence": 0.05
        },
        {
            "domain": "googletagmanager.com",
            "prevalence": 0.05
        },
        {
            "domain": "vidoomy.com",
            "prevalence": 0.05
        }
    ],
    "types": {
        "Fetch": 11,
        "XHR": 4
    },
    "nameservers": [
        "ashley.ns.cloudflare.com",
        "marek.ns.cloudflare.com"
    ]
}