{
    "domain": "adtarget.biz",
    "owner": {},
    "source": [
        "DuckDuckGo-US"
    ],
    "prevalence": 0.00238,
    "sites": 348,
    "subdomains": [
        "dsp-service",
        "prebid",
        "static.cdn"
    ],
    "cnames": [],
    "fingerprinting": 1,
    "resources": [
        {
            "rule": "adtarget\\.biz\\/cookie_sync",
            "cookies": 0.00198,
            "fingerprinting": 0,
            "subdomains": [
                "dsp-service"
            ],
            "apis": {},
            "sites": 297,
            "prevalence": 0.00203,
            "cnames": [],
            "responseHashes": [
                "11d004f6d21010dc9ecb2dcb42558fe79f7471db1b9b4b389c3323bfbabe0b62",
                "5f9894c772bb281e10b0e7a67066ceb4793e2ce76f7376e8cd1aa822910df982",
                "2f9f04cca35f366624419b24efab3daa6b9f7de789fbe811f51ca31f65bd7874",
                "fd90f1c5a23e1e73ec11bf3df6d84625ff434195fc0887b17e601c525576a19b",
                "7e7a4276e31ae9cab5ce6a3c46abe174bf128ccf529af1751e2ca9cd4abd3cb7",
                "2b4aa6d0f4c9ad10b41f0c12eeca2dc1641e846e0258f6df522706b8e24e094c",
                "db80990e06f4fb02f57feeaea35d465a3e0e7b660d0104f4fe1bda4cfbe30f09",
                "207ccd3edbd7d941a6c913136458a54736cd57830d4cb914d6a81b7051dad167",
                "405649f234669d25f5f581028b4f6c93a4ffb8195dd79bed235ccfd4ad922ffb",
                "62a0c73603c793afb64a6ccddf3bc7dfdac06656685ac472f5c06801d70933b9",
                "3ce1581f6733de919b94d33098192acff03ec4ee1369ddb826b125c9ed1e28a2",
                "baf926df4bb5fccf7c372d1151b0aa6bb1af6f0151d14111f75f24a4f21f47b4",
                "30a0ad92d43c53f4f810d281d78047bed233664a71b5c03032af843c11fe4477",
                "e999578b1dd9b039c85ac6bd55f4f2a33ef64dbdce3118a3d47e89aac05f0736",
                "83f08a6188356b7a5fe09dc1edb9c606a2d132ade0c1cf7b363ae65816dff294",
                "77ac91bd17fd794abfe4b0774a941c320f3bba9a7a793a7ddda542f915a923f0",
                "1d561d544175f60ba6669208a92b46414f3b914cffe6bbcbcb94e09069c96c46",
                "5edcafccb1a98722eb15245cc4b97032b4fac0f4eb9f43f2f8a171dff6f9fb3b",
                "4ce61f160afed1ccd44a6b4a2a5ba43d35aad761d612c4298cf65aade7bea4de",
                "24fe09fd69427371e31b49e7f2445e0cf5e077d821a7589a9f06af2b5d7d7c99",
                "70dbe9ca318d0ff713dcdb81b363b3fff6984d50aeaf25dfd9524e6f1c93daa5",
                "118163684eba89779ce5ac9f443d804ea2237981a7f2e9b345c719b17d785bcb",
                "ba0bcc45a176d14945687c960e3030d08f7528903067cfe2529a40a834d6cf26",
                "25010e7dad0b0c05e48ec4021cc942dfe5eb1d6c73dd344138274730bd8c5ab1",
                "c9e8065003b5cbc00396696a0e676c6c7916055488779756ad35ad1b9dc032fa",
                "f25a9d784ba07b013a447a10dac4a1737835b9d34f90f234d6ca1f52ff32e1df",
                "ad6319e355d473a106cbef52abddcb43fe927722fc33de645d0425dc9f319aab",
                "35dab5bdba897b0eccd1bca5a6077c58ff2fade79c2775c14d9aadc1de3a6235",
                "125c59c422c4be408053b6bf63c1907c2f8cf320dd204ad650e817421aca58d2",
                "26be10bec511c9ec808343fe2a056b3569f68624f06f6ff29df21699e8c8ff39",
                "70152bc2b4b6d3aebbd0ff7865c406e125729ebf5d67551c9a12ec290994c572",
                "29ca50590393f4d3e9f149d52eeb412721b0b0ee466e34fc3defe7d4bd62291f",
                "16c36c9a17cc86400458d5f2da4cc16aa4195b3d08fff3cc2aacc9ab1ebf5b34",
                "5d04be30cef1f1c314ddf989b6e5eed228e80786ae78a7691312655354c2bacc",
                "30f5906d56c81ea1c013e996da6ed22f0f8aabe531ca6fe6aef4082c6584bd8c",
                "401d2fd896e43caa1acb0b304201b67dd237d59e04008ec42d3361ca545c9754",
                "1e87762915eeecd488afe1ebc958946992d34d7ac2cd650982dd317f2bb73241",
                "8bd694b6291c78912fa5a1b55fa43e22a49011e9b36e8ad87e44b41b23666dce",
                "d4b645e690c0da38670f0c0c0e8b6f272c3017bb1f6b9b1a8674f3d65881b82b",
                "d6109fe9866255f4a430107a01ef4860bd5c1c5b2f51528a12cafdedc81bc888",
                "3b92cd3c5c78a6c76416f66790d6ab9f75832d508620fed609013b55ed920188",
                "197a3b4444c38f15c505dd54b64cd7fb8c56b5e14c54372f1e4204363d9f62d8",
                "c43bbbc47703d49f7d03f489fa35969473b110f73f1100317b7363ceb73201a1",
                "5726aff751e550fe97875e27d76707c84654ff050a5f628329da19145b44cf64",
                "f180b9626dc0b94b262783e5be6f0bbafcd8a63a0e6c43d9c96b9625063fb059",
                "225cba4d60ed02cdc29cd02ddd2575ed6f6e82112f7860a773f2a061bcc88883",
                "3ad0480ee4dbe9203be55aef82a59985e79f11b5ea3e7696fd164818141dc5e4",
                "d8959fea1bdd9820eab964c499d0e42e5168632319798760608732ab2caadf3c",
                "3159689005c403aae06998ce913db35ccf65de68f535b93fd39bea0c8b3ad142",
                "00a5d4da335a56c9420d40ced882d92ecb7fac983f6bcf756ab8050bbc062da8",
                "a6e6eaa3e1ce521f2868f7a1cfc91988809b8608f8b973d06e682d902a60db62",
                "4113a2a48a33e237118ac75d8597947cc4667c5456cbde00882fba74b933b8d2",
                "ef83b0b59f7eef42c5cdc6bdefe28e9cf1f1b6741d345df654a1958cedd2073d",
                "1c2cc307864a2559ab5e0625860026fbd8266d37f3a387176e3fefb31cb27898",
                "2fc478a7cd318726fbd3dda364dbe1e9029f7e9e58cc219c905b403cf0fd5ff2",
                "dbf9d813f3d81ffe082e29393bbf3a778daff8b683bb59beac7319b0f3b858d9",
                "b4bfbe62d7595fb9da138b58251b4af8daf1244e6c6c3a4f9031f9239eb52ab1",
                "7d6312cac3d7f56d731b95ccfbb83a6f78009c508ed13862590a194055ebc64c",
                "382fa64d86c90ed2c80f3737a73b4727dcfb60203147dee6d2025e72fd238ad2",
                "908443742bb896fe9be6cf07cbc58422bde67dfa4a0cd2d26912f3cdc00588ca",
                "2c6e5f6e243d1305275f816e5cfdde80e18ae244985fed2fe9f900cf78e0e692",
                "99016f0a920407a13a245231da6107a57eb5d96796b39e4176c5c5fdd67699bd",
                "e8ccf04da84890f6ef253b8fdc79a79da79d35dd44090396cbb1ebd42a83ce70",
                "461bfd4471b7f00985e04dac024246886878427115acfb2a747a1999de83817e",
                "7d2754ce7f66052f89d549d091db120083bb037f03a12a67e256d6c1f49aa026",
                "ebcf31931b81fc0f0637092a6cb85ac74e1dfd45f527e490654a1524158b06b3",
                "c35cfa1be4c6812dc678d7451bf4658d9b2dad24793fb04143ec35a2b38df6dd",
                "01057b02ac0c85cf110c3869185c6f6a5ceac539397505c550ffd21f7d332251",
                "37f6574ff96febc512bc60824f12f091ddaa8609268985d769235a23876dbc52",
                "6ee4c4981e57b2589a107146b9e739c879da2870ec19477f596dba7136cadd73",
                "53db018b2098bceddedf692c189f5939218594a055756322700dba4c65a5d8eb",
                "48bc009db93e78abb2d0b12d9b61e3de08693222446b3d6b6547e09b43f551f5",
                "64052ab5c3ffa0d80cb45df5cfc36df60c2ce0c7628ba038506b566be0cb5d81",
                "719823d85f0a33b01a32469f3312bda36be6a268fdb1d6efec2026bb4a4aaf38",
                "7045c720036f6696b84cce4d1a38b91e419ccec56f017617f5f53d7915591399",
                "c8124f7bd8c57962eaacb1d2d58f0b54856e362edf9f51d2d5090d629a5c887e",
                "24fa0f17f93bb938441cc3110447b3a028fd8db918ed3d8f2788b4a28bfb4447",
                "209edb0d740cd1f079ac17620c99968a1f747c0a3294b26c68e18fde79c5b96b",
                "d108b9cf1c49dab3957d20f01f58a79962e9d5756457466497b73542d3b11d45",
                "46fbba939b06982387b91f117338f46d425aa61608c69fdecef80ecd2b29a235",
                "68b3d4dda0696e6606b7b38ae512fcffaee109d6b5cc036e9e6a421b7ee35290",
                "324977b72225a87644b95f75132affefc7736cf69fbec6f0c1d1d61d23204536",
                "4ccc16a18ef619765c20142f7717a4337697883a750ad582e1b9d737f8a20c43",
                "c2ab3bfadefb6f31e1ed462834afc53281772a7f692f7462a53d4d05a6d088e8",
                "4a347e01262e92d4e2666c8eaac758bca66aef392016012f2ba6089ebd7efa88",
                "7337e3ced1e8f6d9e1be56ab0efe195387c1cb8a26b88cf84feed5dfb861bb8c",
                "72f0b142c920132ac4296f4d9bb22bc7fdee5fa3396e58ac103abd7f73de9b46",
