{
    "domain": "adventive.com",
    "owner": {
        "name": "Adventive, Inc.",
        "displayName": "Adventive"
    },
    "source": [
        "DuckDuckGo-US"
    ],
    "prevalence": 0.000233,
    "sites": 34,
    "subdomains": [
        "ads"
    ],
    "cnames": [],
    "fingerprinting": 2,
    "resources": [
        {
            "rule": "adventive\\.com\\/ad",
            "cookies": 0.000178,
            "fingerprinting": 1,
            "subdomains": [
                "ads"
            ],
            "apis": {
                "window.name": 19,
                "Screen.prototype.width": 19,
                "Screen.prototype.height": 19,
                "Date.prototype.getTime": 22,
                "window.innerHeight": 1,
                "Navigator.prototype.appName": 1
            },
            "sites": 27,
            "prevalence": 0.000185,
            "cnames": [],
            "responseHashes": [
                "91ffb1ee000296c0da85e51c2bf64a8804bdf0d4d32c301c645036b387c06066",
                "53b53fe30955470388c1a54ee02ffcd51e29b043045ee607e906b877cbc3f8e0",
                "573a92a5c61c80e680a23165424f959e7c8da3771d629334893dc5f6203c2e94",
                "b321f40e8215b683ed1b3aa0615fd339cc5bd32e863d6a055e715dd524fe0010",
                "062a54c97ebf7a5504564eebf3c640fad264154650dad44d266538f648bf18ef",
                "f00115d2dbc8dd296dc1394dc476074261922dea86ee3c106957e7d1aeab3cad",
                "02a3b45337b90b744902de8360abc2f449dbe37205d646ad2ca31d7d9b739ffe",
                "00acfb01af26f7c300f80fb680d3af0540d4e6f76af399c0fa6df90bc2e7b398",
                "bf4c31214f60887767a3af9ec1a34b9b036979ec32bcb20a4d240eb370e6b0f9",
                "4bc875ec82f2afb28ec0b165c00192a71711f2e2ded91137f9bb9911d7724441",
                "394179639da5cf5c217bb4e730da7aada7fb1efb1f5653ad3b430e3bab6224d7",
                "acde42add8f8706b6f46e46973e091667c3d00572efea878b04910e2ff1df930",
                "14dee7b4b42ebbe1a1b237a19ae814547806d994b6cd8c58d3880be7cc3b6a17",
                "e5d6f7b5216b706bc01b1d791cd597e6c2e4b634c3ab67d05f07fd3be62d0487",
                "4c2f02e37b75f19daf8e80110fe6ffb43390f534b1ee54379338b1fa2105ec6b",
                "ebb5a504cf375b6d475fde6503cd45176ac73576aedb016ac2ef2c5d5668808e",
                "5a3784aea8ee39be219da61ccc58f047dfc2bfc1454aff40d58b550c48bee61b",
                "4a7ff3d49514cae0a409c0215c5c36785ca99df9074be4001b3aa7784bab06ad",
                "ae4b6e087846e29b539b1e05b8d85e76b8690229dc9e099716af01b87cc28bef",
                "1eda3954001f039ebf6e8ac87649a59af0c044caa2ebb8fc617906d0d66ac6cf",
                "e85a8dd68e8338ccab471625aa9f7929bbf521ea69e3e28296fba7d7ade4b748",
                "89a9a81a39cb4a3993bfde0095c428e2c2e4e91c2c8d659ee014731b40b05a7d",
                "fda5c82cd4a6088c623a50775c1e1c119d3d9fab90d786390856d1c77c98a25b",
                "695709d7a47f195dd4b1e8f923a59ef5333cbb2fee91faf5e1ea8ebcb2c006dc",
                "9ff46075a403d3e631e15d96321ec601f234aebb42790888a46cceb284e94158",
                "e3ffb936986e2a7ed4f6d1a90c97496c353ee3b5fcd37531b1a19bbb0048ac18"
            ],
            "type": "Script",
            "firstPartyCookies": {},
            "firstPartyCookiesSent": {
                "lotame_domain_check": 0.000013681762210972774
            },
            "exampleSites": [
                "blog.padi.com",
                "www.tricityrecordnm.com",
                "www.iamcountryside.com",
                "www.highsnobiety.com",
                "frontofficesports.com",
                "www.smithsonianmag.com",
                "backyardpoultry.iamcountryside.com",
                "www.pdxmonthly.com",
                "racer.com",
                "www.fieldandstream.com",
                "www.pressdemocrat.com",
                "www.gpb.org",
                "www.bdoutdoors.com",
                "www.kuer.org",
                "www.travelweekly.com",
                "www.ducks.org",
                "iamcountryside.com",
                "www.travelpulse.com",
                "www.sarasotamagazine.com",
                "www.dwell.com"
            ]
        },
        {
            "rule": "adventive\\.com\\/api\\/stats",
            "cookies": 0.000178,
            "fingerprinting": 0,
            "subdomains": [
                "ads"
            ],
            "apis": {},
            "sites": 27,
            "prevalence": 0.000185,
            "cnames": [],
            "responseHashes": [
                "f4eef8263281c0b26486637831251059757bc3fdc4c3a48045a8ef8646b36e8f"
            ],
            "type": "Image",
            "firstPartyCookies": {},
            "firstPartyCookiesSent": {
                "lotame_domain_check": 0.000013681762210972774,
                "_li_dcdm_c": 0.000013681762210972774
            },
            "exampleSites": [
                "www.fieldandstream.com",
                "www.veterinarypracticenews.com",
                "iamcountryside.com",
                "www.dwell.com",
                "www.highsnobiety.com",
                "backyardpoultry.iamcountryside.com",
                "www.kuer.org",
                "frontofficesports.com",
                "www.travelpulse.com",
                "www.kjzz.org",
                "blog.padi.com",
                "www.travelweekly.com",
                "www.iamcountryside.com",
                "racer.com",
                "www.pdxmonthly.com",
                "www.bdoutdoors.com",
                "www.pressdemocrat.com",
                "www.durangoherald.com",
                "www.smithsonianmag.com",
                "cen.acs.org"
            ]
        },
        {
            "rule": "adventive\\.com\\/ui\\/img\\/tracker\\.php",
            "cookies": 0,
            "fingerprinting": 0,
            "subdomains": [
                "ads"
            ],
            "apis": {},
            "sites": 4,
            "prevalence": 0.0000274,
            "cnames": [],
            "responseHashes": [
                "81652748b524d25356b352a8487426a9bd3a89a03789bf7b5c22d979349a6106",
                "1866961a029c65376fefb7f2ba1e6187e09ff50ea58d97dedfd72c197947d002"
            ],
            "type": "Image",
            "firstPartyCookies": {},
            "firstPartyCookiesSent": {},
            "exampleSites": [
                "frontofficesports.com",
                "www.highsnobiety.com",
                "www.newbeauty.com",
                "www.veterinarypracticenews.com"
            ]
        }
    ],
    "categories": [],
    "performance": {},
    "cookies": 0.000233,
    "topInitiators": [
        {
            "domain": "doubleclick.net",
            "prevalence": 0.75
        },
        {
            "domain": "first party",
            "prevalence": 0.08333333333333333
        },
        {
            "domain": "osano.com",
            "prevalence": 0.0625
        },
        {
            "domain": "confiant-integrations.net",
            "prevalence": 0.041666666666666664
        },
        {
            "domain": "googlesyndication.com",
            "prevalence": 0.020833333333333332
        },
        {
            "domain": "adventivecdn.com",
            "prevalence": 0.020833333333333332
        },
        {
            "domain": "kenilworth.com",
            "prevalence": 0.020833333333333332
        }
    ],
    "types": {
        "Script": 27,
        "Image": 31
    },
    "nameservers": [
        "igor.ns.cloudflare.com",
        "may.ns.cloudflare.com"
    ]
}