{
    "domain": "advertnative.com",
    "owner": {},
    "source": [
        "DuckDuckGo-US"
    ],
    "prevalence": 0.000253,
    "sites": 37,
    "subdomains": [
        "click"
    ],
    "cnames": [],
    "fingerprinting": 1,
    "resources": [
        {
            "rule": "advertnative\\.com\\/loading\\/",
            "cookies": 0,
            "fingerprinting": 1,
            "subdomains": [
                "click"
            ],
            "apis": {
                "Navigator.prototype.userAgent": 8,
                "window.innerHeight": 1
            },
            "sites": 37,
            "prevalence": 0.000253,
            "cnames": [],
            "responseHashes": [
                "36a9e7f1c95b82ffb99743e0c5c4ce95d83c9a430aac59f84ef3cbfab6145068",
                "24ea801a0168028b285253272991d67483a85d794785784b45a066cec0e9edc2",
                "3dd813539afd20195158f81dc037fa12bbd998ff95fb39eca93dc59398ad6e31",
                "e5944f2d512030e12b921e20796c9c5c8e16dbdb4afc80c7ec4dd82aed1b899e",
                "d6a43d41af4c953edc727608a657c5e1087ccdca73d2048e0cba7ebf21b8b3db",
                "5625bf3851a1fe3a6241ce63562ed4c7705565d4612a51f86f99fa3d9640b89d",
                "4486b0d9125d5880792841c27e4798fe4a27638477bb829703d31a892b214b48",
                "6c85a6a943e401aa1ffa07f5cb53af9a563d788cf5910676e8124dfb39d77c12",
                "a0f1b1a54f13d6d296a732ea2088012a5553aded9ecbe7c9b2152b8a02fe48be",
                "6f12783244361f49c2da62c80e2f279cb555d67405e848341a2e133e4f684a46",
                "514bd2b78e758d98934dd81e6489026a506a4dff96d4fc1838ec7fa359578061",
                "8d297ced024c1d2ad9a5af7b078257e272ca2194ea3f27fe2ae8e896b9775d1b",
                "cb2e56b07d5952f22051d0a530c633676d493029bf35f8b9b392fe4ec51ebfc2",
                "88c4fbe98419d2687b75904fd209d0723833f17c04988e4ce6597a1fe0238b71",
                "dffa4fee7329fdd730595a256fd4432516a2592acde406705a7d8155da8adc26",
                "feeb735abe146303674f8390097da8a89fbfbf70e28dda4f21555121c16b1e97",
                "df00cce9e9a4df8dc08261fc175727ee0d08538d1607114dce6d943b25d83884",
                "a302e0a7dd259680eb4f9e460a1a18448f61870a120b505cae6edf47d59cb457",
                "352593390e162cb5b4362a786cb50a8205ae89bc13aad7e74d6514668c86198a",
                "e9061e58b186b66d586370c7c72599b5ce648db511424760a984c5bffe7e29b1",
                "64d0a6df0c9e777117d0cf694d4b14e8b5e5b3c8f1dbf108e8061a70408987bc",
                "f4beb7820c47910c0996efdbcd2edbbf59a67a256c78dc5729b0642941e740f8",
                "15e1549e85b53eed801d7b95cd65c2d397b68efbe5ba0387c7f644d5b07a80ca",
                "13d75ea7e746db59aaf65f74b21a3906a32d965166ae1fc7d7f399b850217e7c",
                "ab56bf8a4e8e8f13409270144b6cce571cec91a5c2934e6ca966890e6065b935",
                "fc5b32deb90b8771ecc1b5a7d8cf3b2133f2dcb81be3234723d3dce64b12a064",
                "7482618e8c623677759bf886893a88727069f95393ec63e89e8dc06d7df0095c"
            ],
            "type": "Script",
            "firstPartyCookies": {},
            "firstPartyCookiesSent": {},
            "exampleSites": [
                "www.viva.co.id",
                "www.ringtimes.id",
                "www.jatimnetwork.com",
                "bandung.viva.co.id",
                "rakyatcirebon.disway.id",
                "www.digtara.com",
                "haijakarta.id",
                "www.surabayainside.com",
                "www.intipseleb.com",
                "www.viv.co.id",
                "fajar.co.id",
                "radarjember.jawapos.com",
                "www.pikiran-rakyat.com",
                "www.suaramerdeka.com",
                "jawapos.com",
                "mindset.viva.co.id",
                "news.detik.com",
                "beritadiy.pikiran-rakyat.com",
                "www.hitekno.com",
                "www.akurat.co"
            ]
        },
        {
            "rule": "advertnative\\.com\\/storage\\/logo\\/all_an_white_4\\.png",
            "cookies": 0,
            "fingerprinting": 0,
            "subdomains": [],
            "apis": {},
            "sites": 28,
            "prevalence": 0.000192,
            "cnames": [],
            "responseHashes": [
                "eb0d12d2937d2ddc431cae68c1b3133bf500a838940bf287acb620267e9c7d31"
            ],
            "type": "Image",
            "firstPartyCookies": {},
            "firstPartyCookiesSent": {},
            "exampleSites": [
                "www.digtara.com",
                "bogordaily.net",
                "mindset.viva.co.id",
                "www.pikiran-rakyat.com",
                "gadget.viva.co.id",
                "www.tvonenews.com",
                "www.jpnn.com",
                "disway.id",
                "solobalapan.jawapos.com",
                "www.ringtimes.id",
                "pedomantangerang.pikiran-rakyat.com",
                "mantrasukabumi.pikiran-rakyat.com",
                "bandung.viva.co.id",
                "mojok.co",
                "jawapos.com",
                "www.viva.co.id",
                "www.suaramerdeka.com",
                "www.intipseleb.com",
                "sulsel.herald.id",
                "radarlawu.jawapos.com"
            ]
        }
    ],
    "categories": [],
    "performance": {},
    "cookies": 0,
    "topInitiators": [
        {
            "domain": "first party",
            "prevalence": 0.96875
        },
        {
            "domain": "googlesyndication.com",
            "prevalence": 0.020833333333333332
        },
        {
            "domain": "doubleclick.net",
            "prevalence": 0.010416666666666666
        }
    ],
    "types": {
        "Script": 37,
        "Image": 28
    },
    "nameservers": [
        "ns29.domaincontrol.com",
        "ns30.domaincontrol.com"
    ]
}