{
    "domain": "adx.ws",
    "owner": {},
    "source": [
        "DuckDuckGo-US"
    ],
    "prevalence": 0.0000821,
    "sites": 12,
    "subdomains": [
        "cdn",
        "req"
    ],
    "cnames": [],
    "fingerprinting": 1,
    "resources": [
        {
            "rule": "adx\\.ws\\/scripts\\/loader\\.js",
            "cookies": 0,
            "fingerprinting": 1,
            "subdomains": [
                "cdn"
            ],
            "apis": {
                "window.localStorage": 9,
                "Date.prototype.getTime": 9,
                "window.innerHeight": 9,
                "window.innerWidth": 9,
                "NavigatorUAData.prototype.getHighEntropyValues": 9,
                "Navigator.prototype.userAgent": 9
            },
            "sites": 9,
            "prevalence": 0.0000616,
            "cnames": [],
            "responseHashes": [
                "c69d7f18d9019b06ab1783ded61327036165c133b70965d0d2f91750e598e57c"
            ],
            "type": "Script",
            "firstPartyCookies": {},
            "firstPartyCookiesSent": {},
            "exampleSites": [
                "bscscan.com",
                "etherscan.io",
                "solscan.io",
                "walletinvestor.com",
                "watcher.guru",
                "whattomine.com",
                "www.blockchaincenter.net",
                "www.coinlore.com",
                "www.coinwarz.com"
            ]
        },
        {
            "rule": "adx\\.ws\\/uids",
            "cookies": 0,
            "fingerprinting": 0,
            "subdomains": [
                "req"
            ],
            "apis": {},
            "sites": 9,
            "prevalence": 0.0000616,
            "cnames": [],
            "responseHashes": [
                "c8fbf53ad9ab487c2c9a15b2c3a9943616233a31051e2d17c781fe45453ab455",
                "b51d8a6056a9cb8b8328499282be04c6fcda805105b7d2b507054d8340890875",
                "2738ec8e880525716ea085f28562fcfb3a909c57da5ace11b23e5ff7969a5ce4",
                "25fcc028b82344778eac31fac93676fb6ab68bb1ee54c764090fb3f8aa774251",
                "fc5ed6ace039854e6e6e1ef1adba4b15885396880211e39a6092688e96c48010",
                "dc4d266c8df8e01eeb6de4969fcbd3f7565154391d1d994ea80376c1ad787175",
                "49a7b05cd726f19d8435da96158a466395f706626a3e8bad86e4257eb11caf54",
                "2bc453ea49feab28c68153e7d0863d898467dffa662bcc6773cdb5db0f001dd8"
            ],
            "type": "XHR",
            "firstPartyCookies": {},
            "firstPartyCookiesSent": {},
            "exampleSites": [
                "bscscan.com",
                "etherscan.io",
                "solscan.io",
                "walletinvestor.com",
                "watcher.guru",
                "whattomine.com",
                "www.blockchaincenter.net",
                "www.coinlore.com",
                "www.coinwarz.com"
            ]
        },
        {
            "rule": "adx\\.ws\\/uids",
            "cookies": 0,
            "fingerprinting": 0,
            "subdomains": [
                "req"
            ],
            "apis": {},
            "sites": 9,
            "prevalence": 0.0000616,
            "cnames": [],
            "responseHashes": [],
            "type": "Preflight",
            "firstPartyCookies": {},
            "firstPartyCookiesSent": {},
            "exampleSites": [
                "bscscan.com",
                "etherscan.io",
                "solscan.io",
                "walletinvestor.com",
                "watcher.guru",
                "whattomine.com",
                "www.blockchaincenter.net",
                "www.coinlore.com",
                "www.coinwarz.com"
            ]
        },
        {
            "rule": "adx\\.ws\\/ad",
            "cookies": 0,
            "fingerprinting": 0,
            "subdomains": [
                "req"
            ],
            "apis": {},
            "sites": 9,
            "prevalence": 0.0000616,
            "cnames": [],
            "responseHashes": [],
            "type": "Preflight",
            "firstPartyCookies": {},
            "firstPartyCookiesSent": {},
            "exampleSites": [
                "bscscan.com",
                "etherscan.io",
                "solscan.io",
                "walletinvestor.com",
                "watcher.guru",
                "whattomine.com",
                "www.blockchaincenter.net",
                "www.coinlore.com",
                "www.coinwarz.com"
            ]
        },
        {
            "rule": "adx\\.ws\\/ad",
            "cookies": 0,
            "fingerprinting": 0,
            "subdomains": [
                "req"
            ],
            "apis": {},
            "sites": 9,
            "prevalence": 0.0000616,
            "cnames": [],
            "responseHashes": [
                "b56ed94ac76c28612c4f516b352ee6b88880d4d8e7e00cf54bed419a5cecd55f",
                "e3b0c44298fc1c149afbf4c8996fb92427ae41e4649b934ca495991b7852b855"
            ],
            "type": "XHR",
            "firstPartyCookies": {},
            "firstPartyCookiesSent": {},
            "exampleSites": [
                "bscscan.com",
                "etherscan.io",
                "solscan.io",
                "walletinvestor.com",
                "watcher.guru",
                "whattomine.com",
                "www.blockchaincenter.net",
                "www.coinlore.com",
                "www.coinwarz.com"
            ]
        },
        {
            "rule": "adx\\.ws\\/e",
            "cookies": 0,
            "fingerprinting": 0,
            "subdomains": [
                "req"
            ],
            "apis": {},
            "sites": 2,
            "prevalence": 0.0000137,
            "cnames": [],
            "responseHashes": [
                "e3b0c44298fc1c149afbf4c8996fb92427ae41e4649b934ca495991b7852b855"
            ],
            "type": "XHR",
            "firstPartyCookies": {},
            "firstPartyCookiesSent": {},
            "exampleSites": [
                "bscscan.com",
                "etherscan.io"
            ]
        },
        {
            "rule": "adx\\.ws\\/e",
            "cookies": 0,
            "fingerprinting": 0,
            "subdomains": [
                "req"
            ],
            "apis": {},
            "sites": 2,
            "prevalence": 0.0000137,
            "cnames": [],
            "responseHashes": [],
            "type": "Preflight",
            "firstPartyCookies": {},
            "firstPartyCookiesSent": {},
            "exampleSites": [
                "bscscan.com",
                "etherscan.io"
            ]
        },
        {
            "rule": "adx\\.ws\\/styles\\/template\\.css",
            "cookies": 0,
            "fingerprinting": 0,
            "subdomains": [
                "cdn"
            ],
            "apis": {},
            "sites": 2,
            "prevalence": 0.0000137,
            "cnames": [],
            "responseHashes": [
                "b424fa09d514dc3a1a05ecb6011b9e99327e12c42cce6527847435ca2c82801a"
            ],
            "type": "Stylesheet",
            "firstPartyCookies": {},
            "firstPartyCookiesSent": {},
            "exampleSites": [
                "bscscan.com",
                "etherscan.io"
            ]
        },
        {
            "rule": "adx\\.ws\\/styles\\/sub-template\\.css",
            "cookies": 0,
            "fingerprinting": 0,
            "subdomains": [
                "cdn"
            ],
            "apis": {},
            "sites": 2,
            "prevalence": 0.0000137,
            "cnames": [],
            "responseHashes": [
                "059cd57d9dbd0e46a2fe59c6ca00bf46ea260282b865ae61454949c6ccd16d8c"
            ],
            "type": "Stylesheet",
            "firstPartyCookies": {},
            "firstPartyCookiesSent": {},