{
    "domain": "affilimateapis.com",
    "owner": {},
    "source": [
        "DuckDuckGo-US"
    ],
    "prevalence": 0.000534,
    "sites": 78,
    "subdomains": [
        "pub"
    ],
    "cnames": [],
    "fingerprinting": 0,
    "resources": [
        {
            "rule": "affilimateapis\\.com\\/send-getConfig",
            "cookies": 0,
            "fingerprinting": 0,
            "subdomains": [
                "pub"
            ],
            "apis": {},
            "sites": 50,
            "prevalence": 0.000342,
            "cnames": [],
            "responseHashes": [
                "5432dcec91548c6781afdedc71dcd244446d602b891b2b266a5f2e6f717a9316",
                "18eeac648770ce3eb73a486118a3143813175d0a05522f2f9c9e976340917496",
                "4981cde4b4ac5c531c91a17dcbce4e1db562e2475ebc431c16c7536795b1cddd",
                "10877b77c5d47886490aa8f703d219d5dc36b8e5eecb8bc9500dfd8aad16cdee",
                "f548331c26391e1bec4ea0d12171e8100875978ed6f017ffc6115efa687b5736",
                "888eeddcec86eb290d7b4e708abed4314f48dc00b5c4998bfd329e7c9495de4c",
                "768ed8c84c755e2e85d064275b58365986d27ffbea4e3511b12feb872acfd7fa",
                "11fe99fbab7898363862b86aaa77cd9c5f7201a503886b29e0ccf37468b66402",
                "60c16dbe956ae1081715b126ac2a3299e64540f280ef1b65b066d4c1109ff754",
                "228c2655176a7bf4e2c8b7816fb735e498d053001ba9a2bdec1b1f6f98f3ab02",
                "aec43e53593021b8ffa2085938360e2e5d270adfa16bce9c6f66e91a63238f81",
                "465d9aa0ac3a4bea0a0f89cced388bec58456780dbd2e6be78a3acc489865e80",
                "ddec94b4ccaf5de03ed762211be3a212e16af00de8597bba15c2d17e182b9346",
                "a17604558c8d638370a7fb27ff7548d2341aeedaa24e30cdb1aa3eee827ae7cb",
                "2d04bd81a58b1c50b82b37c861250c897ce16e2626ee42d5e33bf2723a065377",
                "f5d473b2ae34a17c123765fb50d6168f529ba3d0d86c03453f08b36f2d3892a0",
                "2eb026b6f740e47e674ec7106d702dcb492c7d77209da804d3466cfef4a94235",
                "cf59541e91293b0f309a54d3ea6d3fc33fa1a0adb1b07e85b66d8f9599ec4a23",
                "1c9ce45b186e98d09145b484d58355ba10bf43259205c7912dd3846899899d63",
                "e05d97520f9fed5e3be728238391fb10e84e6c7cc91a5da99116cf80f2b046c6",
                "d49ab8b099e9a7590c0cbd73769e41dc30ff57f1cf7fe587a7a62b73f3a548b8",
                "3ec553d348b5b6acee81f458a2c216548613992f08574f634f65f4332240fbbb",
                "51cf0bb1b945b3682c37635d14a5e003bd41d280cf9e9ac5e5c62f2350cbf7d8",
                "6df307af6f2a0602f29597f99ecd2eb8b6ef775bf38af3a7cebd9fa46d914797",
                "6374ba54209dba1d38f5038e5bf315980eec27c81470540b864fe7cf7b5eb0fa",
                "a470a39dce3cc3188c6f4e962c719f0a4f11218a0e83bf16041daa4634380e6f",
                "a6e125398f5e3945a1411b6086286ec0d772315261c69a0ef1f59525ca956113",
                "b7a61d66876b02b01e493a6cd3ee453267e8bfde4d2a62b2b7b37efe75428120"
            ],
            "type": "XHR",
            "firstPartyCookies": {},
            "firstPartyCookiesSent": {},
            "exampleSites": [
                "www.businessinsider.com",
                "www.cnet.com",
                "www.thesun.co.uk",
                "www.greatpetcare.com",
                "m.pinkbike.com",
                "www.bontraveler.com",
                "www.twowheelingtots.com",
                "powerliftingtechnique.com",
                "katiecouric.com",
                "theadultman.com",
                "www.fieldmag.com",
                "luxe.digital",
                "japancheapo.com",
                "www.bobvila.com",
                "www.thescottishsun.co.uk",
                "www.catfoodadvisor.com",
                "www.thesun.ie",
                "www.domino.com",
                "www.survivalworld.com",
                "tokyocheapo.com"
            ]
        },
        {
            "rule": "affilimateapis\\.com\\/send-getConfig",
            "cookies": 0,
            "fingerprinting": 0,
            "subdomains": [
                "pub"
            ],
            "apis": {},
            "sites": 49,
            "prevalence": 0.000335,
            "cnames": [],
            "responseHashes": [],
            "type": "Preflight",
            "firstPartyCookies": {},
            "firstPartyCookiesSent": {},
            "exampleSites": [
                "www.businessinsider.com",
                "www.cnet.com",
                "www.thesun.co.uk",
                "www.bontraveler.com",
                "www.honeyfund.com",
                "bellyfull.net",
                "tokyocheapo.com",
                "www.pinkbike.com",
                "www.nomadicmatt.com",
                "www.catfoodadvisor.com",
                "www.outdoorlife.com",
                "m.pinkbike.com",
                "www.atv.com",
                "katiecouric.com",
                "www.greatpetcare.com",
                "philadelphiaweekly.com",
                "www.mamaknowsglutenfree.com",
                "paddling.com",
                "japancheapo.com",
                "www.motorcycle.com"
            ]
        },
        {
            "rule": "affilimateapis\\.com\\/send-is",
            "cookies": 0,
            "fingerprinting": 0,
            "subdomains": [
                "pub"
            ],
            "apis": {},
            "sites": 20,
            "prevalence": 0.000137,
            "cnames": [],
            "responseHashes": [],
            "type": "Preflight",
            "firstPartyCookies": {},
            "firstPartyCookiesSent": {},
            "exampleSites": [
                "bellyfull.net",
                "japancheapo.com",
                "katiecouric.com",
                "m.pinkbike.com",
                "theadultman.com",
                "tokyocheapo.com",
                "travellemming.com",
                "www.autoguide.com",
                "www.bontraveler.com",
                "www.dogfoodadvisor.com",
                "www.domino.com",
                "www.honeyfund.com",
                "www.insidehook.com",
                "www.mamaknowsglutenfree.com",
                "www.outdoorlife.com",
                "www.pinkbike.com",
                "www.popsci.com",
                "www.thedrive.com",
                "www.thesun.co.uk",
                "www.twowheelingtots.com"
            ]
        },
        {
            "rule": "affilimateapis\\.com\\/send-is",
            "cookies": 0,
            "fingerprinting": 0,
            "subdomains": [
                "pub"
            ],
            "apis": {},
            "sites": 20,
            "prevalence": 0.000137,
            "cnames": [],
            "responseHashes": [
                "565339bc4d33d72817b583024112eb7f5cdf3e5eef0252d6ec1b9c9a94e12bb3"
            ],
            "type": "XHR",
            "firstPartyCookies": {},
            "firstPartyCookiesSent": {},
            "exampleSites": [
                "bellyfull.net",
                "japancheapo.com",
                "katiecouric.com",
                "m.pinkbike.com",
                "theadultman.com",
                "tokyocheapo.com",
                "travellemming.com",
                "www.autoguide.com",
                "www.bontraveler.com",
                "www.dogfoodadvisor.com",
                "www.domino.com",
                "www.honeyfund.com",
                "www.insidehook.com",
                "www.mamaknowsglutenfree.com",
                "www.outdoorlife.com",
                "www.pinkbike.com",
                "www.popsci.com",
                "www.thedrive.com",
                "www.thesun.co.uk",
                "www.twowheelingtots.com"
            ]
        },
        {
            "rule": "affilimateapis\\.com\\/send-iv",
            "cookies": 0,
            "fingerprinting": 0,
            "subdomains": [
                "pub"
            ],
            "apis": {},
            "sites": 4,
            "prevalence": 0.0000274,
            "cnames": [],