{
    "domain": "algoliaradar.com",
    "owner": {},
    "source": [
        "DuckDuckGo-US"
    ],
    "prevalence": 0.000137,
    "sites": 20,
    "subdomains": [
        "cdn-us",
        "cdn-eu"
    ],
    "cnames": [],
    "fingerprinting": 2,
    "resources": [
        {
            "rule": "algoliaradar\\.com\\/radar\\.js",
            "cookies": 0.0000342,
            "fingerprinting": 2,
            "subdomains": [
                "cdn-us",
                "cdn-eu"
            ],
            "apis": {
                "window.localStorage": 11,
                "Navigator.prototype.userAgent": 11,
                "Navigator.prototype.webdriver": 11,
                "Document.cookie getter": 5,
                "Date.prototype.getTime": 5,
                "Document.cookie setter": 5,
                "window.sessionStorage": 2
            },
            "sites": 13,
            "prevalence": 0.0000889,
            "cnames": [],
            "responseHashes": [
                "4e5ed5a1453e0fb4dfe9dc9652f2ddbdec21feb728381403f8da5bb6c063e4bb",
                "536b5243d35b2663d95e383d57ae05c2fb8b7488787dc1f30223e30eacc08a94",
                "ffde813d8dbfe489a28ca0202215b793866f62089afd7c77ee4537b51c8dede0",
                "17210a96e7730747f3e817d3af47672c575daf20c3593ae167c4b9a7f2bffefa",
                "7b133e1f7a7703b0589b026a9690dc60dcc56189612ee74cafff6cc3e322559c",
                "7fd6dd67a3c3bc918763e1220b82800d2cf82cfd8969882bba0f509d04c6535b",
                "dc52c7f7dab63ee70c67a37fd86fc58394725e31f4709ca9df8cb26842bcfa43",
                "bdfb4b5ae49c5eaaf36af9a56eeb9bc16beaed3b9baceef03dac6316d9d5a0d0",
                "d7b2a935b00008a01b781ec11d108b95727758c18bbb657b05aa66d388df7923",
                "d68bbb3f5c7a68f45572662cc22bf7fbf2931d4c261a10923321764283aa22ae"
            ],
            "type": "Script",
            "firstPartyCookies": {
                "alg%3AanonmyousId": {
                    "ttl": 2592011,
                    "length": 36,
                    "prevalence": 0.000034204405527431934,
                    "uniqueness": 1
                },
                "alg%3AsequenceId": {
                    "ttl": 2592011,
                    "length": 1,
                    "prevalence": 0.000034204405527431934,
                    "uniqueness": 0.4
                }
            },
            "firstPartyCookiesSent": {},
            "exampleSites": [
                "acehardware.com",
                "childrensplace.com",
                "sportsmans.com",
                "us.princesspolly.com",
                "www.acehardware.com",
                "www.americanstandard-us.com",
                "www.chefstore.com",
                "www.fielmann.de",
                "www.kamera-express.nl",
                "www.loveshackfancy.com",
                "www.riverisland.com",
                "www.sportsmans.com",
                "www.wolfandbadger.com"
            ]
        }
    ],
    "categories": [],
    "performance": {},
    "cookies": 0.000041,
    "topInitiators": [
        {
            "domain": "googletagmanager.com",
            "prevalence": 0.6818181818181818
        },
        {
            "domain": "first party",
            "prevalence": 0.2727272727272727
        },
        {
            "domain": "adobedtm.com",
            "prevalence": 0.045454545454545456
        }
    ],
    "types": {
        "Script": 13
    },
    "nameservers": [
        "aiden.ns.cloudflare.com",
        "jocelyn.ns.cloudflare.com"
    ]
}