{
    "domain": "analytics-engine.com",
    "owner": {},
    "source": [
        "DuckDuckGo-US"
    ],
    "prevalence": 0.0000342,
    "sites": 5,
    "subdomains": [
        "server.fuse"
    ],
    "cnames": [],
    "fingerprinting": 0,
    "resources": [
        {
            "rule": "analytics-engine\\.com\\/public\\/lease",
            "cookies": 0,
            "fingerprinting": 0,
            "subdomains": [
                "server.fuse"
            ],
            "apis": {},
            "sites": 4,
            "prevalence": 0.0000274,
            "cnames": [],
            "responseHashes": [
                "4ffb827551a702532c9b60558095ef4b91647962bca6b72200cb3a2fbb0001dc",
                "6bd093223b026b1877bd9f772299f932890ebf6fa241a2e716005c1e940d8073",
                "0997293d3d5b137b5444b5588cefa774f04d9c3f009b9cca126a6460b0d20871"
            ],
            "type": "XHR",
            "firstPartyCookies": {},
            "firstPartyCookiesSent": {
                "tglr_anon_id": 0.00002052264331645916,
                "tglr_sess_id": 0.00002052264331645916,
                "tglr_tenant_id": 0.00002052264331645916,
                "fuseid": 0.00002052264331645916,
                "_mfuuid_": 0.000013681762210972774
            },
            "exampleSites": [
                "frontier.com",
                "michaelsaves.com",
                "utilitiesformyhome.com",
                "www.allconnect.com"
            ]
        },
        {
            "rule": "analytics-engine\\.com\\/public\\/confirm",
            "cookies": 0,
            "fingerprinting": 0,
            "subdomains": [
                "server.fuse"
            ],
            "apis": {},
            "sites": 4,
            "prevalence": 0.0000274,
            "cnames": [],
            "responseHashes": [
                "e3b0c44298fc1c149afbf4c8996fb92427ae41e4649b934ca495991b7852b855"
            ],
            "type": "XHR",
            "firstPartyCookies": {},
            "firstPartyCookiesSent": {
                "tglr_anon_id": 0.00002052264331645916,
                "tglr_sess_id": 0.00002052264331645916,
                "tglr_tenant_id": 0.00002052264331645916,
                "fuseid": 0.00002052264331645916,
                "_mfuuid_": 0.000013681762210972774,
                "cohsn_xs_id": 0.000006840881105486387
            },
            "exampleSites": [
                "frontier.com",
                "michaelsaves.com",
                "utilitiesformyhome.com",
                "www.allconnect.com"
            ]
        }
    ],
    "categories": [],
    "performance": {},
    "cookies": 0,
    "topInitiators": [
        {
            "domain": "first party",
            "prevalence": 0.7142857142857143
        },
        {
            "domain": "myfinance.com",
            "prevalence": 0.2857142857142857
        }
    ],
    "types": {
        "XHR": 8
    },
    "nameservers": [
        "ns12.gcd-dns.com",
        "ns11.gcd-dns.com"
    ]
}