{
    "domain": "ap3prod.com",
    "owner": {},
    "source": [
        "DuckDuckGo-US"
    ],
    "prevalence": 0.0000616,
    "sites": 9,
    "subdomains": [
        "capture-api"
    ],
    "cnames": [],
    "fingerprinting": 0,
    "resources": [
        {
            "rule": "ap3prod\\.com\\/-\\/events\\/page-event",
            "cookies": 0,
            "fingerprinting": 0,
            "subdomains": [
                "capture-api"
            ],
            "apis": {},
            "sites": 7,
            "prevalence": 0.0000479,
            "cnames": [],
            "responseHashes": [
                "bc88802c55218170cabe9dacd92ebad9c901d6c6716876c130539934ecb51483",
                "ee23b88058325375de4cbb0354c9ba1f91c8b421f5eecff10a8366d82f2cf6e7",
                "d01fb8cf6005f0c94c8d44d8898f7071d2bc10eed401892512cd48ecc34f636f",
                "5f49e513e0eecc8f7d3534c9cb9f052fa52cbd85e577b6bd68295c1bcc8e1dde",
                "44136fa355b3678a1146ad16f7e8649e94fb4fc21fe77e8310c060f61caaff8a",
                "e0d5f272ecb1508ee20b06a39b6f9417a1b7359e61f8e78ccda5d7079d4dc4b9"
            ],
            "type": "XHR",
            "firstPartyCookies": {},
            "firstPartyCookiesSent": {},
            "exampleSites": [
                "gatewaypeople.com",
                "www.nellisauction.com",
                "www.senior65.com",
                "www.slotstemple.com",
                "www.strongtowns.org",
                "www.toi-health.com",
                "www.walcottradio.com"
            ]
        },
        {
            "rule": "ap3prod\\.com\\/-\\/widgets\\/get",
            "cookies": 0,
            "fingerprinting": 0,
            "subdomains": [
                "capture-api"
            ],
            "apis": {},
            "sites": 7,
            "prevalence": 0.0000479,
            "cnames": [],
            "responseHashes": [
                "003262e0357380a107659a2e6de46b8ac97051779d449db450a828a364990885",
                "3d200426d58a604dc84129209838de3ce190752a9f6bd045a5da35689775b2e6",
                "ca1ca366992a62a198f6952f3a96de970128e56aad6e9796a57ef2ac91fc557d",
                "d955f777f850cb2a2d7f220a436822bb5344c9458c260ccc3bfbb10f877732a3",
                "44136fa355b3678a1146ad16f7e8649e94fb4fc21fe77e8310c060f61caaff8a",
                "653ca2f809e62e4abaf031169d22e0c4b6acf1814bc41ba6dcf5fc2c23ac906b"
            ],
            "type": "XHR",
            "firstPartyCookies": {},
            "firstPartyCookiesSent": {},
            "exampleSites": [
                "gatewaypeople.com",
                "www.nellisauction.com",
                "www.senior65.com",
                "www.slotstemple.com",
                "www.strongtowns.org",
                "www.toi-health.com",
                "www.walcottradio.com"
            ]
        },
        {
            "rule": "ap3prod\\.com\\/-\\/events\\/cw-event",
            "cookies": 0,
            "fingerprinting": 0,
            "subdomains": [
                "capture-api"
            ],
            "apis": {},
            "sites": 2,
            "prevalence": 0.0000137,
            "cnames": [],
            "responseHashes": [
                "aee846c33c73afc8f94197b335fc8638cd86d90646bb108c6a45ca916f65ebc7"
            ],
            "type": "XHR",
            "firstPartyCookies": {},
            "firstPartyCookiesSent": {},
            "exampleSites": [
                "strongtowns.org",
                "www.strongtowns.org"
            ]
        }
    ],
    "categories": [],
    "performance": {},
    "cookies": 0,
    "topInitiators": [
        {
            "domain": "cdn3l.ink",
            "prevalence": 0.5
        },
        {
            "domain": "cdn2l.ink",
            "prevalence": 0.3
        },
        {
            "domain": "first party",
            "prevalence": 0.2
        }
    ],
    "types": {
        "XHR": 16
    },
    "nameservers": [
        "ns-508.awsdns-63.com",
        "ns-1999.awsdns-57.co.uk",
        "ns-1365.awsdns-42.org",
        "ns-679.awsdns-20.net"
    ]
}