{
    "domain": "apiture.com",
    "owner": {},
    "source": [
        "DuckDuckGo-US"
    ],
    "prevalence": 0.0000752,
    "sites": 11,
    "subdomains": [
        "mbilin.banking",
        "banking",
        "pbnnc.banking",
        "x2zsmbpm.banking",
        "enbepa.banking",
        "szfsbsa.banking",
        "gbbmptx.banking",
        "hfbktn.banking",
        "pfpntn.banking",
        "secusfnm.banking",
        "cnbmcmd.banking"
    ],
    "cnames": [],
    "fingerprinting": 1,
    "resources": [
        {
            "rule": "apiture\\.com\\/piles\\/fxweb\\.pile\\/custom_login",
            "cookies": 0.0000684,
            "fingerprinting": 1,
            "subdomains": [
                "mbilin.banking",
                "banking",
                "pbnnc.banking",
                "x2zsmbpm.banking",
                "enbepa.banking",
                "szfsbsa.banking",
                "gbbmptx.banking",
                "hfbktn.banking",
                "pfpntn.banking",
                "secusfnm.banking",
                "cnbmcmd.banking"
            ],
            "apis": {
                "Date.prototype.getTime": 2
            },
            "sites": 11,
            "prevalence": 0.0000752,
            "cnames": [],
            "responseHashes": [
                "7fa6c430bc4a79bd0b40f9566b74850a094196e71d467000bd03ccd13d92a18d",
                "0e6db437660269ef117f687e158817327812d0993e23cd759871aed06a7f07c1",
                "6ba418a90578f3401d77a8a6b740344bf8ef6050e15ab0e6a371fde8ee0c6d94",
                "f41929c4195c984f7dad689c8781696cb69d10785b63ee72af34c2ded96bfd39",
                "15625faf202a55e12c9d23f37ce1ad49d155a239fbc562f5cda63da5fc3faa39",
                "87f99505b5074174a63d00e77f97461b2ee3a20c68cf4462cd8c305c27b1fadb",
                "9024cfacf37da409fd0d995fa8b740e9ffd313e7b5d2ffb6febc1b2448a1378d",
                "c9bfb3c27ff2163056390bd4e9ac9f2a0db37514dfe82036a4bb63cbf49003cd",
                "f81e480047b12f262371cd7b6805ed04c655bb1633d2d870d1f28c1b2a52c72b",
                "dda7bdb275cd2b5ab77ecc8c0b7b52856ed70d74178758fb7f551c2d7ef6b10b"
            ],
            "type": "Document",
            "firstPartyCookies": {},
            "firstPartyCookiesSent": {},
            "exampleSites": [
                "bankmerchants.com",
                "listerhill.com",
                "peoplesbanknc.com",
                "www.bankwithsouthern.com",
                "www.epnb.com",
                "www.fsbank.com",
                "www.gnty.com",
                "www.homefederalbanktn.com",
                "www.pnfp.com",
                "www.secunm.org",
                "www.shoreunitedbank.com"
            ]
        }
    ],
    "categories": [],
    "performance": {},
    "cookies": 0.0000684,
    "topInitiators": [
        {
            "domain": "first party",
            "prevalence": 1
        }
    ],
    "types": {
        "Document": 11
    },
    "nameservers": [
        "ns-67.awsdns-08.com",
        "ns-715.awsdns-25.net",
        "ns-1027.awsdns-00.org",
        "ns-1762.awsdns-28.co.uk"
    ]
}