{
    "domain": "apitd.net",
    "owner": {},
    "source": [
        "DuckDuckGo-US"
    ],
    "prevalence": 0.0000958,
    "sites": 14,
    "subdomains": [
        "de-fp",
        "us-ppfp",
        "us-fp",
        "de-behavior"
    ],
    "cnames": [],
    "fingerprinting": 0,
    "resources": [
        {
            "rule": "apitd\\.net\\/web\\/v2",
            "cookies": 0,
            "fingerprinting": 0,
            "subdomains": [
                "de-fp",
                "us-ppfp",
                "us-fp"
            ],
            "apis": {},
            "sites": 11,
            "prevalence": 0.0000752,
            "cnames": [],
            "responseHashes": [
                "e5412deec91f7da2db98e1df1305da5ecfce016d4b3600ac237d70f556b234ac",
                "3cc468541292ba560ba2c4ca223ab85aa9ab4975d7d724a90705d3015795d1c7",
                "bdd3c6280b5e1423f98a965c159cd3460a169f844723e99a75e2346fe44720f4",
                "9a51ca8e101f372121db15f18ce6b4d0ff38e19b2acdc5b9b77e38e4acf9519d",
                "8978ac86e9fadd9d8de995621bfc2a45b4587b4eff35b8a6c4272968bb5516e2",
                "070c8d09ccd073be1c379c7eb21d18920a8e6042ddac6c08498d018f7bedc962",
                "96ef241318a860d0d5bd1e2e6d1d39dc7178378e934f1b77cdaf81aea5f2b11d",
                "3575019c0d91d586fc70b48ba9eb5fefa22bdcc6275a8851cd1bbd574a86725d",
                "fc07db3f5c5b03f9ca69a3b1eda387c383bfb6aa4d79ca4140406e2b16eb25a5",
                "4a389adea1533672912be705742ca5be76af0f67f0865d8f18e68087be4160b0"
            ],
            "type": "XHR",
            "firstPartyCookies": {},
            "firstPartyCookiesSent": {},
            "exampleSites": [
                "1v1chat.me",
                "m.popmart.com",
                "nl.shein.com",
                "pro.liveme.com",
                "www.hay.fun",
                "www.liveme.com",
                "www.mmopixel.com",
                "www.popmart.com",
                "www.shein.co.uk",
                "www.zeelool.com",
                "zeelool.com"
            ]
        },
        {
            "rule": "apitd\\.net\\/behavior\\/profile\\/config",
            "cookies": 0,
            "fingerprinting": 0,
            "subdomains": [
                "de-behavior"
            ],
            "apis": {},
            "sites": 2,
            "prevalence": 0.0000137,
            "cnames": [],
            "responseHashes": [
                "a77dfaa0adb5a2d70753124ff29bd08de1c23caf89c7ce978b9f44c8b03dba83"
            ],
            "type": "XHR",
            "firstPartyCookies": {},
            "firstPartyCookiesSent": {},
            "exampleSites": [
                "shein.com",
                "www.shein.co.uk"
            ]
        },
        {
            "rule": "apitd\\.net\\/behavior\\/profile\\/config",
            "cookies": 0,
            "fingerprinting": 0,
            "subdomains": [
                "de-behavior"
            ],
            "apis": {},
            "sites": 2,
            "prevalence": 0.0000137,
            "cnames": [],
            "responseHashes": [],
            "type": "Preflight",
            "firstPartyCookies": {},
            "firstPartyCookiesSent": {},
            "exampleSites": [
                "shein.com",
                "www.shein.co.uk"
            ]
        }
    ],
    "categories": [],
    "performance": {},
    "cookies": 0,
    "topInitiators": [
        {
            "domain": "trustdecision.com",
            "prevalence": 0.5625
        },
        {
            "domain": "ltwebstatic.com",
            "prevalence": 0.25
        },
        {
            "domain": "first party",
            "prevalence": 0.1875
        }
    ],
    "types": {
        "XHR": 13,
        "Preflight": 2
    },
    "nameservers": [
        "ns3.dnsv4.com",
        "ns4.dnsv4.com"
    ]
}