{
    "domain": "aserve1.net",
    "owner": {},
    "source": [
        "DuckDuckGo-US"
    ],
    "prevalence": 0.000137,
    "sites": 20,
    "subdomains": [
        "cpm"
    ],
    "cnames": [],
    "fingerprinting": 0,
    "resources": [
        {
            "rule": "aserve1\\.net\\/hb",
            "cookies": 0,
            "fingerprinting": 0,
            "subdomains": [
                "cpm"
            ],
            "apis": {},
            "sites": 15,
            "prevalence": 0.000103,
            "cnames": [],
            "responseHashes": [
                "84a8a8281a9f604c3955bd4fe0fcec7c5a1b5f64b205d3c9ea67c9b545b32ee2",
                "a41365f6a5b9fb1e5bfee97320206aca2d693972de59dab0689e7ba0c2790b45",
                "e3b0c44298fc1c149afbf4c8996fb92427ae41e4649b934ca495991b7852b855",
                "a597db290c12ceab728208e9fed93e74cefdf6b16f6df05c6fcce5b3bff4f680",
                "5d672f8868c8f1e606a6c6d296507214d10960557ba444eddab69abd4dac0a57",
                "36ae168010f87886d2e947505f101397026fb18f07b34037413907dea34a6eec",
                "c1c4309c69e16cc9757aa79aface55057dfdbc03f1942a48473727097e43a14c",
                "e66d7d47c55863db340ecd8a68a92a6417e9028fbe11d0f054462ced24769fa9",
                "a451e9760eccdcd7b3aa27a44f3e46bfdd7f327940fb7bb753bbe0310422783b",
                "e7b38ecab0fa2d70c06f04a8639072dec370f18a54b38cffe87e7e5a9a03f9bf",
                "aea7335b9e22f7f59ef61320867df00eefa5b869c6fd0bbf9c2db85ecf5fa44a",
                "aa0be2edf344640996b5d823b0758901513eb50b025099c88092ee8311103686",
                "c770bc8ae2adaad1b3fe805e0a5876cfe90e89f96731795b82ee7385663d6201"
            ],
            "type": "Fetch",
            "firstPartyCookies": {},
            "firstPartyCookiesSent": {},
            "exampleSites": [
                "dailyhive.com",
                "en.novelxo.com",
                "freewebnovel.com",
                "listverse.com",
                "manhuaus.org",
                "neon.reviewjournal.com",
                "odishatv.in",
                "pvtimes.com",
                "wtr-lab.com",
                "www.bangordailynews.com",
                "www.creaders.net",
                "www.fanmtl.com",
                "www.reviewjournal.com",
                "www.thecooldown.com",
                "www.wral.com"
            ]
        },
        {
            "rule": "aserve1\\.net\\/user-synced",
            "cookies": 0.000041,
            "fingerprinting": 0,
            "subdomains": [
                "cpm"
            ],
            "apis": {},
            "sites": 6,
            "prevalence": 0.000041,
            "cnames": [],
            "responseHashes": [
                "e3b0c44298fc1c149afbf4c8996fb92427ae41e4649b934ca495991b7852b855"
            ],
            "type": "Image",
            "firstPartyCookies": {},
            "firstPartyCookiesSent": {},
            "exampleSites": [
                "reviewjournal.com",
                "neon.reviewjournal.com",
                "pvtimes.com",
                "www.bangordailynews.com",
                "www.reviewjournal.com",
                "www.wral.com"
            ]
        }
    ],
    "categories": [],
    "performance": {},
    "cookies": 0.0000547,
    "topInitiators": [
        {
            "domain": "cdnpf.com",
            "prevalence": 0.3137254901960784
        },
        {
            "domain": "pubmatic.com",
            "prevalence": 0.17647058823529413
        },
        {
            "domain": "htlbid.com",
            "prevalence": 0.17647058823529413
        },
        {
            "domain": "first party",
            "prevalence": 0.1568627450980392
        },
        {
            "domain": "rubiconproject.com",
            "prevalence": 0.0784313725490196
        },
        {
            "domain": "bidsxchange.com",
            "prevalence": 0.0392156862745098
        },
        {
            "domain": "d3plfjw9uod7ab.cloudfront.net",
            "prevalence": 0.0392156862745098
        },
        {
            "domain": "reviewjournal.com",
            "prevalence": 0.0196078431372549
        }
    ],
    "types": {
        "Fetch": 15,
        "Image": 6
    },
    "nameservers": [
        "kiki.ns.cloudflare.com",
        "toby.ns.cloudflare.com"
    ]
}