{
    "domain": "bestcontentcost.top",
    "owner": {},
    "source": [
        "DuckDuckGo-US"
    ],
    "prevalence": 0.000369,
    "sites": 54,
    "subdomains": [
        "a"
    ],
    "cnames": [],
    "fingerprinting": 0,
    "resources": [
        {
            "rule": "bestcontentcost\\.top\\/loader",
            "cookies": 0,
            "fingerprinting": 0,
            "subdomains": [
                "a"
            ],
            "apis": {},
            "sites": 41,
            "prevalence": 0.00028,
            "cnames": [],
            "responseHashes": [
                "200415a8a5a2c4f642511c549a94099fdba330e9410de70059c4c2b4e4f09880",
                "9b9c3c4fd6ca9fa52a7e8d67393408609bbab1a42b2d355504936cd69ea37d09",
                "7f5e9452e8a9d9361bbf57dcfaafef18a2e95d8a305e0b25a10d45a52273a73b",
                "622b0899fdfe63f963846db0cca7b6bcb94a54ad6e0833504e3afee810e37102",
                "1d1c695ff990c5d985e1773a3bea73d044b1a33bb2555367c8bf1426e8da261f",
                "a76666971ee5179a0665dfc7aa43536d384e408ce0a0904cee474949519039c3",
                "07e69d8caf2f279b4e82361b8e837a265a7a7e37ad10da3ea2e634bc84e71551",
                "10a2784d66d3ca179f10195642ccac646b3c2710a67a015113ab01ada6264e98",
                "7d93d9b51bf880f536bdc1cde182a0fa9a51fe2cfff37db20933846c565c121d",
                "2c3e51d95cbbd3d15e3ef545cb74944fd34bddb5d918ba29338e75b1b97223c6",
                "5953e77119e95ac3e4af3f669abbf7f9c34fe6e49eb62f08a4b7eb323d5dd8d5",
                "c92a190352e2cf3d33394d6d4368b1d28c10112224c3becce8e56d25e13cbb18",
                "829b7303a182855caf7f28384e6d1ef8622a36c8b2aeea4233d673cecd14d91f",
                "1f1900f133f81d6fbbbfebb6e923ba388111d16e0f60b99bc61d119a991c3a12",
                "3a4b932eb7fbbddcb4a429486cdcb2e39df0e6c5db2d794424aa24c4201a03dc",
                "9ea573aff5358420bfb5e19a9cfd1694929b03f5f6655a602ba2157f53b7c955",
                "97a38867c3e6f0ba28db487ce92046e67371c4ed9bdb625741c7ecc31e48cfa3",
                "c99fff56c41f2639bb20f20a873f69e3601db438d8aee231f0d53dfd12344f5e",
                "54154a1480b43467d0caf09733fe87ebaa54dcc570ab957e452602624998e551",
                "32250d9ed1fe04c073b3f4f5f69669a6563ef8fe038f110dd4e48507574dfca8",
                "f9053a63e7ff79248916b7921d578a56a6329cd142c082d7eb7d5e3d562cb705",
                "c6ef7a3e37863cc61f938dd755a43de00528e7718cb8ecde5e5719f1c1dd3918",
                "d31f579a1308c4423c29124d0b6822e2432fcdff2adde927732b6cea1742d703",
                "f57a58ebce29ac0f174279e39a90ceac7d7a4bf72627c719f3812910afca3587",
                "fc6703ccad6518207797306b9526ab9dac86022e48ec1ce8d5badb35429cb307",
                "f40c8c0426b88bd9c8cabf346df5f5faec2cb2ad80549aa893bba798cef00e57",
                "6d8e1df643023b9060a1b0949fc1a524e7767028ae9087569fcc8bfd51ddea51",
                "cc8beac14e1f3879296aa0c16b273d1104a72b0dec1155a09cd500a4a0898847",
                "b529183da3ad1000443f9d35fcce0c7ebffd93652ca09b264f1d177fa79d203f",
                "f23225bd3df87bdff18c357345ba0ef53f2da98dfbb349be155dec4d4de170ad",
                "1d8d3e1eb3719fef844380b5b3a9077907cb35df6f4777568f41b5ae8b8dfbe2",
                "908ed6ea13f63345d16a52b69fa3b283325af2070a56b8fce5e255bd54d8672b",
                "96cf20485abfa768d748592fc5a9f248509d997a36912f48240ebc2f3cf57f33",
                "90f67086126d83e6ff40f793870558cae9a0d0a0c27a721ae8d5b77c6474a320",
                "d3cde0cfb241654dc5a6d31c9211f8d7e4cd84f9e3f6abfaa4b757a6450c3de6",
                "fe2f0c1afc4b9693276544461607b5185160044468e5a99382a32a6e39446aaa",
                "88473562cbd382ef96ee009ce64e14ab1dbfbd2d700da34500275cecea03c150",
                "6d1253b45279c62aec435dd1330ea03c5ac8a1a837f30eca1f62d6577e6f8053",
                "15568401b51cfb2343cd02fa2e054427970b26a62607bde87b4a663db20810b5",
                "b33f80638dbec3b1e5c2f6b636172f3ffabcf2ff7ef73c9bd4c61f398036c066"
            ],
            "type": "Document",
            "firstPartyCookies": {},
            "firstPartyCookiesSent": {},
            "exampleSites": [
                "alllatinapics.com",
                "hotmilfpics.com",
                "alloldpics.com",
                "bigtits.pics",
                "idealmilf.com",
                "exclusivemilf.com",
                "allasianpics.com",
                "sexybuttpics.com",
                "hdpornpics.com",
                "mature-lovers.com",
                "coedpictures.com",
                "idealmature.com",
                "crazysexpics.com",
                "247cumshots.com",
                "eroticjuggs.com",
                "chubbygirlpics.com",
                "analpics.com",
                "allpantypics.com",
                "wifesbank.com",
                "shemalepics.net"
            ]
        },
        {
            "rule": "bestcontentcost\\.top\\/warp\\/1787",
            "cookies": 0,
            "fingerprinting": 0,
            "subdomains": [
                "a"
            ],
            "apis": {},
            "sites": 12,
            "prevalence": 0.0000821,
            "cnames": [],
            "responseHashes": [
                "f51ce55df9b2b25b987c1136c7f8ba1b6543de48abd1e76e447f9276a254b735"
            ],
            "type": "Script",
            "firstPartyCookies": {},
            "firstPartyCookiesSent": {},
            "exampleSites": [
                "boymoviedome.com",
                "www.cuteboytube.com",
                "www.gayfuckporn.com",
                "www.gayfuckporn.tv",
                "www.gaypornarchive.com",
                "www.gayporno.tv",
                "www.gaypornplanet.com",
                "www.go-gaytube.com",
                "www.good-gay.com",
                "www.musclegayclips.com",
                "www.verygayboys.com",
                "www.xgaytube.tv"
            ]
        },
        {
            "rule": "bestcontentcost\\.top\\/warp\\/1781",
            "cookies": 0,
            "fingerprinting": 0,
            "subdomains": [
                "a"
            ],
            "apis": {},
            "sites": 3,
            "prevalence": 0.0000205,
            "cnames": [],
            "responseHashes": [
                "41769e0f1e466b7e9bfdcdcd41b1e7890cacb9af9717935cb2be6aa2cea24644"
            ],
            "type": "Script",
            "firstPartyCookies": {},
            "firstPartyCookiesSent": {},
            "exampleSites": [
                "goldgay.tv",
                "www.good-gay.com",
                "www.xgaytube.tv"
            ]
        }
    ],
    "categories": [],
    "performance": {},
    "cookies": 0,
    "topInitiators": [
        {
            "domain": "first party",
            "prevalence": 0.868421052631579
        },
        {
            "domain": "wolf-327b.com",
            "prevalence": 0.13157894736842105
        }
    ],
    "types": {
        "Document": 41,
        "Script": 15
    },
    "nameservers": [
        "olga.ns.cloudflare.com",
        "fred.ns.cloudflare.com"
    ]
}