{
    "domain": "bestcontentwork.top",
    "owner": {},
    "source": [
        "DuckDuckGo-US"
    ],
    "prevalence": 0.000267,
    "sites": 39,
    "subdomains": [
        "a",
        "cdn3"
    ],
    "cnames": [],
    "fingerprinting": 0,
    "resources": [
        {
            "rule": "bestcontentwork\\.top\\/loader",
            "cookies": 0,
            "fingerprinting": 0,
            "subdomains": [
                "a"
            ],
            "apis": {},
            "sites": 31,
            "prevalence": 0.000212,
            "cnames": [],
            "responseHashes": [
                "988f7982a840d6abe9f19e7743f01d0a98d46da49a910c60001ae31a7e81d3c1",
                "c2614d7a1c7aba256d323e28970cbe6994984b34663369fe5e6177225a0dd3f5",
                "8c4634af809de023cefd823a1a812a39642bbb8486b3f0c152493535dea210af",
                "a2fda530ec5e6448b12a4da9c5aca851d72de7cf911e8cb10d4761cd33846d0b",
                "6fe0c283f0da6e5ecf87588107df550b0d2baa91d37ea09f09be61847670205e",
                "bda3c82e90273080e2b2dbe46e6b5e37b03fe66ecb0cf80dff98258a3e32585b",
                "cd0a5a0185a8d230499ee7932f59647210737f42cc2d75ebf54b4bfb3be9cff6",
                "5b24b83baa46071ca52f060cc347ae41712ac2e294432e605a18ca063ea5f923",
                "f9c09ee071ad184f9188be1819ec113cd716d579a9ecd994cff25d757b25ebcf",
                "9ed83c925b4c875a427b1406747db2855da533d038be851ec99d871a0e9e5775",
                "c260ae7b0ea72c74ccd044ddc403a7a1e07822b0b4943683b2726c3b76d4721d",
                "1bce9e71bc46e08571fcd17024bbbc5c45bbabce0566fc5f6fda6a41250c5507",
                "ac2a3227c0a96e310faf554d213702d07a2568dd48b3b865e5e85c7b9f8cdd33",
                "209e01c3542145f36a7719da51b30be1d90e16b4ff360b5aa794a5586d6c6577",
                "d7eb70779e874e87d6c8ba5ebb4c203f8e4e3494a29c24c8060606e715dc68c7",
                "94f7ddfbd404a9470b948a3d76d6c932ab0765f220c444eb046d17d0b5a11e12",
                "4060b163993c598e70d58287af694f47a0aecb90b7710c0b5400f80df31c94ce",
                "187c3637a34d6b7cf4dcc99231977b116213de1a70f8a034a1b80eaa58f0893e",
                "f53de4f506aa48887264b291270b55916e9367ddd630a37e1929e22f2aa1c0ec",
                "06bab86f94341825a700e609999c58fb71a50f7d71d0aa815931ad7040058476",
                "9a4452f308c0f37de0fd4223a1e1c980f0dcc4adcc4bca1762c4ab24d547df3b",
                "5430c3908f3bd5a48a1285909168e9f59cc06725ef7886e59b174bf71d9b1385",
                "322fb1924b8a4baa4c95e766fb2227fcbd1e5d89a7cafcb54fe5bcc1f2c1056b",
                "551e48cb6fdff2054e5413509277756b1f7dd60812bc96e3f9f15af8b39a23c2",
                "dbc28c83ec7877b639bae764201f0c9d7e27511d00607008dd54dbad798bd08f",
                "8026347b650e61de9c54e9a6b626ec72903ecfe0036607fa71d48deaf2f00657",
                "a522728db99a5ad7566a5fa2e80df0c3d1c63606c4dd648d29280618016c167b",
                "bbff0372bb5956eac58274567b15a1f9912973637b39386f86d56ef52a2ffe8c",
                "6428eb1d2555d321aef24d599cbb789fd561d0205b7e8b5466529590eb155aa0",
                "be27ba34453ae68c5ee1b96f6a4046ed465b745b2cd1ba940a7093e4b290e236"
            ],
            "type": "Document",
            "firstPartyCookies": {},
            "firstPartyCookiesSent": {},
            "exampleSites": [
                "nudeasianpics.net",
                "www.gaypornplanet.com",
                "www.good-gay.com",
                "www.japanesepornpictures.com",
                "www.flashtranny.com",
                "www.musclegayclips.com",
                "www.gayfuckporn.com",
                "4kpornvideos.tv",
                "tape.xxx",
                "www.asianbabepics.com",
                "porn8.tube",
                "www.go-gaytube.com",
                "hqporn.xxx",
                "www.icetranny.com",
                "www.sexylatinapics.com",
                "www.veryladyboy.com",
                "www.goldgay.tv",
                "iceflix.tv",
                "sos.xxx",
                "www.fulltrannytube.com"
            ]
        },
        {
            "rule": "bestcontentwork\\.top\\/i",
            "cookies": 0,
            "fingerprinting": 0,
            "subdomains": [
                "a"
            ],
            "apis": {},
            "sites": 29,
            "prevalence": 0.000198,
            "cnames": [],
            "responseHashes": [
                "e3b0c44298fc1c149afbf4c8996fb92427ae41e4649b934ca495991b7852b855"
            ],
            "type": "Image",
            "firstPartyCookies": {},
            "firstPartyCookiesSent": {},
            "exampleSites": [
                "iceflix.tv",
                "www.trannytube.tv",
                "www.go-gaytube.com",
                "www.xgaytube.tv",
                "www.fulltrannytube.com",
                "tape.xxx",
                "nudeasianpics.net",
                "www.gaypornplanet.com",
                "www.boymoviedome.com",
                "www.musclegayclips.com",
                "porn8.tube",
                "4kpornvideos.tv",
                "www.icetranny.com",
                "www.asianbabepics.com",
                "www.verygayboys.com",
                "www.gayporno.tv",
                "www.shemaletube.tv",
                "www.good-gay.com",
                "www.gaypornarchive.com",
                "www.japanesepornpictures.com"
            ]
        },
        {
            "rule": "bestcontentwork\\.top\\/r",
            "cookies": 0,
            "fingerprinting": 0,
            "subdomains": [
                "a"
            ],
            "apis": {},
            "sites": 12,
            "prevalence": 0.0000821,
            "cnames": [],
            "responseHashes": [
                "e3b0c44298fc1c149afbf4c8996fb92427ae41e4649b934ca495991b7852b855"
            ],
            "type": "Image",
            "firstPartyCookies": {},
            "firstPartyCookiesSent": {},
            "exampleSites": [
                "hqporn.xxx",
                "iceflix.tv",
                "nudeasianpics.net",
                "porn8.tube",
                "sos.xxx",
                "www.asianbabepics.com",
                "www.flashtranny.com",
                "www.hotgaypornpics.com",
                "www.icetranny.com",
                "www.japanesepornpictures.com",
                "www.okporn.com",
                "www.veryladyboy.com"
            ]
        },
        {
            "rule": "bestcontentwork\\.top\\/02\\/48\\/321060\\/5481841\\.gif",
            "cookies": 0,
            "fingerprinting": 0,
            "subdomains": [
                "cdn3"
            ],
            "apis": {},
            "sites": 2,
            "prevalence": 0.0000137,
            "cnames": [],
            "responseHashes": [],
            "type": "Image",
            "firstPartyCookies": {},
            "firstPartyCookiesSent": {},
            "exampleSites": [
                "nudeasianpics.net",
                "www.veryladyboy.com"
            ]
        },
        {
            "rule": "bestcontentwork\\.top\\/02\\/48\\/321060\\/5481841\\.webp",
            "cookies": 0,
            "fingerprinting": 0,
            "subdomains": [
                "cdn3"
            ],
            "apis": {},
            "sites": 2,
            "prevalence": 0.0000137,
            "cnames": [],
            "responseHashes": [
                "5534ce30eed6ab230bf352c01803f70273af83f9c395f945340dd235cc58d66a"
            ],
            "type": "Image",
            "firstPartyCookies": {},
            "firstPartyCookiesSent": {},
            "exampleSites": [
                "nudeasianpics.net",
                "www.veryladyboy.com"
            ]
        },
        {
            "rule": "bestcontentwork\\.top\\/02\\/48\\/321060\\/5481848\\.gif",
            "cookies": 0,
            "fingerprinting": 0,
            "subdomains": [
                "cdn3"
            ],
            "apis": {},
            "sites": 3,
            "prevalence": 0.0000205,
            "cnames": [],