{
    "domain": "blocky-app.com",
    "owner": {},
    "source": [
        "DuckDuckGo-US"
    ],
    "prevalence": 0.000205,
    "sites": 30,
    "subdomains": [
        "app",
        "w"
    ],
    "cnames": [],
    "fingerprinting": 1,
    "resources": [
        {
            "rule": "blocky-app\\.com\\/get_script\\/",
            "cookies": 0,
            "fingerprinting": 1,
            "subdomains": [
                "app"
            ],
            "apis": {
                "window.localStorage": 18,
                "Navigator.prototype.userAgent": 12,
                "Date.prototype.getTime": 12
            },
            "sites": 19,
            "prevalence": 0.00013,
            "cnames": [],
            "responseHashes": [
                "925e8a3513e7993bcd81abb2ad800f6649cff2356bedc2ba0163f3aad3a8a77f",
                "924dcc3f6c322ae84fb5c19731ad269f1f7455c2ec46b5b0e5d52751db9e37e3",
                "a71a8852a33e1689d8ecec21b4ebe38e573f5efe78187352a8856c981c4c7e51",
                "e6564ea6c1c0ca8fe837c530e2c9b14ead3379a76eeeecb04ab13ba41edb2bcd",
                "8a44acd5a1f3ea99c2692af1cb94cda2b827a66f57f2aa5cf2c9c36b3d81d81b",
                "b2a9f8650de77f2dec18a5b0ae50782c5595ebce68b58340873dc7eeacd442a5",
                "a96a414db91c2e7b9a3c571fb05e968674d34f4bbbde58f53c23e6ada206aa00",
                "f5c2ce6d6931e822fe971c159f0827ee90ea805a20367801990905cd1a664cb6",
                "64086f153fb2de3e7a1767db621fdc908f9b2125712f5bb52faa483280a9e1b5",
                "cd136d124a21903e70f9675f771f054a5452f670a8670fb7a30b4f8c977ceba8",
                "f14b726d503cd50547f3f00b2aa1b82dbe6d3215cf4ba54e9bac32fc7eb1ecdb",
                "7fac392d605e196f5ac85b13c3a66118b23c8102c3fbc346814b2acbca63af72",
                "815b571a724578c21dde4a6b645e6a6b62417d9841a1e1b21cbe319dfbf36d1f",
                "20f010fa605df68f597b008b85e58304669432fe937d049b612f8a2bdbddc527",
                "018445712c9c4228e77e9e0bb9f340ecb5f57e529117c80dee896060cf4772a0",
                "7e986f434843c4a42f4ff8b9cff17bed769be0b884863514c5e5f02417c1182c",
                "e3b0c44298fc1c149afbf4c8996fb92427ae41e4649b934ca495991b7852b855",
                "d0897e00b8dfe36b2dd099b1b6284b6b02e85aef2f8759b60ba3abe35e6abc97"
            ],
            "type": "Script",
            "firstPartyCookies": {},
            "firstPartyCookiesSent": {},
            "exampleSites": [
                "audio46.com",
                "bluebonnetnutrition.com",
                "cpapx.com",
                "dmso.com",
                "doublewoodsupplements.com",
                "hydrobuilder.com",
                "lairdsuperfood.com",
                "maxandlily.com",
                "nightowlsp.com",
                "pandadrum.com",
                "plankandbeam.com",
                "plugable.com",
                "powerstep.com",
                "trdsf.com",
                "viaircorp.com",
                "www.gearaid.com",
                "www.indigowild.com",
                "www.kingstonbrass.com",
                "www.mountainside-medical.com"
            ]
        },
        {
            "rule": "blocky-app\\.com\\/li\\/407d34e2b8b511edbfb27e9a8cbe7451",
            "cookies": 0,
            "fingerprinting": 0,
            "subdomains": [
                "w"
            ],
            "apis": {},
            "sites": 2,
            "prevalence": 0.0000137,
            "cnames": [],
            "responseHashes": [
                "e3b0c44298fc1c149afbf4c8996fb92427ae41e4649b934ca495991b7852b855"
            ],
            "type": "XHR",
            "firstPartyCookies": {},
            "firstPartyCookiesSent": {},
            "exampleSites": [
                "bularmory.com",
                "www.usa.bularmory.com"
            ]
        }
    ],
    "categories": [],
    "performance": {},
    "cookies": 0,
    "topInitiators": [
        {
            "domain": "first party",
            "prevalence": 0.86
        },
        {
            "domain": "parastorage.com",
            "prevalence": 0.04
        },
        {
            "domain": "cloudflare.com",
            "prevalence": 0.04
        },
        {
            "domain": "rollbar.com",
            "prevalence": 0.02
        },
        {
            "domain": "cloudflareinsights.com",
            "prevalence": 0.02
        },
        {
            "domain": "jquery.com",
            "prevalence": 0.02
        }
    ],
    "types": {
        "Script": 19,
        "XHR": 2
    },
    "nameservers": [
        "roxy.ns.cloudflare.com",
        "aragorn.ns.cloudflare.com"
    ]
}