{
    "domain": "bngdin.com",
    "owner": {},
    "source": [
        "DuckDuckGo-US"
    ],
    "prevalence": 0.0000958,
    "sites": 14,
    "subdomains": [
        "i"
    ],
    "cnames": [],
    "fingerprinting": 1,
    "resources": [
        {
            "rule": "bngdin\\.com\\/promo\\.php",
            "cookies": 0,
            "fingerprinting": 1,
            "subdomains": [],
            "apis": {
                "Navigator.prototype.userAgent": 12
            },
            "sites": 12,
            "prevalence": 0.0000821,
            "cnames": [],
            "responseHashes": [
                "896880c0c57963bd9c8c7b13f573a2008de069724df5c5c3c33f7a13e88a0cac",
                "bd9d326d9448abd6e1464322d833b359bbd96a51880a133e9d873e79abd914d8",
                "becac585723c9d75dcf05ef8b507666f2f4094d352c30779b6ab361914a9fc86",
                "69c2553a89adff0d1b3338d9d14db017416999836e1aef2c3bf1491aac1a2168",
                "1daacb4a6438c3a0d65efb0d90b3d98fc3f470f88a6fcda06e2957db7f0900b6",
                "70db13e96b8f82b58497221f69266a57f6ec3abf8c5ded3c1ac886ff592afb50",
                "0f8d486e42446c4062d58fe6ce53f09dfe0e44ed8bf5d10718e1c15e02cc1dae",
                "0c105bf3fee7b4b5b36bfb1b46e55cf8185b4534fa1d8ae5869a86cf6f1abeba",
                "35f47b6f85fcb5298a8928123e80898670b0a1f7f10830582e343d1e710503bd",
                "e189be567a98b862319453cfc88aad129f04f34192cb2ad645e60bae98a4af5f"
            ],
            "type": "Document",
            "firstPartyCookies": {},
            "firstPartyCookiesSent": {},
            "exampleSites": [
                "18adultgames.com",
                "bombler.ru",
                "es.thisvid.com",
                "fappening.fun",
                "kiss18.net",
                "megavirt.com",
                "pornokinoshka.ru",
                "realpornblogger.com",
                "russiasexygirls.com",
                "www.amateurmasturbations.com",
                "www.ratedgross.com",
                "xcelebs.ru"
            ]
        },
        {
            "rule": "bngdin\\.com\\/dynamic_banner\\/jquery\\.tools\\.min\\.js",
            "cookies": 0,
            "fingerprinting": 1,
            "subdomains": [
                "i"
            ],
            "apis": {
                "Navigator.prototype.userAgent": 12,
                "Date.prototype.getTime": 12,
                "Navigator.prototype.plugins": 12
            },
            "sites": 12,
            "prevalence": 0.0000821,
            "cnames": [],
            "responseHashes": [
                "e666784dfb5c0770b088874d0217b90b7404d14bd6149843f3b5952b9a5f9197"
            ],
            "type": "Script",
            "firstPartyCookies": {},
            "firstPartyCookiesSent": {},
            "exampleSites": [
                "18adultgames.com",
                "bombler.ru",
                "es.thisvid.com",
                "fappening.fun",
                "kiss18.net",
                "megavirt.com",
                "pornokinoshka.ru",
                "realpornblogger.com",
                "russiasexygirls.com",
                "www.amateurmasturbations.com",
                "www.ratedgross.com",
                "xcelebs.ru"
            ]
        },
        {
            "rule": "bngdin\\.com\\/dynamic_banner\\/images\\/logo_white\\.svg",
            "cookies": 0,
            "fingerprinting": 0,
            "subdomains": [
                "i"
            ],
            "apis": {},
            "sites": 6,
            "prevalence": 0.000041,
            "cnames": [],
            "responseHashes": [
                "97e964132ac15666e2798b67ef4c6850cdea4831720b381d1cb12f659cf448b2"
            ],
            "type": "Image",
            "firstPartyCookies": {},
            "firstPartyCookiesSent": {},
            "exampleSites": [
                "18adultgames.com",
                "fappening.fun",
                "russiasexygirls.com",
                "www.amateurmasturbations.com",
                "www.ratedgross.com",
                "xcelebs.ru"
            ]
        },
        {
            "rule": "bngdin\\.com\\/dynamic_banner\\/images\\/lang_svg\\/american\\.svg",
            "cookies": 0,
            "fingerprinting": 0,
            "subdomains": [
                "i"
            ],
            "apis": {},
            "sites": 4,
            "prevalence": 0.0000274,
            "cnames": [],
            "responseHashes": [
                "05022c8a6851fd27a7c429e1cf4a1b7fda16c01deee43932bddcfc76c3dbcf1f"
            ],
            "type": "Image",
            "firstPartyCookies": {},
            "firstPartyCookiesSent": {},
            "exampleSites": [
                "18adultgames.com",
                "fappening.fun",
                "russiasexygirls.com",
                "www.ratedgross.com"
            ]
        },
        {
            "rule": "bngdin\\.com\\/dynamic_banner\\/images\\/lang\\/american\\.png",
            "cookies": 0,
            "fingerprinting": 0,
            "subdomains": [
                "i"
            ],
            "apis": {},
            "sites": 2,
            "prevalence": 0.0000137,
            "cnames": [],
            "responseHashes": [
                "063ea0ba10468d6bcd7fd91ea6e70d7bc690f4651207efcbb0f373c8fe5669a4"
            ],
            "type": "Image",
            "firstPartyCookies": {},
            "firstPartyCookiesSent": {},
            "exampleSites": [
                "bombler.ru",
                "es.thisvid.com"
            ]
        },
        {
            "rule": "bngdin\\.com\\/dynamic_banner\\/images\\/border_insta\\.svg",
            "cookies": 0,
            "fingerprinting": 0,
            "subdomains": [
                "i"
            ],
            "apis": {},
            "sites": 3,
            "prevalence": 0.0000205,
            "cnames": [],
            "responseHashes": [
                "068db852edee183ad9ce57a9083bde719def67ee45a212820ce8b1647f215d82"
            ],
            "type": "Image",
            "firstPartyCookies": {},
            "firstPartyCookiesSent": {},
            "exampleSites": [
                "bombler.ru",
                "kiss18.net",
                "pornokinoshka.ru"
            ]
        },
        {
            "rule": "bngdin\\.com\\/dynamic_banner\\/images\\/logo2_default\\.png",
            "cookies": 0,
            "fingerprinting": 0,
            "subdomains": [
                "i"
            ],
            "apis": {},
            "sites": 2,
            "prevalence": 0.0000137,
            "cnames": [],
            "responseHashes": [
                "f00e39e0be43ab596213d870bb0d5238def82e4ed14424c80a1938de004c3bc2"
            ],
            "type": "Image",
            "firstPartyCookies": {},
            "firstPartyCookiesSent": {},
            "exampleSites": [
                "thisvid.com",
                "xcelebs.ru"
            ]
        }
    ],
    "categories": [],
    "performance": {},
    "cookies": 0,
    "topInitiators": [
        {
            "domain": "first party",
            "prevalence": 0.8333333333333334
        },
        {
            "domain": "ajax.googleapis.com",
            "prevalence": 0.16666666666666666
        }
    ],
    "types": {
        "Document": 12,
        "Script": 12,
        "Image": 17
    },
    "nameservers": [
        "ns1.bng-ns.com",
        "ns2.bng-ns.com",
        "ns3.bng-ns.com",
        "ns4.bng-ns.com"
    ]
}