{
    "domain": "bossapps.co",
    "owner": {},
    "source": [
        "DuckDuckGo-US"
    ],
    "prevalence": 0.000123,
    "sites": 18,
    "subdomains": [
        "pre"
    ],
    "cnames": [],
    "fingerprinting": 1,
    "resources": [
        {
            "rule": "bossapps\\.co\\/js\\/script",
            "cookies": 0.0000958,
            "fingerprinting": 1,
            "subdomains": [
                "pre"
            ],
            "apis": {
                "window.localStorage": 12
            },
            "sites": 14,
            "prevalence": 0.0000958,
            "cnames": [],
            "responseHashes": [
                "61b1a14f4ed3032b607751d327cf4bc243ca883f1649fb7a93b655ac0aa6052d",
                "b1bef0ac81f3e65bcc9260eab13c3f570e2bff5400498edd053857677931ccd1",
                "6d6d206ac118cd5422f8938c3cc309d1c024359ff4c53568b14d33c43b93daa0",
                "750fcd96ee4644ac1ebf1dcd3166b1ac2d5d2010a5ad20ceb74794db70d61061",
                "b00723de5c413f207b369e3e82b2d52aab932ea5b9e461e70a1f0ba7dfcf7b65",
                "a7de9590efb8a2261c6d1f0f95f02de718d6fba64af97e7baa071342c3a10b48",
                "1bd99e0a46a672dcc9520c6b78e2ba42f34758d660b65137535739006ee33812",
                "2095e5e1524313d71a7550c14822a713805cdc9920d1dbbfa7d7ce4d0b207d67",
                "97bdeb33287c808504c97d6671d912cc780d411698184b03ba50ea14a6d23f87",
                "e8f14ddacade5ab75a1292b2d4e1971e43461859d9144d1be6ec2fc4cc1ae4c2",
                "9527d61adb94cb8a32b2c706f3d6da2ba50b09dc69b4c61a8dd364fac23f57ad",
                "f888ffb8e29c745265b789cf6d966549e422432250ef0a2249d1bad08f16e4fa",
                "ac6bcc9608a3f36cf785c7c48c6e480d2642c3876655b925599f359969c78d21"
            ],
            "type": "Script",
            "firstPartyCookies": {},
            "firstPartyCookiesSent": {},
            "exampleSites": [
                "energymuse.com",
                "gardenheir.com",
                "hayesbicycle.com",
                "southerntide.com",
                "spraygunner.com",
                "steamforged.com",
                "thedresswarehouse.com",
                "tosotdirect.com",
                "us.amazfit.com",
                "www.360cookware.com",
                "www.daierswitches.com",
                "www.herb-pharm.com",
                "www.namacbd.com",
                "www.popflexactive.com"
            ]
        },
        {
            "rule": "bossapps\\.co\\/api\\/js\\/amazfit-usa\\.myshopify\\.com\\/variants",
            "cookies": 0,
            "fingerprinting": 0,
            "subdomains": [
                "pre"
            ],
            "apis": {},
            "sites": 2,
            "prevalence": 0.0000137,
            "cnames": [],
            "responseHashes": [
                "4f53cda18c2baa0c0354bb5f9a3ecbe5ed12ab4d8e11ba873c2f11161202b945"
            ],
            "type": "Fetch",
            "firstPartyCookies": {},
            "firstPartyCookiesSent": {},
            "exampleSites": [
                "amazfit.com",
                "us.amazfit.com"
            ]
        },
        {
            "rule": "bossapps\\.co\\/api\\/js\\/popflex\\.myshopify\\.com\\/variants",
            "cookies": 0,
            "fingerprinting": 0,
            "subdomains": [
                "pre"
            ],
            "apis": {},
            "sites": 2,
            "prevalence": 0.0000137,
            "cnames": [],
            "responseHashes": [
                "93bf670eba17cd6b7f2ae93861408279155b2f5a8e7c036a3fd9e03ad13f7a3d"
            ],
            "type": "Fetch",
            "firstPartyCookies": {},
            "firstPartyCookiesSent": {},
            "exampleSites": [
                "popflexactive.com",
                "www.popflexactive.com"
            ]
        }
    ],
    "categories": [],
    "performance": {},
    "cookies": 0.000123,
    "topInitiators": [
        {
            "domain": "first party",
            "prevalence": 0.5625
        },
        {
            "domain": "shopify.com",
            "prevalence": 0.40625
        },
        {
            "domain": "yottaa.com",
            "prevalence": 0.03125
        }
    ],
    "types": {
        "Script": 14,
        "Fetch": 4
    },
    "nameservers": [
        "dns1.registrar-servers.com",
        "dns2.registrar-servers.com"
    ]
}