{
    "domain": "brainsland.com",
    "owner": {},
    "source": [
        "DuckDuckGo-US"
    ],
    "prevalence": 0.0000479,
    "sites": 7,
    "subdomains": [
        "b-cdn.do",
        "ingest.do"
    ],
    "cnames": [],
    "fingerprinting": 2,
    "resources": [
        {
            "rule": "brainsland\\.com\\/banalytics\\.js",
            "cookies": 0.000041,
            "fingerprinting": 2,
            "subdomains": [
                "b-cdn.do"
            ],
            "apis": {
                "Document.cookie getter": 6,
                "Date.prototype.getTime": 7,
                "Document.cookie setter": 6,
                "window.localStorage": 7,
                "Navigator.prototype.userAgent": 7,
                "Navigator.prototype.languages": 7,
                "window.innerWidth": 7,
                "Screen.prototype.width": 7,
                "Screen.prototype.height": 7,
                "Date.prototype.getTimezoneOffset": 7
            },
            "sites": 7,
            "prevalence": 0.0000479,
            "cnames": [],
            "responseHashes": [
                "1b27621d8bd93f1cb559096ed98a9360939e509c9f4bcbb386c8b947b79b5f33",
                "1e6e6a456c30a0bce5e3097c1ca3be5f208e051eb20c50018572d60bc19c977a",
                "522fb118b3c728d95c2a6db5c986b77c92a0b25b8ef88d43b3748114b7fa56fd",
                "4410d3db3a0f07356de52599ba06e96d3fe6a9cd046d14d26a7dde5bbf9e0ef3",
                "dc1f15a2780ef02677632cbf28a00ed116cd4a1eee6dc6d5fda577260a2beaf8",
                "d32fb82a04870e04be4adb2bcfcaf8e00c6d16507967152b4f2ccb72595baaa2"
            ],
            "type": "Script",
            "firstPartyCookies": {
                "_sksid": {
                    "ttl": 1810,
                    "length": 32,
                    "prevalence": 0.00004104528663291832,
                    "uniqueness": 1
                },
                "_sksl": {
                    "ttl": 1810,
                    "length": 68,
                    "prevalence": 0.00004104528663291832,
                    "uniqueness": 0.16666666666666666
                },
                "_blsdc": {
                    "ttl": 61724,
                    "length": 1,
                    "prevalence": 0.00004104528663291832,
                    "uniqueness": 0.16666666666666666
                },
                "_blswc": {
                    "ttl": 234525,
                    "length": 1,
                    "prevalence": 0.00004104528663291832,
                    "uniqueness": 0.16666666666666666
                },
                "_blsmc": {
                    "ttl": 1444124,
                    "length": 1,
                    "prevalence": 0.00004104528663291832,
                    "uniqueness": 0.16666666666666666
                },
                "js_skinit_id": {
                    "ttl": 1810,
                    "length": 32,
                    "prevalence": 0.00004104528663291832,
                    "uniqueness": 1
                },
                "_skulp": {
                    "ttl": 2678404,
                    "length": 13,
                    "prevalence": 0.00004104528663291832,
                    "uniqueness": 0.16666666666666666
                },
                "_blvdc": {
                    "ttl": 61725,
                    "length": 1,
                    "prevalence": 0.00004104528663291832,
                    "uniqueness": 0.16666666666666666
                },
                "_blvwc": {
                    "ttl": 234524,
                    "length": 1,
                    "prevalence": 0.00004104528663291832,
                    "uniqueness": 0.16666666666666666
                },
                "_blvmc": {
                    "ttl": 1444125,
                    "length": 1,
                    "prevalence": 0.00004104528663291832,
                    "uniqueness": 0.16666666666666666
                },
                "_skou": {
                    "ttl": 1810,
                    "length": 6,
                    "prevalence": 0.00004104528663291832,
                    "uniqueness": 0.16666666666666666
                },
                "_skouu": {
                    "ttl": 1810,
                    "length": 120,
                    "prevalence": 0.00004104528663291832,
                    "uniqueness": 1
                },
                "_skrc": {
                    "ttl": 30758404,
                    "length": 32,
                    "prevalence": 0.00004104528663291832,
                    "uniqueness": 1
                },
                "_skbid": {
                    "ttl": 30758404,
                    "length": 32,
                    "prevalence": 0.00004104528663291832,
                    "uniqueness": 1
                },
                "_blpvdc": {
                    "ttl": 61725,
                    "length": 1,
                    "prevalence": 0.00004104528663291832,
                    "uniqueness": 0.16666666666666666
                },
                "_blpvwc": {
                    "ttl": 234525,
                    "length": 1,
                    "prevalence": 0.00004104528663291832,
                    "uniqueness": 0.16666666666666666
                },
                "_blpvmc": {
                    "ttl": 1444124,
                    "length": 1,
                    "prevalence": 0.00004104528663291832,
                    "uniqueness": 0.16666666666666666
                }
            },
            "firstPartyCookiesSent": {},
            "exampleSites": [
                "hurriyet.com.tr",
                "t24.com.tr",
                "www.cnnturk.com",
                "www.fanatik.com.tr",
                "www.hurriyet.com.tr",
                "www.milliyet.com.tr",
                "www.sondakika.com"
            ]
        },
        {
            "rule": "brainsland\\.com\\/ingest",
            "cookies": 0,
            "fingerprinting": 0,
            "subdomains": [
                "ingest.do"
            ],
            "apis": {},
            "sites": 7,
            "prevalence": 0.0000479,
            "cnames": [],
            "responseHashes": [
                "6b86b273ff34fce19d6b804eff5a3f5747ada4eaa22f1d49c01e52ddb7875b4b"
            ],
            "type": "Fetch",
            "firstPartyCookies": {},
            "firstPartyCookiesSent": {},
            "exampleSites": [
                "hurriyet.com.tr",
                "t24.com.tr",
                "www.cnnturk.com",
                "www.fanatik.com.tr",
                "www.hurriyet.com.tr",
                "www.milliyet.com.tr",
                "www.sondakika.com"
            ]
        }
    ],
    "categories": [],
    "performance": {},
    "cookies": 0.000041,
    "topInitiators": [
        {
            "domain": "first party",
            "prevalence": 1
        }
    ],
    "types": {
        "Script": 7,
        "Fetch": 7
    },
    "nameservers": [
        "ns-467.awsdns-58.com",
        "ns-1154.awsdns-16.org",
        "ns-647.awsdns-16.net",
        "ns-1713.awsdns-22.co.uk"
    ]
}