{
    "domain": "byroundprince.com",
    "owner": {},
    "source": [
        "DuckDuckGo-US"
    ],
    "prevalence": 0.0000547,
    "sites": 8,
    "subdomains": [
        "obs",
        "ob"
    ],
    "cnames": [],
    "fingerprinting": 3,
    "resources": [
        {
            "rule": "byroundprince\\.com\\/ct",
            "cookies": 0.0000342,
            "fingerprinting": 0,
            "subdomains": [
                "obs"
            ],
            "apis": {},
            "sites": 6,
            "prevalence": 0.000041,
            "cnames": [],
            "responseHashes": [
                "198cea2277b01e76ca95ac72fa281e30de695f2dab42e73a5b14a177b0de23d5",
                "ace0a52ef54ab5b56a3a5e4f34669988ece4a3c6490a4f314df7cf5dcece5b40",
                "bf7b6318eb9922dc7e9a99180da5465ea5acbcc74c313ffa2f5428bc7d193292",
                "e3b0c44298fc1c149afbf4c8996fb92427ae41e4649b934ca495991b7852b855",
                "69579e38b8169717dca046c1aa3cc80bf007c9401d5977a578f9b0bb4df3b23b"
            ],
            "type": "Script",
            "firstPartyCookies": {},
            "firstPartyCookiesSent": {
                "_cq_duid": 0.00004104528663291832,
                "_cq_suid": 0.00004104528663291832,
                "ajs_anonymous_id": 0.00002052264331645916,
                "_ga": 0.00002052264331645916,
                "_li_dcdm_c": 0.000006840881105486387
            },
            "exampleSites": [
                "altex.ro",
                "angi.com",
                "homeadvisor.com",
                "www.angi.com",
                "www.discountfilters.com",
                "www.homeadvisor.com"
            ]
        },
        {
            "rule": "byroundprince\\.com\\/tracker\\/tc_imp\\.gif",
            "cookies": 0,
            "fingerprinting": 0,
            "subdomains": [
                "obs"
            ],
            "apis": {},
            "sites": 5,
            "prevalence": 0.0000342,
            "cnames": [],
            "responseHashes": [
                "f4eef8263281c0b26486637831251059757bc3fdc4c3a48045a8ef8646b36e8f"
            ],
            "type": "Image",
            "firstPartyCookies": {},
            "firstPartyCookiesSent": {},
            "exampleSites": [
                "altex.ro",
                "angi.com",
                "homeadvisor.com",
                "www.angi.com",
                "www.homeadvisor.com"
            ]
        },
        {
            "rule": "byroundprince\\.com\\/mon",
            "cookies": 0,
            "fingerprinting": 0,
            "subdomains": [
                "obs"
            ],
            "apis": {},
            "sites": 5,
            "prevalence": 0.0000342,
            "cnames": [],
            "responseHashes": [
                "e3b0c44298fc1c149afbf4c8996fb92427ae41e4649b934ca495991b7852b855"
            ],
            "type": "XHR",
            "firstPartyCookies": {},
            "firstPartyCookiesSent": {},
            "exampleSites": [
                "altex.ro",
                "angi.com",
                "homeadvisor.com",
                "www.angi.com",
                "www.homeadvisor.com"
            ]
        },
        {
            "rule": "byroundprince\\.com\\/i\\/2a43df2705705c1a7c0674988a9fc283\\.js",
            "cookies": 0.0000137,
            "fingerprinting": 3,
            "subdomains": [
                "ob"
            ],
            "apis": {
                "window.localStorage": 4,
                "Navigator.prototype.userAgent": 4,
                "Navigator.prototype.plugins": 4,
                "Navigator.prototype.platform": 4,
                "Document.cookie getter": 4,
                "Screen.prototype.colorDepth": 4,
                "Screen.prototype.pixelDepth": 4,
                "window.devicePixelRatio": 4,
                "Navigator.prototype.vendor": 4,
                "Navigator.prototype.connection": 4,
                "Navigator.prototype.webdriver": 4,
                "Navigator.prototype.permissions": 4,
                "Screen.prototype.availHeight": 4,
                "Screen.prototype.availWidth": 4,
                "Screen.prototype.width": 4,
                "Screen.prototype.height": 4,
                "Navigator.prototype.productSub": 4,
                "Navigator.prototype.mimeTypes": 4,
                "Navigator.prototype.product": 4,
                "Navigator.prototype.appName": 4,
                "Navigator.prototype.appCodeName": 4,
                "Navigator.prototype.deviceMemory": 4,
                "Navigator.prototype.maxTouchPoints": 4,
                "Navigator.prototype.keyboard": 4,
                "window.screenTop": 4,
                "window.screenLeft": 4,
                "window.outerWidth": 4,
                "window.outerHeight": 4,
                "window.innerWidth": 4,
                "window.innerHeight": 4,
                "Performance.prototype.memory": 4,
                "Navigator.prototype.hardwareConcurrency": 4,
                "Intl.DateTimeFormat.prototype.resolvedOptions": 4,
                "window.name": 4,
                "Navigator.prototype.onLine": 3,
                "WebGLRenderingContext.prototype.getExtension": 4,
                "WebGLRenderingContext.prototype.getParameter": 4,
                "WebGLRenderingContext.prototype.getSupportedExtensions": 4,
                "HTMLCanvasElement.prototype.toDataURL": 4,
                "window.indexedDB": 4,
                "window.matchMedia(\"prefers-color-scheme\")": 4,
                "PerformanceTiming.prototype.navigationStart": 4,
                "Notification.permission": 4,
                "Navigator.prototype.doNotTrack": 4,
                "Screen.prototype.orientation": 4,
                "Date.prototype.getTime": 4,
                "Date.prototype.getTimezoneOffset": 4,
                "window.sessionStorage": 4,
                "Navigator.prototype.getBattery": 4,
                "Navigator.prototype.mediaDevices": 4,
                "MediaDevices.prototype.enumerateDevices": 4,
                "URL.createObjectURL": 4,
                "speechSynthesis.__proto__.getVoices": 4,
                "Screen.prototype.availTop": 2,
                "Screen.prototype.availLeft": 2,
                "Document.cookie setter": 2,
                "Navigator.prototype.languages": 1
            },
            "sites": 4,
            "prevalence": 0.0000274,
            "cnames": [],
            "responseHashes": [
                "a75c1b6c120100d5af010ed01007f8b34f9c6bea72f283e546c4135561ed0d61"
            ],
            "type": "Script",
            "firstPartyCookies": {
                "_cq_duid": {
                    "ttl": 7884007,
                    "length": 29,
                    "prevalence": 0.000013681762210972774,
                    "uniqueness": 1
                },
                "_cq_suid": {
                    "ttl": null,
                    "length": 29,
                    "prevalence": 0.000013681762210972774,
                    "uniqueness": 1
                }
            },
            "firstPartyCookiesSent": {},
            "exampleSites": [
                "angi.com",
                "homeadvisor.com",
                "www.angi.com",
                "www.homeadvisor.com"
            ]
        },
        {
            "rule": "byroundprince\\.com\\/i\\/b0667e487ffd23898f787b596c2009aa\\.js",
            "cookies": 0.0000137,
            "fingerprinting": 3,
            "subdomains": [
                "ob"
            ],
            "apis": {
                "window.localStorage": 2,
                "Navigator.prototype.userAgent": 2,
                "Document.cookie getter": 2,
                "Navigator.prototype.plugins": 2,
                "Navigator.prototype.platform": 2,
                "Navigator.prototype.onLine": 2,
                "Navigator.prototype.languages": 2,
                "Date.prototype.getTime": 2,