{
    "domain": "caroda.io",
    "owner": {},
    "source": [
        "DuckDuckGo-US"
    ],
    "prevalence": 0.00013,
    "sites": 19,
    "subdomains": [
        "publisher",
        "ads",
        "api",
        "data"
    ],
    "cnames": [],
    "fingerprinting": 2,
    "resources": [
        {
            "rule": "caroda\\.io\\/videoPlayer\\/caroda\\.min\\.js",
            "cookies": 0,
            "fingerprinting": 1,
            "subdomains": [
                "publisher",
                "ads"
            ],
            "apis": {
                "Navigator.prototype.userAgent": 3,
                "window.localStorage": 3
            },
            "sites": 19,
            "prevalence": 0.00013,
            "cnames": [],
            "responseHashes": [
                "c8f2d92e5892eb48f6ed209c5fe91565bbe3530600d7a9b4125af08ec4283067",
                "0d57b9dbb1eef3f04847d20dd3f5f04c7b8fc2ab15bb78fc8650b3533192912e",
                "70ecd0113273db227cfff91824d5ede8a876998c7c84a1f4d53d007530610ec9",
                "3ac4466d8fed48a5f2bcd1b906bfeec24a8745a3eb9ad83639bbf8eee677c185",
                "e0095a3da0a0d8bd347993db4a7bae97604671177b7abadd870d95d22a1be8fe",
                "7faa9b593a3c70e6b364a98319a7247227a8abb8179e6f143404563260384b33",
                "157485fd132b822e49c7de6a1f6cf09076aa3168710f2766894cf9c20bb48475",
                "8be652c3a08bb5b60f1fe89f7ebaf1c07e3c660fffa6881289f92b2c4b78fd44",
                "07c816798a9f79cc539d4910f46324c8173a67ce2e0242a5432858ac83f3fb7c",
                "eda07968aa578e6c81ffbc7287f350f6895d9270feaa4b30f802142e9671d3ed",
                "ae2d9b2f4bc037d63cbac7369319acf94fb69559bfd2e74c0ec949213ff5f17b",
                "024206f8eefedcac9f64e93c6593b23a33851b1f66285a65b1ecea8841fc47f7",
                "569521a6f8ffd2d566e12707f94921ed0ddb27fa32af98684b75fb06ee0cf33c"
            ],
            "type": "Script",
            "firstPartyCookies": {},
            "firstPartyCookiesSent": {},
            "exampleSites": [
                "topky.sk",
                "m.topky.sk",
                "rejstrik.penize.cz",
                "www.blesk.cz",
                "www.csfd.cz",
                "www.csfd.sk",
                "www.dcnews.ro",
                "www.e15.cz",
                "www.elnuevodia.com",
                "www.lrytas.lt",
                "www.meteocentrum.cz",
                "www.modrykonik.sk",
                "www.parlamentnilisty.cz",
                "www.penize.cz",
                "www.primerahora.com",
                "www.realitatea.net",
                "www.recepty.cz",
                "www.topky.sk",
                "zpravy.aktualne.cz"
            ]
        },
        {
            "rule": "caroda\\.io\\/targetingProfile\\.json",
            "cookies": 0,
            "fingerprinting": 0,
            "subdomains": [
                "api"
            ],
            "apis": {},
            "sites": 17,
            "prevalence": 0.000116,
            "cnames": [],
            "responseHashes": [
                "64e1c64e04ccc89ca50d0f83eb070a84bce5abd1afc5bc7a02c777cc695ff08b"
            ],
            "type": "Fetch",
            "firstPartyCookies": {},
            "firstPartyCookiesSent": {},
            "exampleSites": [
                "topky.sk",
                "rejstrik.penize.cz",
                "www.blesk.cz",
                "www.csfd.sk",
                "www.csfd.cz",
                "www.dcnews.ro",
                "www.e15.cz",
                "www.elnuevodia.com",
                "www.lrytas.lt",
                "www.meteocentrum.cz",
                "www.parlamentnilisty.cz",
                "www.penize.cz",
                "www.primerahora.com",
                "www.realitatea.net",
                "www.recepty.cz",
                "www.topky.sk",
                "zpravy.aktualne.cz"
            ]
        },
        {
            "rule": "caroda\\.io\\/videoPlayer\\/v\\/0499cbacb0a7688f60101c1dda848ca16361726f64612d323032352d30382d31325431343a33353a30322e3237315a\\/s\\/2\\/static\\.min\\.js",
            "cookies": 0,
            "fingerprinting": 2,
            "subdomains": [
                "ads"
            ],
            "apis": {
                "Navigator.prototype.userAgent": 17,
                "window.indexedDB": 17,
                "window.localStorage": 17,
                "Navigator.prototype.webdriver": 17,
                "Navigator.prototype.languages": 17,
                "window.innerHeight": 10,
                "Date.prototype.getTime": 11,
                "window.innerWidth": 3,
                "URL.createObjectURL": 1
            },
            "sites": 17,
            "prevalence": 0.000116,
            "cnames": [],
            "responseHashes": [
                "245f3602dd89d7e506a6f95dc68c1c7058c118d62ac964574ff66dd54ffa25c8"
            ],
            "type": "Script",
            "firstPartyCookies": {},
            "firstPartyCookiesSent": {},
            "exampleSites": [
                "topky.sk",
                "rejstrik.penize.cz",
                "www.blesk.cz",
                "www.csfd.sk",
                "www.csfd.cz",
                "www.dcnews.ro",
                "www.e15.cz",
                "www.elnuevodia.com",
                "www.lrytas.lt",
                "www.meteocentrum.cz",
                "www.parlamentnilisty.cz",
                "www.penize.cz",
                "www.primerahora.com",
                "www.realitatea.net",
                "www.recepty.cz",
                "www.topky.sk",
                "zpravy.aktualne.cz"
            ]
        },
        {
            "rule": "caroda\\.io\\/videoPlayer\\/v\\/0499cbacb0a7688f60101c1dda848ca16361726f64612d323032352d30382d31325431343a33353a30322e3237315a\\/s\\/2\\/contentPlayer\\.min\\.js",
            "cookies": 0,
            "fingerprinting": 2,
            "subdomains": [
                "ads"
            ],
            "apis": {
                "window.innerHeight": 3,
                "window.innerWidth": 3,
                "Date.prototype.getTime": 3,
                "MediaSource.isTypeSupported": 3,
                "Event.prototype.timeStamp": 2
            },
            "sites": 4,
            "prevalence": 0.0000274,
            "cnames": [],
            "responseHashes": [
                "24ca16ce30f1a0b7fbcbc47f77442d1a5aa171e41d629efa3c935ee661734998"
            ],
            "type": "Script",
            "firstPartyCookies": {},
            "firstPartyCookiesSent": {},
            "exampleSites": [
                "topky.sk",
                "rejstrik.penize.cz",
                "www.penize.cz",
                "www.topky.sk"
            ]
        },
        {
            "rule": "caroda\\.io\\/api\\/hit\\.gif",
            "cookies": 0,
            "fingerprinting": 0,
            "subdomains": [
                "data"
            ],
            "apis": {},
            "sites": 12,
            "prevalence": 0.0000821,
            "cnames": [],
            "responseHashes": [
                "cbd100d7cdab80ff21d2b11415e4d289beb2560bf07960915286afbeb5460c12"
            ],
            "type": "Image",
            "firstPartyCookies": {},
            "firstPartyCookiesSent": {
                "lotame_domain_check": 0.000013681762210972774
            },
            "exampleSites": [
                "topky.sk",
                "m.topky.sk",
                "rejstrik.penize.cz",
                "www.dcnews.ro",
                "www.lrytas.lt",
                "www.meteocentrum.cz",
                "www.parlamentnilisty.cz",
                "www.primerahora.com",
                "www.realitatea.net",
                "www.recepty.cz",
                "www.topky.sk",
                "zpravy.aktualne.cz"
            ]
        },
        {
            "rule": "caroda\\.io\\/videoPlayer\\/v\\/0499cbacb0a7688f60101c1dda848ca16361726f64612d323032352d30382d31325431343a33353a30322e3237315a\\/s\\/default\\/prebid\\.min\\.js",