{
    "domain": "catalogsites.net",
    "owner": {},
    "source": [
        "DuckDuckGo-US"
    ],
    "prevalence": 0.0000616,
    "sites": 9,
    "subdomains": [
        "lppool"
    ],
    "cnames": [],
    "fingerprinting": 0,
    "resources": [
        {
            "rule": "catalogsites\\.net\\/lf",
            "cookies": 0,
            "fingerprinting": 0,
            "subdomains": [
                "lppool"
            ],
            "apis": {},
            "sites": 9,
            "prevalence": 0.0000616,
            "cnames": [],
            "responseHashes": [
                "272332286d25eb3a6520165b928a5bc52f45810c65f5fad75e7a4ac036a5a69d",
                "b28a42a03b1bf1d589f3a0219d966215a2894cb5a37cdf9dc40a6bfdddccd409",
                "805493c07db6c8e7eabf198d80961511a30193bfa8a5ba0bef6478736c17398f",
                "9bcf34f7ca0952d9c5dba65823a1800bcc6bfd89c5329a0c04f726199934a5c3",
                "ce4651a613a23bdf035a2deb2ff2ef9ae2e42dbf69c58805e178571aa58fc950",
                "49c0c7dedd182060f70dd1969ef4d09703899e46309f2157def6c4673ea7c082",
                "5539a45d839c48d3757fcdbf3e590c0a9662e90dd7a60e498f9bf8a272715b92"
            ],
            "type": "Image",
            "firstPartyCookies": {},
            "firstPartyCookiesSent": {},
            "exampleSites": [
                "cuddledown.com",
                "northstyle.com",
                "www.chadwicks.com",
                "www.countrystorecatalog.com",
                "www.cuddledown.com",
                "www.magellans.com",
                "www.northstyle.com",
                "www.signals.com",
                "www.travelsmith.com"
            ]
        }
    ],
    "categories": [],
    "performance": {},
    "cookies": 0,
    "topInitiators": [
        {
            "domain": "first party",
            "prevalence": 0.8872180451127819
        },
        {
            "domain": "unbxdapi.com",
            "prevalence": 0.11278195488721804
        }
    ],
    "types": {
        "Image": 9
    },
    "nameservers": [
        "ns4.p201.dns.oraclecloud.net",
        "ns3.p201.dns.oraclecloud.net",
        "ns1.p201.dns.oraclecloud.net",
        "ns2.p201.dns.oraclecloud.net"
    ]
}