{
    "domain": "cctm.xyz",
    "owner": {},
    "source": [
        "DuckDuckGo-US"
    ],
    "prevalence": 0.00026,
    "sites": 38,
    "subdomains": [
        "250958",
        "390653",
        "395957",
        "379706",
        "364508",
        "99194",
        "211091",
        "130064",
        "201518",
        "490388",
        "68066",
        "100643",
        "494255",
        "462689",
        "401450",
        "257819",
        "366635",
        "471884",
        "394583",
        "127832",
        "93971",
        "468737",
        "402218",
        "92102",
        "403802",
        "471518",
        "493514",
        "208169",
        "401186",
        "475178",
        "386834"
    ],
    "cnames": [],
    "fingerprinting": 1,
    "resources": [
        {
            "rule": "cctm\\.xyz\\/t\\.js",
            "cookies": 0.000205,
            "fingerprinting": 1,
            "subdomains": [
                "250958",
                "390653",
                "395957",
                "379706",
                "364508",
                "99194",
                "211091",
                "130064",
                "201518",
                "490388",
                "68066",
                "100643",
                "494255",
                "462689",
                "401450",
                "257819",
                "366635",
                "471884",
                "394583",
                "127832",
                "93971",
                "468737",
                "402218",
                "92102",
                "403802",
                "471518",
                "493514",
                "208169",
                "401186",
                "475178"
            ],
            "apis": {
                "Navigator.prototype.userAgent": 23,
                "window.localStorage": 23,
                "Date.prototype.getTime": 23,
                "Document.cookie getter": 21,
                "Document.cookie setter": 21,
                "window.innerWidth": 6,
                "window.innerHeight": 6
            },
            "sites": 30,
            "prevalence": 0.000205,
            "cnames": [],
            "responseHashes": [
                "01ba4719c80b6fe911b091a7c05124b64eeece964e09c058ef8f9805daca546b",
                "9e18e123414af22212e1cdbf43bc84e2fa0d3bc2f4fb68c8cc581c7d7a8b1a81",
                "f49b86c90abd230e20a492053ccdf1407cb649980a9f47471573d49e1099c70b",
                "c4b4217c1ae8cba4fc0f7a6595550332945b715a234eaccbd12c9414acdf9e69",
                "72e22684812ae451c6667c8db2a0df890187a40a7eaf07df5b7a19858baa249c",
                "e44cf27bc2fae9035a9dd36b8a820396baf72031f0b892a99b09d7ef1978a35c",
                "6e7afb17394f24da9f269b99ef83c254e73b81b5e22da06ecc2d6c1ab6532257",
                "4dd3986ffd5f768bc5b37d4a25f834fa75b1e0ac245053389ac53c66a94bc879",
                "48451dd08abb1c756112d25a26f09a1b72dadbbe4679fabdaff550b3ebb74e67",
                "591625fa90bd4e78de816744d19633f8ee282f28290d8f4abac11cbf8eb8ad73",
                "baab011238463e80ba4a90e9ec55fe50f056c5e6a5c7aa72ef5eefd022b2af33",
                "0e6e90e58eaac626b07dabc3f09b1c56c3cf72dfa9d22bece249fa514fd91407",
                "0943287f030d66d4463d48dc263a4f83c0d9a09da7899507e605917604781204",
                "07a2425b373ca0579155ab009f9125f65dcde49b463d00fbf3b526e58518fb20",
                "b9b1f1aab1cd5a500af35e94a648e2a6fd84731f9ee83ccc1587c1faaed698d1",
                "252749375879e3695f5815f871d495b2816a5468f8a1acc991832aba76c1ea3a",
                "4c76f12150c324b8cf758ff235e9851d810f5995c32f48555faa9755ff0a6776",
                "44ca5a01b8074981c9cad43aa79744be7f0dc1b721bb2df7ebf282181eedcbf4",
                "d194ff1a9699f6cd1ab943c27906017d658789755f7019b1dfa9851691a102b2",
                "d83cd3527355d661e41f6f94d0fa86d664c32b810ee5293aa157e08e09c7911a",
                "d76e92d1da8a79b6001456b1918f3cd843a66db16ea7d4c1801e523235f40ca2",
                "15f5b362aa8b0b651f2fcda7514eb9813168f1c37ae1951fc6229954d39c9971",
                "31358f0698f290b7faf35390f90e3ad2f067ce8392697f7dbdd8fcf09e7cea38",
                "889dd816b0231ef8b50693c0af44e77b7b2fa47040425743c38f085b461ccd83"
            ],
            "type": "Script",
            "firstPartyCookies": {
                "__ctmid": {
                    "ttl": 2592005,
                    "length": 24,
                    "prevalence": 0.0001436585032152141,
                    "uniqueness": 1
                },
                "_cl_540": {
                    "ttl": 46656004,
                    "length": 25,
                    "prevalence": 0.000006840881105486387,
                    "uniqueness": 1
                }
            },
            "firstPartyCookiesSent": {},
            "exampleSites": [
                "premiaspine.com",
                "www.suffolkcu.org",
                "reverse.mortgage",
                "www.allergypartners.com",
                "tileredi.com",
                "shop.usaclean.com",
                "uswatersystems.com",
                "www.sullivantire.com",
                "akumin.com",
                "www.greenbuildingsupply.com",
                "countrylifefoods.com",
                "www.americanboardcosmeticsurgery.org",
                "www.diverightinscuba.com",
                "greenhealthdocs.com",
                "thetrailerpartsoutlet.com",
                "www.visitthenorthshore.com",
                "www.viewrail.com",
                "www.bartlett.com",
                "www.allied.com",
                "www.steamboatsprings.net"
            ]
        },
        {
            "rule": "cctm\\.xyz\\/p\\.js",
            "cookies": 0.0000684,
            "fingerprinting": 0,
            "subdomains": [
                "250958",
                "364508",
                "99194",
                "130064",
                "201518",
                "68066",
                "100643",
                "494255",
                "386834",
                "366635",
                "93971"
            ],
            "apis": {},
            "sites": 11,
            "prevalence": 0.0000752,
            "cnames": [],
            "responseHashes": [
                "f9e87195d02eae3e0dd589368024bbd9903c69b3fb73b2653aac75fcf3aa3e42",
                "8e6b14f683bb919d3b5c6ef8d0019a37b5e9c3fd5e11ad1f747903775837ed75",
                "bc3939ef62fc694d959d9645b046c44b769194089befb72959e085bfeeb05349",
                "fcfcb7df21dc90ba870741dffc1b187381b742081606eb82b4f2e9dad9f2a0a9",
                "08f0a8225052524479b7b519131752cb11799f9d2af68290102d46680f2ccd7f",
                "e4b584e98ee967efa7ce0fb66ab80c71abe1fe279158f77a08befe60e6c18ed3",
                "fdf7d527a12ce273d9edd6d3b67614380edb793fa2ae8588c3e254db660d5540",
                "b286102b83daaa0a623e8a753262f4ac498955d9c9cb8861cfb29623f8dc69da",
                "4537cdcfb46d2f53a50d7b1dc3b6e7f080eafcad380f48d1fd721b673a41a323",
                "e3b0c44298fc1c149afbf4c8996fb92427ae41e4649b934ca495991b7852b855"
            ],
            "type": "Script",
            "firstPartyCookies": {},
            "firstPartyCookiesSent": {
                "__ctmid": 0.00007524969216035026
            },
            "exampleSites": [
                "akumin.com",
                "premiaspine.com",
                "reverse.mortgage",
                "thetrailerpartsoutlet.com",
                "tileredi.com",
                "usaindustries.com",
                "uswatersystems.com",
                "www.allergypartners.com",
                "www.arkbh.com",
                "www.bostonmedicalgroup.com",
                "www.nsastorage.com"
            ]
        },
        {
            "rule": "cctm\\.xyz\\/x\\.json",
            "cookies": 0,
            "fingerprinting": 0,
            "subdomains": [
                "364508",
                "130064",
                "201518",
                "68066",
                "100643",
                "366635"
            ],