{
    "domain": "channelexco.com",
    "owner": {},
    "source": [
        "DuckDuckGo-US"
    ],
    "prevalence": 0.000623,
    "sites": 91,
    "subdomains": [
        "p",
        "s-20",
        "s-111",
        "s-23",
        "s-11",
        "s-02",
        "s-02-stage",
        "s-113",
        "s-09",
        "s-14",
        "s-114",
        "s-10",
        "s-24",
        "s-107",
        "s-08",
        "s-108",
        "s-109",
        "s-22",
        "s-07",
        "s-106",
        "s-15",
        "s-25",
        "s-117",
        "s-01",
        "e",
        "a"
    ],
    "cnames": [],
    "fingerprinting": 0,
    "resources": [
        {
            "rule": "channelexco\\.com\\/player\\/player\\.js",
            "cookies": 0.000561,
            "fingerprinting": 0,
            "subdomains": [
                "p"
            ],
            "apis": {},
            "sites": 82,
            "prevalence": 0.000561,
            "cnames": [],
            "responseHashes": [
                "32cf7d136e5b677773fd2327e9fff5e023037ffdb9a845f933772d908542b8b4",
                "a2a34e9955e90d61cc8721e72c83f2c5c7b14a114badad8caff0263e48aba9a9",
                "9269b2f8d30332540b02dcf15ff7c8db20e6346e9b5ebe3310665335804e15c0",
                "0f2975df573cbce342df314e8e6b9c12f9c55e73c7cc43aae16ec1eea1e7c6a9",
                "8918286351835d6b9dc2345280df74cd07cdd3a1aaaa5754c560793ce573f30a",
                "d907f7d59a0fbb76575f4a269ddd2022107cb2a08b5d3c7c11836784d73bf0a8",
                "4c98b14200c7a6cc4ca4fae203a5aec08c5d6271d8751fd57ae9baa0e436f339",
                "e9ced95c5c9ff528f81b2212d91cf3e41928535331494f1da3e5e827bad0f759",
                "3459fc6340567a66c73c84896432216115e34307c6f5b3f2e245b79aa088873d",
                "23b7139f31e90d6a5e8a1f1094185626a5f980e96869d940d66e3acddd7709b8",
                "d05258f18acd38189c767675790db9d79f5f54316eab015b1b380456e20b5a17",
                "9c3e7276e2a9eeadcd1b61b6e225cf40fa04ba85cb85e9ad2b9b4c1308a26289",
                "cade7d436e3b6d34667f719ad18343294b2e7c8728fd9a635fcc13eb9680ef29",
                "a4f312558c2dab9f262d655662077de327c5830faf3f707b238d7b176bcc592f",
                "55f4b67e8d55fdc25d24af6242dd867ebf8f06176965e34a3f98964a958bf716",
                "2349910ebab9ef96b6ecc8385ca0933c670c4921526794472ba2cc28c73f20ca",
                "96cf528ae01be7cb3b590934a396da25ebe1f50a10ce8edbeac37ad7f72572c9",
                "c2d853dabed4655036f39606d27a4d8d8d174f207d4083d9deb09bd8661c6b05",
                "833ec40101c146888f5fcff1ef5ed01171176ab4cff8f50e9ce3a267e5313d8a",
                "73054c33298bcdf8924421347a604f958af496e94a2aefd3e84374ee7b7f4c47",
                "fceeed0e56246a58425a962b1b690605db13167c7144a359405858075fdc47fb",
                "a885033ce73a2dd869669a08518b7e439e83426d84e72b00da98762b0bc582db",
                "e910341ba0e6532251a0b08321ec4a2034313d3f4f917d8bf04edd2e585686ea",
                "68b8dd48c76139e2bb13545e059e725de6344571fc5a65ee6bbb25391d53e591",
                "10017af0292bef787f7a6b17de9c3f0da1c469a76afc524b2698cc85ace3044c",
                "91941ffd0a9a1d98babfb094d0449e43aa24f42a0da5192c995e0289811a433e",
                "8946b7f9772358bcd289dc0ac8845252515a2155e93672f08dabbf1fbd568e6f",
                "2e24dd4e906a902ff8d42f66e7cc4f8013c155f74f021afd89e97a7124940a6c",
                "5fb7b2535e35d9452c833ed50e68536c0516e4c8e3e6ab86c657cc13d7292a18",
                "c462a11415332767de12fd218b9c2647b6fe3d2e7779bbebe2d52b3a8cca57c6",
                "d89a3d773030cb3d8f3832e9b490a7c20c4c90162908f9fdadaeb2c1181b322d",
                "4d24e1d1b37ae0dea33d7d982f8408f1cac2e37c29997a8e7df3bc586198799c",
                "eafb58bb9e27aaa0a00798d9884a60a250e01905522283f53b0cea40b3fbd08b",
                "307bce0cf6e9203588881c76078e5d41872d5bd77bc46641e6857a37fc151acf",
                "5cb03705073243da22133a85c7b19e2585a7c9b03aebdc881841890f33c3e383",
                "8636d84bf785ba59bdfc522f77990157651e75ee7974778416afbacb4452f369",
                "1308bf9aa591474f89a7d49babd3a9f503fffcb091d4cbef43131623533e054d",
                "34c54147149765752a67f5c23a18a4dd5e6d56a966982f299a4f4ac9cffcdb63",
                "111aa74c09918d55306df6f7b966de585dc04357bcffa41e94a820315835b0c1",
                "03154a34aa4c2f643f17eab1c38779e788e48fc70dc07e516ce8e4c594c8ea46",
                "5f44d4a60fe8665d5f34c579e7684a6e846cf4224ff309ac9c946f4201a4456b",
                "d697fd6c2eaafaed01ecc40056d23ff54c42e1722345ae93f31f36504dc4906f",
                "108e3554700f62fd2138e888dd56171539005d60b48b52bfe1c79faacc35db1a",
                "d39548abd0e22c8d044806e9bf193738336dff0bf056475a8a3fdee08329282c",
                "50736cdf139dd779f27c60e315b2097e7d98c97564bc9b904976f61a2f5cf1e8",
                "7587f520dcd3b82f72e91029da70c2475991f9cddfcdcf7a253e8b213b912b4d",
                "7a19eba8de0b527b92c5ca9212d140cb126c7282b578d85431895235884b7fe7",
                "57566d34089752f5c85d24c2744fb5fc8724d127757cb32d2cbf5ff044df730b",
                "3f76ed605cfefbdca3a2f86d8905edf8463533fca2445af3802b082471d177e0",
                "efc4a257eda34ca24dfcf190ce0daf84c05b80be84059982a743e5781385e1ef",
                "1256cd48ae58e7b309d6a924462479b3edf8c3c95a111c02e93f24e48d0cd703",
                "907f1caf42a7a591edbda2c4b854221ca97f1ca3e9fb5c0c51453c60a85293d1",
                "4cd780fe891294f036747e6b66c5375fe55b6b52ce53054cea986a53bd706508"
            ],
            "type": "Fetch",
            "firstPartyCookies": {},
            "firstPartyCookiesSent": {
                "fourdayvisitor": 0.000006840881105486387,
                "__pid": 0.00023943083869202352,
                "_li_dcdm_c": 0.000034204405527431934,
                "lotame_domain_check": 0.00021206731427007798
            },
            "exampleSites": [
                "mashable.com",
                "www.pcmag.com",
                "www.sporcle.com",
                "www.lonestarlive.com",
                "www.laprensa.hn",
                "www.a24.com",
                "www.gazette-news.co.uk",
                "www.newsandstar.co.uk",
                "www.hampshirechronicle.co.uk",
                "www.thisisoxfordshire.co.uk",
                "www.wirralglobe.co.uk",
                "www.yorkpress.co.uk",
                "www.straightdope.com",
                "www.minutouno.com",
                "www.theautopian.com",
                "www.brainerddispatch.com",
                "de.findagrave.com",
                "www.duluthnewstribune.com",
                "660amtheanswer.com",
                "www.corvetteblogger.com"
            ]
        },
        {
            "rule": "channelexco\\.com\\/ppx\\/starti",
            "cookies": 0,
            "fingerprinting": 0,
            "subdomains": [
                "s-20",
                "s-111",
                "s-23",
                "s-11",
                "s-02",
                "s-02-stage",
                "s-113",
                "s-09",
                "s-14",
                "s-114",
                "s-10",
                "s-24",
                "s-107",
                "s-08",
                "s-108",
                "s-109",
                "s-22",
                "s-07",
                "s-106",
                "s-15",
                "s-25",
                "s-117",
                "s-01"
            ],
            "apis": {},
            "sites": 54,
            "prevalence": 0.000369,
            "cnames": [],
            "responseHashes": [
                "e3b0c44298fc1c149afbf4c8996fb92427ae41e4649b934ca495991b7852b855"
            ],
            "type": "Image",
            "firstPartyCookies": {},
            "firstPartyCookiesSent": {
                "__pid": 0.00007524969216035026,
                "_li_dcdm_c": 0.000034204405527431934,
                "lotame_domain_check": 0.00010945409768778219
            },