{
    "domain": "chatwidget.software",
    "owner": {},
    "source": [
        "DuckDuckGo-US"
    ],
    "prevalence": 0.00000684,
    "sites": 1,
    "subdomains": [
        "www"
    ],
    "cnames": [],
    "fingerprinting": 3,
    "resources": [
        {
            "rule": "chatwidget\\.software\\/widget\\/buildone\\.js",
            "cookies": 0.00000684,
            "fingerprinting": 2,
            "subdomains": [
                "www"
            ],
            "apis": {
                "Navigator.prototype.userAgent": 1,
                "window.indexedDB": 1,
                "Document.cookie getter": 1,
                "Navigator.prototype.platform": 1,
                "window.localStorage": 1,
                "Document.cookie setter": 1,
                "Date.prototype.getTime": 1,
                "Screen.prototype.orientation": 1,
                "window.sessionStorage": 1,
                "Event.prototype.timeStamp": 1
            },
            "sites": 2,
            "prevalence": 0.0000137,
            "cnames": [],
            "responseHashes": [
                "fd2b4f3ab38fb69a08c7aa5a0446f3d22a8cc557f86416b86069ecab66599a2a"
            ],
            "type": "Script",
            "firstPartyCookies": {
                "chatCreated_159523784481563446": {
                    "ttl": 18009,
                    "length": 57,
                    "prevalence": 0.000006840881105486387,
                    "uniqueness": 1
                },
                "botInsertedId_159523784481563446": {
                    "ttl": 31536009,
                    "length": 13,
                    "prevalence": 0.000006840881105486387,
                    "uniqueness": 1
                },
                "ownerEmail_159523784363947423": {
                    "ttl": 864010,
                    "length": 32,
                    "prevalence": 0.000006840881105486387,
                    "uniqueness": 1
                },
                "chatId_159523784481563446": {
                    "ttl": 18010,
                    "length": 13,
                    "prevalence": 0.000006840881105486387,
                    "uniqueness": 1
                },
                "visitorId_159523784481563446": {
                    "ttl": 18010,
                    "length": 13,
                    "prevalence": 0.000006840881105486387,
                    "uniqueness": 1
                },
                "ClIENTID_159523784481563446": {
                    "ttl": 18012,
                    "length": 19,
                    "prevalence": 0.000006840881105486387,
                    "uniqueness": 1
                },
                "domain_159523784363947423": {
                    "ttl": null,
                    "length": 23,
                    "prevalence": 0.000006840881105486387,
                    "uniqueness": 1
                }
            },
            "firstPartyCookiesSent": {},
            "exampleSites": [
                "appypie.com",
                "www.appypie.com"
            ]
        },
        {
            "rule": "chatwidget\\.software\\/styleNew\\.css",
            "cookies": 0,
            "fingerprinting": 0,
            "subdomains": [
                "www"
            ],
            "apis": {},
            "sites": 2,
            "prevalence": 0.0000137,
            "cnames": [],
            "responseHashes": [
                "6c8b418012ef6545d0a35bd43a07e65dd5779bbbd80bd49a9572aa77becc30f4"
            ],
            "type": "Stylesheet",
            "firstPartyCookies": {},
            "firstPartyCookiesSent": {},
            "exampleSites": [
                "appypie.com",
                "www.appypie.com"
            ]
        },
        {
            "rule": "chatwidget\\.software\\/widget\\/5\\.buildone\\.js",
            "cookies": 0,
            "fingerprinting": 0,
            "subdomains": [
                "www"
            ],
            "apis": {},
            "sites": 2,
            "prevalence": 0.0000137,
            "cnames": [],
            "responseHashes": [
                "71ccdcc4e49e6600c1b071b9820bf9ccd259a79a17e55635e6acb60903ed39d1"
            ],
            "type": "Script",
            "firstPartyCookies": {},
            "firstPartyCookiesSent": {},
            "exampleSites": [
                "appypie.com",
                "www.appypie.com"
            ]
        },
        {
            "rule": "chatwidget\\.software\\/widget\\/0\\.buildone\\.js",
            "cookies": 0,
            "fingerprinting": 3,
            "subdomains": [
                "www"
            ],
            "apis": {
                "Navigator.prototype.userAgent": 1,
                "window.localStorage": 1,
                "Document.cookie getter": 1,
                "Navigator.prototype.mediaDevices": 1,
                "Navigator.prototype.connection": 1,
                "Navigator.prototype.vendor": 1,
                "RTCPeerConnection.prototype.constructor": 1,
                "HTMLMediaElement.prototype.canPlayType": 1,
                "MediaDevices.prototype.enumerateDevices": 1,
                "Navigator.prototype.platform": 1
            },
            "sites": 2,
            "prevalence": 0.0000137,
            "cnames": [],
            "responseHashes": [
                "c966ee411702f7b5374f752a3ba09e9425d956000d91a523df4b280065f1ee1a"
            ],
            "type": "Script",
            "firstPartyCookies": {},
            "firstPartyCookiesSent": {},
            "exampleSites": [
                "appypie.com",
                "www.appypie.com"
            ]
        },
        {
            "rule": "chatwidget\\.software\\/widget\\/7\\.buildone\\.js",
            "cookies": 0,
            "fingerprinting": 0,
            "subdomains": [
                "www"
            ],
            "apis": {},
            "sites": 2,
            "prevalence": 0.0000137,
            "cnames": [],
            "responseHashes": [
                "e1a3d7be121ebb37450342f766cceaf85aa9a8c4fad7666c0a353a68582d6705"
            ],
            "type": "Script",
            "firstPartyCookies": {},
            "firstPartyCookiesSent": {},
            "exampleSites": [
                "appypie.com",
                "www.appypie.com"
            ]
        }
    ],
    "categories": [],
    "performance": {},
    "cookies": 0.00000684,
    "topInitiators": [
        {
            "domain": "first party",
            "prevalence": 1
        }
    ],
    "types": {
        "Script": 8,
        "Stylesheet": 2
    },
    "nameservers": [
        "lady.ns.cloudflare.com",
        "skip.ns.cloudflare.com"
    ]
}