{
    "domain": "chtintr.com",
    "owner": {},
    "source": [
        "DuckDuckGo-US"
    ],
    "prevalence": 0.0000958,
    "sites": 14,
    "subdomains": [],
    "cnames": [],
    "fingerprinting": 1,
    "resources": [
        {
            "rule": "chtintr\\.com\\/widget",
            "cookies": 0,
            "fingerprinting": 1,
            "subdomains": [],
            "apis": {
                "Document.cookie getter": 2
            },
            "sites": 13,
            "prevalence": 0.0000889,
            "cnames": [],
            "responseHashes": [
                "8763062725e01edad22ab8e8068e8112d25891021508e83abd8be59919ba3276",
                "28697f2a68225cc02c9cdb41d02a19dde47a1e7c0827c60dfe8f6e86f4b08011",
                "47dd6593fce32fe151f9bd5c5bb7e8e8e45d246e7a1bbfc86fc18e7ad221ccca",
                "004fa3c18225593a6f8ef4a474df51080c6087f5c5d16efef5d02c0fa180ac6e",
                "6695ddf6951e7018bc85e903fb91a41a0492ae2d1e4fb5743a0ded74f476a712",
                "b4bf32b9bc167ccf64a2fb1ddad93a06f7359327cb0d2dbef86fde86815c882d",
                "e3b0c44298fc1c149afbf4c8996fb92427ae41e4649b934ca495991b7852b855",
                "25aa59956950a81e67579a5442fbb089bbc61a9d887960a8969d33bdc7b3bd6b",
                "e97da0220d42351d10573fd8c838b988cde9f5caaeec38c7d0fa2f7f04c730f7"
            ],
            "type": "Document",
            "firstPartyCookies": {},
            "firstPartyCookiesSent": {},
            "exampleSites": [
                "deinesexfilme.com",
                "www.halloporno.net",
                "www.hd-sexfilme.com",
                "www.hdpornos.xxx",
                "www.herzporno.net",
                "www.pornoaffe.net",
                "www.pornoente.tv",
                "www.pornohammer.com",
                "www.pornohirsch.net",
                "www.pornojenny.net",
                "www.pornoklinge.com",
                "www.sexvideos-hd.com",
                "www.xnxx-pornos.xxx"
            ]
        }
    ],
    "categories": [],
    "performance": {},
    "cookies": 0,
    "topInitiators": [
        {
            "domain": "first party",
            "prevalence": 1
        }
    ],
    "types": {
        "Document": 13
    },
    "nameservers": [
        "tim.ns.cloudflare.com",
        "mona.ns.cloudflare.com"
    ]
}