{
    "domain": "civicclerk.com",
    "owner": {},
    "source": [
        "DuckDuckGo-US"
    ],
    "prevalence": 0.0000752,
    "sites": 11,
    "subdomains": [
        "amarillotx.api",
        "brooklinema.api",
        "moscowid.api",
        "pleasantonca.api",
        "clarksvilletn.api",
        "winnebagocowi.api",
        "harwichma.api",
        "kalamazoocomi.api",
        "madisoncoil.api",
        "nantucketma.api",
        "sanjuancowa.api"
    ],
    "cnames": [],
    "fingerprinting": 1,
    "resources": [
        {
            "rule": "civicclerk\\.com\\/v1\\/Settings\\/GetIdentityServerConfiguration",
            "cookies": 0,
            "fingerprinting": 0,
            "subdomains": [
                "amarillotx.api",
                "brooklinema.api",
                "moscowid.api",
                "pleasantonca.api",
                "clarksvilletn.api",
                "winnebagocowi.api",
                "harwichma.api",
                "kalamazoocomi.api",
                "madisoncoil.api",
                "nantucketma.api",
                "sanjuancowa.api"
            ],
            "apis": {},
            "sites": 11,
            "prevalence": 0.0000752,
            "cnames": [],
            "responseHashes": [
                "48b1f27c4b12b8aa52f66362398ee02b1e0a68949f089f68ae5c778fb65fe410",
                "3328e8957adb34a42d377871f2c036757953f066cf4c2bd2ce6cf35fcd3ab514",
                "c491daabb14a2c81aef133642fa6ad5c321a0ab27d013190a0e903ae5e266427",
                "a5907dbb54721530e9b0e093021e27ff6a6dd69909b6bba95e27f91624412585",
                "d820bb14da1245484e4360ebd0838551e53a152ecf1bc05538f81ce387f1911f",
                "ed6cc3c06cf165358bb4902f8be1e9daec0601b93d78ea87d217ccf1249e83e6",
                "a8cc2ee3a9d80771dd72fc82201dc288a4f488fcd48d7dcfd100c4f21ff8af35",
                "9347455d3a7ea33ba6f539fd7b2c560e5d226a2cbec48595bde81a7643bf15c0",
                "aac318d088ce6ef8ce4bf77d2bef1efdfc4416670aec6a56d5ce710df5d1d8e0",
                "b5b2bd98138eb5231c586f6351d9daac5dc9fc82af3e3b2636964a366831bec8"
            ],
            "type": "XHR",
            "firstPartyCookies": {},
            "firstPartyCookiesSent": {},
            "exampleSites": [
                "amarillo.gov",
                "www.brooklinema.gov",
                "www.ci.moscow.id.us",
                "www.cityofpleasantonca.gov",
                "www.clarksvilletn.gov",
                "www.co.winnebago.wi.us",
                "www.harwich-ma.gov",
                "www.kalcounty.gov",
                "www.madisoncountyil.gov",
                "www.nantucket-ma.gov",
                "www.sanjuancountywa.gov"
            ]
        },
        {
            "rule": "civicclerk\\.com\\/v1\\/Settings\\/GetPublicPortalCustomizations",
            "cookies": 0,
            "fingerprinting": 0,
            "subdomains": [
                "amarillotx.api",
                "brooklinema.api",
                "moscowid.api",
                "pleasantonca.api",
                "clarksvilletn.api",
                "winnebagocowi.api",
                "harwichma.api",
                "kalamazoocomi.api",
                "madisoncoil.api",
                "nantucketma.api",
                "sanjuancowa.api"
            ],
            "apis": {},
            "sites": 11,
            "prevalence": 0.0000752,
            "cnames": [],
            "responseHashes": [
                "12a4568b56ef45641dc99ae63524abfa9635731706457d3282bf9ad3768ed4ac",
                "3fe71567cef4383fefc54d132b1c2063a3b72559c72f79573dda2c09719b6fb9",
                "9724bd1163da5c9f9132f3cf1755f6158a30bd6e83b27da0e71474e6120cbf0e",
                "6a38cea5ca92cae7782835b7314e74e093dbeaee6816c6d78ae2c00fee8136aa",
                "bab1ec704209ff8fee47cc014365c3e4562671007579d6972386486789f5a20a",
                "da7f44a68a9f948437363e91dd377806f2e0a84f00f4e86930bc754aaecd3e13",
                "c808ca05c71b245f798ef2aae29e39b655fb455f5c8a55dc89ce1d7c4c66b804",
                "30e6ccd06eec029d483539d0ef23d8ff4f6aef3948ee285ec7db27abcef6eb9e",
                "71da83b5e3789575144fea5989892eeb8fb9ba40edf167cd1af4e60461c47fc1",
                "f336a9b670c6ef6b77522fadc085b7770b34777b1cd2673c39743e022b0833e5"
            ],
            "type": "XHR",
            "firstPartyCookies": {},
            "firstPartyCookiesSent": {},
            "exampleSites": [
                "amarillo.gov",
                "www.brooklinema.gov",
                "www.ci.moscow.id.us",
                "www.cityofpleasantonca.gov",
                "www.clarksvilletn.gov",
                "www.co.winnebago.wi.us",
                "www.harwich-ma.gov",
                "www.kalcounty.gov",
                "www.madisoncountyil.gov",
                "www.nantucket-ma.gov",
                "www.sanjuancountywa.gov"
            ]
        },
        {
            "rule": "civicclerk\\.com\\/v1\\/Events",
            "cookies": 0,
            "fingerprinting": 0,
            "subdomains": [
                "amarillotx.api",
                "brooklinema.api",
                "moscowid.api",
                "pleasantonca.api",
                "clarksvilletn.api",
                "winnebagocowi.api",
                "harwichma.api",
                "kalamazoocomi.api",
                "madisoncoil.api",
                "nantucketma.api",
                "sanjuancowa.api"
            ],
            "apis": {},
            "sites": 12,
            "prevalence": 0.0000821,
            "cnames": [],
            "responseHashes": [
                "8d3e0548a766db540007f6b586c4870a5d24fdb704d372234cee8e4e5f2165c1",
                "eb9c7b06f02e848c9c101e05a71436752594f6ac478d6a28f625ed616b9065ca",
                "cdc0dd63c3dc4ab85845841cb668c06db8c304d9b5f3e5dafdc3d093d2d0b045",
                "cc2693056e5d83227186da51edc26ca2397572a24d2f1ad61e6867aa8861287c",
                "3bad17cdec69dbf3720f7f90ba2e64699edaf1ecf6f00795989dc866ea970cde",
                "039bf7edad5f9253f67993a15ee8dd059677baaf912dfdd5d49085c18c2118f5",
                "0a17ce2fadb0642c14b64ec1ca84ffdcc94e7c70d1b30729bc55e04cc2885b2c",
                "3aa9417e49230654f175f8c99e54cfa2fc8ff314378214541455b4df9682da24",
                "56b7ca0eef9ae0e07f19a0cc0e4061c65ccdefe5394a26f3e19875ea1742a0af",
                "909be357650e704ed11b4abfae23efe22ed230f73faf47a0418d45f8a567648d",
                "ebc47abf45a386b31a51e10b47b8cdd9ddba8ddefcfe33fe47802bf08afb414b"
            ],
            "type": "XHR",
            "firstPartyCookies": {},
            "firstPartyCookiesSent": {},
            "exampleSites": [
                "amarillo.gov",
                "www.amarillo.gov",
                "www.brooklinema.gov",
                "www.ci.moscow.id.us",
                "www.cityofpleasantonca.gov",
                "www.clarksvilletn.gov",
                "www.co.winnebago.wi.us",
                "www.harwich-ma.gov",
                "www.kalcounty.gov",
                "www.madisoncountyil.gov",
                "www.nantucket-ma.gov",
                "www.sanjuancountywa.gov"
            ]
        },
        {
            "rule": "civicclerk\\.com\\/v1\\/Events\\/GetDaysInMonthWithEvents\\(date='2025-08-16',categories=\\[]\\)",
            "cookies": 0,
            "fingerprinting": 0,
            "subdomains": [
                "pleasantonca.api",
                "clarksvilletn.api",
                "harwichma.api",
                "kalamazoocomi.api",
                "madisoncoil.api",
                "nantucketma.api",
                "sanjuancowa.api"
            ],
            "apis": {},
            "sites": 7,
            "prevalence": 0.0000479,
            "cnames": [],