{
    "domain": "cjintegrations.com",
    "owner": {},
    "source": [
        "DuckDuckGo-US"
    ],
    "prevalence": 0.00103,
    "sites": 150,
    "subdomains": [
        "cjshpfy"
    ],
    "cnames": [],
    "fingerprinting": 0,
    "resources": [
        {
            "rule": "cjintegrations\\.com\\/getPluginJS",
            "cookies": 0,
            "fingerprinting": 0,
            "subdomains": [
                "cjshpfy"
            ],
            "apis": {},
            "sites": 104,
            "prevalence": 0.000711,
            "cnames": [],
            "responseHashes": [
                "836a710a2b3e5580cf0a0ead1793a7a7a768dcfb1a9ff6acaeaadd79ae7bd0cb",
                "a49da1fb69a64c241ed042e96609779eb210086942a360d87561941fca8e448c",
                "e07547dc7eb83304d575a2a37cccccdad8d84d6e42dd9ec639bcb6311fee4152",
                "333513a97526042ed340114f65c666d38afe48815ae9c6404376552fde888398",
                "73435a34b5707fd593e434fae93053d3eb54a1a5a709d55d23aca755534ac40c",
                "5b50906f684e3df6a9e060e3a7a2bfbd16ba2b42080e3e45aa2c60a1e1ac8372",
                "05094c8104b0f6477af1dc6ec37044ec908e80e7907f13b8f2830fa223cddf3a",
                "23c3a04b3bcf45d5d09531122667f0bbca488c38181d175b5ad125a2fe1c0130",
                "18bf9af5119420f5eb259021d669aef5edb20422fb6c43a9e52f7d1cebd1b530",
                "0e1f2de86f727bad39618b9708e02243ec78dca5f1c5736e22767dda07bfcb81",
                "593ebb024aa494e17333cc72bf26eb292207705e184b553dbd21801a1fbd6559",
                "16e9e837c674c65a677f3c0bc820a77f8a310156e77781e08e72aef3ba030bfc",
                "98e425ec0a0d3617e4252638a4da2fdfc1c0220a04ae857e8483aaf93f1fadf0",
                "0cc2cc6c3eb4e4f726aa6d3ee97880ea61e62edb9c971f49f0abb9ed11484514",
                "c3f44548e17993aefd00155cd588eb555e620c6e80dcaa7235ebf17a32db3e24",
                "cc6aa9a33aa44d0e767f8b7f6e40a14cbba5c6e7bd8aa9bedb28819d52f54ddc",
                "1c6d7f6fcf112d88514d5d069b1d33e65e69ae896d2582491e168f8d1f98f932",
                "e9915668ce2f5509be7e158435b59ed2c933e41e4765982a9cd3e8344ddcbe68",
                "af85cff4bd0bca660a958b7a502e103e8af77c4438bef294643dadf3a53c043b",
                "1b698e44ba572fb273e4d0931d250b284bd7d4993af59c450365cea7fd000156",
                "4c801ca3b23e68098bf0e5fe417d474a36d179dd25cf12138a5116a9f45fd2f9",
                "55d63e92e855e6950918a038c9842f58489750a8f745501278fac3bfb09af486",
                "b00e270807b53509321cd84d7dbae0d0f29ff0dc000c3bc8982f451e3b6d9e2f",
                "aaea4b3a3c9acc8fa4ce95f45871b9efdfd1243321bff155453ae8dcb67cc954",
                "92b3e90212b3133faad2aa9e5d80e84695156d28c690cacdd9c1e44b5f916909",
                "bad3ce21472ef89e2ae817b216475661809946780d7b5ef7799871ded3c911d3",
                "91e4605245a560dd6dd188a8ea0be3279fc3ef030a2987de91df636ae07b4b39",
                "31993efb5a1539b3d41bc3ac7cd4c934880de95bd70fd17ee0c02c795b376139",
                "575f17d0817a8ec1988112d9d465b6d98ad24a4da1eede5f0090d7993aa00adf",
                "3e1d2514f90c1c16f2a6162e274288bd22919ff80a03cca51dc509881c559471",
                "285f73da99a995f91e7a436cccf43b53a33c75b17117f857df8e1760ed05851c",
                "dd099fefe9df8cd2d24ef3dd7c4e25d2a428b5aeffc4f9406bec6a5dbba3349d",
                "6aa960e98bdccb9949e8b4e0623d28cbcf7b4c087f582397213e96c6cb4031ed",
                "cbc4bfce187a7d74d460bcab297ed822161359546693a4a542f580fa06b70190",
                "111d102e189b4f2c3283e7df76b1405f02f6f37bfdf546d79fcac83a7b531479",
                "1bd85f6510ca248e58db22018586b81cdfe117a7751861b8517d8984f8ca9ceb",
                "ac7f74ae26586736079350c8d9f0fcbe9c68572aa83707d1d68038b9c573fe3e",
                "ededd0ee0cb111588da6a08b350f6931a5702fd8732a66c1a568369e7168d087",
                "a92398b8c46bc5ff96f0e91ce021b374eae8fef5800ef3697047bf47cf35f310",
                "125ddfa1e7e4f6d9b95f51aaeee1f8671ad9fc80446eb60c8ae1241dc7c43960",
                "0df164154866abab95c6143c1de5f768fa21f2661301970c0ec9d6cd678b9db3",
                "6a5fd491d4bd6d2d70f77eaea519920ea30ef447b9343cdd47572885299d50a4",
                "160a5faead5c8de6034e6e83a8f87121c5d24da4c9891e6a185968ef3c66219f",
                "47d0dbda5cb04e68910e4bc649c0838da1d5f793d9a7226fb7b45d9ffea6152b",
                "aa41f04640c2dedee8a5c9d02dc45099838dabce5e86e273adb21b61036deb2f",
                "15387e980d9e7bb1e9f8f59ac6acc4ab0dbdd9ea73fae5d6317a12fde50632cb",
                "6698129f98617f710c93114bbe99db20a0de66df106b19389ae1022e72e228c9",
                "dd8e6070b239ba965f8eac8289cf10d8d5abb391311f5fb0749aebcf9e6828a2",
                "1bf488706c2f286b33ebc7450f439d23691b2aa2890527f392f925d9bb49326b",
                "42f1affe2469129e5bf3baa7098c1eef0d5e6435fcd5a43fb4ed300d43d83940",
                "af8ea14698dc428084476cba525a1c5ea3627c719a59599ca952585f44424c97",
                "338e1d59278c770201a9f07dea499b5d0632024b623cbee5c1b44c5007b5fb76",
                "a5b808e9bcd5c3044075a626efd552a91f0e59af3d19c22b95960cb1dcdd6709",
                "bd91ef168080404531fe5f799e9ae0aa1f7e0258d285026a0046143305cf74b4",
                "c972ad9597269ff2051fb52614f5fc35089af61d6f186986526237510651fe99",
                "5cce15024b7f24c542b3dee8f3b26a14e112532518b136fa3afc0db50ca131c4",
                "fdc00c9c84112a5ee8472ac7f0b157c178566b2fe343cfd7c7182c7a82317982",
                "d71c8687074b6542a545e9eee15fea3dc13f5e519339df933bd21a93509944cd",
                "e340d15190c120ea34106433a7099a563ae369d5e5870dc64e3211a3f4155f51",
                "06d4dd0e2beecb453015cfca93a2c7543291f290f5d7a94ec521094b5a0f22a9",
                "95c0716d7b62c4a02b818fd885bee76315243f0983132a42c25c648a866e0a0e",
                "c8aa13c9a535e0f9bd5f479e5badf12a395ce898209de1ea631b43bf1c607b9e",
                "5d6f5b7076503f2f7b7f713a522ae9ed33cae7980bfe02b578e866e799ed9c42",
                "09d1df3306eb6abec898328193f97cefd3644157b57b00512f30d4f5d13de63c",
                "92580f10c1777d72d6fcf359a0764fb5e7ef9d68fb76d86d1af2eddfedd80b39",
                "75a33129162569be51014dada3c2a492c4246cd140a03d1e1a8e71d2a5feff80",
                "39a5ba8a7f4d60a94829af59b84199b9f28c17828f143d740243639bbc126272",
                "6518d8cc6acb7f4061ae24c3203d3ad3561c1c9bc1bbb841866b36b12d8a3a92",
                "edb21987e4b8e3d8f3442709bfb4f6372596298ef77b99ab692bdc8cec25a25e",
                "781cf00c642be3dfc924b63632e913732d63b5d9a1259b2610a5cce15e4e64f7",
                "5da86719f2d6ee616a297212913c5048497fd91ad8a04427597911d7de68fef2",
                "501916de39578d1502b177909385537fbedf3f3077709b7f5da1f7702846821b",
                "66c0993f0e42e14203c6f3ba1cd42fcf561f2fd649b029df2f05d2b6b8296252",
                "ef01b2ffe6c397fcdd0f8c678a988d8f9809620e5915ae35b04992ce01ab87a9",
                "c965422b674af5ab21328ccf6e1d7fc1ce2cb2e08c65023931e257c61d2ee33c",
                "cf586090be0eb0f5993ddf11022111ae0522ec61e9d1192b30b57534311a0f88",
                "0b8e097ffaa74a754a533421855b1ca8a953c4cfc00a5356b67f9c41f7ce6a41",
                "4a6f0c36d3782494ab9899c447548ed9598ec2c8e6d11d0857e93b8a96820e3a",
                "cfc136dac54b35765c40656409373846aa34d8435d23739f8c349e86b4947b79",
                "9c2203b95c88ac9879f96b1e1c4b228e5282cf4dc9a85fc60c4c99e3ce0cae41",
                "0e539fe975e048e088329e56005da443b666d052e8901fb9690e97413187f600",
                "ba150d430799a21d96f753c149cfe1bf6661cc0478c58d48dd1dbf6163626479",
                "b01d95ce75f3dd7fd738646f561e19949d8a3e0a9e7b0df736e3973b403f00c9",
                "929580aac8291d8fe0ffa07afba8c6ad374af8957fa0b2278481f711691f3f56",
                "36f7affe9d0f41b57f353782cd4d1237ee83ad5c3ef5187d4d459b2aa676b68b",
                "58861a052277895538fa065fdeed514e142a5f4c48a2cdb3285b56221b5712b8",
                "3d57bfbd6e4250aba0d5bd8d5acf69e897e9c3379db401abec2aa5e90ddd249f",
                "7b4e022f1a9620ba572e3de6d20028befec662dfe393e69b7ecbec5ae055adcf",
