{
    "domain": "cleanmediaads.com",
    "owner": {},
    "source": [
        "DuckDuckGo-US"
    ],
    "prevalence": 0.000417,
    "sites": 61,
    "subdomains": [
        "bidder"
    ],
    "cnames": [],
    "fingerprinting": 0,
    "resources": [
        {
            "rule": "cleanmediaads\\.com\\/bmd\\/bids\\/",
            "cookies": 0,
            "fingerprinting": 0,
            "subdomains": [],
            "apis": {},
            "sites": 25,
            "prevalence": 0.000171,
            "cnames": [],
            "responseHashes": [
                "55ad56ac7e80253dbf760a606e1a2ed550a5544a0d5b12702dc34865f7265b22",
                "35e709f38d15a560c5c2c31c921b6a5c0afa7e87ca1be27b8194e65768bcdca0",
                "1db7f4f3abdde77ce12cc1214caa4242429f20d7d72d9e50c4fd89e49eb63573",
                "7422ff7ed0ff6267c4e2bf9852100eca82a9cc2433b39a19968c22ed308f187f",
                "c68dc0c6a232a578e9af34cd96e5de5e0c774d026096273f2e2ef88882ff7f86",
                "5da485ff49f4765078ed063093f1bde73de51631c4297f96a6396db7505c4d15",
                "91845f8a46f52d894e4353fc413c888278a4f5e34d6df10c0f34fc70faba4ce5",
                "8cf98dc13e5cd9785015af379238a935694a6288489a83e1befb826359432738",
                "b577f4c99a64e62b3d80058ffaa7fe5ba5fb24e838b39a4ca2eea3a8fd2246f3",
                "d349bfca07f2299aa84b7ed9cca4fd87212d8033db02513311dba43b2ced7341",
                "8327d93be33a664df47f6de4113ffd7c84116de6c9fc5f81c359b629bcd2b9de",
                "db2e032c4683d9b9cdbb632e2066eddf6515070b64ff320d93d5a5eb24f1b3e4",
                "b5e82f89e16df43a697d3e33bf21ed6ffc74280014528deb447cbfe87af44f1f",
                "3e68c5e1a5afb7ab7f30b72e43a91aacc3a37fb9cb3dd82dc91a4f64b4bb23dc",
                "047ecb73fa0535156aecc1abffd99a1a3cf4168e1c45d9560707214da786e5ab",
                "bebe60126d077633f15e344069258d91daf0413ade72f9b836ac74c3d0bf40c5",
                "b400aec28fff716c25e851eaa5c9bbc3a54ce38d5ae4903b8aa4f612b96b246c",
                "87730b5d2696594fe45a76bfceda0e85244ae4ac5f606417ed934aa41e08b504",
                "606264cd9122e3b8c9e43c55d6c02f14fbe94ccb474a520d7e592c20ba051726",
                "2b15a3563e48e4a45aae4fd50dcdf1ce9a38622669cb8621509fe1e8a9b26bba",
                "71051e38e4b9a3b7f56024c6c73789da7f4f9461628f2be421ecbfbca215d366",
                "90ffd34ce5a9b956e04f7efbbeed65b775ae110203fdcd85f65b9515d9e714c1",
                "33eed8926a694e05cf6f670851a8b686996cb97a2a15762f938a97bf1b654e09",
                "1522131dda69a0613d687179c5d2c520e60bd1b8359924124fabf22549c53463"
            ],
            "type": "Script",
            "firstPartyCookies": {},
            "firstPartyCookiesSent": {
                "_li_dcdm_c": 0.000006840881105486387
            },
            "exampleSites": [
                "epicpew.com",
                "catholic-hierarchy.org",
                "catholicstand.com",
                "www.churchpop.com",
                "onepeterfive.com",
                "protestia.com",
                "wdtprs.com",
                "crisismagazine.com",
                "www.ourcatholicprayers.com",
                "catholicvote.org",
                "www.askacatholic.com",
                "acatholiclife.blogspot.com",
                "www.catholicshare.com",
                "disntr.com",
                "bible.org",
                "clinique-bonus.com",
                "catholicexchange.com",
                "www.festivals.com",
                "rorate-caeli.blogspot.com",
                "www.catholicworldreport.com"
            ]
        },
        {
            "rule": "cleanmediaads\\.com\\/cksync\\/set\\/",
            "cookies": 0.000109,
            "fingerprinting": 0,
            "subdomains": [],
            "apis": {},
            "sites": 16,
            "prevalence": 0.000109,
            "cnames": [],
            "responseHashes": [
                "8b5a52aff24e845371b969dccd7e546a4d0bebb1a2ed2bc8228ec43bbc130166",
                "1e57a2534e6a6248fa94a937dda151f0a57c58cc9f433a6aa72d88f71bce4bf1",
                "14089cac4950b8209e85b0142d32842e70e532f06e969ad34fab208e913635e2",
                "4537f0d2b5e4b28d8aa7e33b3ef2a7882ffca8f89abb8f5bf455dbc7003b171e",
                "1d56f1c979b5e97e78b46f13afeab6ef24514eb74dce0e7cfdc6f22b5f96bb3d",
                "092fb81563968b22992381baa0a57df1ba2df2f048d5475f72a25c5613c2901f",
                "39ca7c6891dbaa15c195542bd6072ab09a4697cc45133f4d6950dd73166536d1",
                "0d8ca123f2ef3e23f8846627c868e3b6275a62461f2c98e1b4fef127823a2d44",
                "757592351492b3476272da2a9bf9f62d4a9079089011d053fcd336ff3ecdadb6",
                "3a17cea18915355bd8a00bca7e4252d19909128c34b64f723e78c9cccc3fca9b",
                "9aff9df500f2f8e8e241753118ee501ae5e88e55ff480fffcc6f31c86aa59b1a",
                "e9f913537e845e0ee35c38055df30a85e738c5b03b2e418d43a3d5b2a3efa686",
                "74b4764095b6ae4ac997d90e2efce3d7ac9c42847febbfb511b8895220b2d9b6",
                "05d44281a8e6d9f60f004f7c90f187ad00c336cf1598a3f51ae800d5ec764a7b",
                "66e03a72fe5c0197a62ee6cb375b87b6204e6811818c60094eeb54b5bf4de5c5"
            ],
            "type": "Script",
            "firstPartyCookies": {},
            "firstPartyCookiesSent": {},
            "exampleSites": [
                "acatholiclife.blogspot.com",
                "catholic-daily-reflections.com",
                "catholicstand.com",
                "disntr.com",
                "mycatholic.life",
                "news.radio-online.com",
                "protestia.com",
                "ratings.radio-online.com",
                "the-american-catholic.com",
                "www.aciprensa.com",
                "www.catholic.org",
                "www.catholicdoors.com",
                "www.catholicworldreport.com",
                "www.catholicherald.com",
                "www.ourcatholicprayers.com",
                "www.simplycatholic.com"
            ]
        },
        {
            "rule": "cleanmediaads\\.com\\/r\\/23821\\/bidr",
            "cookies": 0,
            "fingerprinting": 0,
            "subdomains": [
                "bidder"
            ],
            "apis": {},
            "sites": 2,
            "prevalence": 0.0000137,
            "cnames": [],
            "responseHashes": [
                "e3b0c44298fc1c149afbf4c8996fb92427ae41e4649b934ca495991b7852b855"
            ],
            "type": "Fetch",
            "firstPartyCookies": {},
            "firstPartyCookiesSent": {},
            "exampleSites": [
                "biblestudytools.com",
                "www.biblestudytools.com"
            ]
        },
        {
            "rule": "cleanmediaads\\.com\\/video\\/getplayer\\/",
            "cookies": 0,
            "fingerprinting": 0,
            "subdomains": [],
            "apis": {},
            "sites": 2,
            "prevalence": 0.0000137,
            "cnames": [],
            "responseHashes": [
                "e3b0c44298fc1c149afbf4c8996fb92427ae41e4649b934ca495991b7852b855"
            ],
            "type": "Script",
            "firstPartyCookies": {},
            "firstPartyCookiesSent": {},
            "exampleSites": [
                "catholic365.com",
                "www.catholic365.com"
            ]
        },
        {
            "rule": "cleanmediaads\\.com\\/r\\/23822\\/bidr",
            "cookies": 0,
            "fingerprinting": 0,
            "subdomains": [
                "bidder"
            ],
            "apis": {},
            "sites": 2,
            "prevalence": 0.0000137,
            "cnames": [],
            "responseHashes": [
                "e3b0c44298fc1c149afbf4c8996fb92427ae41e4649b934ca495991b7852b855"
            ],
            "type": "Fetch",
            "firstPartyCookies": {},
            "firstPartyCookiesSent": {},