{
    "domain": "cleverwebserver.com",
    "owner": {
        "name": "Clever Advertising",
        "displayName": "Clever Advertising"
    },
    "source": [
        "DuckDuckGo-US"
    ],
    "prevalence": 0.000568,
    "sites": 83,
    "subdomains": [
        "scripts",
        "ui",
        "call"
    ],
    "cnames": [],
    "fingerprinting": 1,
    "resources": [
        {
            "rule": "cleverwebserver\\.com\\/af0847bd02fe48f47805e8b8ea789c97\\.js",
            "cookies": 0,
            "fingerprinting": 1,
            "subdomains": [
                "scripts"
            ],
            "apis": {
                "Date.prototype.getTime": 2,
                "Navigator.prototype.language": 2,
                "window.innerHeight": 2,
                "Document.cookie getter": 2
            },
            "sites": 2,
            "prevalence": 0.0000137,
            "cnames": [],
            "responseHashes": [
                "d1e3bc7adc0dce796e867335e81a1737b0c3bec36fc71f970b79d64ce53b7d69"
            ],
            "type": "Script",
            "firstPartyCookies": {},
            "firstPartyCookiesSent": {},
            "exampleSites": [
                "afontedeinformacao.com",
                "vocepergunta.com"
            ]
        },
        {
            "rule": "cleverwebserver\\.com\\/",
            "cookies": 0,
            "fingerprinting": 0,
            "subdomains": [
                "ui"
            ],
            "apis": {},
            "sites": 66,
            "prevalence": 0.000451,
            "cnames": [],
            "responseHashes": [
                "a48fb69eba880413682fac781e902783e21be26081d97eebf650b6bc2913e735",
                "8b86a9814f0ee7df240ef628e5844f4f442b1b8f2ba6699573db3f894caf6c80",
                "fd694144572685c9d54625b5d8db082cea53cf7c443bb8de1b602aaf54376eb6",
                "65f81f7d2ce5df1efb6539d3bc9b89e8d5002451e3c2c9b4ae6718698d2b3c0b",
                "71a851a79ce5a028459f1a6b82dbae9dfe0958fde0bdecdfd3db1651d2f2c0b1",
                "8fe729c102369a1ddc7a63a3d439152bea3c8619e11daab37f93cdee8b313623",
                "d3c2b99cd5149d33a507b87b8629c5777c94122607cac1622df029106bb2f10e",
                "34544a91dfca943f309e09690bdd1d6a4ca4f17b0d2dc2419449d9fd0bfdb7eb",
                "a56558c26def0199452cd0ea62e1a32f31923381e953498bb9663eb6ccecad26",
                "bdced779d3e42793b9313cc04ef1fd85a861286ec117cd9f5b928445b664eec6",
                "c671f107c8f238bea83db4fb87f669567853b5ade3a4f39fbd94816e7f94d3e5",
                "0893b774255f3d83601679dd84bf2dcd2b110f3c01273fd2d152c7d2bce2687d",
                "bda6f412c8fcdd57777f5ef8eab04be2a54254d682b3a8c5a3f2a905b9ac0eb2",
                "428446ab702ed04ead1e401051e0ff4ae1f5177baa15722457fa1139670fbd1b",
                "be213e70c348ccb56f32b1e910ebd0dcfaced5cab511a24d84e0d95f7cdfaf27",
                "4d77e4f46d6ed5fe5030f0e683bdb227aa65e2bddd62f3490f11746955a01caf",
                "e2273630d68e535f7171bbc0a536dcd65a1bf6b3f6e52073fbb00dc520046a7a",
                "84c0cdad5cabc2a0cf166757ab718cf9aa7146045eec711dd94a295600602065",
                "04a2b836b49e69df2f1e3eaf6f8517aa27cb6ade785a8abfd20b6fbc8be855a0",
                "187e0643b70c99e0f8a75b871fcf2246c9108402f2c2ed13997172a6a3dace0c",
                "caa459b07e6b1b04d25c4507ebc23d4430880dd5bd8c20627409c319ee1a90c4",
                "00312fccf5925f4811894dc998d355a83fb6869eb85627ca495e1ed07f0aa89d",
                "8d728599bc8430f9f1eee6601c7162b92034c9be5092297971fd28ea73e5700b",
                "772bc9addd28d680c3cf4d1f3034057a43b4afaa4ad513796eb229d497b43cfc",
                "544ea6357ca03810af91bb60f5e8ce7ab8a59b7e0fad127f441a86d396183f58",
                "f7d3d8638c3d2fc548be3519d8f92a43e1349467816d583c4416aac25e45103a",
                "02bf1d3f008c1ec363664d9f2167dbc4736631239658b5ed091322c1115e796e",
                "9e51659a6acc80f300aa1d4ae87381f2b21142b2e329b28fd4ff7b98615e5c86",
                "5af04fe5d98c2cc896bfa8bdbd3b0ab87b5bbb09ab1509aeb52155e5acd30119",
                "de1eee9cdf00ec8079cc9b1910075c678f8edb0a88932ee1eb2a36558a892999",
                "cb96d9456bac185d1343f8716c21e5171a4ffb1e2da77a7105eb52a6af08db50",
                "3bc3decc8428d02a83c2625a6538db3e038c142c7a6acd59e52d0c04531f1340",
                "851a87fa6a2aa310b4c63053c62c69886116fa84c0d6d7ef77edfb8a60187ba1",
                "ef6bbda82389ad390e14814484f5b5ae243282fb597368bbe7980af01cfcc3c2",
                "9736dda3b833b280ab877b77d5573419e690e4577678ae7a6d1fd227e4fb6021",
                "da78979b057b0e368339c62ad496980448c9ebdc985b45a2febb2639f3ecd335",
                "7c26f375d7b1ab8443bddcd310dcefddc46736ad5a4fbabd268f1223bde9fa2d",
                "edddbf17ad7aa6b55edf2dc838418c8b93f73352fcdaec9e462d449ff0e6367c",
                "58d938d0c3e1829c11f354c77d5b34ac5a7fed4dc2ea325d8e7bb3f0c75e09e4",
                "6628e8575fd6983794cad5aef7845b494509203fa69361714a733a1e5aac0a4e",
                "3119ada08cbc63f3ddbb6816e8f53dc7272cc9655ebf2e9b14c6a343592e60e2",
                "98fd73475c46d10618fb8dff95b210d8451ae0775b1be8e1e8d49665eb3a7014",
                "0856ec9d227caa61528014f1719b4e171dd6360a0a370439f5e2fc57ee791d59",
                "909a3071d89fd82ad3f2df94dedd6859736dd3c5ae77db5909b078a2547d462b",
                "e6401023e5d713662564a1af45a7d5fd8fca5d62b4cb15a4a69a9352dd3cbbf3",
                "c100f105f08f44c29dc84aadaa20154528e1a13bda1cbaf2cc98aa7edc22933f",
                "c529f7d7c44dca0fd5cc867794e10de208a08b6c484dae3fde0d144f83c8d90d",
                "8b73720f2b0422df936843a52083bc418d12644261a97727a12894951ee2c84c",
                "a0cb756893879916e9579641c086e9d274cd899e6212d16dd8dbd43950a119c2",
                "20c180165c9d5f2033c6aeb9fd0f6e2b8bfe3aafdb70e281e515ed13f5cbf17f",
                "76a023da4447f7136acd911d944ca1845f43e2c31c76defa8bfdbf7890b35678",
                "5d7d9320122cf156dc4f5016c04c5ff9fdedeb761106919ef29d227774753e01",
                "5e37e03462523b445becea51c7e0d64fcfe94949df512cbd098dfcfb1b6d25a5",
                "1be07c4ee66645a6acd173b6239714c8020f1d287a6b3815dd2f1c570639b055",
                "d75042b6437abd780f71f3ac758a0b3025c30d405a044f3d7cd3d98a124c8325",
                "3cc286f1b13520f12a589573220fcbef6aeda835a66683cd7a2b751a8dc3fa86",
                "167f68689c2c8aeb9ffb561eb86c6798f6c4446bebbe0775abd85d4ad51d0f33",
                "7b225525c008549d2ece5f807a6a415419fd1b4ef4ec29ac62b1cc4007d42d64",
                "a527eece61e86272c078228e756951aa3057e43a83f4e4ac7c1e49ba78fbc287",
                "58c133449c7d21d4faf02fe62e83fb4432bee452231de3d352f0d21b0a3543aa"
            ],
            "type": "Script",
            "firstPartyCookies": {},
            "firstPartyCookiesSent": {},
            "exampleSites": [
                "www.fcinternews.it",
                "la-respuesta.com",
                "m.fcinternews.it",
                "www.mtwikiblog.com",
                "finestrainformativa.com",
                "www.merdeka.com",
                "samsungmagazine.eu",
                "hellodoktor.com",
                "www.ojogodobicho.com",
                "www.omniglot.com",
                "nettv4u.com",
                "hindiyatra.com",
                "filmow.com",
                "www.telefonforsaljare.nu",
                "afontedeinformacao.com",
                "www.romanews.eu",
                "todasasrespostas.com",
                "www.worldfootball.net",
                "www.castedduonline.it",
                "offroad-bulgaria.com"
            ]
        },
        {
            "rule": "cleverwebserver\\.com\\/",
            "cookies": 0,
            "fingerprinting": 0,
            "subdomains": [
                "call"
            ],
            "apis": {},
            "sites": 64,
            "prevalence": 0.000438,
            "cnames": [],
            "responseHashes": [
                "25b4ecfd3a740f29d76fe930a4cec9d41afa0cfd2bafa70ca4051bd3d5395d74"
            ],