{
    "domain": "cloudlift.app",
    "owner": {},
    "source": [
        "DuckDuckGo-US"
    ],
    "prevalence": 0.000137,
    "sites": 20,
    "subdomains": [
        "assets"
    ],
    "cnames": [],
    "fingerprinting": 0,
    "resources": [
        {
            "rule": "cloudlift\\.app\\/api\\/assets\\/options\\.js",
            "cookies": 0,
            "fingerprinting": 0,
            "subdomains": [
                "assets"
            ],
            "apis": {},
            "sites": 7,
            "prevalence": 0.0000479,
            "cnames": [],
            "responseHashes": [
                "cb9da6c09654a582b581126d9762c5798455c138826c92ddbb60cc5859d0929a",
                "060c2a1a08ffee033d9651bcd127ceaf19ddd8bfebbf5689b6c310a13734fe4b",
                "34c1133847941eb0266bac0f537dc1f7b33286159a02eca703a570c01ab5dfaf",
                "e961a80ab41c46f85eb573fa157bd5bc4305e70b81b0c26a565ca7a59488a201",
                "548054bc08995cbbc6c6e03612f68704e16a0de3379c36aae97278c789feb719",
                "7f39722884dcb6464e10f4091361f1a437bc391f63bff362aa4de276f8943a0e"
            ],
            "type": "Script",
            "firstPartyCookies": {},
            "firstPartyCookiesSent": {},
            "exampleSites": [
                "audio46.com",
                "cross.com",
                "fellowproducts.com",
                "gemplers.com",
                "hacksmith.store",
                "www.fashioneyewear.com",
                "www.flyfishfood.com"
            ]
        },
        {
            "rule": "cloudlift\\.app\\/api\\/assets\\/upload\\.js",
            "cookies": 0,
            "fingerprinting": 0,
            "subdomains": [
                "assets"
            ],
            "apis": {},
            "sites": 9,
            "prevalence": 0.0000616,
            "cnames": [],
            "responseHashes": [
                "134596c2d121223c5d069f92016428a898992ba8e5791f4c1a8206e4655b7e7c",
                "633248a38b8f5ea2f8da484e3518a41cbb101c1ae130e7970d0da3b1ab56195f",
                "bdcd7de26365b7e5e54f4d5ba538a62af99d175f17def70b6053c29dafb5d0e7",
                "02c57024eb8187522cdd7ff1f1b22a96fc5f610e871eb0a61c9a7e84215f45f5",
                "f8e8096d6e086d5401f92f7a894b781f0d5b8171bcef8f3323f7662e685cd88b",
                "55e71aa016210e7ab3f1bc9e42bfaf00c200f0945ab0c865314b6ed00765e4d2",
                "e46872317c44e3ded7cdb99d81806754c6428c9142293126b19b829ae8b8f70d",
                "1b9e42d8febd0e6c19b084193567bb34fc3d03cf97feebe130774a0593e7b665"
            ],
            "type": "Script",
            "firstPartyCookies": {},
            "firstPartyCookiesSent": {},
            "exampleSites": [
                "landairsea.com",
                "libertypuzzles.com",
                "theparkwholesale.com",
                "us.davines.com",
                "windowhardwaredirect.com",
                "www.blackbirdfabrics.com",
                "www.nationalguntrusts.com",
                "www.screenprinting.com",
                "www.thecomfortcompany.com"
            ]
        }
    ],
    "categories": [],
    "performance": {},
    "cookies": 0,
    "topInitiators": [
        {
            "domain": "first party",
            "prevalence": 1
        }
    ],
    "types": {
        "Script": 16
    },
    "nameservers": [
        "ns-cloud-d4.googledomains.com",
        "ns-cloud-d2.googledomains.com",
        "ns-cloud-d1.googledomains.com",
        "ns-cloud-d3.googledomains.com"
    ]
}