{
    "domain": "cnnx.link",
    "owner": {},
    "source": [
        "DuckDuckGo-US"
    ],
    "prevalence": 0.00142,
    "sites": 208,
    "subdomains": [
        "js"
    ],
    "cnames": [],
    "fingerprinting": 1,
    "resources": [
        {
            "rule": "cnnx\\.link\\/roi\\/cnxtag-min\\.js",
            "cookies": 0,
            "fingerprinting": 1,
            "subdomains": [
                "js"
            ],
            "apis": {
                "Document.cookie getter": 132
            },
            "sites": 147,
            "prevalence": 0.00101,
            "cnames": [],
            "responseHashes": [
                "d5267085b5489f178aae1444e1367dbca2debc7c061d5ddd803a16711a19c93b",
                "ddfaf767d4f882c9ca73188e556d0c9530c1721a06da176053f12ebf431490ac",
                "30f48366258d749540535d662dd70d40766c6bdc530afd0b037a378affcd6524",
                "265476c4604512085a7db5276f52db07a0cb3ab43437c996a2a5ada993c7cd98",
                "f1e10a726b234c87b239c48ccd73ab85d7324652c672147909fc71d6deeb5c33",
                "440d8bc8b5f135a033adca591f4637ddc58ab2c323a861eb697ae99f742fa631",
                "1ce67adf92304696fd0f3420d980e661a79b3a533b336ead9b18b4daed5a4905",
                "c373d893550f6f069989b305dd73ee351246e8d3b92c46c8a1c8d9773f5937bf",
                "4069eec9b2d4fc86424b85d239a900f6505fe4fc4620981054aa1e311f560542",
                "bd1ceb4c8aafbae76ae581a75b78e84e31933f60f90dfae8727ada6b466c3664",
                "659c08f361d865c5d86f31aba10e07380027ef42b537fd09a7bdfac7de37d417",
                "e073138ad56c3ded4b2b624c71456f187eec10f9f595f64113adea8f963b5fc8",
                "c7c8880048c6bde29f581b76ad6777c91420c6f9e1604cf880be8923e8e81e56",
                "dd44b12fe7928a4a2f7d5d8f4974459eca867e6edd2389cb55b000f56fa67697",
                "699f11b6640e23d48aa7736742c393dc908ef4b007bc2ba1800a9be3e57672d9",
                "9aef1ac8467647447d8b69d28c9f0c5231127777d5c300ec0468ec1b9a21e5e3",
                "bf1724ae578dbb0b2997adc105e5e920d9ca25904c02ad96e19de97a44a88295",
                "63b6700339a27e4a922a2ccde377048bb035b8aca61939b2c4972490f923f03a",
                "20e50ed6870317bb28d22957efeb08dbe63755718740a21387e0ed9571727446",
                "e5641bfe3505da35f77682e8715eb5d01cf317ecda292d1413c067026640a23c"
            ],
            "type": "Script",
            "firstPartyCookies": {},
            "firstPartyCookiesSent": {},
            "exampleSites": [
                "bedbathandbeyond.com",
                "cabelas.com",
                "carid.com",
                "dell.com",
                "macys.com",
                "www.bedbathandbeyond.com",
                "www.dell.com",
                "www.macys.com",
                "www.luckybrand.com",
                "www.americanblinds.com",
                "www.michaelkors.com",
                "www.katom.com",
                "www.softsurroundings.com",
                "lightbulbs.com",
                "stores.eddiebauer.com",
                "tecovas.com",
                "www.partsgeek.com",
                "www.bealls.com",
                "kingsize.com",
                "grandinroad.com"
            ]
        }
    ],
    "categories": [],
    "performance": {},
    "cookies": 0,
    "topInitiators": [
        {
            "domain": "taboola.com",
            "prevalence": 0.33181818181818185
        },
        {
            "domain": "first party",
            "prevalence": 0.30454545454545456
        },
        {
            "domain": "yottaa.com",
            "prevalence": 0.12727272727272726
        },
        {
            "domain": "googletagmanager.com",
            "prevalence": 0.11363636363636363
        },
        {
            "domain": "tiqcdn.com",
            "prevalence": 0.08636363636363636
        },
        {
            "domain": "adobedtm.com",
            "prevalence": 0.022727272727272728
        },
        {
            "domain": "sdiapi.com",
            "prevalence": 0.00909090909090909
        },
        {
            "domain": "osano.com",
            "prevalence": 0.004545454545454545
        }
    ],
    "types": {
        "Script": 147
    },
    "nameservers": [
        "ns-119.awsdns-14.com",
        "ns-867.awsdns-44.net",
        "ns-1498.awsdns-59.org",
        "ns-1899.awsdns-45.co.uk"
    ]
}