{
    "domain": "comm100.io",
    "owner": {},
    "source": [
        "DuckDuckGo-US"
    ],
    "prevalence": 0.00028,
    "sites": 41,
    "subdomains": [
        "chatserver12",
        "chatserver11",
        "chatserver15",
        "chatserver17",
        "chatserver13"
    ],
    "cnames": [],
    "fingerprinting": 0,
    "resources": [
        {
            "rule": "comm100\\.io\\/visitor\\.ashx",
            "cookies": 0.00000684,
            "fingerprinting": 0,
            "subdomains": [
                "chatserver12",
                "chatserver11",
                "chatserver15",
                "chatserver17",
                "chatserver13"
            ],
            "apis": {},
            "sites": 34,
            "prevalence": 0.000233,
            "cnames": [],
            "responseHashes": [
                "911cbc8e4540e41012f0a3a38928d2efff3046c577909b0a787e8d95ca3a0cc5",
                "7815c6ceeeb85a2c8581411e3ff94fae6e29f168b6260e688425de43d7afad00",
                "2878f9b698eee4404931a9d24f05a327bc1e02953d772c95667b5c221bf3946f",
                "aba6bf4df097c54188278e946ea5a8b9422b13dcc1a12a1eca93c8e49d7a5c7d",
                "2d0282183e58251beff3603ac6203a5e86a74cf07b7542fd184c75b7ee712845",
                "d094bf444eaa3eaecdcc5301f22a4e46edf6a7d463dc14f3d212387ce0a9d40a",
                "721219a0accfb515874b84357f4c88ffd3fc5032554a3b48558821fb0f1b70d0",
                "7f27221cf889c0b2d431e9cf27f4a2e9b59f4c7cd74952da85c83240a881e875",
                "67dadeccbf0fb62120c908f8ed589db143329658d989e29ba870e0cc391f3d3b",
                "eeed6e8662c8b43e0b106e3dded3a40eca68c49bcbaafb3b01e680143e3b78df",
                "5b93efbbd81cc2f4c8334e3e00e67e048ae87bacff4c3a95bf6bff96b4d91226",
                "64a17fe62d6417a49b6c7f5722f09b353dc7770d31de9e6d40c38ac988436e72",
                "4ae19bfa71b4e13c4a51549cdecc25444a2bbd292b1922a8a2bea989dedb0e6f",
                "707b9ffe56032dbcd127c724c292b95a4fd651c8a920f18a83eb916407d30f18",
                "11c1494b06c27ed00aae45456c281f71ea585c3ff131058ca4a8f22afae69e55",
                "b8a71a0a6b4493136b86d359cb5c21d5f04c201d3fcbbe9f5d9f81d2af071938",
                "51e21295e7761a48d5a485984d9cc081bf66eed8585710e7624504d306d060dc",
                "9655473e8302c322e7a9c71a26ebe614d5c96a681fef7f9f60573d2cfee9fbbd",
                "1d2da42f95bd26f41aba46c02d24a153d19b5c25f3cbfa5ec07515f12f705ef5",
                "996dd91d70c141c3e98ed97e7a4411aa1bd21516b99a20314f4295144ec5ed32",
                "47d16e978c7220650af709d3475454d405efaa804df851dac6c355b44f3625c5",
                "792d0636cdfb866a5bc56ece5fb9384c77855f432d59c568e26153207cf295dd",
                "bdde1d39bcda8ca766211a7fb12b1a097e54c3511d13f09059fcdcd9ae7c5db3",
                "2d9341f380c13b25711b5a755cbbfbb77c45fbb2501a6eda9119980b3772a694",
                "1db8169aaff300dfde8de62c0a2b7a828b2d1d4366a4b6c5fd8442c942c791cd",
                "5a2c0c2450967dfe357ceb54121731ed4d20653f8c70a633da97b545a82d47da",
                "035b9807e4e4b76304d3d098875eb96af3e58365b9d50fdad8fadedf1d9305c0",
                "cd92c858d1ce8b424a3d68a872b845c0cc66269ecb0ec3a4f042c87e470c0dde"
            ],
            "type": "XHR",
            "firstPartyCookies": {},
            "firstPartyCookiesSent": {},
            "exampleSites": [
                "www.hunter.com",
                "hobbyking.com",
                "www.stata.com",
                "www.fitnessrepairparts.com",
                "www.riverside.courts.ca.gov",
                "explorescientific.com",
                "valleyvet.com",
                "wifi.rainbird.com",
                "shop.cz-usa.com",
                "www.lmcu.org",
                "www.meritrustcu.org",
                "dixonvalve.com",
                "versiti.org",
                "www.nusenda.org",
                "agriculture.newholland.com",
                "www.septicsolutions.com",
                "www.aacsb.edu",
                "www.shadeusa.com",
                "www.ysi.com",
                "www.hammfg.com"
            ]
        },
        {
            "rule": "comm100\\.io\\/campaign\\.ashx",
            "cookies": 0,
            "fingerprinting": 0,
            "subdomains": [
                "chatserver12",
                "chatserver11",
                "chatserver15",
                "chatserver17",
                "chatserver13"
            ],
            "apis": {},
            "sites": 31,
            "prevalence": 0.000212,
            "cnames": [],
            "responseHashes": [
                "d0c71f2e26df00ea07ad555c8fa60831c95b9b9b95fa14b30161e07aeb9d2bfd",
                "48b41bc1d593941730fe092a1c9d475a10df58907805d34db81098b9e50c9852",
                "739128812248c4650749212468ba9a7ad29a2132baa46fc3a972c14a19e96e64",
                "9022742c9c26b3d58b2ddf5f68cc6698574f4fe828ac09831d2afc1560e41420",
                "c73db89dbf35542ee78c5c23b72379e7b0f6779812bc58770396b4daf330d73a",
                "d187a34b8aaf60205a39874fab3d04fcb766773e6d87c2655c05c2a8a96dce98",
                "5b10efdc6931b4e7edd9632ead7f97544b6a2d5e23d4b749d51c0d201256b840",
                "bf9652bba1bdefedf6e81e367b0368b65bd76404832c11b00d5d254f5db2f092",
                "523f6df9851abc6ffc7e416f5b7f01ded0ca1cd631cb8ce8638bc8dcffdb4dff",
                "e476d34a5a54503d06b5f5a4e7680057dbdd67465179b89932fa68fe7374ab38",
                "f5661d1c97689a6c0b10cc6606110b111a4ed338db8bb3b93b1484afad22b655",
                "bb0f1b578eae586d8d80619f8e4c6c40c12bdd9b6325f56e4d6db149695b1627",
                "e070ad5dc1e057937d575e2c6bcfb19f7fc7ed69366f040816112783e17b1dbc",
                "592970d4d8016d231a95bd2fd7f170c07ed91380f276dccab8773ff97e48d6f1",
                "3942080b4b9fdf170579f7f84293fd3195bacc74f72c6e237185e8be0048c1ea",
                "ea55224d566ca6ab28818021440b18d599b4e2a44ff6c594631973e435a617f7",
                "21166365c98017235d97b7d2a877e991ff4e090dbaa6a961c6cc282409f02444",
                "cfa0a7c6a71ae071e69d4a45bdd483d377a375d433131ceba2f07fc40edee464",
                "9bd45d81e9552585932605ec37852ea3ce0b075773447990ec240f1ab23402b6",
                "dbe658e687da9a1d277273cfeadc31feaa7cf1114cb76f5d4203793663743ae2",
                "0aa90949ce19accd93ce12100f2283eb00509e8c779680a75949d97ba7d11b96",
                "ea22fab3282b5c35a84ebcc0708f0e6a8241412a85f9af027e9db71b0e50e4f8",
                "28219495cccbb551e9cff4ee0e032eb372377eca455aff75d00d9caefb40b574",
                "8805f6e730cddbcfb4617c16b97d225c2a6ad6363d83971a45147447d407a349",
                "9e08cb831fbad7d5b76deab30fec8854b1ed60b63f1ba9e9377cbd88fff67205",
                "f6be413541b0f459bf65b9810af8b7604537caa5e68cbf17fcd9a567486a7cc7",
                "9b7cc5356eb2df708a2c909452422be334c9a5ef5924e5436f7a19706310e567",
                "bdcfbf0c7876679dbecbbe13d2cd1deefd790c4c6585fba33ad436c029b25749"
            ],
            "type": "XHR",
            "firstPartyCookies": {},
            "firstPartyCookiesSent": {},
            "exampleSites": [
                "www.riverside.courts.ca.gov",
                "www.seniorhelpers.com",
                "www.stata.com",
                "www.veridiancu.org",
                "www.hammfg.com",
                "app.viabenefits.com",
                "wifi.rainbird.com",
                "www.septicsolutions.com",
                "www.valleyvet.com",
                "www.lmcu.org",
                "hobbyking.com",
                "explorescientific.com",
                "my.viabenefits.com",
                "store.rainbird.com",
                "www.everwisecu.com",
                "www.nusenda.org",
                "help.viabenefits.com",
                "riverside.courts.ca.gov",
                "www.aacsb.edu",
                "www.adamshomes.com"
            ]
        },
        {
            "rule": "comm100\\.io\\/DBResource\\/DBImage\\.ashx",
            "cookies": 0,
            "fingerprinting": 0,