{
    "domain": "compass-fit.jp",
    "owner": {
        "name": "MicroAd, Inc.",
        "displayName": "MicroAd"
    },
    "source": [
        "DuckDuckGo-US"
    ],
    "prevalence": 0.0000752,
    "sites": 11,
    "subdomains": [
        "nt"
    ],
    "cnames": [],
    "fingerprinting": 2,
    "resources": [
        {
            "rule": "compass-fit\\.jp\\/lift_widget\\.js",
            "cookies": 0,
            "fingerprinting": 1,
            "subdomains": [
                "nt"
            ],
            "apis": {
                "Navigator.prototype.userAgent": 11,
                "Navigator.prototype.appVersion": 11,
                "Document.cookie getter": 11,
                "Date.prototype.getTime": 11,
                "window.innerWidth": 7,
                "window.innerHeight": 7
            },
            "sites": 11,
            "prevalence": 0.0000752,
            "cnames": [],
            "responseHashes": [
                "7f76ccffb63502d6e01ac5cc95608f587c1b79a5416dfff9910f9110c3033f73",
                "2a6ac09b516a9d4aeb78883b4794cb87411b50dd3c7df3f761105c82426429ec",
                "b60e76fa7ae49284056e036cf61fb92b88a293957a91559a115b9631471579e0",
                "8d81cbfc3db43646e6f8a60801d5fe03325279aa97ce131b269722927cb8f23f",
                "f3eae684d586eff4d69e2f8f57a3cbf72109c30a5981c546cdf1e208681f50b3",
                "4015c0cc6396bf71cbb3f950d94341c85c82ba5c86e485ef87e2c129e93dd1c9",
                "e10cc4bfd5e3cd4d7befef401343a94fc13dfe3d2661a4ce9d0a9b27b5efd78a",
                "23bc256aac4a8246468a3ee6345c5581abc2ecbc4041828fda230d25126ec2fd",
                "1a2700fa4732defac38346a2ff498f3fdedf8b27858d717144243b9a310a8d78",
                "aceb9c7cec34e6b8411a66dcbae7f8ca5374ba3f5a6282e388c72b578aa4d75f"
            ],
            "type": "Script",
            "firstPartyCookies": {},
            "firstPartyCookiesSent": {},
            "exampleSites": [
                "2chmm.com",
                "5ch.net",
                "ikioi.jp",
                "mtmx.jp",
                "ncode.syosetu.com",
                "news.ltn.com.tw",
                "okwave.jp",
                "twicomi.com",
                "www.nownews.com",
                "www.seselah.com",
                "www.ufret.jp"
            ]
        }
    ],
    "categories": [],
    "performance": {},
    "cookies": 0,
    "topInitiators": [
        {
            "domain": "microad.net",
            "prevalence": 0.6153846153846154
        },
        {
            "domain": "first party",
            "prevalence": 0.38461538461538464
        }
    ],
    "types": {
        "Script": 11
    },
    "nameservers": [
        "ns2.cdnetdns.net",
        "ns1.cdnetdns.net"
    ]
}