{
    "domain": "conversionbear.com",
    "owner": {},
    "source": [
        "DuckDuckGo-US"
    ],
    "prevalence": 0.000349,
    "sites": 51,
    "subdomains": [
        "trust",
        "salespop",
        "upsell",
        "sticky",
        "cookie-bar",
        "shipping-bar",
        "announcement-bar",
        "countdown",
        "bundle"
    ],
    "cnames": [],
    "fingerprinting": 1,
    "resources": [
        {
            "rule": "conversionbear\\.com\\/script",
            "cookies": 0.000198,
            "fingerprinting": 1,
            "subdomains": [
                "trust",
                "salespop",
                "upsell",
                "sticky",
                "cookie-bar",
                "shipping-bar",
                "announcement-bar",
                "countdown",
                "bundle"
            ],
            "apis": {
                "Document.cookie getter": 12,
                "Navigator.prototype.userAgent": 14,
                "window.innerWidth": 11,
                "window.localStorage": 13,
                "window.sessionStorage": 5
            },
            "sites": 29,
            "prevalence": 0.000198,
            "cnames": [],
            "responseHashes": [
                "b01e1308628d97fba216d17983a889f10b43efd88974fc088dda47c28688b43f",
                "192d9875c4fe2c00a124973f502bfcca92153b56101898cb59bfe747a8f7360f",
                "b3909676864669867027919d96b9f3ad7c4ba0ddbefc9e048b9426a617ca0364",
                "f58dd623b7bf4447d2c35d94b7a8aa15a831ec4b05fa5fee077b7c9eb6e8b8d4",
                "5eff3eadda8c6c685a36a95c33ca2e9c8c7cb4ee81d4f91ea60b794837d94ea3",
                "93baccf75664f2bb176244d9b02cc387199cf5577130023113048641ebe5d69d",
                "691cb778910ab594020d9c15ec7d5bf7931a552e3e6b1bee7e1a99c6be0af438",
                "de102b75f6d07d4396155eb87bad9bbb0703649b03979b037f4b631b6660a2fc",
                "106560dcabfae849c4c2db52cd86f7f59e1be1e4f7d5dc6a2232176e0a1113c7",
                "7dbbff7cde54f6cc0d5d906b1df418e4bd5ecb37cdf7de88641412df5daede86",
                "f783c840c9f9a15ebcc7017bcf58682ca5081508ee97171607ede6e75e04c98c",
                "ae7fb8ebcdbb12c4c69e2c74cdc711185534530881acb1ff02891f44f3660e88",
                "3f1910177ca950d8c45cf33f42da75eb5ea06c23cd538b96fffe86b57c4f8c3f",
                "bc3a36fadc4fe2cbb12e31d896630bdaf3a9bbe794f2beef641577f20c6be97e",
                "200405ce575e26be8f3e9a8a60d8b1215270758e66bb5337917fbafa69de41c7",
                "f10e1465fe1f71169cd8134c11cadab0b794c5df67f0280b95b2108371067569",
                "ed0b8fb77fb3ede71d0d2f5c82572802b20b3814237074983d38e986357d77f1",
                "a64f4c3d32894636a56886b9781ae0e9923b5408bfaaa7f1a1360a05f2456251"
            ],
            "type": "Script",
            "firstPartyCookies": {},
            "firstPartyCookiesSent": {},
            "exampleSites": [
                "www.thebadpeach.com",
                "www.scottevest.com",
                "www.vitalsleep.com",
                "fittes.com",
                "www.beltoutlet.com",
                "www.bulbhead.com",
                "scottevest.com",
                "charleston-boutique.us",
                "juneadel.com",
                "www.walrusaudio.com",
                "mosequipment.com",
                "eastwoodguitars.com",
                "kamerastore.com",
                "freedomgorilla.com",
                "www.badgerbalm.com",
                "rachaelray.com",
                "www.skylighter.com",
                "www.microingredients.com",
                "collarsandco.com",
                "idrinkproducts.com"
            ]
        },
        {
            "rule": "conversionbear\\.com\\/settings",
            "cookies": 0.000212,
            "fingerprinting": 0,
            "subdomains": [
                "salespop",
                "upsell",
                "sticky",
                "cookie-bar",
                "shipping-bar",
                "announcement-bar",
                "countdown",
                "bundle"
            ],
            "apis": {},
            "sites": 32,
            "prevalence": 0.000219,
            "cnames": [],
            "responseHashes": [
                "9f034fda1f39411b6850030b88bfed7bf9c67b87f69c5a307e91035ee4a175a7",
                "715859a6255d94cbe6ebcf29b0e182f9fa4716ec87f00dbe6a1d8c79341983bc",
                "171ef8469c6a4f8b2ac0b3d984de7400623fb17fdb623df397bbd046926dce51",
                "2fb863bdf6000752b8b827071feb3e13ba5ed96382e9bcadbba3285b88d532b1",
                "5ec08803856146184814e8325ce4c344d8bd504308246ff61d8e4a19a680a8c5",
                "5cb3a03f0920cc62a97a15cd16c97e36afa2e68571e1e14531bff307f269f6aa",
                "84ba4f258084945d4e6d5fcbb490287a0832eccb8e4950291701234f49597ca8",
                "6f4e59a1f36283debbbb34a526c4d0b578b51788ed598a0703413950904e7ad1",
                "572004b0f8396f49e1dcef5160ed4d8ff02a7a83725ede9eb9ba3a56e0fda13b",
                "b6482eff353f85547710a871fb7c60ef6490200839f92ab3646f62c07153b982",
                "5ced5cd9fac9677321bd1682b460cffd4cc0d6747cbd382a3b21d81fa8cc79cf",
                "53bb7187632df453605a696672d05ddc1f93f272525f1472755c8f709dd78c7b",
                "fca73de5f44d1bac98828e775c44f9148d045f3188c0afaf96b1c80ffe17f826",
                "0a703fb6c80da19aeecfa872233727add71384d888b9a2c3f0109f775376ac34",
                "56563c744e2c959034192907ef22d39d44278bff39300c0603b59cecf2a763a9",
                "840277cda564994b83de74d54ee15ecd16968923f30f7e8c805b0bcf17c4ad8c",
                "8ee3cc7be955e74a4497c9daf1a67ec177d207f9e0f33cdfc69148fa7bff2a79",
                "575c33d07b2d4bde5487fe894d7f131c2f83afd002587e2f1afb3d5edb49ebed",
                "6957566cca6560bbb5f8e49a90d23157f0fdb716e06d648fb8ffbae04b136904",
                "7bda2ed4a03b7916fb30b4db2dd9cb1625d8c5818d5898bf019e375dd8f5a1c6",
                "b58bcd05e2b22e119ab52a01ecbeafae97c88ebf780412934f166a725ce2a89d",
                "c5f45d5036e1fbba1f66abdcf3b1cce5bec0ac32decf7bf178544663a4db38d9",
                "2a518856e0195076e930d98586d62007478b902b6a43805cdea78deeea79383f",
                "5412e8c8d663b6e25db9afa5c81752d2259622d9707734b2af7dca6cb315aa2a",
                "55af0bd7108d5540b56f11deec789e6b9cb73788c96dd8348457a8567fbb79ca",
                "d35ce77a4a6d1cd74e7b9f2ef3846cc4d6f6ac5e6b964bf6e0172d8cb1eec4ce",
                "fa97c8b61ab7f2cca9bacfb44c05f866a6db9ddc66acd8fea1e074e6d7dffc8c",
                "ac5db8506e5125310e528dbf31ef4957c1d979d547e5f9886d5704e34d3ce302",
                "a6774e99daa33aab24844207bf9b885171a6b44f61e63d5bd9771c2ef01ec982",
                "6c14eea5753cbb1539f9d2f61b16d3efbf632e4fccb7c82747abd1507821d6dd"
            ],
            "type": "Fetch",
            "firstPartyCookies": {},
            "firstPartyCookiesSent": {},
            "exampleSites": [
                "goaxil.com",
                "us.sengled.com",
                "forme.science",
                "rachaelray.com",
                "www.campervan-hq.com",
                "www.harveywoodworking.com",
                "www.epicwaterfilters.com",
                "scottevest.com",
                "ppepower.com",
                "www.scottevest.com",
                "unclestraps.com",
                "www.watches.com",
                "www.bulbhead.com",
                "www.walrusaudio.com",
                "www.bluesky.com",
                "idrinkproducts.com",
                "www.badgerbalm.com",
                "www.beltoutlet.com",
                "www.childrens-ministry-deals.com",
                "jefferspet.com"
            ]
        },
        {
            "rule": "conversionbear\\.com\\/get_orders",
            "cookies": 0.0000137,
            "fingerprinting": 0,
            "subdomains": [
                "salespop"
            ],
            "apis": {},
            "sites": 3,
            "prevalence": 0.0000205,
            "cnames": [],