{
    "domain": "cq0.co",
    "owner": {},
    "source": [
        "DuckDuckGo-US"
    ],
    "prevalence": 0.00144,
    "sites": 210,
    "subdomains": [
        "doh"
    ],
    "cnames": [],
    "fingerprinting": 0,
    "resources": [
        {
            "rule": "cq0\\.co\\/resolve",
            "cookies": 0,
            "fingerprinting": 0,
            "subdomains": [
                "doh"
            ],
            "apis": {},
            "sites": 139,
            "prevalence": 0.000951,
            "cnames": [],
            "responseHashes": [
                "f28828dedd00f591c7c504f367e799fa24bd88e4793ca6b7e588d1148bc2bd0b",
                "1af375e3bb5fd1554e70eea4a2ef1fb7fa74c6e511ce1aae096fd71d99daf151",
                "19f097777b7a37899f44dee135801149fc444e07fe42b9fc82c9e455ac347419",
                "d230fe70047a5abb9fc7f3b0c015cd9dea79239bb10f91eeb6376c5c826118ea",
                "5164695bb3d8d33d3822ff8c55d05ff6fd2cada04c30d916d7d5bae0bc467dfa",
                "2bedf00b870d0b7afb6a7d6565c4abcd2fc62e9821c0b636d1225dbc81a1d474",
                "96746b5c79f13b739df68c60ed7435e2a302dace694b45f6e3d583d7806fc553",
                "79e73567b949e0292a3f86e4c9d601ba73e277b2787c638ffd0e857e877d86d1",
                "b288b760f1018c5071e7de7e1b599abfbc5583f707fb277b3b02173f69db7dc0",
                "1e306fcd883cb7930ce26217481545a3f0a517acb2e93b81ced403065a618a7c",
                "6433f7a126344a8c5cbd5604d5d4f8473e19fd8337bbcae6c6801f0d7e86e74e",
                "bb0e12e794257253e9d7716c67f065a596ea2a7e6050521ae33a233e92d96e64",
                "b7a0db9eeedeb45f9183814ab66f2ba1c1cced2895c9fa59daa6f779b7cf43d9",
                "1613ddbce039cb8732301df35996e1b06b0836a634c79ace1ec3d3f720eac969",
                "28ff6cb8890f428c65692474060358f1e5604537c9c42cc1a56c996d42243642",
                "de6b5f7f80ea23ccacea0f55395b3c86bad212b3227d84fbff9ae4304d163364",
                "c5ce9cd85cd55ed5e5700d217a5d79237c4b8c0860248c2cf9241b6e2fd70d40",
                "d28ddb7d18b890e3641cbee132fca10925162c41256fda7c0b318e133169329b",
                "d7681af715b17842ce7ddd1212ffe4ba3731fae4cf640d590735f98570b96401",
                "d35cdc00f48b032087dae91008b0f7deb782e2945ffa00e98d54b8b03e0357bf",
                "4d5f207439b44b4e73a1958eb906a53d53f227d46360b470f1a23c35053db55e",
                "7ecee5a2f14c5c6dda7aa0e6743b05982d9b56a8b803f22cd300b0416d59f489",
                "baee06c4901eb78bcaa9ebce595ac55c082337bf73ed9c9296e8f261a79e35d3",
                "28cbd98929fe77d15e6f61a956264604572fb744d33cd2f3bccd5356cf86b74d",
                "0600fca4a97458cc095a4bb83d8f3e0b7f82bbe1b6bbd9aabe184dbd6b690553",
                "0fe2fef32611dd1160e38f66d8ff7dcd2dd252afcacf2a29b99c9be64f8180bf",
                "af32983a24418d70ebf28fd08444ada34fbca877770fdb498802196de396c51d",
                "3778fcc0cb8844d8bd148c92d6d03c4d8703f5c28d4270cbe8361ee82f8d0eec",
                "44f6e28500896556208699212076a0668d9868f785cf7951421a9865060815a8",
                "383eb53f99cf0ce56197e4243624c5e94adad35e9d968ea25a919df4d851b8a5",
                "2035f971bda2e5bac8e43eafc6830a46e676039db4f300e70dc6f3a052ada04a",
                "1392c431190791969b918bd953c6397e0b9bc1cfac81fa82e7bf24a630b5a98a",
                "01d9ea721a7aaad8dbaf37ba2cd33c8611a85d640e7e8ed628450523469fff2b",
                "89f40d681129338a675a5502e7282d797cfb85d8df3d846caebf48bd58bdda47",
                "295905638b3aecb987a6afb1881b7e52bf898a8c972bef73bae0cc35174b5f56",
                "4c4f74cbf9471292d45e25d897cb8410b5d607683f6ff9cbb9a9c89c9233a2f6",
                "907acb37593aad244d12c8b776bdc9ba0dfae95f9ec39aca9db8e4ef3ccf4fa4",
                "b36f09aacba6ac14bbc765633eaab09e858b043a1fe9b0ac8a54ac82f8286a30",
                "9bbe68f4d34aa84517d1f961b43dd099f94c5ff5f75530433ef283edc4e74592",
                "6b3c6d612739f6f53b0982ec8986d012a55602486e4dd2ee23e1b260e7fad927",
                "05506e893c610295edb6db870041da6804909f5ceb2156ed5a762355c99d549b",
                "8b0dccb3e1192ffec9f782e06e0488459190e147fb5338096c9ab2b487320e4b",
                "8d79bd2f70e6252d5ad8261a3729e62e3cbd1292a04afaeb2f11370a6ff658f4",
                "d1fb0c048721497c96b1c703536ddc1805ca3a05e6550ae7b013800ecbeceeae",
                "35da4c6063b31794c5d53638c7568a0cb1b0096f8459167b41a5308ea3bcc0ed",
                "2cbdc6d33471290f4491d5771c38da863467eec1f07327ce773aab51240f39f3",
                "2fe149ffd98c95b70d9a8b8100fd6b01055b958db2419ee5b188aacf401b0966",
                "27dabd38d0527083b3b6e9e4ad6d9f19faddcb01d736b9632ccf0c8357dd33b8",
                "3adb449abdcdb1b7c82008894fd08a202065fbfbeeb302b585a8e1b8abeac495",
                "75c5467e4c5eade0732f64e944e4d37012ca901ef14450255d07dc18bf76028c",
                "01caa9d05ab4a6257b653f797661a25f9a14b2d53b909eaeb5523a19078b5908",
                "bf3fd4daa0f95cf8fa78268b262e87b8b94ff3488f6d525a6406f06451435f9d",
                "2deafc47dc89dbff1d31a5259d02f5732390ab6a173d72dc2180a42ba31661a7",
                "e24ea6b5e241de1c32990afbb6eb87d926ed2e898838fc8f88204ac30fb4d9cf",
                "8fbe15446d6ec7cd9063816e4dcf34b2f61f15d6cc49d5bd10836a16fc9dc565",
                "11ceaec7af51fdbddfe916bc5b72e87eb5e43b9e88a36af5a88c188800582845",
                "f7b750155f38a783002d9a124527f13fb6d99d02aeb251c19c60b82461ce27d8",
                "e8f76245b7d5d57071c966b503954cebf735c97bc9196beabf5cd671890cc7e3",
                "da4405e58373f97fd7d3d6286d42f0ea84bef9835d11cdb5a1966478f4a1c3e2",
                "4af129a2fd77c4a22fa2cc83b60a0adee067c2895969c6c45493b31a118e5edb",
                "e083b17c23ec32971e306b47a4be62f676345483f5b2ac33faf00deacd1e9e78",
                "3bf0342b1b2e0148dec25905f30e5c565bf1c36871c04d97d6789e296ace902a",
                "949f6a4f3c200a7d88551f816dd27fd3626ce8505a4ec832917cc4c53a716603",
                "6d0dce3bdd19bead706711baabe2e06ad888f4fed2c6fb41afde0dc5504149af",
                "a36518ca78a7ec84326684220db2494afa77ca45508d8434f7305cf2bdc043ee",
                "e2f8192471e50f38198bf386cf3e5a2d684906656796139c7420432183daf728",
                "10e7c5a1380ecdf3f4296484ee5dce172c44147c68c17a61d478d469bc7117cd",
                "f95a505789e295c2d28dcf1b4e1ddc8040138e4cc869b91d41de7cf02622e097",
                "463e22b53d3543fde375fd7b42defd620e78a721feaae9edb757e4b512152983",
                "ca2cea20a736f9363088a9f333b0b0031aa2a9a729a308eae453a6c097e20e2a",
                "13aaa90bbef2f776bdcf01a3591ad78ef07b43a095f8bcef631dc6c3bde522d9",
                "8407e982f1a1efdc7c8cbddc02f5958736313778be0c2be7f3b525cb9635d365",
                "ecbdd404ba2acfbcf637089f4985f9975cf4912ebc7e82e0fd341d71007dea20",
                "80058f530f028434c2de0deb0e29dfddb42d9fd2485726e6f689aa1a5c647756",
                "310d9c4d5f4634255c46a11d0cf5b3a3d0a3c2ea3c53050438633ecaa1950ecb",
                "2c4a61a71eb123212b453764d18eb7edc4d6c2a1959421884336de1ef930722b",
                "c185b23e218fe692aa43d765a7c5049e40aef8b7fcf11cd4bc4a2df69175ed1e",
                "9ef3966251595b5be8609b60efc009345efdf13bc178dc4f12f8a8c70ffe3fcc",
                "c791e224074523eeedc5c81e38c5792e1613313103de0f9653635ab6f9d01355",
                "10ec3f9a9fa947d6ceb2da524faca819eb405c2648828513ddf779daa2ae5568",
                "7a7cc7c1d8e548bb00ca02023037f53c118e3eaa711ffd5e46e66a3443a34dfc",
                "5bda008104f8da742a932a26647290122a4bf3552dcbdeffee60f4f7f3be27e7",
                "be21a0463a5ecf9381f81b1d6d2c0001efa7b14f64401a2b2eae2798fc4d9730",
                "ff29c2368e7fc8ef126aa406d6425660292aa9f7b12c55b93591b0c637cd6f51",
                "13fc2dc437fcae9e6127d641c8164b2e181bdd5b4119123dfad82d08a94f9a6d",
                "d674ee904fb8fb7675018389bbe634b9ac02b013eaef14e643e9005e581836cc",
                "38907cfe344b45c6585ea411ad978648f621870537e2a1abb055bdc50fa22d79",
                "491f355cbf30ad37ab8b1ce559fac76d20ec024edbe486e3b09d56d37c1d2525",
