{
    "domain": "creatopy.net",
    "owner": {},
    "source": [
        "DuckDuckGo-US"
    ],
    "prevalence": 0.0000547,
    "sites": 8,
    "subdomains": [
        "live-tag"
    ],
    "cnames": [],
    "fingerprinting": 2,
    "resources": [
        {
            "rule": "creatopy\\.net\\/embed\\/embed\\.js",
            "cookies": 0,
            "fingerprinting": 1,
            "subdomains": [
                "live-tag"
            ],
            "apis": {
                "Date.prototype.getTime": 2,
                "Navigator.prototype.userAgent": 1
            },
            "sites": 6,
            "prevalence": 0.000041,
            "cnames": [],
            "responseHashes": [
                "45015a4d334d8dcc4a847f1f44204b27393b8b3ce6156ed3739b4e977f71f365"
            ],
            "type": "Script",
            "firstPartyCookies": {},
            "firstPartyCookiesSent": {},
            "exampleSites": [
                "nordictimes.com",
                "www.audiogon.com",
                "www.autonews.com",
                "www.boldmethod.com",
                "www.brewbound.com",
                "www.grandforksherald.com"
            ]
        },
        {
            "rule": "creatopy\\.net\\/520783917495\\/stats-queue",
            "cookies": 0,
            "fingerprinting": 0,
            "subdomains": [
                "live-tag"
            ],
            "apis": {},
            "sites": 8,
            "prevalence": 0.0000547,
            "cnames": [],
            "responseHashes": [
                "45988ab1230ee7dbc7dff351c628e18af2c445a7a0de622eb58e318211243d22",
                "026aa8024d683f5a6fec4476904045af67e4f111329f9bb1b3c04410fe4f61a7",
                "94cb99173ead5ec0a3b32721f4b59c915861cb1a0b7e631ee660f02524039d4a",
                "305d0c41607435d3b5b2230e795a89f4e2544a8c7f23d93d6bfcf60449526478",
                "3a3153208cdca18fb36d96cdae919aba3f893af2408b43767494da8d16f2aa42",
                "2b1bd9d30ebd9d017db29194a417f9034ee676e1f2a7d8045d3e7e4bfd1dc0d4",
                "25ad4e0a158ea6b9c67402e3dfb0143b1236c081d5bc414c8f2329e110eac8d1"
            ],
            "type": "XHR",
            "firstPartyCookies": {},
            "firstPartyCookiesSent": {
                "device_browser": 0.000006840881105486387,
                "lotame_domain_check": 0.000013681762210972774
            },
            "exampleSites": [
                "nordictimes.com",
                "www.audiogon.com",
                "www.autonews.com",
                "www.boldmethod.com",
                "www.brewbound.com",
                "www.glooshi.com",
                "www.grandforksherald.com",
                "www.unravelingdreams.com"
            ]
        },
        {
            "rule": "creatopy\\.net\\/designs\\/l8o3ewy\\/embed\\/standard\\/index\\.html",
            "cookies": 0,
            "fingerprinting": 0,
            "subdomains": [
                "live-tag"
            ],
            "apis": {},
            "sites": 2,
            "prevalence": 0.0000137,
            "cnames": [],
            "responseHashes": [
                "6ef2167041425a4cc96bcfe1d151abb35ba7686779090143f3c68770d44b9bb2"
            ],
            "type": "Document",
            "firstPartyCookies": {},
            "firstPartyCookiesSent": {},
            "exampleSites": [
                "unravelingdreams.com",
                "www.unravelingdreams.com"
            ]
        },
        {
            "rule": "creatopy\\.net\\/designs\\/l8o3ewy\\/embed\\/standard\\/f700874d77f2f060748635f9b3678b4f\\.js",
            "cookies": 0,
            "fingerprinting": 2,
            "subdomains": [
                "live-tag"
            ],
            "apis": {
                "Navigator.prototype.userAgent": 2,
                "window.devicePixelRatio": 2,
                "Screen.prototype.width": 2,
                "Screen.prototype.height": 2,
                "Date.prototype.getTimezoneOffset": 2,
                "Date.prototype.getTime": 2,
                "window.innerWidth": 2,
                "window.innerHeight": 2
            },
            "sites": 2,
            "prevalence": 0.0000137,
            "cnames": [],
            "responseHashes": [
                "9759be62e6e921ca93489832c95922ab5afe04fa03ea26c2b848e938531e43a7"
            ],
            "type": "Script",
            "firstPartyCookies": {},
            "firstPartyCookiesSent": {},
            "exampleSites": [
                "unravelingdreams.com",
                "www.unravelingdreams.com"
            ]
        },
        {
            "rule": "creatopy\\.net\\/designs\\/l8o3ewy\\/embed\\/standard\\/media\\/bad532c796054251e956fa2ff0e99eb1\\.png",
            "cookies": 0,
            "fingerprinting": 0,
            "subdomains": [
                "live-tag"
            ],
            "apis": {},
            "sites": 2,
            "prevalence": 0.0000137,
            "cnames": [],
            "responseHashes": [
                "e30b104a5dbc5825e53b7c0e126363b5e963700235ff9e7523f14694f7538d50"
            ],
            "type": "Image",
            "firstPartyCookies": {},
            "firstPartyCookiesSent": {},
            "exampleSites": [
                "unravelingdreams.com",
                "www.unravelingdreams.com"
            ]
        },
        {
            "rule": "creatopy\\.net\\/designs\\/l8o3ewy\\/embed\\/standard\\/media\\/592e144daf85567c404008e65cfd4a49\\.png",
            "cookies": 0,
            "fingerprinting": 0,
            "subdomains": [
                "live-tag"
            ],
            "apis": {},
            "sites": 2,
            "prevalence": 0.0000137,
            "cnames": [],
            "responseHashes": [
                "c4c7cf9612119f135076711bb199e4834e87e8429adf0890bced02f41daf0d6b"
            ],
            "type": "Image",
            "firstPartyCookies": {},
            "firstPartyCookiesSent": {},
            "exampleSites": [
                "unravelingdreams.com",
                "www.unravelingdreams.com"
            ]
        },
        {
            "rule": "creatopy\\.net\\/designs\\/l8o3ewy\\/embed\\/standard\\/media\\/5cf151d331177093b238b98868420cc3\\.png",
            "cookies": 0,
            "fingerprinting": 0,
            "subdomains": [
                "live-tag"
            ],
            "apis": {},
            "sites": 2,
            "prevalence": 0.0000137,
            "cnames": [],
            "responseHashes": [
                "6e6e65f61dded150f9c2b8f236e2f5789674ff5dbca5ba99f4064b0a186b64d6"
            ],
            "type": "Image",
            "firstPartyCookies": {},
            "firstPartyCookiesSent": {},
            "exampleSites": [
                "unravelingdreams.com",
                "www.unravelingdreams.com"
            ]
        },
        {
            "rule": "creatopy\\.net\\/designs\\/l8o3ewy\\/embed\\/standard\\/fonts\\/coolvetica_400_normal\\.ttf",
            "cookies": 0,
            "fingerprinting": 0,
            "subdomains": [
                "live-tag"
            ],
            "apis": {},
            "sites": 2,
            "prevalence": 0.0000137,
            "cnames": [],
            "responseHashes": [
                "b0f2b1dc6c658986093ca1c51b105e7fc088d51af5c571193920a5ac170a95d9"
            ],
            "type": "Font",
            "firstPartyCookies": {},
            "firstPartyCookiesSent": {},
            "exampleSites": [
                "unravelingdreams.com",
                "www.unravelingdreams.com"
            ]
        }
    ],
    "categories": [],
    "performance": {},
    "cookies": 0,
    "topInitiators": [
        {
            "domain": "first party",
            "prevalence": 0.65
        },
        {
            "domain": "googlesyndication.com",
            "prevalence": 0.15
        },
        {
            "domain": "themoneytizer.fr",