{
    "domain": "csper.io",
    "owner": {},
    "source": [
        "DuckDuckGo-US"
    ],
    "prevalence": 0.000123,
    "sites": 18,
    "subdomains": [
        "boarshead.endpoint",
        "66a787a064eefe535f8a9018.endpoint",
        "67550d8d8737e5c2e2df07a5.endpoint",
        "6256d4e6851a6e55b7623884.endpoint",
        "6459464a36369ad38a5c772d.endpoint",
        "verkada-command.endpoint",
        "60e6e57021be247f01bb539c.endpoint",
        "6620045c077c1adc81b63f22.endpoint",
        "668597ef014602b312931fd2.endpoint",
        "62557e0a851a6e55b76236d0.endpoint",
        "6480f3f9bf4bdd8c5cde6f2b.endpoint",
        "654a98bf79107a8bf3ffd2bb.endpoint",
        "5f9d927665d1a16209ba908c.endpoint"
    ],
    "cnames": [],
    "fingerprinting": 0,
    "resources": [
        {
            "rule": "csper\\.io\\/",
            "cookies": 0,
            "fingerprinting": 0,
            "subdomains": [
                "boarshead.endpoint",
                "66a787a064eefe535f8a9018.endpoint",
                "67550d8d8737e5c2e2df07a5.endpoint",
                "6256d4e6851a6e55b7623884.endpoint",
                "6459464a36369ad38a5c772d.endpoint",
                "verkada-command.endpoint",
                "60e6e57021be247f01bb539c.endpoint",
                "6620045c077c1adc81b63f22.endpoint",
                "668597ef014602b312931fd2.endpoint",
                "62557e0a851a6e55b76236d0.endpoint",
                "6480f3f9bf4bdd8c5cde6f2b.endpoint",
                "654a98bf79107a8bf3ffd2bb.endpoint",
                "5f9d927665d1a16209ba908c.endpoint"
            ],
            "apis": {},
            "sites": 14,
            "prevalence": 0.0000958,
            "cnames": [],
            "responseHashes": [
                "7092e0687c721eaac768874134f3badafa0470df2bb9d197ade1094f468eae11"
            ],
            "type": "Other",
            "firstPartyCookies": {},
            "firstPartyCookiesSent": {},
            "exampleSites": [
                "boarshead.com",
                "healthproductsforyou.com",
                "www.allamericancanner.com",
                "www.budsgunshop.com",
                "www.csmd.edu",
                "www.goldengate.org",
                "www.gratonresortcasino.com",
                "www.hackster.io",
                "www.healthproductsforyou.com",
                "www.ialottery.com",
                "www.inforegister.ee",
                "www.promedica.org",
                "www.shellfcu.org",
                "www.wordnik.com"
            ]
        }
    ],
    "categories": [],
    "performance": {},
    "cookies": 0,
    "topInitiators": [
        {
            "domain": "first party",
            "prevalence": 0.8134206219312602
        },
        {
            "domain": "googletagmanager.com",
            "prevalence": 0.03600654664484452
        },
        {
            "domain": "hackster-cdn.online",
            "prevalence": 0.02618657937806874
        },
        {
            "domain": "pure.cloud",
            "prevalence": 0.022913256955810146
        },
        {
            "domain": "swiftypecdn.com",
            "prevalence": 0.016366612111292964
        },
        {
            "domain": "userway.org",
            "prevalence": 0.014729950900163666
        },
        {
            "domain": "htlbid.com",
            "prevalence": 0.011456628477905073
        },
        {
            "domain": "basis.net",
            "prevalence": 0.009819967266775777
        },
        {
            "domain": "adsrvr.org",
            "prevalence": 0.006546644844517185
        },
        {
            "domain": "facebook.net",
            "prevalence": 0.006546644844517185
        }
    ],
    "types": {
        "Other": 14
    },
    "nameservers": [
        "ns-cloud-a2.googledomains.com",
        "ns-cloud-a1.googledomains.com",
        "ns-cloud-a4.googledomains.com",
        "ns-cloud-a3.googledomains.com"
    ]
}