{
    "domain": "culquxawv.com",
    "owner": {},
    "source": [
        "DuckDuckGo-US"
    ],
    "prevalence": 0.000629,
    "sites": 92,
    "subdomains": [],
    "cnames": [],
    "fingerprinting": 0,
    "resources": [
        {
            "rule": "culquxawv\\.com\\/en\\/opmawdxc",
            "cookies": 0.000623,
            "fingerprinting": 0,
            "subdomains": [],
            "apis": {},
            "sites": 92,
            "prevalence": 0.000629,
            "cnames": [],
            "responseHashes": [
                "fb4926b4db040b1e4d2c7ad70bb789afa613d39e7805748393278176f32e06a6",
                "8253348bb57f626cf4b7ca3113abe8985ffaf85fbb2946c2107c42f902f412dd",
                "2da68aecd20ac6e664e6e95f546a5a7fdeb38d8995774122d56552197f307945",
                "05912e004d75f87f7b6739d9570e1686fcba58ab19829616a46a787acd78728d",
                "83eebd37236c1735b7fc5de5650cfa02b8c6b8309e7babd88b6c862cf4179d5d",
                "7e315f94b0d9e7a663650e4b91cb47a67cc3c56c89a86a0a1368acb4f6c3d93f",
                "e10747396c1879e0bc8c720a003296f0def30a77e67a87db32924794831da5d9",
                "02818c874250066dfa0eb75632dc187bfcbebec7f9348a5d1bab318fff900c81",
                "43a0872f31bd6685fee9d110d66ec898a58b49038d37409bfcd328e506ddecfc",
                "747baf906deb58fe5430a7fcac0bc8c9359518669653551606e154ee542a6b43",
                "b5ea1ee379640d76a5210070de6a16b4dfe3edc2539dba58a5fd8b7e681d4b40",
                "d0935ef0e2bf762058a2ff923b38fe07e98a1027221a796fffe6b0bdb1f8b08d",
                "abcceb387fb073aa2cc98c2726c102e03fb4cbeb35faf7876040c4a8c0b7018c",
                "08951ded86eb3156c1be8a5aa23378520cd9a6269303f5f5952f0cdd2560e70f",
                "222ea51cfce4fd02e6cf897fb315b0c91579b16a4e7511e5d96e9787ac33a967",
                "80b9fb03fae0dd6549ba3ab9f7fd92481f6741ef3ada08f578eb8d1cd1b817d9",
                "ea14f989f14c2d8d1c6128e36ed9d376392b2ce54c6f0831e4e7802624d9b795",
                "93278356a9be896c1cf404002ec88c48bd30fafa0cb856cded2a58e5ee11902f",
                "7e12edd86d88e0d85dca06551ee2ac26cc3b1961ec46262566d91e044420aea6",
                "91127c1257835652f5ad6bc55afdd5af0ea7bd31f94829b030448dd17992ad0f",
                "31bf7771aa543f9bbb0a57b32ff952183c282f733b91b8b174c05ba75a533f39",
                "d3e6de409c872057efdf99343cd4f36e78c68153adb4f80de2ef6c96a2777953",
                "44db682810a055807b0a7bba584b50cf29c41d870f972a06f53f8e577cbb4633",
                "7503ccee3fdd108773b8a5a25ef53708bdea1c50d33ee15eb6ee90c292a37c03",
                "1e46d65c808f35422e582d48825e74d4a3e54ae8d5f58d53a9438a63237b724f",
                "eaecb63dd4ebd9ea4c1008d8367448a8f9a5b230f86e7376af8df2536690824d",
                "de260dd7ce1a2636f4a033d7e19391e7eff7429cc12931bbfbd06b8db14adf88",
                "a24a220bbf1b8b4c7e2bcd6fc23838ac49690898442546f9342bc41480431703",
                "c8c9e22a8c28f366455b1f48a96bb378afaa71712c4ee055d1cce0699a590b7a",
                "3d9a32c960ac3ad6a1841ecc26219c558d3b5ff6b6ec2b8a2f2c6c26f7af667e",
                "2d289e3cf63d427420c98883efa149d91bebeb08e50ea694f904701119726be7",
                "b1fc1ef0708dc773a4c81b356f1d8da1af930dc494c647242ce0f943fc56d0b0",
                "db0834fc6663fbfb732e06d6d4e32ec2cf899ea2ca10442d65982850948a5aef",
                "d8ea5e23fa1276cd8868c80d79560226fa91f600f886cafee92757c0ac6e125f",
                "30619d49bb6c92bdec77aada2363969972cf1c302a5e040c50b45ac9abee94bd",
                "0155630a5261ba16328a22c3618f448a8378abe58dd8b1a0e48361ef08dd647f",
                "6162d77bb23dce40e59588baa81a559524f8ce27f4cd4671ebe43fdcf3556f33",
                "0e402132de31474692a0bc2b5ba5e4471d4caa51d70ae273cec923950fe2e184",
                "db9e47394116fb7fdd869559220a6d1620291cfb2fea17fba46fd65355cc5297",
                "7c638fbce33afcf2dbb8fd024dadab60b66041d0cbe2554ba9f732b772894604",
                "5a10db23372ea0942a751e84420df50140e7264740242e095eb61847ed4fa0e5",
                "9217af910e4d8072191ba5d76ef994391d7a4614e08ea8eccb390c7afe8b0da2",
                "096f5b68356fa85924cba01052fc19a3ae817e7fa0de1e1122090511bd4d2616",
                "06b9ad23583388f82ea4c0434ba4e91adc183e4de3abc4b06a65632eaaadb59c",
                "09a0bf36f109825ba0c94a16d3655ad913edc18d6bf8f9c327af58be219b0861",
                "b7f1844a3ca8e73f450b074af2069112d223eba11dd2bee4371389d1f077a19c",
                "02ac7b8d7fc1fca21016f5cb9fe1d91b2c62cc92a79505c928f87b7593372279",
                "be02fca7d23ff571c46ac3711e105c54d8f1251116ea76ae15da41ea93366679",
                "b55c3763d2632bfff67c4eb482b87d98cbc4bcfc488cc17bb0f2d91a60631549",
                "8262b87116c4e670f35f14435cbb57b78c78c4c42a3ee87bfcb7e7224dae149b",
                "ca15ac0a459bb1ab7b98bc2751b895a42623eec23602e0d16c8a8f5833384b62",
                "3dba16df356b227f39b95db711b5e5d6b09d5dcb7aaacc73ce92bddd9600d758",
                "909f7cd821ee415966e1820455b5eca4bca68a46038933b678b057e00cb95e88",
                "44d1e48e49f581d9717f220a1a931bca712f43483c032091ec4d8ef956a54cdd",
                "957c5a21339acb1a28110dc66de396855b5c92d12f34a5bd51e590b5532ef892",
                "6218a9a5041e699649c6ec5189e4a6b5aa08eacc1918d3f9d27c72fd12259dfd",
                "60e23e1cc8710ccbb5dcac13570050a443222ed55a3982bcefd0a4a661b53080",
                "ce38e71666754cfe45f32c4e93ee5495fe19bdf88d2046871cbbfa02760864b8",
                "2db4dfb35f795d0d0ec8458089495cccdd89b1fc86ab77f658ce35710e73e17d",
                "dcfe798e283d8d2f3510340669f869a76645a453c71dea3fb7f0f4e6bcd3283c",
                "d856ff1ec824469170af1d26aeb3f03bcc052ddd48b774c4588bb987f17e3c07",
                "0c1835a1820889f2b821c496054676ca8f1091ab4728c355598db24aac5bb6a4",
                "d981102240417e12a612727365dfbe521135a4b08511acb6260a421a908dca28",
                "e2d595cbc1060a1419e026091c8b1dee5f2c6cca183d913088129ee20f26b9cb",
                "d7bb338e9b01d151e939a4a1af798a5d2c7be8785e9b04a1e3ff9fb6fff660cf",
                "20c489d0aa673b6f6dcda156eccf4bbeefb8f87b87ea292bc98ffe88166c9c83",
                "b60c731835f72b30d2dd52f0854a1a5fa0742b6d007155ea9b70a71b2c187da9",
                "836fd3698029d6a3f40e513b2a417af131bfa64a3c74d0e7fc434a65a608f8fc",
                "a63379454cecc151154cf45c51449ec87a4f3c2538b61cedff5449721179305c",
                "aaf9a810e9f22cafdcbcffd2f97a5b3abb46eecbeed7796b7466d06f11eba708",
                "8d0b193a9f78300011b6c9d36f18abcf69c08bd3a11abab158012a1ddc77e1a9",
                "8d00098ab97ede7bb45afa5c198011f937b2bddd663a197142df1737a670f21e",
                "4ea63d813bfa3cfc3d62418c3a38136ded03ea0afc984f28700f9b64d5fd698b",
                "f3821c4c9ee58206953bb3b5bd646b79b99bc4218eb7d61ebb99a88bb932931c",
                "9af3232b879f21f763e1d566fbf9a957b490817f03f032333385d46088415d5e",
                "6df80128c58bf1953dd5af5b1f39b1ce3d56f28be565b3227f015ca4833b6b9a",
                "80c88e629b72ee6287c43d36bd937d55f09fe4de45f7227ce2c1fc677bf7ef21",
                "33410010c196a45f31646fd7e9b34d4d1680538ded7522b8b5c20075c30bafc5",
                "11e677917c153b67993945f6594f0d5d39ae32f0f5e339d65f7e07391b403a55",
                "9feb653a0d8e64f569265a85a7018e98da142741ff80fde1a5fe7e5d72b14725",
                "50e086879de16a9fda144634dd45dd3544c55c9ea71abea6c3623692f1822394",
                "77c1f7410d1808083dc674eafafe5a9e684477617ccaddabb2914a4ef6d36db3",
                "35bb61cead72164ad6227d1cd6d874ce5f5cb7693f54dd85a52ab0d0db0200c0",
                "b4a4ae3a805925d959a90af388e7c44345f1ddbc2663e0aada61feeeb3dfe77b",
                "f7bba6574d143bee26d86d67092b4340cd07f8b59b849608dcd339f4fc8967ec",
                "40540baa3193d8398616ff39e38920d9192fdfbbf602a823c3a44a6909f212d8",
                "13a19a04ddc5f20f56a9730e282ddf9d511ba9f859d721a9b65fcd66b18871cd",
                "fb8e0612ea9cfbea06a074f895407d4cde6d2e4e3e34e9bd999c36905c708954",
