{
    "domain": "customgpt.ai",
    "owner": {},
    "source": [
        "DuckDuckGo-US"
    ],
    "prevalence": 0.000109,
    "sites": 16,
    "subdomains": [
        "cdn",
        "app",
        "config"
    ],
    "cnames": [],
    "fingerprinting": 2,
    "resources": [
        {
            "rule": "customgpt\\.ai\\/js\\/chat\\.js",
            "cookies": 0.0000547,
            "fingerprinting": 1,
            "subdomains": [
                "cdn"
            ],
            "apis": {
                "Document.cookie getter": 8,
                "Date.prototype.getTime": 8,
                "Document.cookie setter": 8,
                "window.localStorage": 8,
                "Navigator.prototype.maxTouchPoints": 8
            },
            "sites": 10,
            "prevalence": 0.0000684,
            "cnames": [],
            "responseHashes": [
                "5be4fb18f55fb269bafdf158c2f0d625c1fd3ee1ae952d65a0bf31554e753227"
            ],
            "type": "Script",
            "firstPartyCookies": {
                "cgpts-39685": {
                    "ttl": 604812,
                    "length": 36,
                    "prevalence": 0.000006840881105486387,
                    "uniqueness": 1
                },
                "cgpts-55980": {
                    "ttl": 604805,
                    "length": 36,
                    "prevalence": 0.000006840881105486387,
                    "uniqueness": 1
                },
                "cgpts-36951": {
                    "ttl": 604820,
                    "length": 36,
                    "prevalence": 0.000006840881105486387,
                    "uniqueness": 1
                },
                "cgpts-31579": {
                    "ttl": 604813,
                    "length": 36,
                    "prevalence": 0.000006840881105486387,
                    "uniqueness": 1
                },
                "cgpts-68268": {
                    "ttl": 604805,
                    "length": 36,
                    "prevalence": 0.000006840881105486387,
                    "uniqueness": 1
                },
                "cgpts-33061": {
                    "ttl": 604806,
                    "length": 36,
                    "prevalence": 0.000006840881105486387,
                    "uniqueness": 1
                },
                "cgpts-36446": {
                    "ttl": 604806,
                    "length": 36,
                    "prevalence": 0.000006840881105486387,
                    "uniqueness": 1
                },
                "cgpts-19713": {
                    "ttl": 604807,
                    "length": 36,
                    "prevalence": 0.000006840881105486387,
                    "uniqueness": 1
                }
            },
            "firstPartyCookiesSent": {},
            "exampleSites": [
                "atlasgunworks.com",
                "israel365news.com",
                "manasquan.bank",
                "simplegreen.com",
                "theisraelbible.com",
                "www.biamp.com",
                "www.btc-echo.de",
                "www.coastalstatesbank.com",
                "www.hawaii-guide.com",
                "www.topdon.us"
            ]
        },
        {
            "rule": "customgpt\\.ai\\/storage\\/chat_bot_avatar\\/vyFvsotWgnkpzxS2JBqPaT9OtGJDkyDn7BvZlLQ3\\.png",
            "cookies": 0,
            "fingerprinting": 0,
            "subdomains": [
                "app"
            ],
            "apis": {},
            "sites": 2,
            "prevalence": 0.0000137,
            "cnames": [],
            "responseHashes": [
                "a04e054cb01a19766afc25462e67bdef61ab4389bd64de05419c59f8a5fb8f8c"
            ],
            "type": "Image",
            "firstPartyCookies": {},
            "firstPartyCookiesSent": {},
            "exampleSites": [
                "coastalstatesbank.com",
                "www.coastalstatesbank.com"
            ]
        },
        {
            "rule": "customgpt\\.ai\\/project-sharing-settings\\/76014\\/live_chat\\.json",
            "cookies": 0,
            "fingerprinting": 0,
            "subdomains": [
                "config"
            ],
            "apis": {},
            "sites": 2,
            "prevalence": 0.0000137,
            "cnames": [],
            "responseHashes": [
                "4b1b52e1aca925a3008c93e4687c413c3353dd39462681858274b436612bae1a"
            ],
            "type": "Fetch",
            "firstPartyCookies": {},
            "firstPartyCookiesSent": {},
            "exampleSites": [
                "oceancity.com",
                "www.oceancity.com"
            ]
        },
        {
            "rule": "customgpt\\.ai\\/storage\\/chat_bot_avatar\\/iFbzILdrHraZUrVbgJl9WHzDAVkqvz7fXG5Aqs7a\\.png",
            "cookies": 0,
            "fingerprinting": 0,
            "subdomains": [
                "app"
            ],
            "apis": {},
            "sites": 2,
            "prevalence": 0.0000137,
            "cnames": [],
            "responseHashes": [
                "728c1d95b5f0562f6c33bb0f8f914364873c9c844fd8d124e4f4687803d99c31"
            ],
            "type": "Image",
            "firstPartyCookies": {},
            "firstPartyCookiesSent": {},
            "exampleSites": [
                "oceancity.com",
                "www.oceancity.com"
            ]
        },
        {
            "rule": "customgpt\\.ai\\/project-sharing-settings\\/19713\\/live_chat\\.json",
            "cookies": 0,
            "fingerprinting": 0,
            "subdomains": [
                "config"
            ],
            "apis": {},
            "sites": 2,
            "prevalence": 0.0000137,
            "cnames": [],
            "responseHashes": [
                "ce175eaec5ed549337bb7d3313181ad6843c35bd1bc8dababff6b94f56cb3099"
            ],
            "type": "Fetch",
            "firstPartyCookies": {},
            "firstPartyCookiesSent": {},
            "exampleSites": [
                "topdon.us",
                "www.topdon.us"
            ]
        }
    ],
    "categories": [],
    "performance": {},
    "cookies": 0.0000752,
    "topInitiators": [
        {
            "domain": "first party",
            "prevalence": 0.90625
        },
        {
            "domain": "cloudflare.com",
            "prevalence": 0.0625
        },
        {
            "domain": "coreware.com",
            "prevalence": 0.03125
        }
    ],
    "types": {
        "Script": 10,
        "Image": 4,
        "Fetch": 4
    },
    "nameservers": [
        "ns-232.awsdns-29.com",
        "ns-588.awsdns-09.net",
        "ns-1436.awsdns-51.org",
        "ns-1701.awsdns-20.co.uk"
    ]
}