{
    "domain": "dblks.net",
    "owner": {},
    "source": [
        "DuckDuckGo-US"
    ],
    "prevalence": 0.000527,
    "sites": 77,
    "subdomains": [
        "prebid",
        "dblksync",
        "fwstats"
    ],
    "cnames": [],
    "fingerprinting": 2,
    "resources": [
        {
            "rule": "dblks\\.net\\/openrtb\\/",
            "cookies": 0,
            "fingerprinting": 0,
            "subdomains": [
                "prebid"
            ],
            "apis": {},
            "sites": 48,
            "prevalence": 0.000328,
            "cnames": [],
            "responseHashes": [
                "158a21e72f714b1c6699333687826d32afd73c52847ae5531703bf668dbe4c98",
                "0d8e0f467b84fbf1c0dd54c9a9cc9286da3ae6aa48bde6c20043e3abb82f7f8a",
                "44136fa355b3678a1146ad16f7e8649e94fb4fc21fe77e8310c060f61caaff8a",
                "d1e9d20fd411be809b6dd89158533b2e3423c00d7bd4d61bab47d2c3916f1154",
                "312f6887b3da77429df59f030bb5518b570966c42c33de231c22e16b1c434acb",
                "8fc4ca99d064148c01cc16d52c6071fe1343176c26a9f7d0960b118a6023ee6d",
                "f78f74328ec42e9f904c799337b4ff09b8ff99acccde0db99bd93d6ba048cc6d",
                "b93cfb80f73272944af05d8583c275c88057a0a851d051aff58005605f84d03c",
                "25bb4b9e6d8b790578e31ddcba7cf41a0de2a1aec24f26312b058d525adabc51",
                "d7a64502aac3cd850bca822a31807902406d829711a8c1332e08d83d3fed2715",
                "2e37a6a61923ba31ede928e66249fb58ce82752fd333c98adf8a85e40c065fc2",
                "f2695649991209267df557bb4ddfdb1907a6c0a6768c8ad825b8edbdfcbc6000",
                "422ecf890a9cf19c03b93f14dbf947583204f221bc407bc34ad3efbf5f5c5891",
                "540cf7c291bc212f77642939ffd195095a3eff23b2174e7beed5ddb8aed6583e",
                "860d60329da7edf165906445363f6d1fb4bf92ab4bfc824fe18cf860a3bbbb93",
                "294fa4426de46a987c85054b96dc337e5688e56d156922f0f6585a22a059c7eb",
                "2d3d088cdb9e82fc2b0271a62fe99cf4ece8f579fbf519ed098dd856cd3176b8",
                "f1434ded4d8ff7e4c17b2657865fd42954e417b6c2e862ab2a1e30add73c76c2",
                "733be73b0ea2aa297a0f1fc642e056072118cde13beec0b42f142824ff95aad6",
                "517cb586e2cb092e2b01dfac9773806d2c6d6bb2eb11754c231c1b39aa0a3db9",
                "0bb498bc4768dc0feb495cdc9911d95654644272e3332e25ccddb9348ac07470",
                "44ba0b9c6d5010d6babc16a94c319479ea0ef83dd51a248f0cf66065497bff43",
                "d5a46b6e5d3a72c508cec10dcfe6a7bbe08a892c5aa6e299db4a02e3fab8f657",
                "3f7d2648bf18fc22f7ca82df4e473e396bf886a0a9d2332d6aadb029d948cd6d",
                "8f21ef3d6c9fe73e1ff991bbdbd719a3124f9fdb065365020bb2f46f640241f1",
                "25114cae8e037a212eaea689e033fb73cfef63c1d69610c17cce91e4d415b8a4",
                "d5e997e2f4d6e9df8af8d0587786f4c3cc4e40343cf1a8c25e6db86fc0d5b3e5",
                "a2a8428a62a6f07d7386d176f124f00d6680236ebac46f0076f28031d42b9028",
                "84d47e2c35e081e5d4378fb91e9df8db1ea08b0835cfa7a789f6ccb4a2ef9481",
                "1e391d1752aff575b3b858f1fa619ad9c3ebda56c69bfa780c811f8e10887ce2",
                "8eab10625e7c35504f4874a9f81281609d93cb73603cf7c05c5b123656b10bac",
                "a12e607f3ad5530eda937eba307e4776d260a0b26270f8c46931364b2c9942c6",
                "27fcd0d2f0f91cd97274330535b46540d34735a4c06df02a7e38d7d3a87e76d5",
                "e2556337d1bd5aa5a2a132ee17f4cd906dedcfb2a20dc54860746c9156bf47d8",
                "6f367fa9dc7fd4d9fb2be532febd6d0648670018589e3afb1a4813686d771819",
                "fcfb6cc4b97670d3f3b1e8613c016b57a37cf67f5ddb9f021d7d42ed41f0a7ca",
                "db6a246fa2dd625e73fdd1ccd809846bb80f66305aad98b77c8ee0cf1df6345b"
            ],
            "type": "Fetch",
            "firstPartyCookies": {},
            "firstPartyCookiesSent": {},
            "exampleSites": [
                "downdetector.es",
                "www.5ingredients15minutes.com",
                "mommypoppins.com",
                "nationaltoday.com",
                "www.thingiverse.com",
                "www.fark.com",
                "downdetector.fr",
                "www.baseballamerica.com",
                "www.audizine.com",
                "www.frommers.com",
                "kids-in-mind.com",
                "homehacks.co",
                "downdetector.it",
                "www.rugerforum.com",
                "www.archdaily.com",
                "playspades-online.com",
                "architecturaldesigns.com",
                "downdetector.com.au",
                "www.tacter.com",
                "smith-wessonforum.com"
            ]
        },
        {
            "rule": "dblks\\.net\\/dblksync\\/",
            "cookies": 0.00000684,
            "fingerprinting": 1,
            "subdomains": [
                "dblksync"
            ],
            "apis": {
                "Navigator.prototype.userAgent": 2,
                "Document.cookie setter": 1
            },
            "sites": 4,
            "prevalence": 0.0000274,
            "cnames": [],
            "responseHashes": [
                "949a30ed07d2975ead2a00344b822b0c43bab1939fbb37102d3b0811364b2326"
            ],
            "type": "Document",
            "firstPartyCookies": {},
            "firstPartyCookiesSent": {},
            "exampleSites": [
                "brightgram.com",
                "fanrecap.com",
                "wranglertjforum.com",
                "wranglerjkforum.net"
            ]
        },
        {
            "rule": "dblks\\.net\\/floors",
            "cookies": 0,
            "fingerprinting": 0,
            "subdomains": [
                "fwstats"
            ],
            "apis": {},
            "sites": 3,
            "prevalence": 0.0000205,
            "cnames": [],
            "responseHashes": [
                "e3b0c44298fc1c149afbf4c8996fb92427ae41e4649b934ca495991b7852b855"
            ],
            "type": "Fetch",
            "firstPartyCookies": {},
            "firstPartyCookiesSent": {},
            "exampleSites": [
                "fanrecap.com",
                "wranglerjkforum.net",
                "wranglertjforum.com"
            ]
        },
        {
            "rule": "dblks\\.net\\/ff\\/2715236\\.js",
            "cookies": 0.00000684,
            "fingerprinting": 3,
            "subdomains": [
                "prebid"
            ],
            "apis": {
                "Navigator.prototype.userAgent": 2,
                "window.sessionStorage": 2,
                "Navigator.prototype.vendor": 2,
                "Navigator.prototype.appVersion": 2,
                "Navigator.prototype.connection": 2,
                "window.outerWidth": 2,
                "window.outerHeight": 2,
                "window.innerWidth": 2,
                "window.innerHeight": 2,
                "Navigator.prototype.plugins": 2,
                "Navigator.prototype.productSub": 2,
                "Navigator.prototype.mimeTypes": 2,
                "WebGLRenderingContext.prototype.getParameter": 2,
                "Navigator.prototype.webdriver": 2,
                "Navigator.prototype.language": 2,
                "Navigator.prototype.languages": 2,
                "Navigator.prototype.permissions": 2,
                "window.localStorage": 2,
                "PerformanceTiming.prototype.navigationStart": 2,
                "Notification.permission": 2,
                "Screen.prototype.width": 2,
                "NavigatorUAData.prototype.brands": 1,
                "NavigatorUAData.prototype.platform": 1,
                "Date.prototype.getTime": 1,
                "Navigator.prototype.cookieEnabled": 1,
                "Document.cookie getter": 1,
                "Document.cookie setter": 1
            },
            "sites": 2,
            "prevalence": 0.0000137,
            "cnames": [],
            "responseHashes": [
                "ac5faed562996e0cc6c75bb45a89e9f3dac3ddb15b6608b1fe778dc64312051f"
            ],