{
    "domain": "ddos-guard.net",
    "owner": {},
    "source": [
        "DuckDuckGo-US"
    ],
    "prevalence": 0.00013,
    "sites": 19,
    "subdomains": [
        "check"
    ],
    "cnames": [],
    "fingerprinting": 0,
    "resources": [
        {
            "rule": "ddos-guard\\.net\\/check\\.js",
            "cookies": 0.000103,
            "fingerprinting": 0,
            "subdomains": [
                "check"
            ],
            "apis": {},
            "sites": 15,
            "prevalence": 0.000103,
            "cnames": [],
            "responseHashes": [
                "ced24f8e1b400efb12648cbc8b4af89c3c3bf6a5a8d30ec5eb68a001620f1f9a",
                "c4d054dd40b64b477145d4c4eb19214602dc08f6618659efeb5c99080c9d8b4a",
                "f0805fa323e64be1a5348fa02dbffb7f85e58759633e977284ad6e0bcbf6f7cd",
                "dc3d77dc786b10a7c0b6bc2e1d40539f6e7e740ac3ff98cae7656fa3d3ea1ce9",
                "58da9aaec99f33e6d14eaaead798bd5c70e51bd55105cc7722acece4fd69e2e5",
                "f7659c0b18bba086ec302b6b640edc8de8d1ef2823ce08b932c4d8452eb7a9e5",
                "be301d73fdbc92d86f4f7036091b432477f3061361c943766349883caf0dbe70",
                "077f206f0a7b4fbbf3af3cef79c757df0d6e2f920a2ab150135e016374ffcb58",
                "56968dddd9fb8042651112d0210d3e7e597bd01f2b98484b4f063ff0ac00fee5",
                "7bc0829a5d5046920f4957c229d8362cd3e46f2fd20db063ead75f148a55c40b",
                "62b15a9acc0622c7714dfa4ee96eb5475c43f770512253dbd71e5edf16250cd8",
                "422c7764a7b93ad316b4bde4ba901e0d32e9689ac92c2b89a6956545bf1047b5",
                "c9e81603eeb02ced235233ef1ebd67c7dbe666a9e5e3c2b9534217642c831df9",
                "8c11f9fb381620d4f3bdd84ae1e893eb2d994d64f3baa64b088ba1c62e94d9b4"
            ],
            "type": "Script",
            "firstPartyCookies": {},
            "firstPartyCookiesSent": {},
            "exampleSites": [
                "1v9.gg",
                "androidloading.com",
                "animepahe.org",
                "cbr.ru",
                "dominternet.ru",
                "eroticity.net",
                "hh.ru",
                "iz.ru",
                "kupikod.com",
                "plati.market",
                "porncoven.com",
                "pornsavant.com",
                "ren.tv",
                "sci-hub.st",
                "www.litres.ru"
            ]
        }
    ],
    "categories": [],
    "performance": {},
    "cookies": 0.00013,
    "topInitiators": [
        {
            "domain": "first party",
            "prevalence": 0.8947368421052632
        },
        {
            "domain": "animepahe.ru",
            "prevalence": 0.10526315789473684
        }
    ],
    "types": {
        "Script": 15
    },
    "nameservers": [
        "ns1.ddos-guard.net",
        "ns2.ddos-guard.net"
    ]
}