{
    "domain": "demand.supply",
    "owner": {},
    "source": [
        "DuckDuckGo-US"
    ],
    "prevalence": 0.000246,
    "sites": 36,
    "subdomains": [
        "live",
        "api"
    ],
    "cnames": [],
    "fingerprinting": 2,
    "resources": [
        {
            "rule": "demand\\.supply\\/up\\.js",
            "cookies": 0.000171,
            "fingerprinting": 0,
            "subdomains": [
                "live"
            ],
            "apis": {},
            "sites": 26,
            "prevalence": 0.000178,
            "cnames": [],
            "responseHashes": [
                "7c56336faa9283c5c210a60fd3e8fac1c5e20e79f4054fdb718f921c8aa92551",
                "241b98f2646448a8110db589e294241f17490962e00000304eceb0d8d1b2b262",
                "e3b0c44298fc1c149afbf4c8996fb92427ae41e4649b934ca495991b7852b855",
                "e36f87ca191b321cc96d02f4cd4b5755de3181ce907f8af03a8db9a7d0ea9f0e",
                "73be62fe2287db1756674a1f7045ae14fdb87ac2dece3410154bef5112119da6",
                "170602809bd6d411f2bbdaf35a4daa10fb3c04ad8b592362b4d78b64610707aa",
                "b9a61e3217f421ed806b6e428201e72ebd61218ef91b582c06d24ddd78c09013",
                "37458673b62b9b64945603aa4e7497e2b0ee5beef031609e81aff37d7e6c17dc",
                "8ab4a640a703fd30a4e0c235bd199c3def4910621429bfe25d7310fa57ddb85d",
                "101bbf9f368f717dbf5ec67720ec94b48ac1890717ef0b86d2d7fcd9c7fbca57",
                "c812b7210124d35e65f8750e1fdf06afcb79cb6b752631e42dfdc4c5388d0022",
                "bc214c023117f20d4ccdccb3733fa5a5037c8b25c8e704a3603c633dd09d5bbb",
                "17e1aa7d0f9c0e1752279f18c2d3780d4300ff09fd621d55d859c3297abead03",
                "3b97e35b142cb4b85384dd698bba58fc05d631b14bd410ef100a25a84ba832cd",
                "6f4df74b36d95ce863b14b5461b9a088ef12f66d10da9e0e4a7247f2c265260d",
                "9379ddce944633a7814fa97cee13a8ca5c618e562a688cc1d2049330811dc1ba",
                "3db98eda480d546ba322241d946179b98fe77f85392358a08de291d77b44dd46",
                "50136a5d4bf2a2dc6e0648c73ad28197c62f8844561c24e22eb2834575103d62",
                "bae16fc6781bb09f0ec9fd2aacbfa3eafd48de8dc84b1bd3c8866ae9e2062c7a",
                "dc7acee9ca9cbb88555a9a585fa0b1fa5b3e6d1d29c05242c069a9214e2a8102",
                "db4368150b74b2a66aaea24cf59aac829994ae8b8f712b7317ee31a5bd68fe3e",
                "b645c6e6170afb4278facc6a4b30efd11fe35b9d0aa8f5266d37b2db46470216"
            ],
            "type": "Script",
            "firstPartyCookies": {},
            "firstPartyCookiesSent": {},
            "exampleSites": [
                "pflegeboard.ch",
                "www.astrologyanswers.com",
                "fikiri.net",
                "www.locatefamily.com",
                "imginn.com",
                "us.mapometer.com",
                "ihaveapc.com",
                "menszine.nl",
                "organiclifetip.com",
                "www.cotidianul.ro",
                "dictzone.com",
                "school4seo.com",
                "oracioncristiana.org",
                "www.medicinesfaq.com",
                "celebmafia.com",
                "www.filmofilia.com",
                "secinfinity.net",
                "www.cinemagia.ro",
                "allnewspipeline.com",
                "10minutemail.com"
            ]
        },
        {
            "rule": "demand\\.supply\\/impl\\.v17\\.39\\.1\\.js",
            "cookies": 0,
            "fingerprinting": 2,
            "subdomains": [
                "live"
            ],
            "apis": {
                "Navigator.prototype.userAgent": 21,
                "window.localStorage": 20,
                "Navigator.prototype.language": 19,
                "Navigator.prototype.connection": 19,
                "Screen.prototype.width": 19,
                "PerformanceTiming.prototype.navigationStart": 9,
                "window.innerHeight": 1
            },
            "sites": 23,
            "prevalence": 0.000157,
            "cnames": [],
            "responseHashes": [
                "a25301b5fd0c266741fa373fd114e875b90670174365c4e63df4bb100f9ec0b3"
            ],
            "type": "Script",
            "firstPartyCookies": {},
            "firstPartyCookiesSent": {},
            "exampleSites": [
                "fikiri.net",
                "menszine.nl",
                "secinfinity.net",
                "www.cinemagia.ro",
                "pflegeboard.ch",
                "us.mapometer.com",
                "organiclifetip.com",
                "www.filmofilia.com",
                "oracioncristiana.org",
                "ihaveapc.com",
                "imginn.com",
                "www.cotidianul.ro",
                "myonlineradio.hu",
                "desilusion.com",
                "school4seo.com",
                "click.ro",
                "www.medicinesfaq.com",
                "www.astrologyanswers.com",
                "10minutemail.com",
                "www.bzi.ro"
            ]
        },
        {
            "rule": "demand\\.supply\\/e\\/e\\.js",
            "cookies": 0.000144,
            "fingerprinting": 0,
            "subdomains": [
                "live"
            ],
            "apis": {},
            "sites": 22,
            "prevalence": 0.00015,
            "cnames": [],
            "responseHashes": [
                "e3b0c44298fc1c149afbf4c8996fb92427ae41e4649b934ca495991b7852b855"
            ],
            "type": "XHR",
            "firstPartyCookies": {},
            "firstPartyCookiesSent": {},
            "exampleSites": [
                "ihaveapc.com",
                "www.bzi.ro",
                "us.mapometer.com",
                "secinfinity.net",
                "oracioncristiana.org",
                "www.filmofilia.com",
                "school4seo.com",
                "myonlineradio.hu",
                "tehnografi.com",
                "10minutemail.com",
                "desilusion.com",
                "www.astrologyanswers.com",
                "www.locatefamily.com",
                "imginn.com",
                "www.cinemagia.ro",
                "fikiri.net",
                "www.medicinesfaq.com",
                "menszine.nl",
                "celebmafia.com",
                "pflegeboard.ch"
            ]
        },
        {
            "rule": "demand\\.supply\\/ds\\.2\\.html",
            "cookies": 0.000144,
            "fingerprinting": 0,
            "subdomains": [
                "live"
            ],
            "apis": {},
            "sites": 22,
            "prevalence": 0.00015,
            "cnames": [],
            "responseHashes": [
                "3ecde44092098aa9617e8e67616c72aff2931727459c65a9096201e75ef83d6f"
            ],
            "type": "XHR",
            "firstPartyCookies": {},
            "firstPartyCookiesSent": {},
            "exampleSites": [
                "pflegeboard.ch",
                "www.cotidianul.ro",
                "www.cinemagia.ro",
                "myonlineradio.hu",
                "menszine.nl",
                "www.filmofilia.com",
                "celebmafia.com",
                "www.astrologyanswers.com",
                "oracioncristiana.org",
                "www.bzi.ro",
                "ihaveapc.com",
                "tehnografi.com",
                "organiclifetip.com",
                "secinfinity.net",
                "us.mapometer.com",
                "desilusion.com",
                "imginn.com",
                "fikiri.net",
                "www.medicinesfaq.com",
                "www.locatefamily.com"
            ]
        },
        {
            "rule": "demand\\.supply\\/x\\/e\\.js",
            "cookies": 0.000137,
            "fingerprinting": 0,
            "subdomains": [
                "live"
            ],
            "apis": {},
            "sites": 21,
            "prevalence": 0.000144,
            "cnames": [],