{
    "domain": "dpgmedia.nl",
    "owner": {
        "name": "Ringier AG",
        "displayName": "Ringier"
    },
    "source": [
        "DuckDuckGo-US"
    ],
    "prevalence": 0.000226,
    "sites": 33,
    "subdomains": [
        "myprivacy",
        "pg"
    ],
    "cnames": [],
    "fingerprinting": 1,
    "resources": [
        {
            "rule": "dpgmedia\\.nl\\/consent",
            "cookies": 0.000198,
            "fingerprinting": 1,
            "subdomains": [
                "myprivacy"
            ],
            "apis": {
                "Date.prototype.getTime": 29
            },
            "sites": 29,
            "prevalence": 0.000198,
            "cnames": [],
            "responseHashes": [
                "4fe162fcd6fe721d68e7e686b4b870aa66b90486a2f0cd68b18ec57c9ba36c76",
                "dcfe99fcd9b67da46ee97bbfa48b212d6cf6f523a364ce1e725e14d0b6bce690",
                "96c21f9eeadf24b5e5128180990cf53f48496cd1f1cca6109ac2a94e6e0379ab",
                "ff98763fc2398a46ff2c97324a38b68f06fc77c1fcc341cab96704352e80f799",
                "0b8b6490e9cf5317c7e1b0ffa513c51e5e662e270b508b0c48841304a865701a",
                "a3f4b5593c7aff410f915ba1dc702d36a6afc0265dc10b45f770d568dc9e8f76",
                "afe7fb3dfaaf2eb73479f6ad4dbf317336dd94f665bdc7419529dae1b872e896",
                "62be03f2b207077323928f4adce3535da60f2498423ebe0e5740882537781af1",
                "585e540b61c23133651a7aad1806c6616f91c30a4e98fc6ad958b4f77fb01622",
                "3df7e6f93b2f625ace408428973f5ff086e6e1dc47acaa308faa6aacb13b08f8",
                "a27359126e24a66527945d300db2d5f21da5f341c220c0d72e766b236944d42a",
                "73e29a4b1807f57de1a61aaf69fe8b13070b8bcb7e2da4d5ed27bd1eea835dd4",
                "91a5a507769b7494d476836b341e80247d6894df8405405f46fda1d10dfeb83c",
                "cb1034e8ddb43ec18e35e254ba6e65ca44adb7d1a5c202d15508584f484e3c94",
                "0d42afb2fc371d406e77956952dde6e74aa822e1d92139784a7549c8e9cd5db1",
                "8139645c3f20c79da6a4315b48895d85f5cd637cb413e7be490a8b851c8b6d98",
                "ed8a731ae811570ce7d2668c0410599d6885172771b1fc0dc8a4ff0a7b1e809e",
                "a9441cd46c47dd219a0daea161ce649c23b53f945a65faae2b8a7333bbed4e8b",
                "d7232707e770583ede210974f65651a8d1e6f255676c7c27cb7aadeb0d2d50af",
                "615cd0e2d2d96ff794fb13610a53e137577f369420f0ae051ffbbbc22b5a847d",
                "1b74fad5acf336e0bdc3452f61a1c13810ede1c5cd1c29c1dfdd5d3b0f44cd5e",
                "4f6440d719e5141bfa3a12c14e9a488203eeddfeb68781b04079676e8ce5c2ca",
                "bbe59ca027818165fd25d9e0c6ba00c6885f224df61f67881e8a340a02ffac6f",
                "d37859d9b3bf372dd2fbb6e3a08c98fdedc819cd017cb554ececfa8017eb70cf",
                "6681b1f2131ab10c22d1c703ab0a1aa3a733085df4b5f952ecf438a66bc5ae73",
                "7ab19728c7fbcd4cf6b6d7c833d58ffaff5e7d07c5b0501701184e21e8585a08",
                "e47b9fa1dcdbd99e6532f6f988c779a66538d069455a5a6098c5b22ce22a12c0",
                "516624ea429f4008f7a5c028be3adf124cff1629930ccb4eb1cb13cca072ddfa"
            ],
            "type": "Document",
            "firstPartyCookies": {},
            "firstPartyCookiesSent": {},
            "exampleSites": [
                "alarmeringen.nl",
                "www.gelderlander.nl",
                "tweakers.net",
                "www.margriet.nl",
                "www.nationalevacaturebank.nl",
                "www.bd.nl",
                "www.ed.nl",
                "www.story.nl",
                "www.gaspedaal.nl",
                "www.pzc.nl",
                "www.ad.nl",
                "www.bndestem.nl",
                "gathering.tweakers.net",
                "www.libelle.nl",
                "www.autowereld.nl",
                "www.flair.nl",
                "www.nu.nl",
                "www.destentor.nl",
                "www.vtwonen.nl",
                "www.parool.nl"
            ]
        },
        {
            "rule": "dpgmedia\\.nl\\/api\\/consent",
            "cookies": 0.000219,
            "fingerprinting": 0,
            "subdomains": [
                "pg"
            ],
            "apis": {},
            "sites": 32,
            "prevalence": 0.000219,
            "cnames": [],
            "responseHashes": [
                "e306c4e6221834ed707a85484745a822ffda5675ab811fc84bfc6fa3afa5e85e",
                "e1ced6c3defdbeab4a99fced3397001f2ddb1b7f2ac8fbe49cd367cf733a1bad"
            ],
            "type": "Fetch",
            "firstPartyCookies": {},
            "firstPartyCookiesSent": {},
            "exampleSites": [
                "www.bd.nl",
                "indebuurt.nl",
                "www.reclamefolder.nl",
                "www.gaspedaal.nl",
                "www.bndestem.nl",
                "www.margriet.nl",
                "www.destentor.nl",
                "www.pzc.nl",
                "www.nu.nl",
                "www.veronicasuperguide.nl",
                "www.deondernemer.nl",
                "www.oudersvannu.nl",
                "www.ad.nl",
                "www.autotrack.nl",
                "www.volkskrant.nl",
                "www.libelle.nl",
                "www.flair.nl",
                "tweakers.net",
                "www.autoweek.nl",
                "www.autowereld.nl"
            ]
        },
        {
            "rule": "dpgmedia\\.nl\\/consent\\/",
            "cookies": 0.0000205,
            "fingerprinting": 1,
            "subdomains": [
                "myprivacy"
            ],
            "apis": {
                "Date.prototype.getTime": 3
            },
            "sites": 3,
            "prevalence": 0.0000205,
            "cnames": [],
            "responseHashes": [
                "c9c54749456efb8ccbd5ecfe6fcc2fdc5165164cbce7056f3c67c4c289aa62c2",
                "43842a1c7ffa8cce596b1c6015bb0d9ebbade6f96a257fa3f050c26d241c3de1"
            ],
            "type": "Document",
            "firstPartyCookies": {},
            "firstPartyCookiesSent": {},
            "exampleSites": [
                "indebuurt.nl",
                "www.indebuurt.nl",
                "www.totaaltv.nl"
            ]
        }
    ],
    "categories": [],
    "performance": {},
    "cookies": 0.000226,
    "topInitiators": [
        {
            "domain": "dpgmedia.net",
            "prevalence": 0.9411764705882353
        },
        {
            "domain": "first party",
            "prevalence": 0.058823529411764705
        }
    ],
    "types": {
        "Document": 32,
        "Fetch": 32
    },
    "nameservers": [
        "eur5.akam.net",
        "eur2.akam.net",
        "use5.akam.net",
        "ns1-25.akam.net",
        "usc2.akam.net",
        "ns1-125.akam.net",
        "eur6.akam.net",
        "use2.akam.net"
    ]
}