{
    "domain": "ed24cb4bc7.com",
    "owner": {},
    "source": [
        "DuckDuckGo-US"
    ],
    "prevalence": 0.0012,
    "sites": 175,
    "subdomains": [
        "d4ace898f9"
    ],
    "cnames": [],
    "fingerprinting": 0,
    "resources": [
        {
            "rule": "ed24cb4bc7\\.com\\/in\\/multy",
            "cookies": 0,
            "fingerprinting": 0,
            "subdomains": [
                "d4ace898f9"
            ],
            "apis": {},
            "sites": 169,
            "prevalence": 0.00116,
            "cnames": [],
            "responseHashes": [],
            "type": "Preflight",
            "firstPartyCookies": {},
            "firstPartyCookiesSent": {},
            "exampleSites": [
                "komikaja.com",
                "www.iranian.sex",
                "bdsmup.net",
                "maccaturo.it",
                "goldencomics.art",
                "mzansipornvideos.com",
                "pornxnow.me",
                "www.xnxxxxnx.com",
                "www.marathit.com",
                "www.newchotigolpo.com",
                "forcedcinema.net",
                "incest-ru.com",
                "bokepcuy.skin",
                "bokepmo.com",
                "cotigolpo.com",
                "www.amaporn.com",
                "www.kingbokep.mom",
                "www.18porn.sex",
                "www.japteenx.com",
                "www.takporn.com"
            ]
        },
        {
            "rule": "ed24cb4bc7\\.com\\/in\\/multy",
            "cookies": 0,
            "fingerprinting": 0,
            "subdomains": [
                "d4ace898f9"
            ],
            "apis": {},
            "sites": 169,
            "prevalence": 0.00116,
            "cnames": [],
            "responseHashes": [
                "3bd9793de7bd5388c824e19e7283b03022767080de7fe6e09c55238f9d4777ef",
                "2c38204ebc6431dacfd49e6abef75798ab834351e214744a4b8d223b7ec406f0",
                "88a06aa20d5163beabc0b181f968df2c9c7817d155a69d4701fc76042e2fd7f9",
                "b4e9d40df2fc0076f70cda87a2df3c816b770ee9af145f47fc63890ef86d38a5",
                "e3bc2c033690b784b1130db247616f9d9c8488095351363a82117fdb891ac08d",
                "86df49138f7d63aab2c5af938a81cc0a56a91e75e86a03e435819c5ccace3ee0",
                "cc7b941dd8145256751d1952312b13a38a49724ef3ec5ebb61fc33b340cd48e0",
                "181984781a9226944d778c06f10416a75d9c96c2a3fe9ba8b87b1b3e7b7e9a7c",
                "02ee6672aa3fd7de6c07c09b9c76509c9ebdb68e3f4127d4fe7f6ce2a191ac5f",
                "59ab0a4218ec104c33dbef2e64e1d3b926e11bb995421713a794962d3bd12870",
                "4b6c1907f2f189d33cd767012a536a00debbd35e23254280b873e3b8986d2674",
                "d1da3197aa5a624b72d86bd099e5981932d723691e165914f5be204e566dad5e",
                "9003de9b390558b32e1c38671b576f2dc847e260667be40ee6153b172d29dcdc",
                "41a0f9f8f66b46286987c5361caa70d2ed7b82acd5d64ca6814ad3171c23b1f4",
                "44e2431995b97b555ab40adb4e9b27c47b504a59a44aa47da9ed3824bccbd4e0",
                "4c7e984938d214ffbf170d11c15445ea70706c2457577295c88b0cc02dced973",
                "6e3650856d3a3544f50569356a3526fff284c538a23ebcc5d32ffebae3895b94",
                "3d5743e640dc8e1298674bf036954d45f8abfbe3d5b72d73f25c4ff5a8edc53b",
                "1be83a379391603b037f25531f2e37abd3f62060b2ec5911eb6d0f991a72f20d",
                "7b6f15c6085ff39ba765275cd49d30ce233767f8b9abd87b12daf415d09d74f1",
                "9e5490df9a5cc3248a3ee60ba8f4f6423b66b2132c659c28a08bb859bbd87a39",
                "e4bebd33495bd679ed1620dfb939b0e02c3463dcdfa9df2e995214166d378493",
                "515aff7801bc2ddb8aea11403c52c8c26ccd9e247f57adab5f3f7baf6c304fe3",
                "81d03c195e4830c33f33adb2a9bfc84fb0bf87e00c8dbda59b70beb973cc56ae",
                "d83c278469c4f6b239806f56edd44ece0788728aab4db35990a0a44e0b602281",
                "acfbfa08e233949e715c8125928ccd806d1c8a814598e333be1d52ff29909ceb",
                "74234e98afe7498fb5daf1f36ac2d78acc339464f950703b8c019892f982b90b",
                "2ba2e4f988c1d69d8ce0362acfdd36916030049df366e26afa50068834ceb732",
                "19734e957c195c2328625fffc4bc9d2c767dd3504dcaee56f06d3a26820379f4",
                "12503d1de46cddc15d6fb002bf04ac9d30da411001a7055e72cb17fddeee6d7b",
                "283bbde8b7f1136ad0813e3005f0e2e35ac9de639b464f5dc8c6862c8771a9bd",
                "72833aae8ab72aea10fb99d16172ad86dc2c7d94425f084e9e27fc6596580eb6",
                "6dedcdbe7ef641d7a2b69001adfbd51fb06e9558dd3065528be9e1833857680b",
                "abccc98bc50344c01f433df62a1eefdc20cdade2d96897299176010cc4b9dc1f",
                "00637ecbc050dd5c7a4f3c8fd4df91373a32a6897be2daf749b236a2d99fddfd",
                "99d9399b2ca0d27f7955696c6bd6900f648177a3bdeb3bc120bdbb7a802c9399",
                "99c08ec4d93af1f68261e2915e3ea9f5a354fd382f346a28cfa831be275a588c",
                "612af24eda9cd7e282d0da7836eab3a7ff6670582b2ae93115b7c89deef2e4a5",
                "a708d4bd535a957c6c604e237441155f2a60f94fcf3e5bd536c852b82751dbc7",
                "48a27ca641a50bfd75a6a58c140392821a9655e83205f20918f534b299e7bc7f",
                "5521ec0a641cddfbda553913b1fc442f8062175f78fe6f0dcdd7af875009a20d",
                "9e43706b58d27f5fbd32ad26519c6e89180e6a7524fa2ffae37a26b00edd9b9a",
                "4cab593f3afe09bd599c959c9853f0f747e54b898e8246fce8ecc9dfda9efbbd",
                "4fe8ad16bd36cefb2ffb242956e2ffbb7bfdf2ab45e809c7a554868f1b3f2c8d",
                "ac630e3033bbe11b739bed91f4d6bd1ba7d922983bf5bc2437fd905326e852b9",
                "d326ed1281f7ed67b3768b95c785c0bf92333647921aa2a587cdfd826ac60d30",
                "777c1118068ff36fc5849b6a9ca747c343948a03010f072157a348e7054f9761",
                "585246c2b4b80b539e168991c73f20d7b88eb6740572f17d52cb41cbfc091e72",
                "14d846f91ce9d110528f3a5d249af5dcecd199de0e8cf25a75d483dc9531854a",
                "a9dd80f0915c62d8124d0285452dddd33b0f47e18d48e0f272e6309a6a515bcc",
                "c8dd082d396221f38498897db7066bf47a1dd938eb9af785609af8ac92db9b0e",
                "e2977f14534e4af2e30bfc387402923d819875be01200acff7be10a67b25e181",
                "da49764da68aeeb2af2bcb58e90680b611ba63f250f1b2fba5594770875ad6d8",
                "c511a51c47d7e2032f3fbb0ccb34697604e8ba7d72db229e5c2b1a6db36690a7",
                "879ddc1619a9c9d104470a82e56983ca837e2db6ebe52a59cdf7224ec2e5d2ca",
                "a4837242a04001f34560696d29a07f351c262d127837db9d1dd6251892039715",
                "e69ef3f4bd9c44600fb3bb9a540c08632a363f9cbbcde1183d065c6d8a136a5f",
                "80b13004ca1fb5701294d08f62a811ed7a60447c8aefc225128a631b4dcb4e78",
                "d29324a7d2bb7c02faa662219a1268157d880bc4e13bc03045d0fe897d866daa",
                "8979c33ff53625d318a25f5998a2e46a0b3380d0ba59b9cac1e8c2d75ec906dc",
                "284e5175fa2f52eb4333151f9f1ebd9d62d7d4d56e8d4ada23af4da3178e72ea",
                "5283b78ca79daf0ec42c69b3a11c8af9745a0a6499025a9930346e7245c54678",
                "969244db7ddea3e5f87062cad8393a8fc0bdaddbfa20c816834dee4fcd72b448",
                "8174ea9055ed61db15dd8ea3a9deb27260aa556c2cac3671af7bf6177509f437",
                "b957574738e95f5860339d2d120e10deb43697c299a5e5d7f7da54b53c5d7f8d",
                "43c8ece9c0b11d84aea03430c29b416c4bde9ee04694051f3a6f6c19b2e8e3a9",
                "6014fae5e4c1ab77f6e0e1ad610b24bc2b6ee69298cb5b045c5eaf137a67704f",
                "9be60501d3b3072b28e2d40e6e3d33e0be27f48a2e713c7bf390014b3d8f65ac",
                "6c58b4b2775c0e20c987c1738e9c0f1b45ed8b7818f553649d2cd3c1fa917a28",
                "b9aa8b1496467da03f6ec60c044b1937864de6554c5103f5b974f404fcef2aaa",
                "77790b69c33a1885b71f13b6e047aa5a285f5b6035cee21c56237657c65ad754",
                "e3b0c44298fc1c149afbf4c8996fb92427ae41e4649b934ca495991b7852b855",
                "cbddb95fe3cb885455ef650df2107376b9e5e58fc89a89be1a2eb59e54b28bbe",
