{
    "domain": "elocallink.tv",
    "owner": {},
    "source": [
        "DuckDuckGo-US"
    ],
    "prevalence": 0.000157,
    "sites": 23,
    "subdomains": [
        "www"
    ],
    "cnames": [],
    "fingerprinting": 1,
    "resources": [
        {
            "rule": "elocallink\\.tv\\/mlink\\/mlink2\\/php\\/mlink2\\.php",
            "cookies": 0,
            "fingerprinting": 1,
            "subdomains": [
                "www"
            ],
            "apis": {
                "Navigator.prototype.userAgent": 21
            },
            "sites": 21,
            "prevalence": 0.000144,
            "cnames": [],
            "responseHashes": [
                "fe8a869a0598ff6494c7bddadb3a9bd3ea716c974a5b78f04ce75281f4481516",
                "e605be8e20b7cf9163fa978dd400dbe845233081e97022dc6804de96b31dc39d",
                "5dc8c9abce3c907a96eb2fcfaf49bb348ddd81fb9aa10ef8b0dec229db2adddc",
                "11cfceab3e451d06ad4986e371f6520f756eb1a41371a43dc075505960ecf720",
                "1e22b1e43599301343accc5dd7ae488bc1f4f692100fe9c28461d8b851bad01a",
                "d7811201fde74cd58bd35670208552f4184089cee7e4af9bec1243108b516d25",
                "b68b67c768f2c9b65a4f75c99a80002e1a3a4ce2a4bec30effb095c26129629f",
                "ffe545b8b0baf45c3aaca80fdbe2204cb5255d447fe627668fe09651b3afae10",
                "d74f79f603a2a4f8c2e707cd80a1d444aa1a11bb815356cf1fdee1c954655fb8",
                "b46275b9d33ca001aae8955c32ad1d42bee5c81f2cb8293b744215e3cb98f83a",
                "8c4976e6ede10e29226991592693e6f78d3b17dcc21bdbe5997a399d276d2f75",
                "423c6de3672ff0506b18d8ea6f3329f48cfb4610d00fc7dfbd95d0048dc5ac48",
                "4b141eafbf9a926d4380cc65a489e32bd0b535126282e8fb0636ae89661289aa",
                "94aec1ba97b9bbb36d14111e5936d4c8c911b3df88462544c9335a187b3cf38c",
                "911efcf96eb53420ba164c0cea8f98a1d3f7de9813fb565aea8d298192475443",
                "5890a697e9578374c6158de8b36a4012c401c269386442894925642a34f32579",
                "38d91716f4d6d1ed635ef02df6fb0feeb721a9d649d913b67c968ade1681f4a1",
                "1d2c347eb88520e578e15fcf02d44d0597443c8fb13ae8e614d1c4b5047ea0b6",
                "e8cec3082a6fa39efde36a903fec499a406bc81c2047e7b68a6016237728317d",
                "eee65b380867eca839a64c08e527cd8790eb5c2644962d238486510c995863a6"
            ],
            "type": "Script",
            "firstPartyCookies": {},
            "firstPartyCookiesSent": {},
            "exampleSites": [
                "www.kaufmancounty.net",
                "www.shastacounty.gov",
                "www.mcohio.org",
                "www.cayugacounty.us",
                "www.narragansettri.gov",
                "adcogov.org",
                "www.orovalleyaz.gov",
                "www.clallamcountywa.gov",
                "www.co.grayson.tx.us",
                "apps.weld.gov",
                "www.douglascountynv.gov",
                "www.kcgov.us",
                "www.cachecounty.gov",
                "www.clermontfl.gov",
                "www.cityofnsb.com",
                "www.hidalgocounty.us",
                "www.lackawannacounty.org",
                "www.mclennan.gov",
                "camdencountymo.gov",
                "www.santarosa.fl.gov"
            ]
        },
        {
            "rule": "elocallink\\.tv\\/mlink\\/mlink2\\/images\\/hn-tag_new\\.png",
            "cookies": 0,
            "fingerprinting": 0,
            "subdomains": [
                "www"
            ],
            "apis": {},
            "sites": 14,
            "prevalence": 0.0000958,
            "cnames": [],
            "responseHashes": [
                "3c79b800c80af53e4a7498c956e56bb513ff4e96ef38731e3a891ab3e7b4763a"
            ],
            "type": "Image",
            "firstPartyCookies": {},
            "firstPartyCookiesSent": {},
            "exampleSites": [
                "adcogov.org",
                "camdencountymo.gov",
                "masoncountywa.gov",
                "www.cachecounty.gov",
                "www.cayugacounty.us",
                "www.cityofnsb.com",
                "www.clallamcountywa.gov",
                "www.co.grayson.tx.us",
                "www.kaufmancounty.net",
                "www.lackawannacounty.org",
                "www.mclennan.gov",
                "www.narragansettri.gov",
                "www.santarosa.fl.gov",
                "www.shastacounty.gov"
            ]
        },
        {
            "rule": "elocallink\\.tv\\/mlink\\/mlink2\\/php\\/font-proxy\\.php",
            "cookies": 0,
            "fingerprinting": 0,
            "subdomains": [
                "www"
            ],
            "apis": {},
            "sites": 14,
            "prevalence": 0.0000958,
            "cnames": [],
            "responseHashes": [
                "6ea84b8d1580f14cd1394da9625c00edb0b7908c04062827eceee8675e4be830"
            ],
            "type": "Font",
            "firstPartyCookies": {},
            "firstPartyCookiesSent": {},
            "exampleSites": [
                "adcogov.org",
                "camdencountymo.gov",
                "masoncountywa.gov",
                "www.cachecounty.gov",
                "www.cayugacounty.us",
                "www.cityofnsb.com",
                "www.clallamcountywa.gov",
                "www.co.grayson.tx.us",
                "www.kaufmancounty.net",
                "www.lackawannacounty.org",
                "www.mclennan.gov",
                "www.narragansettri.gov",
                "www.santarosa.fl.gov",
                "www.shastacounty.gov"
            ]
        },
        {
            "rule": "elocallink\\.tv\\/mlink\\/mlink2\\/images\\/hn-tag_hello\\.png",
            "cookies": 0,
            "fingerprinting": 0,
            "subdomains": [
                "www"
            ],
            "apis": {},
            "sites": 14,
            "prevalence": 0.0000958,
            "cnames": [],
            "responseHashes": [
                "4dcc44f73364fbbbe0ce754593a16c694d305a6ce32277aa9702999937e8526a"
            ],
            "type": "Image",
            "firstPartyCookies": {},
            "firstPartyCookiesSent": {},
            "exampleSites": [
                "adcogov.org",
                "camdencountymo.gov",
                "masoncountywa.gov",
                "www.cachecounty.gov",
                "www.cayugacounty.us",
                "www.cityofnsb.com",
                "www.clallamcountywa.gov",
                "www.co.grayson.tx.us",
                "www.kaufmancounty.net",
                "www.lackawannacounty.org",
                "www.mclennan.gov",
                "www.narragansettri.gov",
                "www.santarosa.fl.gov",
                "www.shastacounty.gov"
            ]
        },
        {
            "rule": "elocallink\\.tv\\/mlink\\/mlink2\\/images\\/new_only\\.png",
            "cookies": 0,
            "fingerprinting": 0,
            "subdomains": [
                "www"
            ],
            "apis": {},
            "sites": 14,
            "prevalence": 0.0000958,
            "cnames": [],
            "responseHashes": [
                "7cf195c8412a99182e2e001df6a681f51ffcd59975b2d34b5cfcb769a0018458"
            ],
            "type": "Image",
            "firstPartyCookies": {},
            "firstPartyCookiesSent": {},
            "exampleSites": [
                "adcogov.org",
                "camdencountymo.gov",
                "masoncountywa.gov",
                "www.cachecounty.gov",
                "www.cayugacounty.us",
                "www.cityofnsb.com",
                "www.clallamcountywa.gov",
                "www.co.grayson.tx.us",
                "www.kaufmancounty.net",
                "www.lackawannacounty.org",
                "www.mclennan.gov",
                "www.narragansettri.gov",
                "www.santarosa.fl.gov",
                "www.shastacounty.gov"
            ]
        }
    ],
    "categories": [],