{
    "domain": "esnlocco.com",
    "owner": {},
    "source": [
        "DuckDuckGo-US"
    ],
    "prevalence": 0.0000547,
    "sites": 8,
    "subdomains": [
        "obs",
        "ob"
    ],
    "cnames": [],
    "fingerprinting": 3,
    "resources": [
        {
            "rule": "esnlocco\\.com\\/ct",
            "cookies": 0.0000342,
            "fingerprinting": 0,
            "subdomains": [
                "obs"
            ],
            "apis": {},
            "sites": 6,
            "prevalence": 0.000041,
            "cnames": [],
            "responseHashes": [
                "36cbf2176841a16397ebac38574c44f4d96f8084dfff424d46ae1e08035a5038",
                "b6dd9004fe66a6fbbdd4408f3a876984c75a2babbd89d1df50d4f4c9450c7aac",
                "1b225270e1bc8be75affc66edb77a0fc2d2f76d4ee388fa25ec83d3209f33bf2",
                "2dc99595fd5e27223d339546fa2ab02617a266d1d8b24be19418ef58758d606c",
                "ff22ba41422c416f5f187c6ec2c040caf71d5e5ae2c9a431ed04e867bcda712f"
            ],
            "type": "Script",
            "firstPartyCookies": {},
            "firstPartyCookiesSent": {
                "_cq_duid": 0.000034204405527431934,
                "_cq_suid": 0.000034204405527431934,
                "_ga": 0.000047886167738404704,
                "_li_dcdm_c": 0.000006840881105486387
            },
            "exampleSites": [
                "tcbros.com",
                "thelawncarenut.com",
                "www.aacc.edu",
                "www.adviacu.org",
                "www.avc.edu",
                "www.clio.com"
            ]
        },
        {
            "rule": "esnlocco\\.com\\/tracker\\/tc_imp\\.gif",
            "cookies": 0,
            "fingerprinting": 0,
            "subdomains": [
                "obs"
            ],
            "apis": {},
            "sites": 5,
            "prevalence": 0.0000342,
            "cnames": [],
            "responseHashes": [
                "f4eef8263281c0b26486637831251059757bc3fdc4c3a48045a8ef8646b36e8f"
            ],
            "type": "Image",
            "firstPartyCookies": {},
            "firstPartyCookiesSent": {},
            "exampleSites": [
                "thelawncarenut.com",
                "www.aacc.edu",
                "www.adviacu.org",
                "www.avc.edu",
                "www.clio.com"
            ]
        },
        {
            "rule": "esnlocco\\.com\\/mon",
            "cookies": 0,
            "fingerprinting": 0,
            "subdomains": [
                "obs"
            ],
            "apis": {},
            "sites": 5,
            "prevalence": 0.0000342,
            "cnames": [],
            "responseHashes": [
                "e3b0c44298fc1c149afbf4c8996fb92427ae41e4649b934ca495991b7852b855"
            ],
            "type": "XHR",
            "firstPartyCookies": {},
            "firstPartyCookiesSent": {},
            "exampleSites": [
                "thelawncarenut.com",
                "www.aacc.edu",
                "www.adviacu.org",
                "www.avc.edu",
                "www.clio.com"
            ]
        },
        {
            "rule": "esnlocco\\.com\\/i\\/671dfe16a9f993eacb31acf71cd97d6c\\.js",
            "cookies": 0.0000137,
            "fingerprinting": 3,
            "subdomains": [
                "ob"
            ],
            "apis": {
                "window.localStorage": 2,
                "Navigator.prototype.userAgent": 2,
                "Document.cookie getter": 2,
                "Navigator.prototype.plugins": 2,
                "Navigator.prototype.platform": 2,
                "Navigator.prototype.permissions": 2,
                "Navigator.prototype.onLine": 2,
                "window.name": 2,
                "Screen.prototype.width": 2,
                "Screen.prototype.height": 2,
                "BarProp.prototype.visible": 2,
                "Date.prototype.getTime": 2,
                "Date.prototype.getTimezoneOffset": 2,
                "Screen.prototype.orientation": 2,
                "Navigator.prototype.doNotTrack": 2,
                "Navigator.prototype.webdriver": 2,
                "Navigator.prototype.vendor": 2,
                "Navigator.prototype.productSub": 2,
                "Navigator.prototype.mimeTypes": 2,
                "Navigator.prototype.product": 2,
                "Navigator.prototype.appName": 2,
                "Navigator.prototype.appCodeName": 2,
                "Navigator.prototype.deviceMemory": 2,
                "Navigator.prototype.maxTouchPoints": 2,
                "Navigator.prototype.keyboard": 2,
                "window.indexedDB": 2,
                "Navigator.prototype.languages": 2,
                "window.matchMedia(\"prefers-color-scheme\")": 2,
                "window.innerWidth": 2,
                "window.screenY": 2,
                "window.screenX": 2,
                "window.screenTop": 2,
                "window.screenLeft": 2,
                "Screen.prototype.availTop": 2,
                "Screen.prototype.availLeft": 2,
                "window.devicePixelRatio": 2,
                "Screen.prototype.pixelDepth": 2,
                "Screen.prototype.colorDepth": 2,
                "Screen.prototype.availWidth": 2,
                "Screen.prototype.availHeight": 2,
                "window.outerWidth": 2,
                "window.outerHeight": 2,
                "window.innerHeight": 2,
                "Notification.permission": 2,
                "Performance.prototype.memory": 2,
                "Navigator.prototype.hardwareConcurrency": 2,
                "Navigator.prototype.connection": 2,
                "PerformanceTiming.prototype.navigationStart": 2,
                "Document.cookie setter": 2,
                "window.sessionStorage": 2,
                "Navigator.prototype.getBattery": 2,
                "Navigator.prototype.mediaDevices": 2,
                "MediaDevices.prototype.enumerateDevices": 2,
                "URL.createObjectURL": 2,
                "speechSynthesis.__proto__.getVoices": 2
            },
            "sites": 2,
            "prevalence": 0.0000137,
            "cnames": [],
            "responseHashes": [
                "b19eb0fd56fbf3db66e792e1f10e1e7cf0e5fbf2fb45a8a179a1d510767f333d"
            ],
            "type": "Script",
            "firstPartyCookies": {
                "_cq_duid": {
                    "ttl": 7884013,
                    "length": 29,
                    "prevalence": 0.000013681762210972774,
                    "uniqueness": 1
                },
                "_cq_suid": {
                    "ttl": null,
                    "length": 29,
                    "prevalence": 0.000013681762210972774,
                    "uniqueness": 1
                },
                "_cq_pxg": {
                    "ttl": 86414,
                    "length": 36,
                    "prevalence": 0.000013681762210972774,
                    "uniqueness": 1
                }
            },
            "firstPartyCookiesSent": {},
            "exampleSites": [
                "clio.com",
                "www.clio.com"
            ]
        }
    ],
    "categories": [],
    "performance": {},
    "cookies": 0.0000547,
    "topInitiators": [
        {
            "domain": "first party",
            "prevalence": 0.65
        },
        {
            "domain": "googletagmanager.com",
            "prevalence": 0.2
        },
        {
            "domain": "onlineaccess1.com",
            "prevalence": 0.15
        }
    ],
    "types": {
        "Script": 8,
        "Image": 5,
        "XHR": 5
    },
    "nameservers": [
        "ns-1234.awsdns-26.org",
        "ns-1771.awsdns-29.co.uk",
        "ns-313.awsdns-39.com",
        "ns-779.awsdns-33.net"
    ]
}