{
    "domain": "eveyevents.com",
    "owner": {},
    "source": [
        "DuckDuckGo-US"
    ],
    "prevalence": 0.0000821,
    "sites": 12,
    "subdomains": [
        "api"
    ],
    "cnames": [],
    "fingerprinting": 0,
    "resources": [
        {
            "rule": "eveyevents\\.com\\/production-v2\\/storefront\\/config",
            "cookies": 0,
            "fingerprinting": 0,
            "subdomains": [
                "api"
            ],
            "apis": {},
            "sites": 9,
            "prevalence": 0.0000616,
            "cnames": [],
            "responseHashes": [
                "61465d27a7518fe99da473d9da79556b31a255b2b52a6adb43a0dd3789b57a50",
                "f6f3c22644d41f8538896a5fcfa2a7cc39ac63ecf4b06aa04c3ee96b4dd43396",
                "93f014f96254743de01876939cfd11544fd757f71aa45a60d39faff32276c001",
                "728b413d5de95e5f372c2ec1d55a30f8c0c890648cc28f8d4a8806e105130351",
                "6d6733a608b56fea6cd2a7ec9584563a819cfda4348f80bf1973036927e8ef16",
                "ba235a072d532f4e25e06f697ae01064a8945dacefe60da7a53bd1455e70cd0e",
                "d224aa6c8c1275812fa94d3bf8d82fa2a8bff72a7c84c5b5779da5b1d0f9fa0d",
                "254d80a39d101266d44a55c46a5b517cf45c191d0cf384038af184b4b4671a08"
            ],
            "type": "Fetch",
            "firstPartyCookies": {},
            "firstPartyCookiesSent": {},
            "exampleSites": [
                "260samplesale.com",
                "biggreenegg.com",
                "galaxycon.com",
                "hudsonvalleyseed.com",
                "ikamper.com",
                "maggardrazors.com",
                "www.beararchery.com",
                "www.goruck.com",
                "www.wildfang.com"
            ]
        }
    ],
    "categories": [],
    "performance": {},
    "cookies": 0,
    "topInitiators": [
        {
            "domain": "minmaxify.com",
            "prevalence": 0.4166666666666667
        },
        {
            "domain": "first party",
            "prevalence": 0.4166666666666667
        },
        {
            "domain": "shopify.com",
            "prevalence": 0.16666666666666666
        }
    ],
    "types": {
        "Fetch": 9
    },
    "nameservers": [
        "ali.ns.cloudflare.com",
        "amit.ns.cloudflare.com"
    ]
}