{
    "domain": "fastdata.my",
    "owner": {},
    "source": [
        "DuckDuckGo-US"
    ],
    "prevalence": 0.000171,
    "sites": 25,
    "subdomains": [
        "cdn"
    ],
    "cnames": [],
    "fingerprinting": 2,
    "resources": [
        {
            "rule": "fastdata\\.my\\/sdk\\/push_web\\/",
            "cookies": 0.0000958,
            "fingerprinting": 2,
            "subdomains": [
                "cdn"
            ],
            "apis": {
                "Navigator.prototype.userAgent": 14,
                "Intl.DateTimeFormat.prototype.resolvedOptions": 14,
                "Date.prototype.getTimezoneOffset": 14,
                "Document.cookie getter": 14,
                "Date.prototype.getTime": 14,
                "Document.cookie setter": 14,
                "window.innerHeight": 14,
                "window.innerWidth": 14,
                "window.devicePixelRatio": 14,
                "Navigator.prototype.appName": 14
            },
            "sites": 14,
            "prevalence": 0.0000958,
            "cnames": [],
            "responseHashes": [
                "8ac901ac329ff064e4ce484ec67e0b751c0f13e1bcba210fd241c64d68c2481a",
                "512cdb167a45c028a5245816e7cd0a292dae225e9e0a855d7e2d13b95c3f552d",
                "d452a92449aabae025a5b27486ea9bdabf21df6987ba6275b0908c9aaacff1bb",
                "87a192a88e388bdcda8c31a0f4a7cb36fabe162583f499b85b938a07928fa3e0",
                "eb150c7372c0e153b5030308629844fda6683e7b5173f9144c9860323ef62fe3",
                "459c2d2c764ddf29d6b136b9a62c9dbfa6a2781c7c63192b9ea32d10322bd3cd",
                "04088d0de593dad4aeb675bf4aa34b9fb15160ac6a4c2dfead55dfb5581f843a",
                "f13d2a5e2cc6aea8a68c7d8be139298b7afa9866b3319e1c130687b700b5dd1e",
                "7f8f943ba76ba6a4570555904d6731f1ae684d6aa7a2622ec399c6913713f7f8",
                "8110430f627ada6e18e550eb32a3e5a048e3009e55a5114f4c86f787d013cf86",
                "d28f9b9e622a62240645065bc89e60bf9efc0ac548e08ed4b5219d1ded43fb7d",
                "9b64b4aa870ac7361303ce2ce15d8e3b4af0f240f4cbb1e01ff64503535bdc27"
            ],
            "type": "Script",
            "firstPartyCookies": {
                "rvt_inlpush_cnt_10002": {
                    "ttl": 86403,
                    "length": 1,
                    "prevalence": 0.000006840881105486387,
                    "uniqueness": 1
                },
                "rvt_inlpush_max_10002": {
                    "ttl": 86402,
                    "length": 1,
                    "prevalence": 0.000006840881105486387,
                    "uniqueness": 1
                },
                "rvt_inlpush_shown_10002": {
                    "ttl": 86403,
                    "length": 1,
                    "prevalence": 0.000006840881105486387,
                    "uniqueness": 1
                },
                "rvt_inlpush_cnt_9624": {
                    "ttl": 86402,
                    "length": 1,
                    "prevalence": 0.000006840881105486387,
                    "uniqueness": 1
                },
                "rvt_inlpush_max_9624": {
                    "ttl": 86401,
                    "length": 1,
                    "prevalence": 0.000006840881105486387,
                    "uniqueness": 1
                },
                "rvt_inlpush_shown_9624": {
                    "ttl": 86402,
                    "length": 1,
                    "prevalence": 0.000006840881105486387,
                    "uniqueness": 1
                },
                "rvt_inlpush_cnt_10024": {
                    "ttl": 86402,
                    "length": 1,
                    "prevalence": 0.000006840881105486387,
                    "uniqueness": 1
                },
                "rvt_inlpush_max_10024": {
                    "ttl": 86401,
                    "length": 1,
                    "prevalence": 0.000006840881105486387,
                    "uniqueness": 1
                },
                "rvt_inlpush_shown_10024": {
                    "ttl": 86402,
                    "length": 1,
                    "prevalence": 0.000006840881105486387,
                    "uniqueness": 1
                },
                "rvt_inlpush_cnt_10023": {
                    "ttl": 86403,
                    "length": 1,
                    "prevalence": 0.000006840881105486387,
                    "uniqueness": 1
                },
                "rvt_inlpush_max_10023": {
                    "ttl": 86402,
                    "length": 1,
                    "prevalence": 0.000006840881105486387,
                    "uniqueness": 1
                },
                "rvt_inlpush_shown_10023": {
                    "ttl": 86403,
                    "length": 1,
                    "prevalence": 0.000006840881105486387,
                    "uniqueness": 1
                },
                "rvt_inlpush_cnt_10033": {
                    "ttl": 86408,
                    "length": 1,
                    "prevalence": 0.000006840881105486387,
                    "uniqueness": 1
                },
                "rvt_inlpush_max_10033": {
                    "ttl": 86407,
                    "length": 3,
                    "prevalence": 0.000006840881105486387,
                    "uniqueness": 1
                },
                "rvt_inlpush_shown_10033": {
                    "ttl": 86409,
                    "length": 1,
                    "prevalence": 0.000006840881105486387,
                    "uniqueness": 1
                },
                "rvt_inlpush_cnt_10004": {
                    "ttl": 86406,
                    "length": 1,
                    "prevalence": 0.000006840881105486387,
                    "uniqueness": 1
                },
                "rvt_inlpush_max_10004": {
                    "ttl": 86405,
                    "length": 1,
                    "prevalence": 0.000006840881105486387,
                    "uniqueness": 1
                },
                "rvt_inlpush_shown_10004": {
                    "ttl": 86406,
                    "length": 1,
                    "prevalence": 0.000006840881105486387,
                    "uniqueness": 1
                },
                "rvt_inlpush_cnt_9625": {
                    "ttl": 86408,
                    "length": 1,
                    "prevalence": 0.000006840881105486387,
                    "uniqueness": 1
                },
                "rvt_inlpush_max_9625": {
                    "ttl": 86408,
                    "length": 1,
                    "prevalence": 0.000006840881105486387,
                    "uniqueness": 1
                },
                "rvt_inlpush_shown_9625": {
                    "ttl": 86409,
                    "length": 1,
                    "prevalence": 0.000006840881105486387,
                    "uniqueness": 1
                },
                "rvt_inlpush_cnt_10034": {
                    "ttl": 86404,
                    "length": 1,
                    "prevalence": 0.000006840881105486387,
                    "uniqueness": 1
                },
                "rvt_inlpush_max_10034": {
                    "ttl": 86403,
                    "length": 1,
                    "prevalence": 0.000006840881105486387,
                    "uniqueness": 1
                },
                "rvt_inlpush_shown_10034": {
                    "ttl": 86404,
                    "length": 1,
                    "prevalence": 0.000006840881105486387,
                    "uniqueness": 1
                },
                "rvt_inlpush_cnt_10026": {
                    "ttl": 86403,
                    "length": 1,
                    "prevalence": 0.000006840881105486387,
                    "uniqueness": 1
                },
                "rvt_inlpush_max_10026": {
                    "ttl": 86402,
                    "length": 1,
                    "prevalence": 0.000006840881105486387,