{
    "domain": "feldot.com",
    "owner": {},
    "source": [
        "DuckDuckGo-US"
    ],
    "prevalence": 0.000383,
    "sites": 56,
    "subdomains": [],
    "cnames": [],
    "fingerprinting": 2,
    "resources": [
        {
            "rule": "feldot\\.com\\/v1\\/sdk\\.js",
            "cookies": 0,
            "fingerprinting": 2,
            "subdomains": [],
            "apis": {
                "window.localStorage": 24,
                "Document.cookie getter": 24,
                "Navigator.prototype.permissions": 23,
                "NavigatorUAData.prototype.brands": 24,
                "NavigatorUAData.prototype.platform": 24
            },
            "sites": 34,
            "prevalence": 0.000233,
            "cnames": [],
            "responseHashes": [
                "58d1bf9f8946404602cdaffd5b12bbff1972e660842971c2c33dea5497aa814d",
                "dde33980a30d3d329646c7a2b1650da7b00eccef57a87ba0880c85a8f3e4bab3",
                "a723b70dd70d829bdb31c58055db5bb00879b1512b6503059f18f39ba6a22bca",
                "54cc5cea821f997c750e27971c9349966122a381c31b294b64e378566abd601c",
                "cf8f705f0fa4cb9207a8f143de504f517c2647669fd0d3ff5e8c551eed3a2c8a",
                "0342b06bed4bdbdef68de92d8ea0218dbf33700bea5a05825f6264ac9892b78f",
                "ef0e18276a7507ffcc7b04fa89d7d0d2c4856c76c14335fba22de0d1fec61a1d",
                "e9cd83460ecb8c169822d8b3ba233dffbdd1df986d37573ffde50307a8f56ce0",
                "b1f0992d6b5fd9a0cb65c019bab055329b0f614b3a0e5edee3ff36f918f163af",
                "65a46f1e64474122882e5edd4479d2c3664087abedbe9a58d9b5764fda9420ca",
                "6292b6caf94c454f22487597d0624ef2fad1f533322d138b72c643f8c6e9730d",
                "0c5e55e0877ff4343ed870a9ca2b6f0c41576224b5551e36ded2b8d33567b40e",
                "35afc305b11369ddd4984f17fd972e714ec4aeb747c3d778364c97d0ee2b026e",
                "814029a165c67dffa1efebd60916beff57191d8d746419981389997bc274efbe",
                "180ab6fd0b2217195e6383ae4350e0bb81cbd2110c9dd0bb8b1a3c16bc5b11fc",
                "03edc6324442069dba94cb40a637918be63270bdbea4708407edddd21d19d723",
                "08cd45abf4d11e37745c06399e9ad4da385a8164c08c3fa508a12461c3ad8040",
                "8bf984907d815628d05abf982f18f924b0f7c50b9a8b9312a30105617d5ce4e3",
                "2319976b923479d9c7f28a6e6a6a6f1afedcac5176b790a9c792f8a7b2019b64",
                "b540644a46de504236442febf419ca8d1a1041802f3ea535b5274aa6515b2ed3",
                "38e89d29aa0dc0b0da510f2aba0fa6faff379a14af21691d62082127aaa69f29",
                "91b0e954eb7cb454966946a9c758d2b27add20b33f5f12901107689b620f7125",
                "21a070bbadfe28b9cefbd28706fc87ceab1f3aecfff909bdd2aa465d9586a534",
                "f155b777c60a070e12fa0f2d9ec57a426d99b6b5cdde2eecc1c5d98e4eacf1d2",
                "318365db60a8aa8d697db3d6e63aecd2ec469f6063660e92c8077158c0861c77"
            ],
            "type": "Script",
            "firstPartyCookies": {},
            "firstPartyCookiesSent": {},
            "exampleSites": [
                "animalzooporn.me",
                "animals-xnxx.com",
                "blowjobit.com",
                "xxxsexzoo.com",
                "de.wiki7.org",
                "animalpornxxx.me",
                "xnxx.lgbt",
                "pornzoovideos.com",
                "brazzersxxx.net",
                "de.wikiital.com",
                "zerkiss.cc",
                "xnxx3.org",
                "zoosex.cc",
                "nl.frwiki.wiki",
                "animalzooporn.net",
                "xnxx-zoo.com",
                "zoosexwithanimals.net",
                "freeanimalporn.tv",
                "zoo-xnxx.com",
                "animalporn.life"
            ]
        },
        {
            "rule": "feldot\\.com\\/fp\\.js",
            "cookies": 0.000178,
            "fingerprinting": 1,
            "subdomains": [],
            "apis": {
                "window.localStorage": 26,
                "Date.prototype.getTime": 27,
                "Document.cookie setter": 26
            },
            "sites": 33,
            "prevalence": 0.000226,
            "cnames": [],
            "responseHashes": [
                "0bb8407c298d739ccf96aab484145096524072ac86351c24c4cac2eb48a7f0c1",
                "5189bab6f0977a0e0192fc5348376dc3752e36ee399c7d9c36efaa130258d78d",
                "00965c6575259d8ebff4c610dc1d5f6938460cc3c42af76927f631d18db33f52",
                "10b84d6c10b4e1394913022bad6ac3f7570bcf2de2efac567239935a080b7fc4",
                "eb4c554bd4b253d0e622c206200a06bfcc4a6dbe23e8a6124c8bdec7ff24bad4",
                "2a857c9d368738bb35dbee53aea86c6cbf23d77809e7b7299af47066e8ff3644",
                "27dad3137510dcbfeb9e0bb1b95655698e31b5ab6c4f66adb77df11942484b4b",
                "f158d7fcd517b5cc27042f9b7b44a40e4153c18f85dce200eb26b2f50cb283df",
                "c6e8f4afc2d384dbbb7f1c0291a7cd6fbf36d2f34c67450e26c8c61474931984",
                "de4022b9d67329b334dd814b740e7d8ae75b15c18e55c141ad0549ac1e0ee5a7",
                "407c8ee0223a1d2a6851586ebb0b1927a149d5956b4e9c589c63e9f98eb0c9d9",
                "6736db911fad947d0318b41e23969c92f2d56dde9e9e7f7c1fbd3ffe21cf403c",
                "e0fc70d233cb381e2d4532ed016e083f235b2fde1740d69eb4ee9d6b74244b01",
                "0a92855b0130586310c23b54d076488653fb019bca225f3452e362a14f1654d3",
                "61322e56b32074dc6b2b2ad3cea37af68a05a73596b97c9d3f8e263d9069c0ea",
                "604aaaeb2484c3583f81530b64eaf6a98801f56fbc1e6f4fdcd02d71f3bac819",
                "23c9259d4b377d3393f4c5339cd60ea7f49168a38277d788600cc1c204e07b8c",
                "5c7e199825a4d4e0072caa6b6697da1b456b6d055d02f7873ce50dc25bba0491",
                "4f47b6b9be93ca08ad9f34e9175b0eb785a7c16f669d61547636337440d2db0c",
                "19d7832a2adf9699dd190bdd08f70838ece56f984f54042d48cfa565b571760e",
                "f407f0e9cb7609ab8928449f3258dcde975a17e9f1e43c2205c0ab936e97de9a",
                "98e136047f532e18a9fabc9b778f75c91fd8f08d7a17a2a6ff70e2f80e0d40b4",
                "b6d3b85070c9f286555621c0eb09ff2783e72e6a5681ba4d6e878a39392d1b44",
                "4a16f5fecc6641a42c1a8a337e8d3e6b23dcdcf7935001ed0637dbf9fe37aef0",
                "dd4a051d6fd9085bc49006934ab5324ba81c5314e64f5a6ae83dce3c8195a504",
                "9cd95a480f3cb6dc23f4531a65a7a380343fe65a83f72a0bd3d34d6aeb8f6f4c",
                "3290f9d1e59f020d968c9f1e41b117aa89a72af7040a06fe33908643eb97776f",
                "a10a65e7d9227e44b4b24ea8dbfded8bdbcdcdbf88ab321958b5514d3a676706",
                "f95a7a69ae5c2329fbb2a28c2f8abce5cd6aabab73ce3cccc0532f3cf0cd98f3",
                "c0379a82a1016b64de7d876717221219664db5b50ed9bc4914be8f51308d719a"
            ],
            "type": "Script",
            "firstPartyCookies": {
                "ufp2": {
                    "ttl": 604804,
                    "length": 40,
                    "prevalence": 0.0001573402654261869,
                    "uniqueness": 1
                }
            },
            "firstPartyCookiesSent": {},
            "exampleSites": [
                "it.frwiki.wiki",
                "zoomobileporn.com",
                "de.wikiital.com",
                "xnxx-zoo.com",
                "animalzooporn.net",
                "zoosex.cc",
                "animalporn.life",
                "zoozhamster.com",
                "zoo-xnxx.com",
                "www.freeanimalporn.tv",
                "pornmovieszoo.com",
                "www.animalzooporn.net",
                "zoosexwithanimals.net",
                "animalsexdog.net",
                "xnxx.lgbt",
                "freeanimalporn.tv",
                "pornzoovideos.com",
                "zerkiss.cc",
                "nl.frwiki.wiki",
                "animalpornxxx.me"
            ]
        }
    ],
    "categories": [],
    "performance": {},
    "cookies": 0.000267,
    "topInitiators": [
        {
            "domain": "puabvo.com",