{
    "domain": "fishrobotflower.com",
    "owner": {},
    "source": [
        "DuckDuckGo-US"
    ],
    "prevalence": 0.0000821,
    "sites": 12,
    "subdomains": [
        "obseu",
        "obs",
        "ob"
    ],
    "cnames": [],
    "fingerprinting": 3,
    "resources": [
        {
            "rule": "fishrobotflower\\.com\\/ct",
            "cookies": 0.000041,
            "fingerprinting": 0,
            "subdomains": [
                "obseu",
                "obs"
            ],
            "apis": {},
            "sites": 7,
            "prevalence": 0.0000479,
            "cnames": [],
            "responseHashes": [
                "4f0ff775e12a567354cd94f0869ef2f2ccccb88b096fa18a655661210d3ec29f",
                "776c74aae1793d5c62ac1b7b0575bee63df0f50abf2c6650a7bb45365abce388",
                "1de5673f81e46eb0907680ef07414ad430796a366c40293bcaf9b970a7a91acd",
                "fc2a3bd2d41cb2a40b0f25ffa846b37d018ce12d979dec9fb1050a3baf6fdf93",
                "62744a3d0bc4ee9b9750f7c6a1c726724801667231f504495c2874b5906b3100",
                "e3b0c44298fc1c149afbf4c8996fb92427ae41e4649b934ca495991b7852b855"
            ],
            "type": "Script",
            "firstPartyCookies": {},
            "firstPartyCookiesSent": {
                "_cq_duid": 0.00002052264331645916,
                "_cq_suid": 0.00002052264331645916,
                "_ga": 0.000054727048843891096
            },
            "exampleSites": [
                "dunsterhouse.co.uk",
                "getyourguide.com",
                "www.getyourguide.com",
                "www.getyourguide.nl",
                "www.getyourguide.de",
                "www.screenconnect.com",
                "www.theproscloset.com"
            ]
        },
        {
            "rule": "fishrobotflower\\.com\\/tracker\\/tc_imp\\.gif",
            "cookies": 0,
            "fingerprinting": 0,
            "subdomains": [
                "obseu",
                "obs"
            ],
            "apis": {},
            "sites": 6,
            "prevalence": 0.000041,
            "cnames": [],
            "responseHashes": [
                "f4eef8263281c0b26486637831251059757bc3fdc4c3a48045a8ef8646b36e8f"
            ],
            "type": "Image",
            "firstPartyCookies": {},
            "firstPartyCookiesSent": {},
            "exampleSites": [
                "dunsterhouse.co.uk",
                "getyourguide.com",
                "www.getyourguide.com",
                "www.getyourguide.nl",
                "www.getyourguide.de",
                "www.screenconnect.com"
            ]
        },
        {
            "rule": "fishrobotflower\\.com\\/mon",
            "cookies": 0,
            "fingerprinting": 0,
            "subdomains": [
                "obseu",
                "obs"
            ],
            "apis": {},
            "sites": 6,
            "prevalence": 0.000041,
            "cnames": [],
            "responseHashes": [
                "e3b0c44298fc1c149afbf4c8996fb92427ae41e4649b934ca495991b7852b855"
            ],
            "type": "XHR",
            "firstPartyCookies": {},
            "firstPartyCookiesSent": {},
            "exampleSites": [
                "dunsterhouse.co.uk",
                "getyourguide.com",
                "www.getyourguide.com",
                "www.getyourguide.nl",
                "www.getyourguide.de",
                "www.screenconnect.com"
            ]
        },
        {
            "rule": "fishrobotflower\\.com\\/i\\/d1335a553efd512f4a5d7a32df3ea3c4\\.js",
            "cookies": 0,
            "fingerprinting": 3,
            "subdomains": [
                "ob"
            ],
            "apis": {
                "window.localStorage": 4,
                "Navigator.prototype.userAgent": 4,
                "URL.createObjectURL": 4,
                "Navigator.prototype.plugins": 4,
                "Navigator.prototype.platform": 4,
                "Navigator.prototype.vendor": 4,
                "Navigator.prototype.mimeTypes": 4,
                "Screen.prototype.width": 4,
                "Screen.prototype.height": 4,
                "Screen.prototype.availHeight": 4,
                "Screen.prototype.availWidth": 4,
                "Document.cookie getter": 4,
                "PerformanceTiming.prototype.navigationStart": 4,
                "Navigator.prototype.connection": 4,
                "Navigator.prototype.webdriver": 4,
                "Performance.prototype.memory": 4,
                "Date.prototype.getTime": 4,
                "Date.prototype.getTimezoneOffset": 4,
                "Navigator.prototype.productSub": 4,
                "Navigator.prototype.product": 4,
                "Navigator.prototype.appName": 4,
                "Navigator.prototype.appCodeName": 4,
                "Navigator.prototype.deviceMemory": 4,
                "Navigator.prototype.maxTouchPoints": 4,
                "Navigator.prototype.keyboard": 4,
                "window.indexedDB": 4,
                "window.innerWidth": 4,
                "Screen.prototype.colorDepth": 4,
                "Screen.prototype.pixelDepth": 4,
                "window.devicePixelRatio": 4,
                "Navigator.prototype.doNotTrack": 4,
                "window.matchMedia(\"prefers-color-scheme\")": 4,
                "Navigator.prototype.hardwareConcurrency": 4,
                "window.screenTop": 4,
                "window.screenLeft": 4,
                "window.outerWidth": 4,
                "window.outerHeight": 4,
                "window.innerHeight": 4,
                "window.name": 4,
                "Intl.DateTimeFormat.prototype.resolvedOptions": 4,
                "Navigator.prototype.permissions": 4,
                "Navigator.prototype.languages": 3,
                "Notification.permission": 4,
                "Screen.prototype.orientation": 4,
                "Navigator.prototype.getBattery": 4,
                "Navigator.prototype.mediaDevices": 4,
                "MediaDevices.prototype.enumerateDevices": 4,
                "speechSynthesis.__proto__.getVoices": 4,
                "Screen.prototype.availTop": 1,
                "Screen.prototype.availLeft": 1,
                "Navigator.prototype.onLine": 1
            },
            "sites": 4,
            "prevalence": 0.0000274,
            "cnames": [],
            "responseHashes": [
                "c8c2e2557c61817d7d3147f3ee3bd46f8cdb9f6109204310d0ad1e5485d56032"
            ],
            "type": "Script",
            "firstPartyCookies": {},
            "firstPartyCookiesSent": {},
            "exampleSites": [
                "getyourguide.com",
                "www.getyourguide.com",
                "www.getyourguide.de",
                "www.getyourguide.nl"
            ]
        },
        {
            "rule": "fishrobotflower\\.com\\/i\\/92e65272d763c37bbb0510a318886b87\\.js",
            "cookies": 0,
            "fingerprinting": 0,
            "subdomains": [
                "ob"
            ],
            "apis": {},
            "sites": 2,
            "prevalence": 0.0000137,
            "cnames": [],
            "responseHashes": [
                "e7bfbbb02297cc2bca8f0c2d363ae49491cbfe0e19bcf2efc00b99edee37c444"
            ],
            "type": "Script",
            "firstPartyCookies": {},
            "firstPartyCookiesSent": {},
            "exampleSites": [
                "kellyservices.com",
                "www.kellyservices.com"
            ]
        },
        {
            "rule": "fishrobotflower\\.com\\/i\\/a189d67fb9de37ff198949e370f86714\\.js",
            "cookies": 0.0000137,
            "fingerprinting": 3,
            "subdomains": [
                "ob"
            ],
            "apis": {
                "window.localStorage": 2,
                "Navigator.prototype.userAgent": 2,
                "Document.cookie getter": 2,
                "Navigator.prototype.plugins": 2,