{
    "domain": "focas.jp",
    "owner": {},
    "source": [
        "DuckDuckGo-US"
    ],
    "prevalence": 0.00013,
    "sites": 19,
    "subdomains": [
        "edayo",
        "cs",
        "static.adroute",
        "static.pc-adroute",
        "js",
        "targeting"
    ],
    "cnames": [],
    "fingerprinting": 2,
    "resources": [
        {
            "rule": "focas\\.jp\\/yie\\/ld\\/jsk",
            "cookies": 0,
            "fingerprinting": 0,
            "subdomains": [
                "edayo"
            ],
            "apis": {},
            "sites": 12,
            "prevalence": 0.0000821,
            "cnames": [],
            "responseHashes": [
                "09f6e529e1d3e221f20457b4a243b17c013086abea4f6c0b1af1719c39534d46",
                "0f64af82620c8e7f844311c1848348de866dd3978ce005e9685e6f040055350e",
                "d6727decb22c0ad8ac58a04674decb2b460528768fd9f797c594a899eb0ed252",
                "1d1486e9fd9156f190105d3fd7f98ace9b6663ad287a9aed1226710d70b6ea43",
                "f49212733eebe287bfc92cfa1ee5ce18a49041d6b872c93c07678965e0a3ac5c",
                "4af0560ec4c919cb5d94a235995c4a7614f82fbec6e0472ea1df9065c03d0148",
                "2fb8e974329f4f0682a8220190eab60ac01a69af6f6e97403254003a98311a34",
                "bddfd44e158ec11de6c00c9bdf3545206855b0fbc532c3cefb91fd71ff3438e3",
                "52c3690ad8fff4c683575de0819524f4bad65612d2b79b39fa32ee5c78c8c303",
                "2c69867a4793aa3eb4e97a86ade5e4d4b1f13d952586a724ca149f6e010a3589",
                "9c0713c669391270c3d5cb69426f177698bf9f09d039c6bdf288564bf3d88b4f"
            ],
            "type": "Script",
            "firstPartyCookies": {},
            "firstPartyCookiesSent": {},
            "exampleSites": [
                "4545.to",
                "altema.jp",
                "anime.eroterest.net",
                "appmedia.jp",
                "eroanime-aniruto.net",
                "eromanga-daisuki.com",
                "eromovie-s.com",
                "iqoo.me",
                "loveh.org",
                "poyopara.com",
                "sugirl.info",
                "xvideo-jp.com"
            ]
        },
        {
            "rule": "focas\\.jp\\/yie\\/ld\\/gl1",
            "cookies": 0,
            "fingerprinting": 0,
            "subdomains": [
                "edayo"
            ],
            "apis": {},
            "sites": 4,
            "prevalence": 0.0000274,
            "cnames": [],
            "responseHashes": [
                "77b1d2c0857d4e95d4c2ae7aa0abc5aaafa6bd4581b31203d1592759c26f5c44"
            ],
            "type": "Image",
            "firstPartyCookies": {},
            "firstPartyCookiesSent": {},
            "exampleSites": [
                "4545.to",
                "anime.eroterest.net",
                "eromanga-daisuki.com",
                "eromovie-s.com"
            ]
        },
        {
            "rule": "focas\\.jp\\/yie\\/ld\\/mcs",
            "cookies": 0,
            "fingerprinting": 0,
            "subdomains": [
                "cs"
            ],
            "apis": {},
            "sites": 12,
            "prevalence": 0.0000821,
            "cnames": [],
            "responseHashes": [
                "77b1d2c0857d4e95d4c2ae7aa0abc5aaafa6bd4581b31203d1592759c26f5c44"
            ],
            "type": "Image",
            "firstPartyCookies": {},
            "firstPartyCookiesSent": {},
            "exampleSites": [
                "4545.to",
                "altema.jp",
                "anime.eroterest.net",
                "appmedia.jp",
                "eroanime-aniruto.net",
                "eromanga-daisuki.com",
                "eromovie-s.com",
                "iqoo.me",
                "loveh.org",
                "poyopara.com",
                "sugirl.info",
                "xvideo-jp.com"
            ]
        },
        {
            "rule": "focas\\.jp\\/yie\\/ld\\/gl2",
            "cookies": 0,
            "fingerprinting": 0,
            "subdomains": [
                "edayo"
            ],
            "apis": {},
            "sites": 8,
            "prevalence": 0.0000547,
            "cnames": [],
            "responseHashes": [
                "77b1d2c0857d4e95d4c2ae7aa0abc5aaafa6bd4581b31203d1592759c26f5c44"
            ],
            "type": "Image",
            "firstPartyCookies": {},
            "firstPartyCookiesSent": {},
            "exampleSites": [
                "4545.to",
                "altema.jp",
                "appmedia.jp",
                "eromanga-daisuki.com",
                "iqoo.me",
                "loveh.org",
                "poyopara.com",
                "xvideo-jp.com"
            ]
        },
        {
            "rule": "focas\\.jp\\/yie\\/ld\\/gl3",
            "cookies": 0,
            "fingerprinting": 0,
            "subdomains": [
                "edayo"
            ],
            "apis": {},
            "sites": 3,
            "prevalence": 0.0000205,
            "cnames": [],
            "responseHashes": [
                "77b1d2c0857d4e95d4c2ae7aa0abc5aaafa6bd4581b31203d1592759c26f5c44"
            ],
            "type": "Image",
            "firstPartyCookies": {},
            "firstPartyCookiesSent": {},
            "exampleSites": [
                "4545.to",
                "eroanime-aniruto.net",
                "sugirl.info"
            ]
        },
        {
            "rule": "focas\\.jp\\/yie\\/ld\\/cs",
            "cookies": 0.0000821,
            "fingerprinting": 0,
            "subdomains": [
                "cs"
            ],
            "apis": {},
            "sites": 12,
            "prevalence": 0.0000821,
            "cnames": [],
            "responseHashes": [
                "77b1d2c0857d4e95d4c2ae7aa0abc5aaafa6bd4581b31203d1592759c26f5c44"
            ],
            "type": "Image",
            "firstPartyCookies": {},
            "firstPartyCookiesSent": {},
            "exampleSites": [
                "4545.to",
                "altema.jp",
                "anime.eroterest.net",
                "appmedia.jp",
                "eroanime-aniruto.net",
                "eromanga-daisuki.com",
                "eromovie-s.com",
                "iqoo.me",
                "loveh.org",
                "poyopara.com",
                "sugirl.info",
                "xvideo-jp.com"
            ]
        },
        {
            "rule": "focas\\.jp\\/yie\\/ld\\/gl0",
            "cookies": 0,
            "fingerprinting": 0,
            "subdomains": [
                "edayo"
            ],
            "apis": {},
            "sites": 2,
            "prevalence": 0.0000137,
            "cnames": [],
            "responseHashes": [
                "77b1d2c0857d4e95d4c2ae7aa0abc5aaafa6bd4581b31203d1592759c26f5c44"
            ],
            "type": "Image",
            "firstPartyCookies": {},
            "firstPartyCookiesSent": {},
            "exampleSites": [
                "eroanime-aniruto.net",
                "eromovie-s.com"
            ]
        },
        {
            "rule": "focas\\.jp\\/js\\/adroute_ads\\.js",
            "cookies": 0,
            "fingerprinting": 0,
            "subdomains": [
                "static.adroute",
                "static.pc-adroute"
            ],
            "apis": {},
            "sites": 4,
            "prevalence": 0.0000274,
            "cnames": [],
            "responseHashes": [],
            "type": "Script",
            "firstPartyCookies": {},
            "firstPartyCookiesSent": {},
            "exampleSites": [
                "eromanga-kiwami.com",
                "erogazou.gallery",
                "ichinuke.com",
                "miror.jp"
            ]
        },
        {
            "rule": "focas\\.jp\\/t\\/017\\/349\\/a80017349\\.js",
            "cookies": 0,
            "fingerprinting": 1,
            "subdomains": [
                "js"
            ],
            "apis": {
                "window.localStorage": 3,