{
    "domain": "formayday.com",
    "owner": {},
    "source": [
        "DuckDuckGo-US"
    ],
    "prevalence": 0.000171,
    "sites": 25,
    "subdomains": [],
    "cnames": [],
    "fingerprinting": 0,
    "resources": [
        {
            "rule": "formayday\\.com\\/services\\/",
            "cookies": 0,
            "fingerprinting": 0,
            "subdomains": [],
            "apis": {},
            "sites": 24,
            "prevalence": 0.000164,
            "cnames": [],
            "responseHashes": [
                "28b77a9b80fbeb80b13708dd7e6ee7b1d44bc9c69807c35e8b32ac2f5a3b39b6",
                "93909e8246243f9d819786b1e2f0d20889110c8121d77931ef7bd889608c46fe",
                "12362f0d2940fa408b15c9e48402d6485caaa3edb6a893f08d983e683448766b",
                "58cb1059563e539ca31d3854e03ab1a2dc1fc3e25906d3266fc01202e0945626",
                "6ae9f6e3fbf6202822efd5f8d40f26fc5216a2cfa03146ed4fe8bb184308a5b8",
                "d2ac4ed8e2729f3d17275ddd4c439dedfae155065205851342bbf0b9b2a93078",
                "cb942181fb22dd174d4045b5bc1dfe50ff08cab1b2e177390227b5fbcb67bdd2",
                "33497b93ba7cded41bd9002ec7461428d92921bf8d5ab1e4850dcdbbaaa622de",
                "1c5c1198f2772c87c4bfc7f56ef51e96bf420179eb6c58884f623a14121065e0",
                "02d045916041c20687d1d6ed64b596739095edec3adfa13d45f0558282daf9bd",
                "a34dfdb2b3d67c740b0144d6599108f9dbd8359b95a7aa129b586130a6fa5f18",
                "3f546f83cfa58c67b6600c1d21beebdd0cdf9a57fea84b6167079ef50d07c5b3",
                "ff3fb5de3360f0d20ed5b4dcb91e00088c3c994a8b4de52fad5876f72f8668c5",
                "acc63c6cb8009e84dca175e045d3b3139b8ff89c7256755bed4787b8641db362",
                "f23b72089412bfbcbcc7d680852e0672457703c010607209334537642a5eade9",
                "d614f398a8f5f8b656b4f3e15d70dbd107acf13c95f1092e8f125e7f45fdc6b8",
                "c678a649f65087702e71dac0ec3972e6bbc0e4dcefc3439ef012f4ae5c1fa6ec",
                "a1041388c403e77627bee7e4b89799ac3cc6ea909218445d6ccad36edc3c4fd7",
                "88449092b46466abad050aecf30a26065fbb7ed247c33f0ab884837011956b3c",
                "3607dbaccc3011ecc761f79e9b1850d1d607610c5a8099ef68e6b743d2863ed1",
                "636e8ffa95848f9283f373abc8f0df1b146ac390a81579e772826b41d7d67904",
                "1523a96bfb72542d68365d7a9e4b3cd56577c26cf5cc34b5633a1543379452a7",
                "03e715dc81ed40ae1ace35c022450a7052c9cf664c8cd846b43ac166a3427fa7"
            ],
            "type": "Script",
            "firstPartyCookies": {},
            "firstPartyCookiesSent": {},
            "exampleSites": [
                "pornoanime.net",
                "sex-studentki.show",
                "familytaboo.pro",
                "xxx.pornozalupa.online",
                "prostoporno.family",
                "analnoe24.com",
                "pornomamki.online",
                "pornoreka.info",
                "huyamba.info",
                "erofilmy.net",
                "porno-doma.net",
                "www.blackporn8.com",
                "www.sex-studentki.fun",
                "www.sex-studentki.wtf",
                "m.kinosex.pw",
                "porno.sex-studentki.bar",
                "www.sex-studentki.one",
                "pornodomashka.pro",
                "huyamda.org",
                "tizam.ru"
            ]
        }
    ],
    "categories": [],
    "performance": {},
    "cookies": 0,
    "topInitiators": [
        {
            "domain": "first party",
            "prevalence": 0.9090909090909091
        },
        {
            "domain": "pornomamki.top",
            "prevalence": 0.045454545454545456
        },
        {
            "domain": "prostoporno.date",
            "prevalence": 0.045454545454545456
        }
    ],
    "types": {
        "Script": 24
    },
    "nameservers": [
        "dns1.registrar-servers.com",
        "dns2.registrar-servers.com"
    ]
}