{
    "domain": "fraud0.com",
    "owner": {},
    "source": [
        "DuckDuckGo-US"
    ],
    "prevalence": 0.000267,
    "sites": 39,
    "subdomains": [
        "api",
        "bt"
    ],
    "cnames": [],
    "fingerprinting": 3,
    "resources": [
        {
            "rule": "fraud0\\.com\\/api\\/v2\\/fz\\.js",
            "cookies": 0.000185,
            "fingerprinting": 3,
            "subdomains": [
                "api",
                "bt"
            ],
            "apis": {
                "Navigator.prototype.userAgent": 29,
                "Document.cookie getter": 27,
                "window.localStorage": 27,
                "Document.cookie setter": 27,
                "Navigator.prototype.languages": 29,
                "Date.prototype.getTimezoneOffset": 29,
                "Navigator.prototype.hardwareConcurrency": 29,
                "Navigator.prototype.maxTouchPoints": 29,
                "Navigator.prototype.webdriver": 28,
                "Navigator.prototype.mimeTypes": 29,
                "Navigator.prototype.plugins": 28,
                "Navigator.prototype.getBattery": 29,
                "Screen.prototype.availHeight": 28,
                "Screen.prototype.availWidth": 28,
                "Screen.prototype.height": 28,
                "Screen.prototype.width": 28,
                "Screen.prototype.colorDepth": 28,
                "Screen.prototype.pixelDepth": 28,
                "window.devicePixelRatio": 28
            },
            "sites": 36,
            "prevalence": 0.000246,
            "cnames": [],
            "responseHashes": [
                "91c78401c579ca2938c9197d0e7a8f966160024031877ea027c7bdab7b00c4e8",
                "b2b67682d388b63b7188f9603c4f1fb2fd9940bcda5af35cf9ea2b68cf175ba8",
                "08c6d5180676a1a3efd2ed2700386c96e3b6c681023f89bd001839e8d6b465c0",
                "8ccfedf765908d096ae56548969a94b1a8787665b7632bc41646175adc627ea3",
                "cf9dc3f1a36175bf8bc8cf2e59aba0499166410f59e9d40fa3417e202edd5f80",
                "414f3eadc91a0ae5fcf2938512ed044312fb4c7f081e81816c3567f8baa4cf98",
                "b93c3428a51569b97c6594ad3fc11a36446d00b52e9a3ab05f4c6018a506886f",
                "8573d3c470f78fcd4d19a8e078abdc1aa778eba86a3432864285a876ab55a554",
                "a7d6d988f4e11eb3edddd955fc6c80425720cb6bb6c50113f5426e798c5064ad",
                "adef36566524dcc2be478d677a5cfab208939014c438cf3b69bd3ac1dfd60fdc",
                "5ea7d4368ab9ec49ebaf3567555d816e1a1e4d0bfa93219210f5da8b0938f933",
                "a1464bec3822e09196984d35c37cc83c1467fc4d098cf796a3993d3891eba4b9",
                "4357741b6087223caef8bedcc3cc6b458f84b64065b701f776e7d93bf3cd8bad",
                "ea8a31e709587b5bc02167638dfa3dc086dda479fa48b4fd6c3cd43a1b7a58a1",
                "825105668624ae654b0fdaf0bd088a76f716c1ed8bf31886be75a3759b268cb1",
                "952f1168b50e38beb0149c97925a5079c046aa9eaa1de449cc153791313be13a",
                "763ec7c1fb521dc7f7bd3ba4efb0e27268e8eed905b4712a247d876de54f877a",
                "df97eea97835817e5ed82d6365212c74e94ae74b625834cc2f1110e40293e2e8",
                "804ec936ad977366fd3cb6a7980b15d0c6513d5fe14637143bfa5c62c3abf154",
                "24d963bb44383166e9ca9fdee3505cd5b86d1d105e70f655655530de6844e0e4",
                "bb7e50d3cddafd385654e82cb03c2a8a79d5768b889e925c292e6fa3ec1d668a",
                "ebe892946fbd6923e4bd687aa443e3970967814e8a9e481f209f6a853f03cc74",
                "d29094948d6b6039a0aba74abf83eb6491c5dfc0f34b4211a49c77eed96de6af",
                "bef7b1f11351c9c3775b6fc9acfc5632ef2818d1b28af7f44764f5dea044d1f4",
                "6463c778fa29d23c0c6e8c1ac6bd05bebdc5facd3c11d7790faa3fe3f7d80021",
                "c897ca681d2afaceb948d1179e0df1fa7f386b1e2c8df8f8468edf31a5d93368",
                "287e1bc5d8de0c462c62c60590000c58c22bc6923651db1804326ac03e70b131",
                "e180131e76dee749a491edc0f9c60e2f8e6c6ce25b0b153d92c2ea45abfafbf2",
                "ec088dedb2f94b2840889c3151673953f9d65113a1594fae74478fcdaeb0f015"
            ],
            "type": "Script",
            "firstPartyCookies": {
                "f0_uid": {
                    "ttl": 31536007,
                    "length": 50,
                    "prevalence": 0.00018470378984813244,
                    "uniqueness": 1
                },
                "f0_sid": {
                    "ttl": 86407,
                    "length": 53,
                    "prevalence": 0.00018470378984813244,
                    "uniqueness": 1
                }
            },
            "firstPartyCookiesSent": {},
            "exampleSites": [
                "www.everyplate.com",
                "www.factor75.com",
                "hellofresh.com",
                "www.hellofresh.ca",
                "www.hervis.at",
                "baumschule-horstmann.de",
                "www.sparhandy.de",
                "www.ullapopken.de",
                "www.zwilling.com",
                "www.buhl.de",
                "www.fielmann.de",
                "www.xxxlutz.de",
                "octopusenergy.de",
                "www.apollo.de",
                "www.serfaus-fiss-ladis.at",
                "www.jack-wolfskin.de",
                "www.vlh.de",
                "www.hellofresh.co.uk",
                "www.baumschule-horstmann.de",
                "www.klarmobil.de"
            ]
        },
        {
            "rule": "fraud0\\.com\\/api\\/v2\\/pixel",
            "cookies": 0,
            "fingerprinting": 0,
            "subdomains": [
                "api"
            ],
            "apis": {},
            "sites": 22,
            "prevalence": 0.00015,
            "cnames": [],
            "responseHashes": [
                "968b17baf99ffc8097fdbe0d8552113c2f6e7da2a63e3967f24811e2e2e0a312"
            ],
            "type": "Image",
            "firstPartyCookies": {},
            "firstPartyCookiesSent": {},
            "exampleSites": [
                "www.factor75.com",
                "www.hervis.at",
                "www.hellofresh.com",
                "factor75.com",
                "www.goodchop.com",
                "www.hellofresh.co.uk",
                "www.vlh.de",
                "baumschule-horstmann.de",
                "www.greenchef.com",
                "www.xxxlutz.de",
                "www.hellofresh.nl",
                "www.buhl.de",
                "www.everyplate.com",
                "www.pascoe.de",
                "www.hellofresh.de",
                "www.kitzbueheler-alpen.com",
                "www.hellofresh.ca",
                "hellofresh.com",
                "www.zwilling.com",
                "octopusenergy.de"
            ]
        },
        {
            "rule": "fraud0\\.com\\/api\\/v2\\/event",
            "cookies": 0,
            "fingerprinting": 0,
            "subdomains": [
                "api",
                "bt"
            ],
            "apis": {},
            "sites": 29,
            "prevalence": 0.000198,
            "cnames": [],
            "responseHashes": [
                "e3b0c44298fc1c149afbf4c8996fb92427ae41e4649b934ca495991b7852b855",
                "d211a73fcc94673d08bcacea3bfd588db5619c532c427218f3484ceef99c99ac"
            ],
            "type": "Fetch",
            "firstPartyCookies": {},
            "firstPartyCookiesSent": {},