{
    "domain": "freshclick.co.uk",
    "owner": {},
    "source": [
        "DuckDuckGo-US"
    ],
    "prevalence": 0.000164,
    "sites": 24,
    "subdomains": [
        "filter",
        "offer",
        "product-downloads",
        "questions",
        "quote"
    ],
    "cnames": [],
    "fingerprinting": 1,
    "resources": [
        {
            "rule": "freshclick\\.co\\.uk\\/assets\\/client\\/freshclick-filter\\.js",
            "cookies": 0,
            "fingerprinting": 1,
            "subdomains": [
                "filter"
            ],
            "apis": {
                "Navigator.prototype.userAgent": 6,
                "Document.cookie getter": 6
            },
            "sites": 8,
            "prevalence": 0.0000547,
            "cnames": [],
            "responseHashes": [
                "63b2be146b0ba1d153d852810ed5842296817652522b06b03258339d4d63be09"
            ],
            "type": "Script",
            "firstPartyCookies": {},
            "firstPartyCookiesSent": {},
            "exampleSites": [
                "ballastshop.com",
                "discountelectronics.com",
                "plantaddicts.com",
                "squadron.com",
                "www.barsonyholsters.com",
                "www.creamcitymusic.com",
                "www.generalspringkc.com",
                "www.verf.nl"
            ]
        },
        {
            "rule": "freshclick\\.co\\.uk\\/Category_filter\\/get_search_settings",
            "cookies": 0.0000684,
            "fingerprinting": 0,
            "subdomains": [
                "filter"
            ],
            "apis": {},
            "sites": 10,
            "prevalence": 0.0000684,
            "cnames": [],
            "responseHashes": [
                "d351cd826c000d917340ab7a4edf5158fd0518b043062578f33c662f2e6febab",
                "bc425052e7c870c83d7e6ec5a79d88d67d151adb568f99378c98515549331266",
                "3eca1be6c2126ddb9fd0304b46a0d991d3ae30780466f784260494ca2a8ce664",
                "7a7151b9c8bcb15aca37c5ca70304b734de7d874c99bf1b568e11fe95750de3a",
                "c92d56d35cb1af0e739979116f6c45a67ed131d70e628f0e5263b085733ccb38",
                "84cf39a1fb2b19f4e7cfae5b07ae90b6317b9531997a3640ffb11caf7be2e81c",
                "1f5bb9791a310e136d1564ee23d2a3cc32ea7ce6fa26cb8734ec18b4607ad79e",
                "0900c7d13d9dd324fe63c2a2915e3c29b68d96143a285d69a26489927c44089f",
                "09c1481554b74dc9110e51994acb2b20c667310031233c672c255057aed0cf2e"
            ],
            "type": "XHR",
            "firstPartyCookies": {},
            "firstPartyCookiesSent": {},
            "exampleSites": [
                "ballastshop.com",
                "digilent.com",
                "guardiansafeandvault.com",
                "kriss-usa.com",
                "plantaddicts.com",
                "squadron.com",
                "triathletesports.com",
                "www.barsonyholsters.com",
                "www.generalspringkc.com",
                "www.verf.nl"
            ]
        },
        {
            "rule": "freshclick\\.co\\.uk\\/assets\\/buttons_product\\.js",
            "cookies": 0,
            "fingerprinting": 0,
            "subdomains": [
                "offer"
            ],
            "apis": {},
            "sites": 6,
            "prevalence": 0.000041,
            "cnames": [],
            "responseHashes": [
                "def0fc5d68dffcce1fe486e47505cd83279a9e077bda0961c721aadd475df0eb"
            ],
            "type": "Script",
            "firstPartyCookies": {},
            "firstPartyCookiesSent": {},
            "exampleSites": [
                "baspartsales.com",
                "gritrsports.com",
                "keylessentryremotefob.com",
                "www.creamcitymusic.com",
                "www.keylessentryremotefob.com",
                "www.saltwateraquarium.com"
            ]
        },
        {
            "rule": "freshclick\\.co\\.uk\\/assets\\/buttons_checkout\\.js",
            "cookies": 0,
            "fingerprinting": 0,
            "subdomains": [
                "offer"
            ],
            "apis": {},
            "sites": 6,
            "prevalence": 0.000041,
            "cnames": [],
            "responseHashes": [
                "9edb07a4b75851d91cd6819656b35d23d815b0d0e89ae2505b3442b4384d0864"
            ],
            "type": "Script",
            "firstPartyCookies": {},
            "firstPartyCookiesSent": {},
            "exampleSites": [
                "baspartsales.com",
                "gritrsports.com",
                "keylessentryremotefob.com",
                "www.creamcitymusic.com",
                "www.keylessentryremotefob.com",
                "www.saltwateraquarium.com"
            ]
        },
        {
            "rule": "freshclick\\.co\\.uk\\/assets\\/dropzone\\.js",
            "cookies": 0,
            "fingerprinting": 0,
            "subdomains": [
                "offer"
            ],
            "apis": {},
            "sites": 6,
            "prevalence": 0.000041,
            "cnames": [],
            "responseHashes": [
                "34b8ade19e7b8f3f27a511e4a298dfafaf21499635c7faee3744fc91febcc6ae"
            ],
            "type": "Script",
            "firstPartyCookies": {},
            "firstPartyCookiesSent": {},
            "exampleSites": [
                "baspartsales.com",
                "gritrsports.com",
                "keylessentryremotefob.com",
                "tandemkross.com",
                "www.keylessentryremotefob.com",
                "www.saltwateraquarium.com"
            ]
        },
        {
            "rule": "freshclick\\.co\\.uk\\/assets\\/buttons\\.css",
            "cookies": 0,
            "fingerprinting": 0,
            "subdomains": [
                "offer"
            ],
            "apis": {},
            "sites": 5,
            "prevalence": 0.0000342,
            "cnames": [],
            "responseHashes": [
                "76033867a53d665531eb44ffafa2ae6ea1e7f3574be4cc8282ef9f06e04dc041"
            ],
            "type": "Stylesheet",
            "firstPartyCookies": {},
            "firstPartyCookiesSent": {},
            "exampleSites": [
                "baspartsales.com",
                "gritrsports.com",
                "keylessentryremotefob.com",
                "www.keylessentryremotefob.com",
                "www.saltwateraquarium.com"
            ]
        },
        {
            "rule": "freshclick\\.co\\.uk\\/installation\\/getTemplateDetails",
            "cookies": 0.0000342,
            "fingerprinting": 0,
            "subdomains": [
                "offer"
            ],
            "apis": {},
            "sites": 5,
            "prevalence": 0.0000342,
            "cnames": [],
            "responseHashes": [
                "e3b0c44298fc1c149afbf4c8996fb92427ae41e4649b934ca495991b7852b855"
            ],
            "type": "XHR",
            "firstPartyCookies": {},
            "firstPartyCookiesSent": {},
            "exampleSites": [
                "baspartsales.com",
                "gritrsports.com",
                "keylessentryremotefob.com",
                "www.keylessentryremotefob.com",
                "www.saltwateraquarium.com"
            ]
        },
        {
            "rule": "freshclick\\.co\\.uk\\/assets\\/freshclick-product-downloads\\.css",
            "cookies": 0,
            "fingerprinting": 0,
            "subdomains": [
                "product-downloads"
            ],
            "apis": {},
            "sites": 2,
            "prevalence": 0.0000137,
            "cnames": [],
            "responseHashes": [
                "d40386c3000263926f923d3064648885f99aca1b7bec725697bcd85556131c81"
            ],
            "type": "Stylesheet",
            "firstPartyCookies": {},
            "firstPartyCookiesSent": {},