{
    "domain": "fuelinspector.com",
    "owner": {},
    "source": [
        "DuckDuckGo-US"
    ],
    "prevalence": 0.000157,
    "sites": 23,
    "subdomains": [],
    "cnames": [],
    "fingerprinting": 2,
    "resources": [
        {
            "rule": "fuelinspector\\.com\\/assets\\/f9815_f91cfdabe9af1d7fe20bd465badf736c48c3920dd\\.module\\.js",
            "cookies": 0.000041,
            "fingerprinting": 2,
            "subdomains": [],
            "apis": {
                "Navigator.prototype.userAgent": 7,
                "window.sessionStorage": 7,
                "HTMLCanvasElement.prototype.toDataURL": 7,
                "window.localStorage": 7,
                "Date.prototype.getTimezoneOffset": 7,
                "CookieStore.prototype.getAll": 7,
                "CookieStore.prototype.set": 6,
                "Notification.permission": 5
            },
            "sites": 7,
            "prevalence": 0.0000479,
            "cnames": [],
            "responseHashes": [
                "642751067e155c35149566ae903a5d4cf9efa62261c1bb13a83e5f5b3313d103",
                "4351b4f527241dd9fc0b34b8aa4fd5e919c64287de6c937948dac4df19127bf3",
                "4510758b0f8276dcb667c5d21c1c1c4eac18d7ff98bdfa9fc69183ac4de2b0cb",
                "b3cc1a75e68b02dec8eeb7ebde4c1a6f202ff6a00a5bef8735781c4dd9513098",
                "9ec4a6dca68e49efca76bd007d23bb76f822e7fb12fd048179cca2b2b116f2d0",
                "6ffc26b1f1c650469dfb4b7cddd38095f0b1412182213464e83577411eeab42f"
            ],
            "type": "Script",
            "firstPartyCookies": {},
            "firstPartyCookiesSent": {},
            "exampleSites": [
                "findagrave.com",
                "de.findagrave.com",
                "es.findagrave.com",
                "fr-ca.findagrave.com",
                "fr.findagrave.com",
                "pt.findagrave.com",
                "www.findagrave.com"
            ]
        },
        {
            "rule": "fuelinspector\\.com\\/u\\/m28mv42mw0iz4xhc4dbwi2s2z9vzzyb79lvhu28iwb",
            "cookies": 0,
            "fingerprinting": 0,
            "subdomains": [],
            "apis": {},
            "sites": 5,
            "prevalence": 0.0000342,
            "cnames": [],
            "responseHashes": [
                "173ba37430d87f1bf838e5d2879644b091a8c91fe737227d7c86593938219da8",
                "af3261266255964e15f2a33e34b95e344be438961206a01b8aa7a6ca2e08a375",
                "11492303dcb57fdcc9f10b4d533bbf22c8a2accb5364763ada7fe074c1edc99f",
                "a0240a86d3f8fc38d3ccf6046730cd60e94f2467b88758b353f815e67c2c63cc"
            ],
            "type": "Fetch",
            "firstPartyCookies": {},
            "firstPartyCookiesSent": {},
            "exampleSites": [
                "findagrave.com",
                "es.findagrave.com",
                "fr-ca.findagrave.com",
                "fr.findagrave.com",
                "pt.findagrave.com"
            ]
        },
        {
            "rule": "fuelinspector\\.com\\/m28b7jh6uzamgb01xwl1q4qyz3oj5762mcyt6vroh7",
            "cookies": 0,
            "fingerprinting": 0,
            "subdomains": [],
            "apis": {},
            "sites": 3,
            "prevalence": 0.0000205,
            "cnames": [],
            "responseHashes": [
                "33c70c297b1a729f965a6aca60b7b3bb7a3b06bd13efe07698516fa98ac8b9f9"
            ],
            "type": "Fetch",
            "firstPartyCookies": {},
            "firstPartyCookiesSent": {},
            "exampleSites": [
                "findagrave.com",
                "es.findagrave.com",
                "fr-ca.findagrave.com"
            ]
        },
        {
            "rule": "fuelinspector\\.com\\/confirm\\/hkob98mn7hzdrjov5l6owana2hblj294kxiit9hvv",
            "cookies": 0,
            "fingerprinting": 0,
            "subdomains": [],
            "apis": {},
            "sites": 4,
            "prevalence": 0.0000274,
            "cnames": [],
            "responseHashes": [
                "441e7d4625417541be8f9859b4619e25ddd171990e3a59b1353ec7b203b02842",
                "70595ae00a1143f60b6a96146c23438a5cdd71c162a6e0d13a29dd4fae04ebe1"
            ],
            "type": "Fetch",
            "firstPartyCookies": {},
            "firstPartyCookiesSent": {},
            "exampleSites": [
                "findagrave.com",
                "fr.findagrave.com",
                "pt.findagrave.com",
                "www.findagrave.com"
            ]
        },
        {
            "rule": "fuelinspector\\.com\\/hkcnon6m69mp52eooubwy9j9w9uqrx4hc0tvmsngr",
            "cookies": 0,
            "fingerprinting": 0,
            "subdomains": [],
            "apis": {},
            "sites": 3,
            "prevalence": 0.0000205,
            "cnames": [],
            "responseHashes": [],
            "type": "Fetch",
            "firstPartyCookies": {},
            "firstPartyCookiesSent": {},
            "exampleSites": [
                "findagrave.com",
                "pt.findagrave.com",
                "www.findagrave.com"
            ]
        },
        {
            "rule": "fuelinspector\\.com\\/static\\/js\\/25dd01c5\\/e8cedefce1bb90a47ead14b41f1a252e6e86d0\\.index\\.js",
            "cookies": 0.0000342,
            "fingerprinting": 2,
            "subdomains": [],
            "apis": {
                "Navigator.prototype.userAgent": 5,
                "window.sessionStorage": 5,
                "HTMLCanvasElement.prototype.toDataURL": 5,
                "window.localStorage": 5,
                "Date.prototype.getTimezoneOffset": 5,
                "CookieStore.prototype.getAll": 2,
                "CookieStore.prototype.set": 2,
                "Notification.permission": 5,
                "Document.cookie getter": 3,
                "Document.cookie setter": 3
            },
            "sites": 5,
            "prevalence": 0.0000342,
            "cnames": [],
            "responseHashes": [
                "495022dabb4671ade0eb4faebc358e0722513b24f3988a141b9ad9fe16587468",
                "f43c1c44f0a032ffb27b3b702b050c949696149c4a9da5c6a9d85b99979aa178",
                "5ccb1d3086cbf36eaf35437904f6e5c64cc58400bac36201f46a280edcbcf27f",
                "d06bf246c77d1f41e58ead9f98f5210d1e984af6fbae095addc90180cae07b1d"
            ],
            "type": "Script",
            "firstPartyCookies": {
                "_awl": {
                    "ttl": 34128000,
                    "length": 80,
                    "prevalence": 0.00002052264331645916,
                    "uniqueness": 1
                }
            },
            "firstPartyCookiesSent": {},
            "exampleSites": [
                "rootsweb.com",
                "freepages.rootsweb.com",
                "homepages.rootsweb.com",
                "sites.rootsweb.com",
                "www.rootsweb.com"
            ]
        },
        {
            "rule": "fuelinspector\\.com\\/0\\/l1br3l2d\\/82dc1ltwg83rd861qtyi11xmiuo3awbk55",
            "cookies": 0,
            "fingerprinting": 0,
            "subdomains": [],
            "apis": {},
            "sites": 3,
            "prevalence": 0.0000205,
            "cnames": [],
            "responseHashes": [
                "5c328298d3405da75dbfdc277a39e56f3eea8ecd935a6a4e3262c31691a7f4ce",
                "0aec061aff26bfa2922a22b4fdd9c255787dd8fbb3e642584088c598db732bbd"
            ],
            "type": "Fetch",
            "firstPartyCookies": {},
            "firstPartyCookiesSent": {},
            "exampleSites": [
                "rootsweb.com",
                "freepages.rootsweb.com",
                "homepages.rootsweb.com"
            ]
        },
        {
            "rule": "fuelinspector\\.com\\/l1bfg0gx\\/714zczcm9rcwla4xqnr16ashvlrenpupq1",
            "cookies": 0,
            "fingerprinting": 0,
            "subdomains": [],
            "apis": {},
            "sites": 3,
            "prevalence": 0.0000205,
            "cnames": [],