{
    "domain": "g10498469755.co",
    "owner": {},
    "source": [
        "DuckDuckGo-US"
    ],
    "prevalence": 0.000185,
    "sites": 27,
    "subdomains": [],
    "cnames": [],
    "fingerprinting": 1,
    "resources": [
        {
            "rule": "g10498469755\\.co\\/gr",
            "cookies": 0,
            "fingerprinting": 1,
            "subdomains": [],
            "apis": {
                "Document.cookie getter": 2
            },
            "sites": 19,
            "prevalence": 0.00013,
            "cnames": [],
            "responseHashes": [
                "bee4b189aa815e575c1dd31f6e503e96f867887da39460fbf3b6c1a44a3dc1a4",
                "7e3d39032eac8816c5509acfcd2cbf932304da8de12e249cac9c10ac1a1de283",
                "724b930917cb13974a62468535569724896f0b52c78ee87017718d59ccc9ef44",
                "f5db6ee69b6c3cf1981a53e7d1ea28997437f8c532f7c672204787b4a6e59c28",
                "6c132c39a358a1952d7b25abb80848c8d5dffab1f4883965ec15758d2b3957dd",
                "a607f62f85a2716a4726ef4c2f3e8c1f18e60c1cd0de592842727752fcdb5245",
                "b06bbf569f0807ee040b82ab0a8071c40c72699340adc98ae56fe807bd3cc6c8",
                "fbdd602d3d61cc4592a8f205b2ecc134dff1b06f97ee61b02c2af91babbdb930",
                "5f715d58ba16dfd6b1b89ee347a648d4bc17b39f40bbe5e9937d918080f8ad30",
                "88bba8bc91db5b6ed8fd4b2ac2246c72c7b12394214455d7b87b308d4171a14d",
                "34e5ae8e10349fbb12084003aaa91359e98bdd0edcc02e944fa8e485067c50c8",
                "0b39867230c748ea793d1123937d5c2b04f6e522d9a6f02c58b6674a705c50c1",
                "b720724bc9b2726e1360a025aa9e5f0821ae03efce68746840fe95835d205cb2",
                "b44d1774f228244e38b6293130bbd44d2b8766cadb8940ba4fd806db44b1173f",
                "f66cce2e91f7d1ac0dddd7dc7638b7a7e0ae09dc014c3a9132c8ff91d48714d0"
            ],
            "type": "Script",
            "firstPartyCookies": {},
            "firstPartyCookiesSent": {},
            "exampleSites": [
                "fatty15.com",
                "forrestfrank.com",
                "getsquire.com",
                "hestanculinary.com",
                "hillspet.com",
                "jellycat.com",
                "systane.myalcon.com",
                "us.jellycat.com",
                "www.concordtheatricals.com",
                "www.corbinfisher.com",
                "www.evvy.com",
                "www.hillspet.com",
                "www.laundrybasketquilts.com",
                "www.mophie.com",
                "www.multipure.com",
                "www.nioxin.com",
                "www.penny-slot-machines.com",
                "www.segway.com",
                "www.sharkbite.com"
            ]
        }
    ],
    "categories": [],
    "performance": {},
    "cookies": 0,
    "topInitiators": [
        {
            "domain": "first party",
            "prevalence": 0.8888888888888888
        },
        {
            "domain": "osano.com",
            "prevalence": 0.1111111111111111
        }
    ],
    "types": {
        "Script": 19
    },
    "nameservers": [
        "pranab.ns.cloudflare.com",
        "sandra.ns.cloudflare.com"
    ]
}