{
    "domain": "g10696554090.co",
    "owner": {},
    "source": [
        "DuckDuckGo-US"
    ],
    "prevalence": 0.00015,
    "sites": 22,
    "subdomains": [],
    "cnames": [],
    "fingerprinting": 1,
    "resources": [
        {
            "rule": "g10696554090\\.co\\/gr",
            "cookies": 0,
            "fingerprinting": 1,
            "subdomains": [],
            "apis": {
                "Document.cookie getter": 2
            },
            "sites": 17,
            "prevalence": 0.000116,
            "cnames": [],
            "responseHashes": [
                "5dbb18eec8e626ddb5cfb3de4b5efffab87bfc5cebc24f6feff1ed74338a052c",
                "d3c07d284334a10e4bb0e5509a0c3ea1a10e84a761378aaa83f280dbdd501786",
                "ef9e1db5591f775551c06945ae78724d1a54755119496f2c0d5977434fb68602",
                "87bca776401e7dbe666c8a3112780440b92ee6d542201739d895c4a9e2b29d24",
                "928312f851cfe0571453500adb9bd229b669172fbf97f51417645d298da7cf4e",
                "428d00028716b80422786022dd065b806557feb76b58ccae780269f98d01911a",
                "c285af39e1e7e2ff2a89c954a7bddced62b985db941c37e3ad5791e3afaab335",
                "ab44ac5f1f7b8f81db919d6ede8fced898df952b5a493eb2dfb4e40c0dd4fba1",
                "b404b4353a21d8884abfdc0f793f27c876c5d129b84a2fb977073047c5e461b1",
                "9e527e4d92db7524ae21acc587d9c569072d7bae58dbe112115f33616b028daf",
                "915b640af1aa78a3b82102b03910c089cc8eae944116d3741424e0779789c062",
                "915c52746a5b252764aaa89b11f4e4bfdb68839a926c64c7be12bfc6f0522f79",
                "5c9bfec2c4c164d6ae3e08c982194140a9ee1e64b074e2be47770b6f6960d04c",
                "81de3ee98869ba6d928e8be13df1494b9b2b56655f0298148645721089b35404"
            ],
            "type": "Script",
            "firstPartyCookies": {},
            "firstPartyCookiesSent": {},
            "exampleSites": [
                "brompton.com",
                "kb.arlo.com",
                "myalcon.com",
                "rebike.com",
                "systane.myalcon.com",
                "tvape.com",
                "us.brompton.com",
                "us.polymaker.com",
                "www.arlo.com",
                "www.benhogangolf.com",
                "www.brabantia.com",
                "www.brompton.com",
                "www.concordtheatricals.com",
                "www.hustlerturf.com",
                "www.myalcon.com",
                "www.oflaherty-law.com",
                "www.wetandforget.com"
            ]
        }
    ],
    "categories": [],
    "performance": {},
    "cookies": 0,
    "topInitiators": [
        {
            "domain": "first party",
            "prevalence": 0.84
        },
        {
            "domain": "googletagmanager.com",
            "prevalence": 0.16
        }
    ],
    "types": {
        "Script": 17
    },
    "nameservers": [
        "pranab.ns.cloudflare.com",
        "sandra.ns.cloudflare.com"
    ]
}