{
    "domain": "gaug.es",
    "owner": {},
    "source": [
        "DuckDuckGo-US"
    ],
    "prevalence": 0.0014,
    "sites": 205,
    "subdomains": [
        "secure",
        "track"
    ],
    "cnames": [],
    "fingerprinting": 2,
    "resources": [
        {
            "rule": "gaug\\.es\\/track\\.js",
            "cookies": 0.000951,
            "fingerprinting": 2,
            "subdomains": [
                "secure",
                "track"
            ],
            "apis": {
                "Date.prototype.getTime": 141,
                "Document.cookie setter": 139,
                "Navigator.prototype.userAgent": 139,
                "Document.cookie getter": 138,
                "Screen.prototype.width": 138,
                "window.innerWidth": 138,
                "window.innerHeight": 138
            },
            "sites": 142,
            "prevalence": 0.000971,
            "cnames": [],
            "responseHashes": [
                "df2698e6cf74ed890afa92da10051f880df2ce0b3257b73c5d9ae2f6bea82d3c"
            ],
            "type": "Script",
            "firstPartyCookies": {
                "_gauges_cookie": {
                    "ttl": 4,
                    "length": 1,
                    "prevalence": 0.0009508824736626077,
                    "uniqueness": 0.007194244604316547
                },
                "_gauges_unique_hour": {
                    "ttl": 3603,
                    "length": 1,
                    "prevalence": 0.0009440415925571214,
                    "uniqueness": 0.007246376811594203
                },
                "_gauges_unique_day": {
                    "ttl": 86403,
                    "length": 1,
                    "prevalence": 0.0009440415925571214,
                    "uniqueness": 0.007246376811594203
                },
                "_gauges_unique_month": {
                    "ttl": 2678403,
                    "length": 1,
                    "prevalence": 0.0009440415925571214,
                    "uniqueness": 0.007246376811594203
                },
                "_gauges_unique_year": {
                    "ttl": 31536003,
                    "length": 1,
                    "prevalence": 0.0009440415925571214,
                    "uniqueness": 0.007246376811594203
                },
                "_gauges_unique": {
                    "ttl": 31536003,
                    "length": 1,
                    "prevalence": 0.0009440415925571214,
                    "uniqueness": 0.007246376811594203
                }
            },
            "firstPartyCookiesSent": {},
            "exampleSites": [
                "highwayandheavyparts.com",
                "www.tcj.com",
                "www.nextofwindows.com",
                "idahohumanesociety.org",
                "makelovenotporn.tv",
                "www.norfolkdeeds.org",
                "www.hiltonhead.com",
                "www.lmgdoctors.com",
                "americanmind.org",
                "cayugahealth.org",
                "prepperpress.com",
                "www.acbl.org",
                "kidneycoach.com",
                "aptera.us",
                "visitrainier.com",
                "www.scu.org",
                "comalad.org",
                "thegeorgiagazette.com",
                "mondoweiss.net",
                "www.newzjunky.com"
            ]
        },
        {
            "rule": "gaug\\.es\\/track\\.gif",
            "cookies": 0,
            "fingerprinting": 0,
            "subdomains": [
                "secure",
                "track"
            ],
            "apis": {},
            "sites": 145,
            "prevalence": 0.000992,
            "cnames": [],
            "responseHashes": [
                "7fff1569ea68ef52782ba25b0cf3934627f7a4fc1e8e22f4652de959c5f97978"
            ],
            "type": "Image",
            "firstPartyCookies": {},
            "firstPartyCookiesSent": {
                "_li_dcdm_c": 0.00007524969216035026
            },
            "exampleSites": [
                "makelovenotporn.tv",
                "dayoneapp.com",
                "kidneycoach.com",
                "www.sleepfoundation.org",
                "www.springwellwater.com",
                "symbolgenie.com",
                "madlyodd.com",
                "www.scienceofpeople.com",
                "wattsupwiththat.com",
                "dessign.net",
                "tinyhouseblog.com",
                "www.newsdirectory3.com",
                "visitglenwood.com",
                "www.coreknowledge.org",
                "speakingofsuicide.com",
                "harbingersdaily.com",
                "newhampshireway.com",
                "www.testing.com",
                "smittenkitchen.com",
                "www.needhambank.com"
            ]
        }
    ],
    "categories": [],
    "performance": {},
    "cookies": 0.00135,
    "topInitiators": [
        {
            "domain": "first party",
            "prevalence": 0.9665071770334929
        },
        {
            "domain": "d2fuc4clr7gvcn.cloudfront.net",
            "prevalence": 0.019138755980861243
        },
        {
            "domain": "cdn-cookieyes.com",
            "prevalence": 0.004784688995215311
        },
        {
            "domain": "usercentrics.eu",
            "prevalence": 0.004784688995215311
        },
        {
            "domain": "headlinez.news",
            "prevalence": 0.004784688995215311
        }
    ],
    "types": {
        "Script": 142,
        "Image": 145
    },
    "nameservers": [
        "ns-940.awsdns-53.net",
        "ns-451.awsdns-56.com",
        "ns-1458.awsdns-54.org",
        "ns-1754.awsdns-27.co.uk"
    ]
}