{
    "domain": "gdriveplayer.to",
    "owner": {},
    "source": [
        "DuckDuckGo-US"
    ],
    "prevalence": 0.0000889,
    "sites": 13,
    "subdomains": [],
    "cnames": [],
    "fingerprinting": 2,
    "resources": [
        {
            "rule": "gdriveplayer\\.to\\/embed2\\.php",
            "cookies": 0.0000821,
            "fingerprinting": 2,
            "subdomains": [],
            "apis": {
                "window.localStorage": 12,
                "Date.prototype.getTime": 12,
                "Document.cookie setter": 12,
                "Navigator.prototype.plugins": 10,
                "Navigator.prototype.userAgent": 12,
                "window.innerHeight": 10,
                "window.innerWidth": 10,
                "window.sessionStorage": 10
            },
            "sites": 12,
            "prevalence": 0.0000821,
            "cnames": [],
            "responseHashes": [
                "286a288cc5425f486316ec7ddf81003751be350aca11333a47dec4e81c616d3e",
                "89e8b553852ab77be6f492f587467dbf1605bf2047f3b157b41f002a26f25b12",
                "4d0a5e06f7d453cf77f913513e48f63e2a696b6b7de07a7ff88fd83abed2d31f",
                "34643ba852356bfb53bdf364c6d78fcb88f15fcbde86e013cb684c1f16ad66aa",
                "538661733b12dbaa89149ecafec49f370fc5250671abf05e47939a839ec2c76f",
                "855da54970b4a5853119eaa77b4c9c0a42b0f578ef783af8c2c050bbb43acd99",
                "e8174ddcf8facbf8e6339084cc7e08d5330c6e4fd46ce95a81e085732400920a",
                "aeb011a92e1191358a40721506cfa29af17678e682d9af9e95237822b481a393",
                "24465381d465462b486ce5fc4c2e3b7dd06787da623af216531c2def7efd5930",
                "8a815e0e0407a99a32c535f6d6e1d6be2a9ef1032849da14f777528723b66020",
                "c927e2f956fb1b1b1ac0af98f93e58648d14e49102bede354ffffe6c6f6d805f"
            ],
            "type": "Document",
            "firstPartyCookies": {},
            "firstPartyCookiesSent": {},
            "exampleSites": [
                "sangetube.cam",
                "sangetube.cloud",
                "sibokep.vip"
            ]
        },
        {
            "rule": "gdriveplayer\\.to\\/file\\.js",
            "cookies": 0,
            "fingerprinting": 2,
            "subdomains": [],
            "apis": {
                "Navigator.prototype.userAgent": 13,
                "PerformanceTiming.prototype.navigationStart": 13,
                "window.localStorage": 13,
                "Navigator.prototype.language": 13,
                "Date.prototype.getTime": 13,
                "MediaSource.isTypeSupported": 13,
                "HTMLMediaElement.prototype.canPlayType": 13,
                "CanvasRenderingContext2D.prototype.getImageData": 12
            },
            "sites": 13,
            "prevalence": 0.0000889,
            "cnames": [],
            "responseHashes": [
                "ee0972f2073d1fb9d628b956edfc46436d9fffff7b6da0c45f28f739434bb87a"
            ],
            "type": "Script",
            "firstPartyCookies": {},
            "firstPartyCookiesSent": {},
            "exampleSites": [
                "sangetube.cam",
                "sangetube.cloud",
                "sibokep.vip"
            ]
        },
        {
            "rule": "gdriveplayer\\.to\\/hlsplaylist\\.php",
            "cookies": 0,
            "fingerprinting": 0,
            "subdomains": [],
            "apis": {},
            "sites": 12,
            "prevalence": 0.0000821,
            "cnames": [],
            "responseHashes": [
                "51143a909372a1b11f6d553868c15f012d6b1aa60dba0ff4d9cf375751080fd6",
                "de607a78de5dd14f59d33dff941a4d87a8e0f5bbf885c2f2fee5ca61d78dce00"
            ],
            "type": "Media",
            "firstPartyCookies": {},
            "firstPartyCookiesSent": {},
            "exampleSites": [
                "sangetube.cam",
                "sangetube.cloud",
                "sibokep.vip"
            ]
        },
        {
            "rule": "gdriveplayer\\.to\\/hlsplaylists\\.php",
            "cookies": 0,
            "fingerprinting": 0,
            "subdomains": [],
            "apis": {},
            "sites": 12,
            "prevalence": 0.0000821,
            "cnames": [],
            "responseHashes": [
                "b63686544315ccdd915235f2f0227697804fcdef1a88a601f35ffe53059fc5aa",
                "2a9f285eee16302a5c715b19abbca5afa26d4e1020a77f4d2a2b2cfcbf06c81d",
                "a3cbbdd63faf0b0fbcbf5b68c8c8604c0e71b54147014562babe1ce22124c08d",
                "51143a909372a1b11f6d553868c15f012d6b1aa60dba0ff4d9cf375751080fd6",
                "fc96dd841b4218c2cadd124cabbb49328addac0bec0f52af4ceeece824fe97a9",
                "cd5792ab32b0f370688a61d22cab5e3adad8df6cc68d54b81c3af9afeefdb18e",
                "5485d6cdbe9a79609fb90a71988ad357057d925787cec5d151bade1b03a23d88",
                "de607a78de5dd14f59d33dff941a4d87a8e0f5bbf885c2f2fee5ca61d78dce00",
                "ac0b96bbd62acadb161c2954eccc37d1f8c4e1af2b12666b1f5ad8960c868e0c",
                "b16a37d1cb21459fc4e0cc5c56ea99d482582d359dedca347ba9311b1ad6746a",
                "c9f1195dcb55e9375d8e15f0cf1e281f84aabab403e4f6b270bbc89a0858debe"
            ],
            "type": "Media",
            "firstPartyCookies": {},
            "firstPartyCookiesSent": {},
            "exampleSites": [
                "sangetube.cam",
                "sangetube.cloud",
                "sibokep.vip"
            ]
        }
    ],
    "categories": [],
    "performance": {},
    "cookies": 0.0000889,
    "topInitiators": [
        {
            "domain": "first party",
            "prevalence": 0.95
        },
        {
            "domain": "sangetubevideo.lol",
            "prevalence": 0.05
        }
    ],
    "types": {
        "Document": 12,
        "Script": 13,
        "Media": 24
    },
    "nameservers": [
        "mia.ns.cloudflare.com",
        "yew.ns.cloudflare.com"
    ]
}