{
    "domain": "geniusmonkey.com",
    "owner": {
        "name": "Optimize LLC",
        "displayName": "Optimize"
    },
    "source": [
        "DuckDuckGo-US"
    ],
    "prevalence": 0.00041,
    "sites": 60,
    "subdomains": [
        "pm"
    ],
    "cnames": [],
    "fingerprinting": 1,
    "resources": [
        {
            "rule": "geniusmonkey\\.com\\/gm\\.js",
            "cookies": 0.00000684,
            "fingerprinting": 1,
            "subdomains": [
                "pm"
            ],
            "apis": {
                "Date.prototype.getTime": 27,
                "window.localStorage": 23,
                "Document.cookie getter": 13,
                "Navigator.prototype.cookieEnabled": 2,
                "Document.cookie setter": 1
            },
            "sites": 44,
            "prevalence": 0.000301,
            "cnames": [],
            "responseHashes": [
                "81353fc38b56d81687f7fb6c033d886da18da472800506f49da49d03494e17bc",
                "64bc310a726df5e3b77b5b8cbbcd370fe3feebd3604c386fdefd27d9436148bf",
                "4d0e84364afc560512d73f4e3fb044c07cf92ecdbe8f4334bcddb85e42dfa835",
                "c8d528a64d238ed22c044fd0803241f88ecb1b953000ac52e120e4be676da0bc",
                "bace1e32e00a08bca9278e10886ddae18b988c805de54d122d8b82e5e2c61bb9",
                "3d8b038e5bed67301ca68402c40a35a4e901309b39e09f89f5f6c57c45a225a2",
                "1c49590df59feafc5c5d621f659f2cf514404c804cd6b5e90110c7e2ef0a2b80",
                "7fb5942854427e22f3e531d7a29b90a7aa87a0a42d61b3575579f3b241271030",
                "a6a54d1044fa137ad30cfcc264f477f2e425b53d2f19abf2a1f2ae70366f81ed",
                "71cb639ff64dff27b992a036f5c213d1cec47ce2f9573d639f3426f03c2bdba3",
                "7d5826b7d5e82d1766355e0513986e66f28928b7a0562384b4fbcee99c40f695",
                "2bc0d1c95074475fff249891e8e271ea7f6289a0b9a9f48318f6abc802b5a9ad",
                "9538c5d484cef1df8a5d87dc1144f9940583a714034eea69bede380490b825ee",
                "ba44e58daa6ae2364a4cdcab80a4e70b543a736214b0e4afae4f1a3c4129acb9",
                "c013c94cba55c3d0fc9300626521ef6f96e77d988cf182bfa07862a8cdd9cfcb",
                "c83e129a7372b86afe0b8ae921cef60d1d2b413158d40ee607445cf3bb741731",
                "1ad3395827f8121113834b18c64b3e888e75e47bc0aa10fb73c5468f5e90008f",
                "9de29774488c12f962f6468b935ea6764ee58ad880657938630a3006301240f8",
                "45d7a906b60009d092fe0a81af1b43332ad734792efb4709daa21e9406590abf",
                "9fca132293b2f660f5ad35407e40b130a638a75f932c17087efdf879554418eb",
                "33af97a4ff6b8330a2d0c0bb83b7878cba1ac429a03382871f35eaef87b172f6",
                "832271b6ddcca11bbfb91ec05db1da59f492746b2f2358ede23ba418394eb5d2",
                "b41e074b18a244d1dbadb21377525c016592fffa91f191f57b834d7583ff3aec"
            ],
            "type": "Script",
            "firstPartyCookies": {
                "gmUTM": {
                    "ttl": 1802,
                    "length": 9,
                    "prevalence": 0.000006840881105486387,
                    "uniqueness": 1
                }
            },
            "firstPartyCookiesSent": {},
            "exampleSites": [
                "www.huntsville.org",
                "www.americanolean.com",
                "www.gulfshores.com",
                "reviewscout.org",
                "www.visitwinstonsalem.com",
                "www.orangecountyscu.org",
                "www.utdallas.edu",
                "mobile.shopmyexchange.com",
                "www.fatquartershop.com",
                "www.shopmyexchange.com",
                "fatquartershop.com",
                "www.frankenmuth.org",
                "www.daltile.com",
                "www.nursys.com",
                "indoortemp.com",
                "www.lonestar.edu",
                "www.dbu.edu",
                "neighborstrailer.com",
                "www.cngc.com",
                "www.marazziusa.com"
            ]
        },
        {
            "rule": "geniusmonkey\\.com\\/pv\\/ingest",
            "cookies": 0.000041,
            "fingerprinting": 0,
            "subdomains": [
                "pm"
            ],
            "apis": {},
            "sites": 6,
            "prevalence": 0.000041,
            "cnames": [],
            "responseHashes": [],
            "type": "Fetch",
            "firstPartyCookies": {},
            "firstPartyCookiesSent": {
                "dy_fs_page": 0.000013681762210972774,
                "__tld": 0.000006840881105486387
            },
            "exampleSites": [
                "fatquartershop.com",
                "indoortemp.com",
                "lightingnewyork.com",
                "www.fatquartershop.com",
                "www.gulfshores.com",
                "www.ococean.com"
            ]
        },
        {
            "rule": "geniusmonkey\\.com\\/gm\\.png",
            "cookies": 0,
            "fingerprinting": 0,
            "subdomains": [
                "pm"
            ],
            "apis": {},
            "sites": 27,
            "prevalence": 0.000185,
            "cnames": [],
            "responseHashes": [
                "13f86bd1a6d578ee82ca0c54a9a634e03d8d7db09380d72590b158f173f53790"
            ],
            "type": "Image",
            "firstPartyCookies": {},
            "firstPartyCookiesSent": {
                "dy_fs_page": 0.000013681762210972774,
                "cookies.js": 0.000006840881105486387,
                "__tld": 0.000006840881105486387
            },
            "exampleSites": [
                "www.destinationbryan.com",
                "www.utdallas.edu",
                "www.nursys.com",
                "www.daltile.com",
                "www.shopmyexchange.com",
                "www.cngc.com",
                "store.edenfoods.com",
                "www.visitwinstonsalem.com",
                "fatquartershop.com",
                "www.huntsville.org",
                "ragbrai.com",
                "www.lonestar.edu",
                "www.orthoillinois.com",
                "lightingnewyork.com",
                "humehealth.com",
                "www.dbu.edu",
                "www.fatquartershop.com",
                "neighborstrailer.com",
                "www.gulfshores.com",
                "www.payneglasses.com"
            ]
        },
        {
            "rule": "geniusmonkey\\.com\\/r\\/gm-08A48GG39\\.png",
            "cookies": 0,
            "fingerprinting": 0,
            "subdomains": [
                "pm"
            ],
            "apis": {},
            "sites": 26,
            "prevalence": 0.000178,
            "cnames": [],
            "responseHashes": [
                "13f86bd1a6d578ee82ca0c54a9a634e03d8d7db09380d72590b158f173f53790"
            ],
            "type": "Image",
            "firstPartyCookies": {},
            "firstPartyCookiesSent": {},
            "exampleSites": [
                "www.airdna.co",
                "www.carterbloodcare.org",
                "lightingnewyork.com",
                "www.utdallas.edu",
                "mobile.shopmyexchange.com",
                "www.huntsville.org",
                "www.aafes.com",
                "indoortemp.com",
                "www.fatquartershop.com",
                "store.edenfoods.com",
                "www.shopmyexchange.com",
                "neighborstrailer.com",
                "www.ococean.com",
                "www.orthoillinois.com",
                "www.gulfshores.com",
                "ragbrai.com",
                "www.payneglasses.com",
                "humehealth.com",
                "fatquartershop.com",
                "www.nursys.com"
            ]
        },
        {
            "rule": "geniusmonkey\\.com\\/gm-08A48GG39\\.png",
            "cookies": 0,
            "fingerprinting": 0,
            "subdomains": [
                "pm"
            ],
            "apis": {},
            "sites": 2,
            "prevalence": 0.0000137,