{
    "domain": "getroster.com",
    "owner": {},
    "source": [
        "DuckDuckGo-US"
    ],
    "prevalence": 0.000192,
    "sites": 28,
    "subdomains": [
        "sa"
    ],
    "cnames": [],
    "fingerprinting": 1,
    "resources": [
        {
            "rule": "getroster\\.com\\/wooly-analytics\\.js",
            "cookies": 0,
            "fingerprinting": 1,
            "subdomains": [
                "sa"
            ],
            "apis": {
                "window.localStorage": 3
            },
            "sites": 3,
            "prevalence": 0.0000205,
            "cnames": [],
            "responseHashes": [
                "c095c320755c58aa397819dcde5bb37498c2fca2803fe8323f33e8e66905e587",
                "ffd20cba943d48bf554b2b9849a004674ef0db60b44ae1846309b973b1d3603c"
            ],
            "type": "Script",
            "firstPartyCookies": {},
            "firstPartyCookiesSent": {},
            "exampleSites": [
                "cariloha.com",
                "meyerhatchery.com",
                "www.kelty.com"
            ]
        },
        {
            "rule": "getroster\\.com\\/sa\\.js",
            "cookies": 0,
            "fingerprinting": 1,
            "subdomains": [
                "sa"
            ],
            "apis": {
                "window.localStorage": 14,
                "Document.cookie getter": 12
            },
            "sites": 16,
            "prevalence": 0.000109,
            "cnames": [],
            "responseHashes": [
                "6f2a352522bbdf37f167154fa5a706afa2ffb8615d363a6b372b20a30140ea8e",
                "c1ee7a27b76b68f213601a90d5ade9651e7deff8f403d464da0f83e30b7e0a98",
                "5b45766a9763fbe51e0ca51e61f89e06da10677b631a3452e7905d67bb2b9a2a",
                "5121436e07984893dd048bd8f8d6ff0f94e62d40b6e3c7d3770de4ee25dd9f45",
                "20ef37030b20ff8fed5f7aa9dc45159d83d8e422c00b6f8cac58673f6da54d5e",
                "7288412f8003ce7a4e3ebe95bf7a020bfbd4a67683011b20aafe9eabeb502908",
                "04bb6b01b340ec4d512343912a0a35a16f122f6e863f4d694bcb506ae7bb0f51",
                "330c3cad09c0e0bd9d2d70e5a143cf81e2be41fb38c90201f08bfc7db4f09e1b",
                "b49af07ac4fd04a176aea1399173187afe706195044be4839efe9973762ab0c8",
                "ac4d47db215c1ec00beb6bd04d866c0ddde56f7dc1cb8fad14d9ef0d5fbacbed",
                "1bb8b6b3b40a286988a82d8e34ff2c848d0c0f9b45925426407edd35990b4117",
                "944da267475831e5bc8bfcdd1cabfcc3de8e93a29c239dabc244d407a1166cbd"
            ],
            "type": "Script",
            "firstPartyCookies": {},
            "firstPartyCookiesSent": {},
            "exampleSites": [
                "healthygut.com",
                "jasemedical.com",
                "jensonusa.com",
                "maruccisports.com",
                "motosport.com",
                "onxmaps.com",
                "owalalife.com",
                "shop.actiontarget.com",
                "thepicklr.com",
                "www.countrydoor.com",
                "www.jensonusa.com",
                "www.kelty.com",
                "www.motosport.com",
                "www.onxmaps.com",
                "www.sunandski.com",
                "www.wahoofitness.com"
            ]
        }
    ],
    "categories": [],
    "performance": {},
    "cookies": 0,
    "topInitiators": [
        {
            "domain": "first party",
            "prevalence": 0.8
        },
        {
            "domain": "googletagmanager.com",
            "prevalence": 0.2
        }
    ],
    "types": {
        "Script": 19
    },
    "nameservers": [
        "ns3-02.azure-dns.org",
        "ns1-02.azure-dns.com",
        "ns2-02.azure-dns.net",
        "ns4-02.azure-dns.info"
    ]
}