{
    "domain": "ghybkakixah.com",
    "owner": {},
    "source": [
        "DuckDuckGo-US"
    ],
    "prevalence": 0.000192,
    "sites": 28,
    "subdomains": [],
    "cnames": [],
    "fingerprinting": 0,
    "resources": [
        {
            "rule": "ghybkakixah\\.com\\/en\\/ganolqdi\\/sultryb",
            "cookies": 0.000192,
            "fingerprinting": 0,
            "subdomains": [],
            "apis": {},
            "sites": 28,
            "prevalence": 0.000192,
            "cnames": [],
            "responseHashes": [
                "8337bc4340ff84aa5f65c0a5bbd2afa5732d6609898794b0715727ff6851e87e",
                "6228e9d2ada11b574171a3123a25c6daad5d3be473547e24ddbf65212caf527e",
                "2872afc6eaba54a33ed69f1f6bf9fa7eea467150255d82d1333c80a19e061687",
                "3fce2999aa30b878f05557bc7e981263e230b1316c399be06a0392bf85a06e63",
                "b9fcb9190611da00843ed76388493245dbf18d7b6486351668e5895b07d24c10",
                "ded915009aec4dd25215d8df616e430d8d27184969b41f01b7d328cf1aac7bc0",
                "91d56b3a0197cdbadc6755b69f1b5773816e866cf54fa1f27ef0076154532ee7",
                "bc74ed41714115eae516d22b809099faf7ebedb67409a37b649cefeb1fc9347f",
                "c26dc1fa5f3c61643034769cd36bbfecf433f8e8465175882c017eda8479ba8e",
                "01417219a023549be5a60f366f85be2cc4cbcd182d790683cae7125ca900c1f8",
                "d1eb1c6fc3d25e3958d13dd8b6be5ce980fc8592f8a490984fad609c00489c9e",
                "6cfb4f068e78379361e4ae6c6bc51603d0f4ff2b84c48dfe66412d31a121b012",
                "7d179c28f4c7a7447eff42d42dc9ad520327f98fa8257014dc1f9df8f9b8a9f5",
                "aa59a03198acb90bee5c18c244cb1e3778870629deeb237e2835ba7d0fd8a8f0",
                "d8ac58990d6371b95e15f6275ef5b77c0716d1ff1460b3d7da172d6f2f3e6087",
                "a3a556bacb854a7017475dbfccc6c112f955a7b028f25610133cba4a429f609a",
                "fab969e71460f75cdd7a7ddbd2c7873717afca2a9b0a5e314c4a99ccb1423c72",
                "1d093cccb26e879d31902b5ed744ed345754eef967c5ccf4a72ab80724cc82f4",
                "39c6d72bbb24312952b7a34101cd25a97567442dd11f6490399b605770ead551",
                "a4c9fc0911271a31fcec65529d807a9e545ec27d758401ec12c246637ee7c86a",
                "c7828e5adb586f5819a06d6d61ae7f4c8d80a77672cd9e391c9875d8f468aa12",
                "60cd28dbfdb397a839066fd6a8873fbb05d63d41336b4da253b929546a0029f8",
                "5b9a121cfdc1a07636265bcfa406ca625f9dc10c89ebf439c082f58e6ed20b09",
                "cc49db6377f9c329abcafa37260c0df85d420a67c599ab9ddf6b93f786ccb168",
                "bd62c5d70741e54b70846bb4b9b096cc8f589cbf20388321c7c69b0edf2a042a",
                "4841651794a837726ceaf3412840057bbf434ccdac5d6d96e6f34d2009eda48f",
                "6917770ae4578af3ee27e3ba31bebcaa57dcfb4f87cf237807b3cbe032fce77d"
            ],
            "type": "Script",
            "firstPartyCookies": {},
            "firstPartyCookiesSent": {},
            "exampleSites": [
                "sick-r.com",
                "mangazizi.com",
                "javindo.bar",
                "www.xshemale.tv",
                "fapellino.com",
                "baddielatina.com",
                "nekopoi.run",
                "wankgod.com",
                "manhwahub.net",
                "sxypix.com",
                "javsubindo.cv",
                "kingcomix.com",
                "furry34.com",
                "indosex21.net",
                "bokepwave.vip",
                "throatlust.com",
                "shemaleleaks.com",
                "javseen.tv",
                "xnxx.health",
                "mobile-xnxx.com"
            ]
        }
    ],
    "categories": [],
    "performance": {},
    "cookies": 0.000192,
    "topInitiators": [
        {
            "domain": "guidepaparazzisurface.com",
            "prevalence": 0.4
        },
        {
            "domain": "isolatedovercomepasted.com",
            "prevalence": 0.39285714285714285
        },
        {
            "domain": "browsecoherentunrefined.com",
            "prevalence": 0.02857142857142857
        },
        {
            "domain": "crumpetprankerstench.com",
            "prevalence": 0.014285714285714285
        },
        {
            "domain": "clickadu.net",
            "prevalence": 0.014285714285714285
        },
        {
            "domain": "bartererfaxtingling.com",
            "prevalence": 0.014285714285714285
        },
        {
            "domain": "driverhugoverblown.com",
            "prevalence": 0.014285714285714285
        },
        {
            "domain": "bundlemoviepumice.com",
            "prevalence": 0.014285714285714285
        },
        {
            "domain": "janitorprecisiontrio.com",
            "prevalence": 0.014285714285714285
        },
        {
            "domain": "3pkf5m0gd.com",
            "prevalence": 0.007142857142857143
        }
    ],
    "types": {
        "Script": 28
    },
    "nameservers": [
        "ns-53.awsdns-06.com",
        "ns-956.awsdns-55.net",
        "ns-1710.awsdns-21.co.uk",
        "ns-1256.awsdns-29.org"
    ]
}