{
    "domain": "goaffpro.com",
    "owner": {},
    "source": [
        "DuckDuckGo-US"
    ],
    "prevalence": 0.000629,
    "sites": 92,
    "subdomains": [
        "api",
        "api2",
        "static"
    ],
    "cnames": [],
    "fingerprinting": 1,
    "resources": [
        {
            "rule": "goaffpro\\.com\\/loader\\.js",
            "cookies": 0,
            "fingerprinting": 1,
            "subdomains": [
                "api"
            ],
            "apis": {
                "Document.cookie getter": 43,
                "window.sessionStorage": 7,
                "window.localStorage": 10
            },
            "sites": 56,
            "prevalence": 0.000383,
            "cnames": [],
            "responseHashes": [
                "13b8c26e8e1386e5bdad1e35105aee14eff3de81f4d36e5027e4e40b32f18b96",
                "e3b0c44298fc1c149afbf4c8996fb92427ae41e4649b934ca495991b7852b855",
                "535c4cc0cca6bb0a3f39ca4e9ce357d630466aa1c9b0acc30a8655ace2914895",
                "93d9942142ddae794866671d6964a38ab04dfef7153f42b8319f8c4a3bc518ac",
                "ebfbda1854434ee5f7e28999a3497288c46a42df64ef1eb8d91b7ed3ec80bbff",
                "984832ed5a167fde38daa27050ba3e4700672357d676d871cec522afaccdfa4a",
                "20d837f83510bf0f04cc82cfbfd460aea773b738b2b6bf138500b17b7edd9e28",
                "b6f47592df2ffc98eda2582d1e7b6dfb030cc244fd2a792d3a0c2632b339ef17",
                "72b6ee1de27d08f5556e2a18638c2af1576e78cc591159d0a736dde9c61c2d9b",
                "04439878f672acb85c3855f2a39b0f2387435730f894a430ba87be11bb7fe133",
                "1b6ec698245555461bec2f92ad14362bb2f2f41628b49842a7e880cfb6d70c48",
                "8d6d881830e2305a455cb59677693625f048d03b6ef2a6f6f41fdcd858c276b0",
                "7ce7b9a4e89f72210883db43063caf7126f7a46551f83fac894d83fd32bacc30",
                "ab9953584f5d3418e5657178eb9245ed42cf650b1e1551f0a017a6eaffae7429",
                "48ef4cb821017b4236692dd171f22f73e33ce72b823f8cc00d449b4520334198",
                "f4fefb14fe77d2faac47740bef55acbe0a4cbc23b8a46196848b8385bf5b087e",
                "c7149140ba13b9c44b2601bef697aaff23be2d0555c95c8dce3c3178eee09a4b",
                "a5b82af33aef8ab5cf9e37ce5c52f06d57342737e5d32fabee762897be0ba9df",
                "d32831362024ea9c92e557872e5c3bf70b1121024210fa58cba56cfed78c042d",
                "5279db9475c4833693f5f298627a1e21928c0394269ef316272e2b4b9243bdd4",
                "025276eb57076799d2deadad75576fbe98c50741adf5d1ee7619cd55931ac960",
                "71caf49943746f6fce797240140810c709a62e245b729107223a0bc0a1b8a20c",
                "f535187be73d6931e0b4f0edf46431a11d84b5830ce2b82c745d332ad69097b8",
                "ae5c593d2393b6935f932d039bab73fc65957b09c4f1b02997f3b096604a321d",
                "abd15b2afee3df7fd092c7827324fa88e7f1c31ea372540b3c05b1b05662d6ba",
                "3c3bfc432a4833a6618965974422548c88b3e525acba74347a7d7f0505c4bfbb",
                "b78f141915fc9e14d6d0ff7fcfbf5fd1fc23afc948b508270b64dcaf70cb5105",
                "76ab5a07e5eb81fc09be8795dd1f1db3564006398c0d1b21c5f5fe2b923df680",
                "cc3dcc3d0dac8235e93a0a8ca76a230ff87b230b1e2cc8e798f199475e904bd1",
                "f94d19092f904800cd2e0a0dc8212dc5b8fc7dd383a68b46a5b2d0a3217e7e1b",
                "5f64e664c463a5f42d4cfa7dc9d5d53c6437c9e360b17330700eade9d24d8622",
                "a5341590899460a6c2c9f65d64f083b5c6f429fbbca4ec68e51f90f7a7db5c56",
                "8eb59674f46e4c484450e4e0eba17a96c7cf46af50a9e8a81f4b9c7319c3d113",
                "80e1842eed5192f4123d73345de4db7c8af2e345427cd74ff77b73e8d2159585",
                "11f9497f957cbb9598dc1f04a7866f761c0c5c177515bee0e2286ab9d0f6338f",
                "901cc69a2de145edd1a5e2d91269c097bb7e293d054daee5d8368634707b0740",
                "64dcc3068ee24d2cf84dbb5de8a31cba2fadace1a073a05a1918696980de6f1d",
                "93597d09c363fa3be27b480308c9cf5d6c6f52bd1c7b61147b17f1b8d838a44e",
                "16e4affdeda36f53d15cb60bb4fdfb110fd3d496ab159b73038dbc6fda821b5a",
                "3d69a9f27d67c4d9dade88e95e10e2aab8dd53f36f9802c7013bc3f5d72c69c7",
                "905c8eb04ae4fd2e1935cdb4d7ec1974e44305e5b0144dae054817548f6d7b07",
                "4c819a6f86c6820ddeba9c07229596a048dc8dd5a8b595c20ba3a1a40d457810",
                "137e522238e60c898e17edc2e7b86a6659abe2e4ddf854ad4a0f1b583ba22004",
                "7bdd3e56d0b20daec4d757e83571dcb1e3052fd5aff288e763ee3f41c643bfd8",
                "77f9e35c5e1013002d316ad6978cc22a5d5bfeefb0c5fab39cabc05927d46670",
                "adf365906a2e050e26a9268aeb5b1117b3965302811f0bc5addf604898550a71",
                "653b5199e8ce41105cc9197f4edee626a2bc6bdef952f58ab64b5d4dcb3bfecb",
                "3ef6b035978b4895806bfab20bc387978c8081678b8108a268eeb887fd1bad00",
                "fc6d3cd30c2cfc1e356118e6d4ec1557ad0a9e25d356ac76aecfca55bbf7c350",
                "0234a514a0f995fad9a7c6c2297bc690afc7845068f8e383e7e4675d57956fb2",
                "e44840be26f7a9df25f51f2304864d8bb2c28887c7084ac8cb6f313b4bc0b34d",
                "7e1246734b4f4f532aeba23751bbf9ca2448bbf678940f54d31d00df2c9b981f",
                "640c263ff0bfb2b2b0ba6a283df280c03281a08d61b7f88b33107f2453760fb4"
            ],
            "type": "Script",
            "firstPartyCookies": {},
            "firstPartyCookiesSent": {},
            "exampleSites": [
                "www.weightlossdirect.com",
                "www.ispringfilter.com",
                "www.france-mineraux.fr",
                "www.hxdoll.com",
                "en.akkogear.com",
                "www.currentconnected.com",
                "legacyicons.com",
                "creality.com",
                "www.shirtspace.com",
                "www.righttobear.com",
                "www.levyelectric.com",
                "www.xndoll.com",
                "www.dirtlegal.com",
                "builtwithscience.com",
                "ecommerce-platforms.com",
                "www.homary.com",
                "www.creality.com",
                "www.dripworks.com",
                "iew.com",
                "www.foraged.com"
            ]
        },
        {
            "rule": "goaffpro\\.com\\/shop",
            "cookies": 0,
            "fingerprinting": 0,
            "subdomains": [
                "api2"
            ],
            "apis": {},
            "sites": 3,
            "prevalence": 0.0000205,
            "cnames": [],
            "responseHashes": [
                "e219457e518fdab62ce39c603f1ac47778e56989377ec65dbd7901dda002f759",
                "accab0c232c6d7d764feccdd73afaa0f8eb391e8d66996f6abd13c3ffb2d4d0f"
            ],
            "type": "Fetch",
            "firstPartyCookies": {},
            "firstPartyCookiesSent": {
                "ref": 0.00002052264331645916
            },
            "exampleSites": [
                "allstitch.com",
                "mammotion.com",
                "ruffgreens.com"
            ]
        },
        {
            "rule": "goaffpro\\.com\\/cross-domain-sharing-innner-frame\\.html",
            "cookies": 0,
            "fingerprinting": 1,
            "subdomains": [
                "static"
            ],
            "apis": {
                "window.localStorage": 1
            },
            "sites": 8,
            "prevalence": 0.0000547,
            "cnames": [],
            "responseHashes": [
                "e803caa67eb0a2f34fba4ad9b14b263df67f53aae17737d47e31bca0f7b3842b"
            ],
            "type": "Document",
            "firstPartyCookies": {},
            "firstPartyCookiesSent": {},
            "exampleSites": [
                "bulletjournal.com",
                "mammotion.com",
                "renpho.com",
                "simify.com",
                "www.levyelectric.com",
                "www.luvele.com",
                "www.weightlossdirect.com",
                "www.xtool.com"
            ]
        },
        {
            "rule": "goaffpro\\.com\\/wix_loader\\.js",