{
    "domain": "grxchange.gr",
    "owner": {},
    "source": [
        "DuckDuckGo-US"
    ],
    "prevalence": 0.000192,
    "sites": 28,
    "subdomains": [
        "x"
    ],
    "cnames": [],
    "fingerprinting": 0,
    "resources": [
        {
            "rule": "grxchange\\.gr\\/ads",
            "cookies": 0.000178,
            "fingerprinting": 0,
            "subdomains": [
                "x"
            ],
            "apis": {},
            "sites": 27,
            "prevalence": 0.000185,
            "cnames": [],
            "responseHashes": [
                "fd0775e19f34dcbffb5df242039fd85cbe6c105fb9887e9548be113f361121e8",
                "4dd5f1ca9c7f55cacf9bf2c3baf9e5f95c203b28513f7f2ac3bd75c79ec80baf",
                "b4ecf092e6bf40ac261fe486fa0ae6d05e4d2254cce079c00477b78c80f550ed",
                "00b016305be15d2324a01b61f1dbbab6b067725c6ed0251e6b6fa1b11bbc0fd4",
                "e4b2e4447bfc8f7699ee2843267ca9d0a302c7da763d8eb33f3a53537138d17d",
                "89c1199dd6652973301f217928994a677e5f5253fd195d5a90b86e2a908d0160",
                "20793e17a37c9a0f9376571571f55abd4b0b287a5c87dc69dfdc0f46d3b32203",
                "e700ec5789bfad55c397be6539cfe4adb41784efc73c911667fb46190f69b3fc",
                "4f13ab40243b8d52c8f4646b6160b20fb9d42b0c61e057b187095ceafb156a54",
                "4b94623771e83161b1a56185e5a21b8699297cd12e4df124a6dd33bde70d37e1",
                "b0352f92d50176fd317c6f9a4b777ea2fa1accc55d30199ee35db907275fe09b",
                "9d00987bd67d472ecb62f69ecf57088be73a2d3ac0494f2c2eb09029ee3720d3",
                "b8c58e2beae0eb68e12e2f3a75e65a9167a15d192b53df56aa54c4001a501ff7",
                "5fa98ff67101c4ee4cbed65b39a21970092cc692a4dabe2877bcca9ecca5c11e",
                "8670978bc39047c6d3f3ffa5391f28bd946dee226d60bae45d1dc2362003f7ab",
                "a297a424d28059eff5c6acdfd6e71366506d985fce2a9b642e25096e5f49b3bf",
                "b9ecd680c89b71f2439e499f52db972f1459f0b13b9d675fe04776913fac4787",
                "0d6dd6175d4502c2c610eea9160cf07d8eba1d6f9d015a298db19d2cc17fb472",
                "5e729cd29e6ee47afcb17bb08e492992000941135ffd9fe49229074fa4fbc850",
                "0c1060158af08ef513809f563bc4ea9e0a4c481cd58705bcf2a092025ac9dbe5",
                "0284eab86ba0853f38d0b309d90449ed38977ae7aa9a6a5f244a8a315b409e89",
                "e614a35fe77c68b537bf8b8ef0b20a59bd7b7f9616b9dab7161b96789d55f204",
                "915c26ef580db6d8e30b1ea0779886f6e7b1ee545da83afd9f7ff7d1bf632126",
                "2baaeba3ee6db1b76868f66244a2c84a38cd4f34480dc8e4087ced6260f05b45"
            ],
            "type": "Fetch",
            "firstPartyCookies": {},
            "firstPartyCookiesSent": {
                "lotame_domain_check": 0.00006840881105486387,
                "cookies.js_dtest": 0.000013681762210972774,
                "parsely_uuid": 0.000013681762210972774
            },
            "exampleSites": [
                "www.newsit.gr",
                "www.sdna.gr",
                "www.pronews.gr",
                "www.star.gr",
                "www.sport24.gr",
                "www.gazzetta.gr",
                "meteo.gr",
                "www.sport-fm.gr",
                "www.parapolitika.gr",
                "www.meteo.gr",
                "www.ethnos.gr",
                "www.car.gr",
                "www.protothema.gr",
                "eleftherostypos.gr",
                "www.athinorama.gr",
                "akispetretzikis.com",
                "www.thetoc.gr",
                "www.iatropedia.gr",
                "www.tlife.gr",
                "www.pentapostagma.gr"
            ]
        },
        {
            "rule": "grxchange\\.gr\\/cas\\/x8oCSh-oQ6d0VU4nAG-qNlUIKz7txT",
            "cookies": 0.0000137,
            "fingerprinting": 0,
            "subdomains": [
                "x"
            ],
            "apis": {},
            "sites": 2,
            "prevalence": 0.0000137,
            "cnames": [],
            "responseHashes": [
                "e3b0c44298fc1c149afbf4c8996fb92427ae41e4649b934ca495991b7852b855"
            ],
            "type": "Ping",
            "firstPartyCookies": {},
            "firstPartyCookiesSent": {},
            "exampleSites": [
                "eleftherostypos.gr",
                "www.capital.gr"
            ]
        },
        {
            "rule": "grxchange\\.gr\\/cas\\/x8oCSv-sW5Fqe2fOQ3-qNlUIKz7txT",
            "cookies": 0.0000137,
            "fingerprinting": 0,
            "subdomains": [
                "x"
            ],
            "apis": {},
            "sites": 2,
            "prevalence": 0.0000137,
            "cnames": [],
            "responseHashes": [
                "e3b0c44298fc1c149afbf4c8996fb92427ae41e4649b934ca495991b7852b855"
            ],
            "type": "Ping",
            "firstPartyCookies": {},
            "firstPartyCookiesSent": {},
            "exampleSites": [
                "athinorama.gr",
                "www.athinorama.gr"
            ]
        }
    ],
    "categories": [],
    "performance": {},
    "cookies": 0.000185,
    "topInitiators": [
        {
            "domain": "adman.gr",
            "prevalence": 0.9557522123893806
        },
        {
            "domain": "first party",
            "prevalence": 0.017699115044247787
        },
        {
            "domain": "dalecta.com",
            "prevalence": 0.008849557522123894
        },
        {
            "domain": "pstatic.gr",
            "prevalence": 0.008849557522123894
        },
        {
            "domain": "imasdk.googleapis.com",
            "prevalence": 0.008849557522123894
        }
    ],
    "types": {
        "Fetch": 27,
        "Ping": 4
    },
    "nameservers": [
        "dnsdt.phaistosnetworks.gr",
        "onderon.phaistosnetworks.gr",
        "phaistos.phaistosnetworks.gr"
    ]
}