{
    "domain": "gtv-pub.com",
    "owner": {},
    "source": [
        "DuckDuckGo-US"
    ],
    "prevalence": 0.00138,
    "sites": 202,
    "subdomains": [
        "beacon"
    ],
    "cnames": [],
    "fingerprinting": 0,
    "resources": [
        {
            "rule": "gtv-pub\\.com\\/",
            "cookies": 0,
            "fingerprinting": 0,
            "subdomains": [
                "beacon"
            ],
            "apis": {},
            "sites": 104,
            "prevalence": 0.000711,
            "cnames": [],
            "responseHashes": [
                "a843d785e6172216d7a359178282d081c570784a60952177f4020214734c1e28",
                "1525cb0dee35a640833df020eb9e668844bc3c1b4129000718e287edb4a1b17e",
                "21cd4418ad64b711ece30e043b0ef1cdc50c5524f44e97ee70f3ab2937d7539c",
                "8203bd510e96a914f9bc510d58e676fbf9863e6c1a51ca5369b4a90034683943",
                "f0150d7d5f85265a5cd81412169a2b6b29dedd772262a3bfbcb38dd6543d918a",
                "ca5543515efb51f34bac519cfca37707404857e9ffd4517ccebbb10249abf87b",
                "2b4cbb1a1b96852613c5ecbcd1f56d39b11c544f64ca89d98c26dd620f4fe38c",
                "f8e59f974f825adc77b8164bfaad246447c4ef05682770a9ff958ca95ee83362",
                "55e8837b968057f613fb81543a54dbbffd3a6f2774b76732bc86b7b62282d5d1",
                "28eca43c7dec733de299ec16791328233488a9b59e9b4092a509a3299733bdfa",
                "b0d14021a14ca95af1230c7fb7ddf10ed91c582ba4c762aaa3cc51e468d36527",
                "33c463b9329d56cfd0ae426cecf60c1bc349dfd3dbef1d144de7b1d660e691c1",
                "003ee6218ea210b0691c5c1676547abd7889f4f8476449349873ad06c897d8aa",
                "48015065b9a3e272140ca483a43321cfdd38608a3fcb909eac84af9b3c761dc3",
                "fbd7257378de5563c27f08c240ac236fd9c3ea3783696793b197dd684b92a0a9",
                "3d2f76589f04ac87fb529addd7ebcf62d0f14c58933d8cc9c4a76ad27a0b14b4",
                "e85c1bfa8a62a28ae2e9f5e59fa81d28ca78f67f71a36152a2d1651351976ff0",
                "7e9570cf18340e6c56d7f04811ca8e84be93c5962ce0b94c6d1c983f5b2459b0",
                "6591767c1d432a6948dc2c3f268cf2502eaa35a71a00409b1166aab4166a2628",
                "035fe7da568d7db31b14a5b94868180c2dcebc3ddb93a03bdb9019408559227c",
                "ad24dacb9e81760cff0eb3a57cc8aabecd190587c220d0f21be8182b620bd35b",
                "a3ece5792d63193a631c9b7bc0bc34269ab307d3b96a2f17da556108e45f06aa",
                "2353b3b505c2f1929061b26f843334f3d4eef4a75b72ee521ff92d754c045b54",
                "9ac8b8449b122419328384164dfe4db1a5cac362a08be68d76d0b55e8208056a",
                "9b2adb59a4914856740286b71bb303c0ce36ba5631a72283137e48edce439447",
                "6e2d1323cc2c0276260dd65360d84cfe3a191a0383d546aa3e3fc72434ab0812",
                "3c5166a12121c221aba356ebe3b9817934d7cecfb245360cf431e6f6bb44e360",
                "5c30a5fd1bc978f11b062e2c8b08c3a032b4d9e0766455459ecc66b436d1f365",
                "57fa0dc1ea20783aea3a9090a00a60fd239a4069985c75338aad5ecb0499e591",
                "7cb51769d9919c1dd7e262542b549b428f8e0b4820c23d7e134c773182755e73",
                "a583f4cdf654cbc53c7fa1f40362e9124c69e2ce10a18ea1aafe2514e3f72361",
                "42b880f24d01093dd103cccfca3985e7e1b2aba88de3ae46d1a195c30d3ac41e",
                "62b984b010247a5ebf1e39a85180fb7d600ec552caa99cc53ed8292aa9826e37",
                "4c3b85ed47a796fbe3ed6ebd8b918b53f33a39ab5206b97aa5fd9b7a4cb132ca",
                "d72c7aadb4e4b16c9c3fa6385e9ad1a3fa92b4e78df5e3b8f2b0459dbd622669",
                "77f0f3ecb9ed487f3d0ec3fc4fa7b2843af30dcf386d6136e9c899f161cac2ea",
                "4df1511049428b5b7a4ec787020263e6fa7e381a2137061ef3df14df947a38e6",
                "607a1ae600d3ecd08d4a25381ad9d44578dac12a71d280c0bb7f95fbe71ccac3",
                "12ec94443d71bfabb4242da1c0a82280cb032f17c9f980127136a4cb3b665895",
                "cf9dac6ade7e2c2af257e3a28a2e345d3d7e2d50bcdc99e0d9128ad322401c72",
                "ad840bcde25660dbca21436ef1720728a90d530468c0e1b646388da27afa0285",
                "c28d6dddba16f2c99ea1ab5c2a07f45d1382c90c75b8d4794992adceffb13da7",
                "76dd355015be2c1d8609c227b8ca8bb7954c9093a0215f25eddeb131e29df3f5",
                "30d4b9e9884f36112052548499e62534be4ebc3254f46d7913d86c9638099d7f",
                "9094e0f458903159b627c40f4600bdd6d6ce2e9911dacbc9e3a235c7279023c2",
                "622c34bc6c43f98ab2594eea1663f37fee7eedb34bbb522093b1362d5c37361d",
                "1c3c1c8d041eb251d794edf6e0e6de459c421126bc3a4a8409d86e976b185749",
                "54f4f14e4a3bfa0e071ae52e3160644bf3daa0e49600b899eeb5647aeb8b198e",
                "a4c11c9d2add9021d83330dc959fd6aab3926badc7c261a525e622cc6e698178",
                "3c01fa0e6973b19cb82796e4ca0f6b4f8e3054cfed3f98a12964c44c0c1967af",
                "245de0d6aa4e220178345bcb6e26110c498583255dfb6fe84c25d7f1505dadc2",
                "fc9cd93c362894097e4ae0a6261a75c16fb7f5ff22eb775b9fbe99f0019e5eef",
                "0dfe7aa21a094c3be750f3ac8b6dc6a9009e92b73e3e028d94e6a5df4c1a0c2d",
                "b9b4c7df81b0d37a5bceb5ecfb4da3d2f5e09fa6545ad28177c226423eb007a9",
                "f790045a1d31b5dca806bff205ca7fea3a027f3467e1336f7ed5bfab3ea26167",
                "71890075e6bb8af676adb31b764230faf6fed9d6eb2857f23304c5ce521a70f7",
                "d12343f57927180a4dac970cc43d5a5fe99d95e811c117cad714eb4a6bfeff5c",
                "9b44a20cdee27c79672994cc7c5bb4b90022faf185a8943baaf9f9f7decc1b39",
                "f9be067f7fbd5c3b5a19502e5c00d20e31c2f8988ba69d0817a76841d42c3000",
                "fd79158bf4388d88bb948ab9b925a0dfd60189ac0bb00bf8ddd08d91be93c7c5",
                "177a8e2f484ed86ebadd3ac030c4b344680240181c2642a8f8c96309d26b7aa5",
                "9fb0f90e6138002d6c56f5de2e7971336c9a1415228466443afb4ea739f5d870",
                "b07989ebecd4f71ed1052bd5a4015bfecc8c6cea2145c2201785fb4e2cbece2b",
                "affd5b26505328b2095b430d42e01c5fbd6aed2506665f98a08cea5d5fca5778",
                "03cfa32f2fa185168d2506536c8f62c89349865a856b35319fde32799e35cc9f",
                "4337d469dd413fcc6de3bce24cbca47db25cab3394f33a64e88a6090657dd647",
                "fe57c25d0d07cfede56a2da9879cacde906917891f8332b1d47b603629f00b1f",
                "50665c998185e2baafcda35c61d128e28dc024a6bd46d4eeaa0871f4cf4db374",
                "6e4bfe610882d00a8bc1767b5ee98f5b1554d5c0fa476f706087a07f297a81d0",
                "44b8d8f09e3095158daf015508354cd78938b2b6a9cc3ba0ceb228e4be715ee7",
                "f01406e4b54d5096b412fa6f08465aac3cbca7021e2549c2f7bb94b115f80e2a",
                "7fc8d480e80f8ea4a26c2ca388392b27647245c4913bcfd0dc7e634bcf46668b",
                "df8d37da0de80e0797cb4f1bc1b797b532bbfd18529578adaa6e79c3b19e845d",
                "fbf708ee712ad1415f73862172e91261983d30cf8b6da521c8d3a785b48df3b1",
                "4431d3bd835d44fd6ceb3ae86ffd41b13b10a79125811584c86fc32425620cd3",
                "d3252df8898997cdadb343449c96b370e3b3adb5b87d40469e23ec911e514e21",
                "2376b9f3f12a5ce7291f8b44cac9fc1ffbd63801788203ddd207b9f628e05d33",
                "315cfe41aa0cd020ab5a4c9f6c0e6629067b5bbd80156058b2723adab3fa067c",
                "48789a5a2f7de427c2364fb69fb64861442091b7aaecf850514a8ccd762d0cd7",
                "87a2cdd9280dad4f8f14e54339a26cfbc94dd75b8c4fa0fd083b20865fec7b73",
                "2c1ed8a3b9b9baf2597066f79ff8292283a7563c6ebc640ae4395829fa3be243",
                "57992c4215af001efc3c51e7c0342ecf5a10c9df364dd264e799a325df4f66cb",
                "ae5529752f137594cb559cf7784b60c17ee723bbcb59455fc846d39e8dec8684",
                "8577ba9fc5fc9bd19a9fbec2c1dabcf7be00ed294f7684917498745b83184dc1",
                "6137e9371fd3c07c12a8dc4eb6a2462d1cbbe6f04b6381f31b1c5b2c0c20a1b1",
                "9d66ff07cb6f247e730784b16ba62d921666b5d1810223d1f2a6e8422c10c60d",
                "ce9ece050e6399dfbe2104fbe5fd18983a9a8ef9bec525d78c8c50a6c71d91e6",
                "483297aba74b0d6611c98787923e62618df627eba12d1294b0ac2187284cda72",
