{
    "domain": "havenclick.com",
    "owner": {},
    "source": [
        "DuckDuckGo-US"
    ],
    "prevalence": 0.000109,
    "sites": 16,
    "subdomains": [],
    "cnames": [],
    "fingerprinting": 0,
    "resources": [
        {
            "rule": "havenclick\\.com\\/www\\/delivery\\/afr\\.php",
            "cookies": 0.0000752,
            "fingerprinting": 0,
            "subdomains": [],
            "apis": {},
            "sites": 11,
            "prevalence": 0.0000752,
            "cnames": [],
            "responseHashes": [
                "cf02942569bdb52775ba03836865324bddc779f53ce38d65d23ad429ae3718d0",
                "989862bd3fd8202898fdff9832c2a826705cc13809f5a6c0a60bc9bc738f9ae1",
                "02b505adf451b38dbfde9c42b4f547429fad3ffe7b9a8c8724a8cd85bd545b08",
                "09e52192b913ba07d0032fc207dd95a6f0293cb885d20371a2a870518d077b60",
                "4ce1325ab337946cdce93e485d597c9a903d1b916572e3d80421615c0d6535ec",
                "585d58b6fa69d30b26a83193c80dff214953ac5fe7e2f3b358f3c19d01410757",
                "f9d63791dcc61f5bae76fa2f5555786c928518c7307369c91ac9ca5d7a955858",
                "db115b57d91ccf3de7d9011d7c1ce60fa5f5fa24668f21bdc1b1ef98e61604e4",
                "f9b987cae4b87283a84d2a2bc6e712b87a26cf279f79f27f4e20d9eb8ace2684",
                "3c9d35df3095e8ca4cfc423b797963fbcf76ec214e96258ac2e3537b67913f4c"
            ],
            "type": "Document",
            "firstPartyCookies": {},
            "firstPartyCookiesSent": {},
            "exampleSites": [
                "8muses.xxx",
                "hanime.xxx",
                "hanimehentai.tv",
                "hentai.guru",
                "hentaidude.xxx",
                "hentaihaven.com",
                "hentaihaven.xxx",
                "hentaimama.tv",
                "hentaimama.xxx",
                "nhentaihaven.org",
                "nhentaitube.com"
            ]
        },
        {
            "rule": "havenclick\\.com\\/www\\/delivery\\/lg\\.php",
            "cookies": 0.0000752,
            "fingerprinting": 0,
            "subdomains": [],
            "apis": {},
            "sites": 11,
            "prevalence": 0.0000752,
            "cnames": [],
            "responseHashes": [
                "e963e7196beb9123059ec3534b042ebcd1ef0a470fa568bfbebfeab2f33c4fda"
            ],
            "type": "Image",
            "firstPartyCookies": {},
            "firstPartyCookiesSent": {},
            "exampleSites": [
                "8muses.xxx",
                "hanime.xxx",
                "hanimehentai.tv",
                "hentai.guru",
                "hentaidude.xxx",
                "hentaihaven.com",
                "hentaihaven.xxx",
                "hentaimama.tv",
                "hentaimama.xxx",
                "nhentaihaven.org",
                "nhentaitube.com"
            ]
        },
        {
            "rule": "havenclick\\.com\\/www\\/delivery\\/asyncjs\\.php",
            "cookies": 0.0000274,
            "fingerprinting": 0,
            "subdomains": [],
            "apis": {},
            "sites": 4,
            "prevalence": 0.0000274,
            "cnames": [],
            "responseHashes": [
                "7f339258334f21cf6ab2f12c7a14087264588f8d51a68ca8413f9136dcd1c349"
            ],
            "type": "Script",
            "firstPartyCookies": {},
            "firstPartyCookiesSent": {},
            "exampleSites": [
                "hentaidude.xxx",
                "hentaihaven.xxx",
                "hentaimama.xxx",
                "nhentaihaven.org"
            ]
        },
        {
            "rule": "havenclick\\.com\\/www\\/delivery\\/asyncspc\\.php",
            "cookies": 0.0000274,
            "fingerprinting": 0,
            "subdomains": [],
            "apis": {},
            "sites": 4,
            "prevalence": 0.0000274,
            "cnames": [],
            "responseHashes": [
                "3716caf5ecd8209ffd247814d516fcc0994b5ff85a541a3c12cb1af2e3c7c4e2",
                "959f7275f874799e760f49947cb4c80475182443f65eba3e50c198e0bd771033",
                "635700ae2d5b2d121bb500ea7ef9ba297a7cbfac2467e5c841241f9fbbc8fd5e"
            ],
            "type": "XHR",
            "firstPartyCookies": {},
            "firstPartyCookiesSent": {},
            "exampleSites": [
                "hentaidude.xxx",
                "hentaihaven.xxx",
                "hentaimama.xxx",
                "nhentaihaven.org"
            ]
        }
    ],
    "categories": [],
    "performance": {},
    "cookies": 0.000109,
    "topInitiators": [
        {
            "domain": "first party",
            "prevalence": 1
        }
    ],
    "types": {
        "Document": 11,
        "Image": 11,
        "Script": 4,
        "XHR": 4
    },
    "nameservers": [
        "todd.ns.cloudflare.com",
        "yolanda.ns.cloudflare.com"
    ]
}