{
    "domain": "holid.io",
    "owner": {},
    "source": [
        "DuckDuckGo-US"
    ],
    "prevalence": 0.000157,
    "sites": 23,
    "subdomains": [
        "helloworld",
        "null",
        "ip",
        "ads"
    ],
    "cnames": [],
    "fingerprinting": 2,
    "resources": [
        {
            "rule": "holid\\.io\\/openrtb2\\/auction",
            "cookies": 0,
            "fingerprinting": 0,
            "subdomains": [
                "helloworld"
            ],
            "apis": {},
            "sites": 15,
            "prevalence": 0.000103,
            "cnames": [],
            "responseHashes": [
                "8a6f5fba97ae3a83b30def26e1ccd0d72300f60a95c1cc40a42467b1f2d9a899",
                "74aa4bf8254c95120bdde2273e12ddd5d42c38eaa6a29bd0da82fed4d10009ec",
                "1b0e5685ebfc0549fe0c2078c4250a94a4ed2cff57180d23b1a2fb4ce3fbb922",
                "76c76a4414c788c8850c4315bcfb1d59b8de587e1b75c51b45eab6b904165f96",
                "f76710d8e35bb9d8ddf280a51a9c087c3508bb46680de5f879c75ee9e6df5738",
                "d22dec404dfbdf17db181c9cce49617dfabed876bac7f97ed8b349334740fd14",
                "696466feac78007d3cfd633ae826cb62c4c7307f0754ed094cd6dfb982e2690f",
                "e9c86ff912a539eb3b68d000c442de10989e9fbc1d0327593b3bdd6d567da60a",
                "dece7569018c3d1f298eb2e27150ec8be7c1f6e274fdde494b78f37bf8ef06bc",
                "19f6e930d8536be4bd5576d90702663aaa6c6e0590e92bcccc659457c681fd43",
                "5c5f6455a620646f5886f8304a7cdd8cf52ca7442a6d53eabc100437f85710e7",
                "0fde2af59a0e9f05b863c6982030c26fce26d92bc1188ae15e5428060f8576aa",
                "ea10be34ad8ddc3b605a57aaf96116a13ee26bfc13799323cc2823690c229468",
                "6fa8acabdc8d43a3082a01f69f8adb6388984ca7fea72c5b5642a80c2e9106c0"
            ],
            "type": "Fetch",
            "firstPartyCookies": {},
            "firstPartyCookiesSent": {},
            "exampleSites": [
                "byggebolig.no",
                "nhi.no",
                "pdfresizer.com",
                "whatsmyip.com",
                "whocalled.today",
                "www.aperitif.no",
                "www.gamingbible.com",
                "www.jetphotos.com",
                "www.kokaihop.se",
                "www.ladbible.com",
                "www.sportbible.com",
                "www.synonymer.se",
                "www.tyla.com",
                "www.uniladtech.com",
                "www.unilad.com"
            ]
        },
        {
            "rule": "holid\\.io\\/sync\\.html",
            "cookies": 0,
            "fingerprinting": 0,
            "subdomains": [
                "null"
            ],
            "apis": {},
            "sites": 11,
            "prevalence": 0.0000752,
            "cnames": [],
            "responseHashes": [
                "a9578fa39263300e95e33fca0b5e839b2350e8e3c56ec750e1f84fabf50452ba"
            ],
            "type": "Document",
            "firstPartyCookies": {},
            "firstPartyCookiesSent": {},
            "exampleSites": [
                "byggebolig.no",
                "pdfresizer.com",
                "whatsmyip.com",
                "whocalled.today",
                "www.gamingbible.com",
                "www.ladbible.com",
                "www.sportbible.com",
                "www.synonymer.se",
                "www.tyla.com",
                "www.uniladtech.com",
                "www.unilad.com"
            ]
        },
        {
            "rule": "holid\\.io\\/cookie_sync",
            "cookies": 0,
            "fingerprinting": 0,
            "subdomains": [
                "helloworld"
            ],
            "apis": {},
            "sites": 10,
            "prevalence": 0.0000684,
            "cnames": [],
            "responseHashes": [
                "a1b2a9872ad01d4708a51643e2ec924b4684eef9ece23963d838f5851819c14a",
                "02f6e458882115744aa0d2cc19f0ff81d864d2d2b923c2a59ae6838fb77836da",
                "822fe4c7ca209bbc578a2c12b4bbafcb15a0d0e90cfa33bdd2ee719d04e528b6"
            ],
            "type": "XHR",
            "firstPartyCookies": {},
            "firstPartyCookiesSent": {},
            "exampleSites": [
                "byggebolig.no",
                "pdfresizer.com",
                "whatsmyip.com",
                "whocalled.today",
                "www.gamingbible.com",
                "www.ladbible.com",
                "www.sportbible.com",
                "www.synonymer.se",
                "www.uniladtech.com",
                "www.unilad.com"
            ]
        },
        {
            "rule": "holid\\.io\\/setuid",
            "cookies": 0.0000342,
            "fingerprinting": 0,
            "subdomains": [
                "helloworld"
            ],
            "apis": {},
            "sites": 5,
            "prevalence": 0.0000342,
            "cnames": [],
            "responseHashes": [
                "e3b0c44298fc1c149afbf4c8996fb92427ae41e4649b934ca495991b7852b855"
            ],
            "type": "Document",
            "firstPartyCookies": {},
            "firstPartyCookiesSent": {},
            "exampleSites": [
                "byggebolig.no",
                "whatsmyip.com",
                "whocalled.today",
                "www.gamingbible.com",
                "www.synonymer.se"
            ]
        },
        {
            "rule": "holid\\.io\\/setuid",
            "cookies": 0.0000274,
            "fingerprinting": 0,
            "subdomains": [
                "helloworld"
            ],
            "apis": {},
            "sites": 4,
            "prevalence": 0.0000274,
            "cnames": [],
            "responseHashes": [
                "c956a8bbf43bb56f60d1beefcc5a70f2cb0725083a00e8a0daf423176509fd18"
            ],
            "type": "Image",
            "firstPartyCookies": {},
            "firstPartyCookiesSent": {},
            "exampleSites": [
                "byggebolig.no",
                "whatsmyip.com",
                "whocalled.today",
                "www.synonymer.se"
            ]
        },
        {
            "rule": "holid\\.io\\/",
            "cookies": 0,
            "fingerprinting": 0,
            "subdomains": [
                "ip"
            ],
            "apis": {},
            "sites": 6,
            "prevalence": 0.000041,
            "cnames": [],
            "responseHashes": [
                "9b202ecbc6d45c6d8901d989a918878397a3eb9d00e8f48022fc051b19d21a1d"
            ],
            "type": "Fetch",
            "firstPartyCookies": {},
            "firstPartyCookiesSent": {},
            "exampleSites": [
                "podtail.com",
                "thatsup.se",
                "www.flashback.org",
                "www.kokaihop.se",
                "www.mobil.se",
                "www.vibilagare.se"
            ]
        },
        {
            "rule": "holid\\.io\\/prebid\\.9\\.19\\.gdpr\\.meta\\.highestbid\\.js",
            "cookies": 0,
            "fingerprinting": 2,
            "subdomains": [
                "ads"
            ],
            "apis": {
                "NavigatorUAData.prototype.brands": 7,
                "NavigatorUAData.prototype.platform": 7,
                "window.sessionStorage": 7,
                "Navigator.prototype.userAgent": 7,
                "Date.prototype.getTime": 2,
                "window.localStorage": 2,
                "Navigator.prototype.cookieEnabled": 2,
                "Document.cookie getter": 2,
                "Screen.prototype.width": 2,
                "Screen.prototype.height": 2,
                "window.innerWidth": 2,
                "window.innerHeight": 2,
                "Navigator.prototype.doNotTrack": 2,
                "Navigator.prototype.language": 2,
                "Navigator.prototype.webdriver": 2,
                "Navigator.prototype.connection": 2,
                "window.devicePixelRatio": 2,
                "Screen.prototype.orientation": 2,