{
    "domain": "idealo.de",
    "owner": {},
    "source": [
        "DuckDuckGo-US"
    ],
    "prevalence": 0.0000547,
    "sites": 8,
    "subdomains": [
        "api.growthbook"
    ],
    "cnames": [],
    "fingerprinting": 0,
    "resources": [
        {
            "rule": "idealo\\.de\\/api\\/features\\/sdk-07k3fMXvrj7Qtdl2",
            "cookies": 0,
            "fingerprinting": 0,
            "subdomains": [
                "api.growthbook"
            ],
            "apis": {},
            "sites": 8,
            "prevalence": 0.0000547,
            "cnames": [],
            "responseHashes": [
                "c61ea85b2946757edb1489b316c6ce0976722637c87ec094b31791331944d02f",
                "855ae6f945442f79d6800ff56b1fffbbd50d97d336408a7bae6fd5c003e63773",
                "77e07779166e7730392a3d131c57d69018fb77b5d9d1cd31c97e7515d22958bf",
                "b43a945a06f7d9e6e02b3db8bfc811f46bcce3078698d134c4fa2ca5070c4c94",
                "04a342b62582e806971aa64b45462fe75a46dbb4d05bb4fff7e698b27e67dfa4",
                "f866c6070ab337a7eb2ad2c643fc237824cd947caba2a7c8fd0bc71c344b7f54",
                "b9ca9acf03d88e2a8576212accbf6d2d0798eb1c458f4d368a524675e62532d0"
            ],
            "type": "Fetch",
            "firstPartyCookies": {},
            "firstPartyCookiesSent": {},
            "exampleSites": [
                "idealo.co.uk",
                "idealo.fr",
                "idealo.it",
                "www.idealo.at",
                "www.idealo.co.uk",
                "www.idealo.es",
                "www.idealo.fr",
                "www.idealo.it"
            ]
        }
    ],
    "categories": [],
    "performance": {},
    "cookies": 0,
    "topInitiators": [
        {
            "domain": "idealo.com",
            "prevalence": 1
        }
    ],
    "types": {
        "Fetch": 8
    },
    "nameservers": [
        "ns-53.awsdns-06.com",
        "ns-527.awsdns-01.net",
        "ns-1201.awsdns-22.org",
        "ns-1734.awsdns-24.co.uk"
    ]
}