{
    "domain": "imdserve.com",
    "owner": {},
    "source": [
        "DuckDuckGo-US"
    ],
    "prevalence": 0.0000958,
    "sites": 14,
    "subdomains": [
        "related-content-production.headless"
    ],
    "cnames": [],
    "fingerprinting": 0,
    "resources": [
        {
            "rule": "imdserve\\.com\\/",
            "cookies": 0,
            "fingerprinting": 0,
            "subdomains": [
                "related-content-production.headless"
            ],
            "apis": {},
            "sites": 14,
            "prevalence": 0.0000958,
            "cnames": [],
            "responseHashes": [
                "2ff39c1c4c2678b0818e5b2c82ddb8e647f021ebbbe88b738f78078f7c4e222e",
                "a87745941d5332ec7f5ba9bd72af05b5d0294549ed5cf6b318051b80c3ade84e",
                "a08c5b82f7dfb31feb05a851f5be30c58644eb60e498e4be4841bbd700572d9a",
                "6b01fb82968747385330efa7d5e58ccad2d1feceffa808d013efe4daa0d4aaba",
                "d9a11c2b9aebca3cee56dfc846a79fa5bcc225e02974b1a885d686f56684a444",
                "1cd2b28ddd7132c7186e6a928e12b90c31292985e7cbbd1926c92889ca74676b",
                "8d5395ff7a42df293cdf4725f12bd00224995fe223a64c6cb642d7488b24d3e8",
                "0d068d07834c7513febf9892a18ae86670de9c07f475fcfc703b528d0daa4208",
                "9d6c0e867f0f798beaf057c07f584a5d5d7754d0a0b32a2eeef3cd4e4019ab76",
                "8dfebcb2916917b37724089414fcf75eaf0501638b5226dfa49fcc7ff032b8a2",
                "e3e3fc606d1a42becb6351eaa780917865934422897f30992ad7d6c6277c47e8",
                "63b9b2ad259b64499bdfca0d9866984d9d6e4aacc91476b79f492aff50e19e96",
                "273fcbe907e1422738dba681d1f72c7ea981894673c5c572542601f4ef3b3355"
            ],
            "type": "Fetch",
            "firstPartyCookies": {},
            "firstPartyCookiesSent": {},
            "exampleSites": [
                "polki.pl",
                "mamotoja.pl",
                "stylzycia.polki.pl",
                "viva.pl",
                "wizaz.pl",
                "www.bbcgoodfood.com",
                "www.elle.pl",
                "www.gardenersworld.com",
                "www.historyextra.com",
                "www.madeformums.com",
                "www.national-geographic.pl",
                "www.olivemagazine.com",
                "www.radiotimes.com",
                "www.saveurs-magazine.fr"
            ]
        }
    ],
    "categories": [],
    "performance": {},
    "cookies": 0,
    "topInitiators": [
        {
            "domain": "first party",
            "prevalence": 1
        }
    ],
    "types": {
        "Fetch": 14
    },
    "nameservers": [
        "ns2.imdserve.com",
        "ns3.imdserve.com",
        "ns6.imdserve.com",
        "ns4.imdserve.com",
        "ns1.imdserve.com",
        "ns5.imdserve.com"
    ]
}