{
    "domain": "innity.com",
    "owner": {},
    "source": [
        "DuckDuckGo-US"
    ],
    "prevalence": 0.000109,
    "sites": 16,
    "subdomains": [
        "avd",
        "as",
        "optimize2",
        "cast"
    ],
    "cnames": [],
    "fingerprinting": 0,
    "resources": [
        {
            "rule": "innity\\.com\\/dc\\/cb\\/",
            "cookies": 0.0000821,
            "fingerprinting": 0,
            "subdomains": [
                "avd"
            ],
            "apis": {},
            "sites": 12,
            "prevalence": 0.0000821,
            "cnames": [],
            "responseHashes": [
                "6ccd86adee535368fd1bab8314867c886d9862b4c78a7cc4be3ca7aadcbd3b8e",
                "3c8d901e580b560c34d49fe03885e85957185eb85dc3656ee0a20c0b10f70cc6",
                "7ebde1c6954d2c9c4a153e8f13692bd8341ac46040c8a25b1186b29de1f60ce6",
                "d6ae11641eb944e16f9968bc127cc521528b4e3e454e9d40496d827364853427",
                "716d902bd7039f7a1b3b8180db5d8932e6fe3f15caa4c42bc23bee5bb80302cf",
                "b2519c702cf26e21d4b47e199b60db896f79423768467f48194a4467b835cc9d",
                "e12ebd0220e71bf141c04720bfe26ca7c470930a6d378dd5acb60180060b1d12",
                "237eb28337c333d574e160d04a56981017091ee0833e77ab5f634e98ccac3e6b",
                "76f96d953ad563f1a53091f3b50f8b8df00e97dbc8f6818c87bfcb5bb31c5111",
                "b168e10927e947651ca894d6b86bf3abbfac306efc52389078dbad1e5b5e6e97"
            ],
            "type": "Script",
            "firstPartyCookies": {},
            "firstPartyCookiesSent": {},
            "exampleSites": [
                "carisinyal.com",
                "philstarlife.com",
                "www.clickthecity.com",
                "www.dailysia.com",
                "www.globe.com.ph",
                "www.lottopcso.com",
                "www.pantau.com",
                "www.pcsolotto.ph",
                "www.poskota.co.id",
                "www.sanook.com",
                "www.stheadline.com",
                "www.titiktemu.co"
            ]
        },
        {
            "rule": "innity\\.com\\/synd\\/",
            "cookies": 0.0000479,
            "fingerprinting": 0,
            "subdomains": [
                "as"
            ],
            "apis": {},
            "sites": 10,
            "prevalence": 0.0000684,
            "cnames": [],
            "responseHashes": [
                "ec930f169c3f37a0e0c282ac5879a06e9e9823175dc2b7c1b660f0684d9ff448",
                "1780b9a448286776f09b083e2535c4f7ab309f131dba822d8192e67df8b11e30",
                "7c3adf0fa49afeb9904a8a8b398370827cb22a7c663c8b90b329acdee7011f4b",
                "e439181287aea7c86768afd1b2abd23144d00380b2ca665e8679c61aa2c0812b",
                "c69a95c21000b4ce82c65d5a849fc4e9ca9a5b10d5ada66139c3fb52b5239ffc",
                "fadbed2c2f5c28543a34c974096d84960336678c2deca5facb2ac9538b81af8b",
                "60cff39cda63e5711de530c0a7b641de68a8508ce3fc3fae22e8a689a384716c"
            ],
            "type": "Script",
            "firstPartyCookies": {},
            "firstPartyCookiesSent": {
                "lotame_domain_check": 0.000013681762210972774
            },
            "exampleSites": [
                "carisinyal.com",
                "philstarlife.com",
                "www.clickthecity.com",
                "www.dailysia.com",
                "www.lottopcso.com",
                "www.pantau.com",
                "www.pcsolotto.ph",
                "www.poskota.co.id",
                "www.stheadline.com",
                "www.titiktemu.co"
            ]
        },
        {
            "rule": "innity\\.com\\/uidsync\\/init\\/",
            "cookies": 0.0000205,
            "fingerprinting": 0,
            "subdomains": [
                "avd"
            ],
            "apis": {},
            "sites": 4,
            "prevalence": 0.0000274,
            "cnames": [],
            "responseHashes": [
                "e963e7196beb9123059ec3534b042ebcd1ef0a470fa568bfbebfeab2f33c4fda"
            ],
            "type": "Image",
            "firstPartyCookies": {},
            "firstPartyCookiesSent": {},
            "exampleSites": [
                "carisinyal.com",
                "philstarlife.com",
                "www.dailysia.com",
                "www.lottopcso.com"
            ]
        },
        {
            "rule": "innity\\.com\\/uidsync\\/getuid\\/",
            "cookies": 0.00000684,
            "fingerprinting": 0,
            "subdomains": [
                "avd"
            ],
            "apis": {},
            "sites": 5,
            "prevalence": 0.0000342,
            "cnames": [],
            "responseHashes": [],
            "type": "Image",
            "firstPartyCookies": {},
            "firstPartyCookiesSent": {},
            "exampleSites": [
                "carisinyal.com",
                "philstarlife.com",
                "www.dailysia.com",
                "www.discuss.com.hk",
                "www.lottopcso.com"
            ]
        },
        {
            "rule": "innity\\.com\\/",
            "cookies": 0,
            "fingerprinting": 0,
            "subdomains": [
                "optimize2"
            ],
            "apis": {},
            "sites": 6,
            "prevalence": 0.000041,
            "cnames": [],
            "responseHashes": [
                "e963e7196beb9123059ec3534b042ebcd1ef0a470fa568bfbebfeab2f33c4fda"
            ],
            "type": "Image",
            "firstPartyCookies": {},
            "firstPartyCookiesSent": {},
            "exampleSites": [
                "carisinyal.com",
                "philstarlife.com",
                "www.clickthecity.com",
                "www.dailysia.com",
                "www.lottopcso.com",
                "www.pcsolotto.ph"
            ]
        },
        {
            "rule": "innity\\.com\\/sync\\/",
            "cookies": 0,
            "fingerprinting": 0,
            "subdomains": [
                "avd"
            ],
            "apis": {},
            "sites": 5,
            "prevalence": 0.0000342,
            "cnames": [],
            "responseHashes": [
                "e963e7196beb9123059ec3534b042ebcd1ef0a470fa568bfbebfeab2f33c4fda"
            ],
            "type": "Image",
            "firstPartyCookies": {},
            "firstPartyCookiesSent": {
                "iUUID": 0.000034204405527431934
            },
            "exampleSites": [
                "carisinyal.com",
                "www.dailysia.com",
                "www.globe.com.ph",
                "www.lottopcso.com",
                "www.sanook.com"
            ]
        },
        {
            "rule": "innity\\.com\\/dc\\/",
            "cookies": 0.0000205,
            "fingerprinting": 0,
            "subdomains": [
                "avd"
            ],
            "apis": {},
            "sites": 5,
            "prevalence": 0.0000342,
            "cnames": [],
            "responseHashes": [
                "e963e7196beb9123059ec3534b042ebcd1ef0a470fa568bfbebfeab2f33c4fda"
            ],
            "type": "Image",
            "firstPartyCookies": {},
            "firstPartyCookiesSent": {
                "iUUID": 0.000034204405527431934,
                "innity.dmp.1.sess.id": 0.00002052264331645916,
                "innity.dmp.126.sess.id": 0.000006840881105486387,
                "innity.dmp.225.sess.id": 0.000006840881105486387,
                "lotame_domain_check": 0.000006840881105486387
            },
            "exampleSites": [
                "carisinyal.com",
                "www.dailysia.com",
                "www.globe.com.ph",
                "www.lottopcso.com",
                "www.sanook.com"
            ]
        },
        {
            "rule": "innity\\.com\\/uidsync\\/mapuid\\/",
            "cookies": 0.0000205,
            "fingerprinting": 0,
            "subdomains": [
                "avd"
            ],
            "apis": {},
            "sites": 3,