{
    "domain": "ipdata.co",
    "owner": {},
    "source": [
        "DuckDuckGo-US"
    ],
    "prevalence": 0.000315,
    "sites": 46,
    "subdomains": [
        "api"
    ],
    "cnames": [],
    "fingerprinting": 0,
    "resources": [
        {
            "rule": "ipdata\\.co\\/",
            "cookies": 0,
            "fingerprinting": 0,
            "subdomains": [
                "api"
            ],
            "apis": {},
            "sites": 24,
            "prevalence": 0.000164,
            "cnames": [],
            "responseHashes": [
                "0ae623f12e2117927918ddb19b241b7515164c3135aa1a92f4e42c2fd5aae7c0",
                "b2cf09ec9b7395eb98009ae90c0d222a268e3c4fbaf404135476fe51e4e02b08",
                "4f6687e1c3683d09520d1f742f17e7c2293263340673363a4c2e0cb45ff19e11",
                "b9664bd654cea5eb4d4410c4e7184ffa2e34aa35eef9385f4511865b0ef5562f",
                "40629bea9661214cb420a4e0eb4687288ecf87139363bad66dfd037742771009",
                "ddfad6290f62a9cf3adc4f26f8b7a9f4740b4131a3747518879ab9749be9e0a0",
                "7f0b9ca6839ff7153d26c34cc034f4f2fb59c7d194ed4720c7236d1343994ffd",
                "0d24d623a7d0d3d7c6353a473fdb1d4a79ad348e65a133fc6bf23242f7474f60",
                "8950b8c37b0a4d382536653dfd5a21c19078d63783673d174bff1d6fbf0036fc",
                "40dbc76cda63c4151c9c687d5a02ed1debaabc4871b26e860eac4174d9623333",
                "c271ab9063c09e3fc66aee7f924301bd60727f347ca2e00b8b3ceaa3d26f5c0f",
                "3589edd8f5d9d4fc818d9d364c971ef3fb9d3fba3613a23ea1f8b78183b88171",
                "00c15de590056bc58f17430fe1c8648ced81fb1799a841368f93f4edc2ac5fe8",
                "22bf11338e785094066ce3b19051becee3f324eb09ee55b3aca2b05a614c783c",
                "5d644d9c0c20c8e5d2069f7b25da9c3c67ebb67be1d66f7788cd2e675a606d57",
                "f31e9e48f511f329cba6c0a3a61eddf4c032f5bcfe1220dc1b09ed734946990a",
                "3cd45c22dba488ba07c8b5848aaa446af2398c16618e9a84de514e94a1ad0edd"
            ],
            "type": "Fetch",
            "firstPartyCookies": {},
            "firstPartyCookiesSent": {},
            "exampleSites": [
                "nectar.store",
                "navage.com",
                "www.umgc.edu",
                "www.truckpro.com",
                "www.bulbhead.com",
                "www.shoeshowmega.com",
                "www.vectorvest.com",
                "japan-avenue.com",
                "www.mooncat.com",
                "www.holotaco.com",
                "www.americancruiselines.com",
                "bugmd.com",
                "www.ahs.com",
                "www.peepers.com",
                "www.newyorker.com",
                "www.surterra.com",
                "transformertable.com",
                "tacticol.com",
                "www.trulieve.com",
                "pockethose.com"
            ]
        },
        {
            "rule": "ipdata\\.co\\/",
            "cookies": 0,
            "fingerprinting": 0,
            "subdomains": [
                "api"
            ],
            "apis": {},
            "sites": 12,
            "prevalence": 0.0000821,
            "cnames": [],
            "responseHashes": [
                "123ed702f91170c1e8bfb28536ad71e6c457b1bd1c854ed9638d7d1ce4375a29",
                "b2cf09ec9b7395eb98009ae90c0d222a268e3c4fbaf404135476fe51e4e02b08",
                "156fab39f2a007fc59c1eae16c528d21bf62457b25be9f35edcc89406b234016",
                "2e796e4a24c88f85b7119a203f84c9b5ae28ae79d652999f456bf0cdf37c87cd",
                "1925e2a0ca6033685fe7c00301b5556ea12bdfa655d14814061ed95e23ffa008",
                "175a13cd2d91ed075ab17f7cd83bdbbb5dab3543378368865f775ab15ec6e6aa",
                "1b118310eb7e9814bf4120aea9357d42cc6e98f212b4888eb60936164a687dad",
                "9248b45f3b359e51c98e1c5cb0704d3ab028cf32e72db605d73aa028c47dca48",
                "be94758c204f6b659597b92845c50547316e05e86184374a06c514da88663e59",
                "a8e96da02ee9ace69c6421b1353963bec459e956f032e830318e3d19e87f4a7e"
            ],
            "type": "XHR",
            "firstPartyCookies": {},
            "firstPartyCookiesSent": {},
            "exampleSites": [
                "edmtrain.com",
                "magazine.northeast.aaa.com",
                "navage.com",
                "northeast.aaa.com",
                "smartfinancial.com",
                "www.burlapandbarrel.com",
                "www.endurancewarranty.com",
                "www.mossberg.com",
                "www.qunol.com",
                "www.rwjf.org",
                "www.solar.com",
                "www.zimmerbiomet.com"
            ]
        }
    ],
    "categories": [],
    "performance": {},
    "cookies": 0,
    "topInitiators": [
        {
            "domain": "first party",
            "prevalence": 0.6119402985074627
        },
        {
            "domain": "lw.direct",
            "prevalence": 0.16417910447761194
        },
        {
            "domain": "adobedtm.com",
            "prevalence": 0.08955223880597014
        },
        {
            "domain": "googletagmanager.com",
            "prevalence": 0.05970149253731343
        },
        {
            "domain": "dvract3a1itr1.cloudfront.net",
            "prevalence": 0.05970149253731343
        },
        {
            "domain": "d1knh3b6uo8q16.cloudfront.net",
            "prevalence": 0.014925373134328358
        }
    ],
    "types": {
        "Fetch": 24,
        "XHR": 12
    },
    "nameservers": [
        "ns-851.awsdns-42.net",
        "ns-1668.awsdns-16.co.uk",
        "ns-272.awsdns-34.com",
        "ns-1132.awsdns-13.org"
    ]
}