{
    "domain": "itoris.com",
    "owner": {},
    "source": [
        "DuckDuckGo-US"
    ],
    "prevalence": 0.00013,
    "sites": 19,
    "subdomains": [
        "node1"
    ],
    "cnames": [],
    "fingerprinting": 0,
    "resources": [
        {
            "rule": "itoris\\.com\\/dpo\\/storefront\\/include\\.js",
            "cookies": 0,
            "fingerprinting": 0,
            "subdomains": [
                "node1"
            ],
            "apis": {},
            "sites": 16,
            "prevalence": 0.000109,
            "cnames": [],
            "responseHashes": [
                "95a1dbafdecc09e52761c7d0f96bd38a047af943ebdb7b55ead70f4036fc4621",
                "18cf6a16f285385a85cdb90ad17fc054f6b4038a899e8d600e491037e3f6845b",
                "eba39d489361c0e52fb00439962858396176bdf60193fae27dd2cc8713739f35",
                "c976f61c474dcdc7582482426891805c85d1dc2b98417820cca8d26e69b281a7",
                "295b3faa9bda943799fd23ef06fdebd50ab5cda6b4aa96c62964af7cf4bbddd5",
                "6d5350798bc43d11dca50fa70ef9f373526a00d70a11c55a533ffc4e4e06564d",
                "45c607ce9208b1a10d4159da3c6b24c976a94426a62075d766f42e3ed3d665d2",
                "bc7d43908858f7b3909cd3f0431a6f4f927a55e67e68b36d6ff0ad3409bf974a",
                "161e35432318c8756b2a61e55deca0429ef9b0718131b40ca49d22e84ada0968",
                "e7a8a270e8ce7747b577eaae172eff37bb5e0b6ff731ea084d1ded73b76596ae",
                "6ceb9f478b0a08188b4cc6e27044652af7d4c2f9605b13d8affe0fac5c6b5210",
                "3eebb83517f5b712dc55e11916352dbffb56a35e658ba8d1422d47203f3a34c3",
                "a63c2b1e110a483004b61b04267fefdcdc2e7216148f0313ebea0217341fb11e",
                "dd0cd91cacf98349b9e31824f3bc25e28c1a2bb3ccb4f42fb9798fd99f22ec40",
                "13cca30c0b5205eb1d2e1f3fa6671d75e324a7860b44ca48a199faa5cd3cd338"
            ],
            "type": "Script",
            "firstPartyCookies": {},
            "firstPartyCookiesSent": {},
            "exampleSites": [
                "blade-tech.com",
                "gofastcampers.com",
                "mediamarkt.pt",
                "quiltedjoy.com",
                "recoveryforathletes.com",
                "windowhardwaredirect.com",
                "www.bootstrapfarmer.com",
                "www.campervan-hq.com",
                "www.glazerscamera.com",
                "www.gungoddess.com",
                "www.ironaccents.com",
                "www.playcornhole.org",
                "www.rockfordchimneysupply.com",
                "www.sheffield-pottery.com",
                "www.snydersfurniture.com",
                "zzperformance.com"
            ]
        }
    ],
    "categories": [],
    "performance": {},
    "cookies": 0,
    "topInitiators": [
        {
            "domain": "first party",
            "prevalence": 1
        }
    ],
    "types": {
        "Script": 16
    },
    "nameservers": [
        "ns43.domaincontrol.com",
        "ns44.domaincontrol.com"
    ]
}