{
    "domain": "jsuol.com.br",
    "owner": {
        "name": "Universo Online S.A.",
        "displayName": "Universo Online"
    },
    "source": [
        "DuckDuckGo-US"
    ],
    "prevalence": 0.0000684,
    "sites": 10,
    "subdomains": [
        "tm",
        "me"
    ],
    "cnames": [],
    "fingerprinting": 2,
    "resources": [
        {
            "rule": "jsuol\\.com\\.br\\/uoltm\\.js",
            "cookies": 0.00000684,
            "fingerprinting": 1,
            "subdomains": [
                "tm"
            ],
            "apis": {
                "window.localStorage": 9,
                "Document.cookie getter": 7,
                "Navigator.prototype.doNotTrack": 8,
                "Navigator.prototype.userAgent": 3,
                "Navigator.prototype.appVersion": 3,
                "Date.prototype.getTime": 3,
                "Document.cookie setter": 1,
                "window.innerHeight": 2
            },
            "sites": 10,
            "prevalence": 0.0000684,
            "cnames": [],
            "responseHashes": [
                "0f43ffa3128ac4bc4a90830d3ba06021a75d33dba163b7168a4734e5dd03b6c7",
                "381fdb9cbdaa3fe2678a95309614437532439e19e0492f002e123bd8562ba955",
                "a1ed16b99037622d492a0f54ce452ad4cdfcae3d3dac319427b4cb358a7280ca",
                "b3650e0e574a5b8eb285db4605a3e65231640e01b54e5b7db0b4f1fbb3d581dc",
                "7faf28ee3babdfde1bf9f8013f9746b9fda0e4d866eb67d914298753ad3bda02",
                "9ba3909764b1014c0fa53b2a5f63de43b66e6b633715d6330e2598316b6dc481",
                "6568e6ca18fef017dd56a35f9e40f9c7f8a8194e30992966ef4fd2003a119009",
                "e3b0c44298fc1c149afbf4c8996fb92427ae41e4649b934ca495991b7852b855"
            ],
            "type": "Script",
            "firstPartyCookies": {
                "bannerBackgroundIngresso": {
                    "ttl": 615,
                    "length": 8,
                    "prevalence": 0.000006840881105486387,
                    "uniqueness": 1
                }
            },
            "firstPartyCookiesSent": {},
            "exampleSites": [
                "filmow.com",
                "m.horoscopovirtual.com.br",
                "olhardigital.com.br",
                "www.bibliaonline.com.br",
                "www.dicasdemulher.com.br",
                "www.ingresso.com",
                "www.netshoes.com.br",
                "www.receiteria.com.br",
                "www.tecmundo.com.br",
                "www.voeazul.com.br"
            ]
        },
        {
            "rule": "jsuol\\.com\\.br\\/modules\\/dmp-uol-sync-p\\.js",
            "cookies": 0,
            "fingerprinting": 2,
            "subdomains": [
                "tm"
            ],
            "apis": {
                "Navigator.prototype.userAgent": 7,
                "Navigator.prototype.webkitTemporaryStorage": 7,
                "Performance.prototype.memory": 6,
                "window.localStorage": 7
            },
            "sites": 7,
            "prevalence": 0.0000479,
            "cnames": [],
            "responseHashes": [
                "28f6ca628e345a4ea52117b48132eb0933fb5c1a8b253aa48afa61aee893e30c"
            ],
            "type": "Script",
            "firstPartyCookies": {},
            "firstPartyCookiesSent": {},
            "exampleSites": [
                "filmow.com",
                "m.horoscopovirtual.com.br",
                "olhardigital.com.br",
                "www.bibliaonline.com.br",
                "www.dicasdemulher.com.br",
                "www.receiteria.com.br",
                "www.tecmundo.com.br"
            ]
        },
        {
            "rule": "jsuol\\.com\\.br\\/modules\\/external\\/admanager\\/prmtv\\.js",
            "cookies": 0,
            "fingerprinting": 1,
            "subdomains": [
                "tm"
            ],
            "apis": {
                "window.localStorage": 8
            },
            "sites": 8,
            "prevalence": 0.0000547,
            "cnames": [],
            "responseHashes": [
                "747e6528d1220993a68649640318dde879d7b9d34659185007a003912813cd1f"
            ],
            "type": "Script",
            "firstPartyCookies": {},
            "firstPartyCookiesSent": {},
            "exampleSites": [
                "filmow.com",
                "m.horoscopovirtual.com.br",
                "olhardigital.com.br",
                "www.bibliaonline.com.br",
                "www.dicasdemulher.com.br",
                "www.ingresso.com",
                "www.receiteria.com.br",
                "www.tecmundo.com.br"
            ]
        },
        {
            "rule": "jsuol\\.com\\.br\\/modules\\/external\\/Prebid\\.js",
            "cookies": 0.0000479,
            "fingerprinting": 2,
            "subdomains": [
                "tm"
            ],
            "apis": {
                "NavigatorUAData.prototype.brands": 7,
                "NavigatorUAData.prototype.platform": 7,
                "window.sessionStorage": 7,
                "Date.prototype.getTime": 7,
                "Navigator.prototype.userAgent": 7,
                "Document.cookie getter": 7,
                "window.localStorage": 7,
                "Navigator.prototype.cookieEnabled": 7,
                "Document.cookie setter": 7,
                "window.innerWidth": 7,
                "window.innerHeight": 7,
                "Navigator.prototype.doNotTrack": 7,
                "Navigator.prototype.language": 7,
                "Navigator.prototype.webdriver": 7,
                "Navigator.prototype.connection": 6,
                "Screen.prototype.width": 6,
                "Screen.prototype.height": 6,
                "window.name": 6
            },
            "sites": 7,
            "prevalence": 0.0000479,
            "cnames": [],
            "responseHashes": [
                "8acb3abb44074f7607459c1fa21fd632b5fc02978dda308624793faa37f2a41f"
            ],
            "type": "Script",
            "firstPartyCookies": {
                "cto_bundle": {
                    "ttl": 33696004,
                    "length": 264,
                    "prevalence": 0.00004104528663291832,
                    "uniqueness": 1
                },
                "cto_bidid": {
                    "ttl": 33696004,
                    "length": 188,
                    "prevalence": 0.00004104528663291832,
                    "uniqueness": 1
                }
            },
            "firstPartyCookiesSent": {},
            "exampleSites": [
                "filmow.com",
                "m.horoscopovirtual.com.br",
                "www.bibliaonline.com.br",
                "www.dicasdemulher.com.br",
                "www.ingresso.com",
                "www.receiteria.com.br",
                "www.tecmundo.com.br"
            ]
        },
        {
            "rule": "jsuol\\.com\\.br\\/modules\\/client-purge\\.js",
            "cookies": 0.0000342,
            "fingerprinting": 1,
            "subdomains": [
                "tm"
            ],
            "apis": {
                "Document.cookie getter": 5,
                "Document.cookie setter": 5,
                "window.localStorage": 5,
                "Date.prototype.getTime": 5
            },
            "sites": 5,
            "prevalence": 0.0000342,
            "cnames": [],
            "responseHashes": [
                "8edf79f31f38afd348cd93ad56ae7df804394b8a403191af474496823161bdc8"
            ],
            "type": "Script",
            "firstPartyCookies": {},
            "firstPartyCookiesSent": {},
            "exampleSites": [
                "filmow.com",
                "m.horoscopovirtual.com.br",
                "www.dicasdemulher.com.br",
                "www.ingresso.com",
                "www.netshoes.com.br"
            ]
        },
        {
            "rule": "jsuol\\.com\\.br\\/modules\\/mercurio\\.js",
            "cookies": 0,
            "fingerprinting": 1,