{
    "domain": "kenect.com",
    "owner": {},
    "source": [
        "DuckDuckGo-US"
    ],
    "prevalence": 0.000301,
    "sites": 44,
    "subdomains": [
        "location",
        "resource",
        "review-carousel-resource"
    ],
    "cnames": [],
    "fingerprinting": 1,
    "resources": [
        {
            "rule": "kenect\\.com\\/api\\/v1\\/location\\/by-widget",
            "cookies": 0,
            "fingerprinting": 0,
            "subdomains": [
                "location"
            ],
            "apis": {},
            "sites": 14,
            "prevalence": 0.0000958,
            "cnames": [],
            "responseHashes": [
                "72fd6c92734450dc77fad0766d681f8f12dcc2fea1c8ea785b4678591f324afa",
                "7862ebd1c67be5163cd433ca6e0c7608472db55d59284c0d87fe394141b3abbb",
                "79e0861cafb9b87ba38f54c888ba5af961640ae680c8483548383d3721751e46",
                "0f0e862a083120cbdc3df6cf72e03f31dc5570fbe4dd8f7c6314a03650d4a4b4",
                "d93876b6fdd4f0cd17e6ddad8654e60d102be03697066770db6d0213eed243d0",
                "d2e7e507924bc448219979f87b299e5d29622ba1c935be5bcbe529cdb3574bcb",
                "05aaae3c666a25c4f462b60ec1b2ca175e6eeba0a770ddfdeb75976297595ad3",
                "c8e6688df3e2a3a2329f2b26c52f9427d7bc89a93d13ef27dbfda30f26bd5b30",
                "f3afbac422868bfc7eea74c62c205de4b3dbbbc67d1d127dcda6b05aa0ae1e5f",
                "bfd8b98297b81713a0495c85e852cc4040701fc40ecee372eb4ea177a250dd48",
                "aeca25631a9f6d4ab6981146a79f44007929ad0c2f4c3ba9cdacdde82f9b1d32",
                "c805a5fc36437b6e62274913e036b14fa2514edd2d204f8a717a520a85fe1b91",
                "4c7f541c9d779f0b7b7954ab0845fcddb0fa107592f79f46239be4bdca55760c"
            ],
            "type": "XHR",
            "firstPartyCookies": {},
            "firstPartyCookiesSent": {},
            "exampleSites": [
                "berrylandcampers.com",
                "polaris.com",
                "russopower.com",
                "shop.kubotausa.com",
                "www.benningtonmarine.com",
                "www.godfreypontoonboats.com",
                "www.lazydays.com",
                "www.meyersrvsuperstores.com",
                "www.parrisrv.com",
                "www.pleasurelandrv.com",
                "www.polaris.com",
                "www.pplmotorhomes.com",
                "www.shfarmsupply.com",
                "www.whitesfarmsupply.com"
            ]
        },
        {
            "rule": "kenect\\.com\\/api\\/v1\\/location\\/by-widget",
            "cookies": 0,
            "fingerprinting": 0,
            "subdomains": [
                "location"
            ],
            "apis": {},
            "sites": 14,
            "prevalence": 0.0000958,
            "cnames": [],
            "responseHashes": [],
            "type": "Preflight",
            "firstPartyCookies": {},
            "firstPartyCookiesSent": {},
            "exampleSites": [
                "berrylandcampers.com",
                "polaris.com",
                "russopower.com",
                "shop.kubotausa.com",
                "www.benningtonmarine.com",
                "www.godfreypontoonboats.com",
                "www.lazydays.com",
                "www.meyersrvsuperstores.com",
                "www.parrisrv.com",
                "www.pleasurelandrv.com",
                "www.polaris.com",
                "www.pplmotorhomes.com",
                "www.shfarmsupply.com",
                "www.whitesfarmsupply.com"
            ]
        },
        {
            "rule": "kenect\\.com\\/api\\/v1\\/widget\\/client-data\\/xf66pRmQq4Q4HFmfVNaQ6P",
            "cookies": 0,
            "fingerprinting": 0,
            "subdomains": [
                "resource"
            ],
            "apis": {},
            "sites": 2,
            "prevalence": 0.0000137,
            "cnames": [],
            "responseHashes": [
                "c5b7447affeb6a674432abcb2ba39b1dc2eca70048d4a68f19d8532a85ea4104"
            ],
            "type": "Script",
            "firstPartyCookies": {},
            "firstPartyCookiesSent": {},
            "exampleSites": [
                "bluecompassrv.com",
                "www.bluecompassrv.com"
            ]
        },
        {
            "rule": "kenect\\.com\\/api\\/v1\\/widget\\/client-data\\/lOOHYZZ9AzIFj57HSaEqc6",
            "cookies": 0,
            "fingerprinting": 0,
            "subdomains": [
                "resource"
            ],
            "apis": {},
            "sites": 2,
            "prevalence": 0.0000137,
            "cnames": [],
            "responseHashes": [
                "d44765e6d1e16b1c7c2d1a3c5f20b5d51c390ade662d93d7d4a803e315ee3eb2"
            ],
            "type": "Script",
            "firstPartyCookies": {},
            "firstPartyCookiesSent": {},
            "exampleSites": [
                "polaris.com",
                "www.polaris.com"
            ]
        },
        {
            "rule": "kenect\\.com\\/api\\/v1\\/widget\\/client-data\\/RIkgvBB7lgrF9brO5OHpEO",
            "cookies": 0,
            "fingerprinting": 0,
            "subdomains": [
                "resource"
            ],
            "apis": {},
            "sites": 2,
            "prevalence": 0.0000137,
            "cnames": [],
            "responseHashes": [
                "9c6a89e617ba0a73c5c9e32765a28a6b7cfc8fa039aaf42f45c951cebc592031"
            ],
            "type": "Script",
            "firstPartyCookies": {},
            "firstPartyCookiesSent": {},
            "exampleSites": [
                "polaris.com",
                "www.polaris.com"
            ]
        },
        {
            "rule": "kenect\\.com\\/api\\/v1\\/widget\\/client-data\\/du3rmRMP9N7OX5a8uJizjt",
            "cookies": 0,
            "fingerprinting": 0,
            "subdomains": [
                "resource"
            ],
            "apis": {},
            "sites": 2,
            "prevalence": 0.0000137,
            "cnames": [],
            "responseHashes": [
                "66e453ff6edbd6a3370e468976b22e9eab534d8fdcdd8c8573dbce703d6f099c"
            ],
            "type": "Script",
            "firstPartyCookies": {},
            "firstPartyCookiesSent": {},
            "exampleSites": [
                "agprocompanies.com",
                "www.agprocompanies.com"
            ]
        },
        {
            "rule": "kenect\\.com\\/api\\/v1\\/widget\\/client-data\\/LaCQBasd4Q90jleN5rZOwZ",
            "cookies": 0,
            "fingerprinting": 1,
            "subdomains": [
                "resource"
            ],
            "apis": {
                "window.localStorage": 2,
                "Date.prototype.getTime": 2,
                "window.innerWidth": 2
            },
            "sites": 2,
            "prevalence": 0.0000137,
            "cnames": [],
            "responseHashes": [
                "6a924c4d75f12961f6ba6a89c34cd25d3d782e327ee928cc1f919e4a7a7e9006"
            ],
            "type": "Script",
            "firstPartyCookies": {},
            "firstPartyCookiesSent": {},
            "exampleSites": [
                "benningtonmarine.com",
                "www.benningtonmarine.com"
            ]
        },
        {
            "rule": "kenect\\.com\\/api\\/v1\\/widget\\/client-data\\/ks5byXRwHlFPJ0Vt6BNOyM",
            "cookies": 0,
            "fingerprinting": 0,
            "subdomains": [
                "resource"
            ],
            "apis": {},
            "sites": 2,
            "prevalence": 0.0000137,
            "cnames": [],
            "responseHashes": [
                "7a9d787773a5aa139f9a0ebbe3a66ae4b4bbbe390011664e2dac483d0eaa10c4"
            ],
            "type": "Script",
            "firstPartyCookies": {},
            "firstPartyCookiesSent": {},