{
    "domain": "klarinsights.net",
    "owner": {},
    "source": [
        "DuckDuckGo-US"
    ],
    "prevalence": 0.000103,
    "sites": 15,
    "subdomains": [
        "september",
        "july"
    ],
    "cnames": [],
    "fingerprinting": 1,
    "resources": [
        {
            "rule": "klarinsights\\.net\\/back",
            "cookies": 0,
            "fingerprinting": 0,
            "subdomains": [
                "september"
            ],
            "apis": {},
            "sites": 13,
            "prevalence": 0.0000889,
            "cnames": [],
            "responseHashes": [
                "a37f424f5b7d54ddab9eef08709e678a72e78a4375ab0fa24786156b50b9ed4b",
                "0ca3a981b74292521e27cda56d33f6fb8492e6e5073469d0b30932f7c865a8b6",
                "18db102cdb2599d01a1f5648dc10de8bab08f6b18b2ca5de52608393a267b712",
                "c9db9868d427d6dad88330f46336dd29f98ff787d300fb73565ee258b4102611",
                "2b0320653decacbf83e6d27641bb5886f9e882b3f6ae5f2137dfdaf53ff9240f",
                "3ec20b52f790b23e28888b724fac9ae944887ea9f3301050bd787ee999db8002",
                "bdc43c7b76396d311599e570f522721dca9e1f9aba6af1ceb7174fd48ce70c7e",
                "a848714d02bbc88510b8bde1eb1e968c34f0a421b74008a2e644bb172cc163a7",
                "7ab03b1bcb6f97c0c031eac50b249a3ae2df53b16a1dd8fc72ceba1cca705904",
                "46a410add6a5db2fce6d67bfb91491020c2279379d49175db12526e4b30898e8",
                "c53dc3e2aa18b4261114fb17180a5606f34a0eb928de1b0cb8eba90bea6755b6",
                "7d81d21264d13229ea8197ea65842cbe5c0fb2b880368ffb3d85bd9bfdddb239"
            ],
            "type": "Fetch",
            "firstPartyCookies": {},
            "firstPartyCookiesSent": {},
            "exampleSites": [
                "thefemalecompany.com",
                "de.weareholy.com",
                "deutscher-gesundheits-fachkreis.de",
                "nature-heart.de",
                "paperlike.com",
                "sigg.com",
                "solarhandel24.de",
                "us.shelly.com",
                "vitamoment.de",
                "www.armedangels.com",
                "www.esn.com",
                "www.gartenhaus-gmbh.de",
                "www.shelly.com"
            ]
        },
        {
            "rule": "klarinsights\\.net\\/finster",
            "cookies": 0.00000684,
            "fingerprinting": 1,
            "subdomains": [
                "september"
            ],
            "apis": {
                "Document.cookie getter": 4
            },
            "sites": 14,
            "prevalence": 0.0000958,
            "cnames": [],
            "responseHashes": [
                "6b948ed751c71e2c8741d5e8883c18ab0523eccaf59f7e7616c7f95e1ca58333",
                "705f8c507000ebe23228f6607531c4192e11e2af7650033d20cb99c916f6014b"
            ],
            "type": "Fetch",
            "firstPartyCookies": {},
            "firstPartyCookiesSent": {},
            "exampleSites": [
                "thefemalecompany.com",
                "buy.thefemalecompany.com",
                "de.weareholy.com",
                "deutscher-gesundheits-fachkreis.de",
                "nature-heart.de",
                "paperlike.com",
                "sigg.com",
                "solarhandel24.de",
                "us.shelly.com",
                "vitamoment.de",
                "www.armedangels.com",
                "www.esn.com",
                "www.gartenhaus-gmbh.de",
                "www.shelly.com"
            ]
        },
        {
            "rule": "klarinsights\\.net\\/finster",
            "cookies": 0.0000137,
            "fingerprinting": 1,
            "subdomains": [
                "september"
            ],
            "apis": {
                "Document.cookie getter": 4
            },
            "sites": 14,
            "prevalence": 0.0000958,
            "cnames": [],
            "responseHashes": [
                "705f8c507000ebe23228f6607531c4192e11e2af7650033d20cb99c916f6014b",
                "05b3033f4dd46119aac0c6f17ed87ba39d7ac832f542506cd865a7bfcee39dfe"
            ],
            "type": "Document",
            "firstPartyCookies": {},
            "firstPartyCookiesSent": {},
            "exampleSites": [
                "thefemalecompany.com",
                "buy.thefemalecompany.com",
                "de.weareholy.com",
                "deutscher-gesundheits-fachkreis.de",
                "nature-heart.de",
                "paperlike.com",
                "sigg.com",
                "solarhandel24.de",
                "us.shelly.com",
                "vitamoment.de",
                "www.armedangels.com",
                "www.esn.com",
                "www.gartenhaus-gmbh.de",
                "www.shelly.com"
            ]
        },
        {
            "rule": "klarinsights\\.net\\/aHR0cHM6Ly9tZWRpYS5naXBoeS5jb20vbWVkaWEvd3o2TXFBR3NScGMwcWJaYTRhL2dpcGh5LmdpZg==",
            "cookies": 0,
            "fingerprinting": 0,
            "subdomains": [
                "july"
            ],
            "apis": {},
            "sites": 13,
            "prevalence": 0.0000889,
            "cnames": [],
            "responseHashes": [],
            "type": "Preflight",
            "firstPartyCookies": {},
            "firstPartyCookiesSent": {},
            "exampleSites": [
                "thefemalecompany.com",
                "de.weareholy.com",
                "deutscher-gesundheits-fachkreis.de",
                "nature-heart.de",
                "paperlike.com",
                "sigg.com",
                "solarhandel24.de",
                "us.shelly.com",
                "vitamoment.de",
                "www.armedangels.com",
                "www.esn.com",
                "www.gartenhaus-gmbh.de",
                "www.shelly.com"
            ]
        },
        {
            "rule": "klarinsights\\.net\\/aHR0cHM6Ly9tZWRpYS5naXBoeS5jb20vbWVkaWEvd3o2TXFBR3NScGMwcWJaYTRhL2dpcGh5LmdpZg==",
            "cookies": 0,
            "fingerprinting": 0,
            "subdomains": [
                "july"
            ],
            "apis": {},
            "sites": 13,
            "prevalence": 0.0000889,
            "cnames": [],
            "responseHashes": [],
            "type": "Fetch",
            "firstPartyCookies": {},
            "firstPartyCookiesSent": {},
            "exampleSites": [
                "thefemalecompany.com",
                "de.weareholy.com",
                "deutscher-gesundheits-fachkreis.de",
                "nature-heart.de",
                "paperlike.com",
                "sigg.com",
                "solarhandel24.de",
                "us.shelly.com",
                "vitamoment.de",
                "www.armedangels.com",
                "www.esn.com",
                "www.gartenhaus-gmbh.de",
                "www.shelly.com"
            ]
        }
    ],
    "categories": [],
    "performance": {},
    "cookies": 0.0000958,
    "topInitiators": [
        {
            "domain": "first party",
            "prevalence": 0.9885057471264368
        },
        {
            "domain": "consentmanager.net",
            "prevalence": 0.011494252873563218
        }
    ],
    "types": {
        "Fetch": 40,
        "Document": 14,
        "Preflight": 13
    },
    "nameservers": [
        "journey.ns.cloudflare.com",
        "ganz.ns.cloudflare.com"
    ]
}