{
    "domain": "kompas.id",
    "owner": {},
    "source": [
        "DuckDuckGo-US"
    ],
    "prevalence": 0.0000684,
    "sites": 10,
    "subdomains": [
        "api-x"
    ],
    "cnames": [],
    "fingerprinting": 0,
    "resources": [
        {
            "rule": "kompas\\.id\\/article\\/v1\\/kompas\\.com\\/recommender-inbody",
            "cookies": 0,
            "fingerprinting": 0,
            "subdomains": [
                "api-x"
            ],
            "apis": {},
            "sites": 10,
            "prevalence": 0.0000684,
            "cnames": [],
            "responseHashes": [
                "3dd920ef3f5fb39f5697cc62b5f1eeaf21e27ec11783eca0067d5146a7951b9e",
                "d3c2c0bb71d5aaa340769d3a3dcc4edb3464e0a1adbfb479611fa7884b6b9903",
                "e873d70775155d56fc88daa169108f89a18b49aa61c63eae4aacfb3dd312e645",
                "2b809541a2552aec7e6b70a3cbe0cfddd2cd205d565868eddc97cfbcf5a64f26",
                "17f140f2b4617379f168c231834aa323d9bba437fe5d4e880fabad16be276e87",
                "a73fd929c9a255378798053fbe440f639d49730fa9dc18385952725b0d187640",
                "5f31b8a81b1f1922ac187967f130ef04c0de15e67315b3972c26d8dcb35dbf84",
                "a6939ec36c0f63022d0d3e71a89f259843a2fd4b9aa16377c2c0e73d7441dd73",
                "5383ad8143839b4fa4fd7c7a5cfa2b87cc759f5f1c5a274e86a15b39cddca749"
            ],
            "type": "XHR",
            "firstPartyCookies": {},
            "firstPartyCookiesSent": {},
            "exampleSites": [
                "kompas.com",
                "denpasar.kompas.com",
                "health.kompas.com",
                "internasional.kompas.com",
                "megapolitan.kompas.com",
                "money.kompas.com",
                "regional.kompas.com",
                "surabaya.kompas.com",
                "tekno.kompas.com",
                "www.kompas.com"
            ]
        }
    ],
    "categories": [],
    "performance": {},
    "cookies": 0,
    "topInitiators": [
        {
            "domain": "first party",
            "prevalence": 1
        }
    ],
    "types": {
        "XHR": 10
    },
    "nameservers": [
        "anuj.ns.cloudflare.com",
        "laura.ns.cloudflare.com"
    ]
}