{
    "domain": "kwai-pro.com",
    "owner": {},
    "source": [
        "DuckDuckGo-US"
    ],
    "prevalence": 0.0000752,
    "sites": 11,
    "subdomains": [
        "logsdk",
        "g-gdfp",
        "csplog"
    ],
    "cnames": [],
    "fingerprinting": 0,
    "resources": [
        {
            "rule": "kwai-pro\\.com\\/rest\\/wd\\/common\\/log\\/collect\\/radar",
            "cookies": 0,
            "fingerprinting": 0,
            "subdomains": [
                "logsdk"
            ],
            "apis": {},
            "sites": 9,
            "prevalence": 0.0000616,
            "cnames": [],
            "responseHashes": [
                "b2f39d9d70fb54c10d5a671ca78b97d9868194fae44d5ce76aa15db7b94efa33",
                "6f5a79edb3ad12185d2f3bbb713015363661154d79d6a948ec832f48a9b82ca5",
                "4a17da0f4ff76f16445e6f047ac2d692f72cb180163d3ae5faf8d18171518e50",
                "e9d32216ea09a8dd8df405d1d9fdef5e4b7ea7cf8e524eb6cfe707063677e7bd",
                "a48e490b4d665993860897b2dc7832e51f60c54fb7e5009007071c45fc03b1fa",
                "ba674d0abab84943779f2f95d0a851956c4c8ebb9b35977187f97087639fa5dc",
                "63c84a2e6c5408941b33ec5c709ee30f1a811329f60e4340cde22c7d9de3fa83",
                "7749d0f8a0ac5fba6f9f2d4ae5016ff388e5bd180eed85bdf6da6b5931c3c8e6"
            ],
            "type": "XHR",
            "firstPartyCookies": {},
            "firstPartyCookiesSent": {},
            "exampleSites": [
                "rumah123.com",
                "artikel.rumah123.com",
                "betplay.com.co",
                "klingai.com",
                "snackvideo.com",
                "www.bb.com.br",
                "www.buzzcast.com",
                "www.kwai.com",
                "www.snackvideo.com"
            ]
        },
        {
            "rule": "kwai-pro\\.com\\/rest\\/wd\\/common\\/log\\/collect\\/misc2",
            "cookies": 0,
            "fingerprinting": 0,
            "subdomains": [
                "logsdk"
            ],
            "apis": {},
            "sites": 4,
            "prevalence": 0.0000274,
            "cnames": [],
            "responseHashes": [
                "4a17da0f4ff76f16445e6f047ac2d692f72cb180163d3ae5faf8d18171518e50",
                "ba674d0abab84943779f2f95d0a851956c4c8ebb9b35977187f97087639fa5dc",
                "9c040d8f520742cde1e36a02dce9973d42335ee659fcfc48ef29af3ed35b1e82"
            ],
            "type": "XHR",
            "firstPartyCookies": {},
            "firstPartyCookiesSent": {},
            "exampleSites": [
                "klingai.com",
                "snackvideo.com",
                "www.kwai.com",
                "www.snackvideo.com"
            ]
        },
        {
            "rule": "kwai-pro\\.com\\/p\\/z\\/s",
            "cookies": 0,
            "fingerprinting": 0,
            "subdomains": [
                "g-gdfp"
            ],
            "apis": {},
            "sites": 3,
            "prevalence": 0.0000205,
            "cnames": [],
            "responseHashes": [
                "703f9d540f6fe0205356dbf5e4135b49d70a45df692e662f711fe12398f06979"
            ],
            "type": "XHR",
            "firstPartyCookies": {},
            "firstPartyCookiesSent": {},
            "exampleSites": [
                "snackvideo.com",
                "www.kwai.com",
                "www.snackvideo.com"
            ]
        },
        {
            "rule": "kwai-pro\\.com\\/s\\/u\\/v",
            "cookies": 0,
            "fingerprinting": 0,
            "subdomains": [
                "g-gdfp"
            ],
            "apis": {},
            "sites": 3,
            "prevalence": 0.0000205,
            "cnames": [],
            "responseHashes": [
                "3590c31c6bdde009d21677975cdf2458053abf957411c72730f42a8048befbb1"
            ],
            "type": "XHR",
            "firstPartyCookies": {},
            "firstPartyCookiesSent": {},
            "exampleSites": [
                "snackvideo.com",
                "www.kwai.com",
                "www.snackvideo.com"
            ]
        },
        {
            "rule": "kwai-pro\\.com\\/log\\/kwai\\/wwwkwai",
            "cookies": 0,
            "fingerprinting": 0,
            "subdomains": [
                "csplog"
            ],
            "apis": {},
            "sites": 2,
            "prevalence": 0.0000137,
            "cnames": [],
            "responseHashes": [
                "e3b0c44298fc1c149afbf4c8996fb92427ae41e4649b934ca495991b7852b855"
            ],
            "type": "Other",
            "firstPartyCookies": {},
            "firstPartyCookiesSent": {},
            "exampleSites": [
                "kwai.com",
                "www.kwai.com"
            ]
        }
    ],
    "categories": [],
    "performance": {},
    "cookies": 0,
    "topInitiators": [
        {
            "domain": "kwai.net",
            "prevalence": 0.7410071942446043
        },
        {
            "domain": "first party",
            "prevalence": 0.2302158273381295
        },
        {
            "domain": "googlesyndication.com",
            "prevalence": 0.02877697841726619
        }
    ],
    "types": {
        "XHR": 19,
        "Other": 2
    },
    "nameservers": [
        "a1-10.akam.net",
        "a3-67.akam.net",
        "a9-65.akam.net",
        "a26-65.akam.net",
        "a16-64.akam.net",
        "a14-65.akam.net"
    ]
}