{
    "domain": "leadoo.com",
    "owner": {},
    "source": [
        "DuckDuckGo-US"
    ],
    "prevalence": 0.0000684,
    "sites": 10,
    "subdomains": [
        "bot",
        "anl",
        "res"
    ],
    "cnames": [],
    "fingerprinting": 2,
    "resources": [
        {
            "rule": "leadoo\\.com\\/bot\\/dynamic\\.js",
            "cookies": 0,
            "fingerprinting": 1,
            "subdomains": [
                "bot"
            ],
            "apis": {
                "window.localStorage": 8,
                "Navigator.prototype.userAgent": 8
            },
            "sites": 10,
            "prevalence": 0.0000684,
            "cnames": [],
            "responseHashes": [
                "3f58dd70b80a213a3568ba0a4bac069e6d7b97d392939f3047dc48e0c40902fc",
                "12389a341087f2b099165e8b003c1cf564f7641a3ca7c9d7a84691ee87e12e57",
                "9bc79f3f9c479dec740bf04ae852b2f659357d8870bcf4eb49ab4c1f1c83fee1",
                "c87006479b9a2e5ef1bdae246ff46432d99020bcb3547bee2eaecc6bcedafd9f",
                "fc73f103d98d91b205f5ff447a23fb19e38aec635f4a0011fe3c23a90f1f223b",
                "29daf3909c6f140241ffddaa27895a283934111685abb33b4118cd2bc7624947",
                "a24874998aa669c5215f0c6e4f470771fdc2bb9886c18045142d513043f9da00",
                "d859f9841942b6026a8b9df4e878cb1ed817970bec6a9245494a9e8dd670bbd8",
                "acfd461f34197444d706708a69d4f2ae7b75b0778e52eca2d503c606b6cfd218"
            ],
            "type": "Script",
            "firstPartyCookies": {},
            "firstPartyCookiesSent": {},
            "exampleSites": [
                "profinder.fi",
                "www.familjensjurist.se",
                "www.foli.fi",
                "www.hankkija.fi",
                "www.hsl.fi",
                "www.jobly.fi",
                "www.kotipizza.fi",
                "www.nysse.fi",
                "www.securitasinc.com",
                "www.universal-robots.com"
            ]
        },
        {
            "rule": "leadoo\\.com\\/i\\/al\\/lanlt\\.js",
            "cookies": 0,
            "fingerprinting": 2,
            "subdomains": [
                "bot"
            ],
            "apis": {
                "window.localStorage": 10,
                "Date.prototype.getTime": 10,
                "window.sessionStorage": 10,
                "Navigator.prototype.userAgent": 4,
                "Navigator.prototype.vendor": 3,
                "Navigator.prototype.platform": 3,
                "Navigator.prototype.product": 3,
                "Navigator.prototype.language": 3,
                "Navigator.prototype.plugins": 3,
                "Navigator.prototype.cookieEnabled": 3,
                "Screen.prototype.height": 3,
                "Screen.prototype.width": 3,
                "window.devicePixelRatio": 3
            },
            "sites": 10,
            "prevalence": 0.0000684,
            "cnames": [],
            "responseHashes": [
                "b1dd0eb561cb5e8d4d23dd5628cae5bab5567dc35d12a61ec60606b0f741bedd",
                "ff213b847751f9ff3dce3e84fc92961bccea556bba86bc4276d3fb062afb5bea",
                "e4da7efe3471c18d53c2b033e7c74c2edf9c86df9e9585e90f74415037c36fc7",
                "2578d5461fec582dc0f72c0990cf06106df55f7c3cbe9c7110cbe92a70c58ff2",
                "c4be4520893026a6a017efaaa6db7602ae387d5a2722cf9e716b86ce6038e368",
                "5759174037deec9ce730df3bde38c626511f51f55cdd74a2f37f5d0d82491ba2",
                "5fa66d1727a78a533040a9e9138c82cb35913b2db73ae0b7340cb9d279aa106c",
                "93054b5c2a3ab9614fa53417cccfbb87bbb47790d5074a9d3a1fc4bebaeaac06",
                "4cc3a4be9fc8c214fa426869d6662abf5098c28bfb74d71e1214301948728644"
            ],
            "type": "Script",
            "firstPartyCookies": {},
            "firstPartyCookiesSent": {},
            "exampleSites": [
                "profinder.fi",
                "www.familjensjurist.se",
                "www.foli.fi",
                "www.hankkija.fi",
                "www.hsl.fi",
                "www.jobly.fi",
                "www.kotipizza.fi",
                "www.nysse.fi",
                "www.securitasinc.com",
                "www.universal-robots.com"
            ]
        },
        {
            "rule": "leadoo\\.com\\/idn\\/company\\/",
            "cookies": 0,
            "fingerprinting": 0,
            "subdomains": [
                "anl"
            ],
            "apis": {},
            "sites": 5,
            "prevalence": 0.0000342,
            "cnames": [],
            "responseHashes": [
                "3d23d39a30bb7323f8ccfd64c52cf286138fba4f83e78f7edcf66703b7c23aaa"
            ],
            "type": "XHR",
            "firstPartyCookies": {},
            "firstPartyCookiesSent": {},
            "exampleSites": [
                "profinder.fi",
                "www.familjensjurist.se",
                "www.foli.fi",
                "www.securitasinc.com",
                "www.universal-robots.com"
            ]
        },
        {
            "rule": "leadoo\\.com\\/idn\\/company\\/",
            "cookies": 0,
            "fingerprinting": 0,
            "subdomains": [
                "anl"
            ],
            "apis": {},
            "sites": 5,
            "prevalence": 0.0000342,
            "cnames": [],
            "responseHashes": [],
            "type": "Preflight",
            "firstPartyCookies": {},
            "firstPartyCookiesSent": {},
            "exampleSites": [
                "profinder.fi",
                "www.familjensjurist.se",
                "www.foli.fi",
                "www.securitasinc.com",
                "www.universal-robots.com"
            ]
        },
        {
            "rule": "leadoo\\.com\\/idn\\/",
            "cookies": 0,
            "fingerprinting": 0,
            "subdomains": [
                "anl"
            ],
            "apis": {},
            "sites": 4,
            "prevalence": 0.0000274,
            "cnames": [],
            "responseHashes": [
                "90432fdfce3f559a96fb1e54643b2f047b6ce0bedfbd78f9e557bad0bf599ab4",
                "3d23d39a30bb7323f8ccfd64c52cf286138fba4f83e78f7edcf66703b7c23aaa"
            ],
            "type": "XHR",
            "firstPartyCookies": {},
            "firstPartyCookiesSent": {},
            "exampleSites": [
                "profinder.fi",
                "b2b.profinder.fi",
                "www.familjensjurist.se",
                "www.universal-robots.com"
            ]
        },
        {
            "rule": "leadoo\\.com\\/idn\\/",
            "cookies": 0,
            "fingerprinting": 0,
            "subdomains": [
                "anl"
            ],
            "apis": {},
            "sites": 4,
            "prevalence": 0.0000274,
            "cnames": [],
            "responseHashes": [],
            "type": "Preflight",
            "firstPartyCookies": {},
            "firstPartyCookiesSent": {},
            "exampleSites": [
                "profinder.fi",
                "b2b.profinder.fi",
                "www.familjensjurist.se",
                "www.universal-robots.com"
            ]
        },
        {
            "rule": "leadoo\\.com\\/t",
            "cookies": 0,
            "fingerprinting": 0,
            "subdomains": [
                "anl"
            ],
            "apis": {},
            "sites": 4,
            "prevalence": 0.0000274,
            "cnames": [],
            "responseHashes": [
                "7ee9195ad8537c42749cdadd2fab718d8f34796ea122b1e222c515026fd721d4",
                "84462601f79519c6dd0a34a8a7325b5ffe6d79130e7f17d3afd7ed9034b45804",
                "e75161f4c31a57aaf64f9d20ec4bc636f865826d87a8841c9277590ebcc7c9ec"
            ],
            "type": "XHR",
            "firstPartyCookies": {},
            "firstPartyCookiesSent": {},