{
    "domain": "leadintel.io",
    "owner": {},
    "source": [
        "DuckDuckGo-US"
    ],
    "prevalence": 0.00013,
    "sites": 19,
    "subdomains": [],
    "cnames": [],
    "fingerprinting": 1,
    "resources": [
        {
            "rule": "leadintel\\.io\\/login-check",
            "cookies": 0,
            "fingerprinting": 1,
            "subdomains": [],
            "apis": {
                "Document.cookie getter": 1
            },
            "sites": 12,
            "prevalence": 0.0000821,
            "cnames": [],
            "responseHashes": [
                "786b4b9e686cfcff376657f8d41fad9e89172d8db1b305c7da19b6519233fb8e",
                "2beb9f379e472ae38eaa6ff3715d1e8bedd9dcf00e7cf40f88c88e03cf38c022",
                "d600dd343d523908392205243c52f8cf2b09e75995a58aa265ee8009a7238506",
                "3bd0f812f8ea02d143ec9d7b4f9372e0388a6dbe49e9e7828508839a7288d71f",
                "0fc36d880d79e05c8a1b4e6c5f1c1d398180450d3069357be6904b751b68b1c2",
                "457a2bdd9e69ee6667648e07f861a9db2c1c2a339b917e4006a7126292ab8c81",
                "47952436c13b5872c8840a88a829029da048aeea01588390f3a88d71a63197f2"
            ],
            "type": "Script",
            "firstPartyCookies": {},
            "firstPartyCookiesSent": {},
            "exampleSites": [
                "golfmonthly.com",
                "forums.golfmonthly.com",
                "forums.horseandhound.co.uk",
                "forums.ybw.com",
                "www.countrylife.co.uk",
                "www.golfmonthly.com",
                "www.homebuilding.co.uk",
                "www.livingetc.com",
                "www.nexttv.com",
                "www.techlearning.com",
                "www.tvtechnology.com",
                "www.whathifi.com"
            ]
        },
        {
            "rule": "leadintel\\.io\\/track",
            "cookies": 0.0000821,
            "fingerprinting": 0,
            "subdomains": [],
            "apis": {},
            "sites": 12,
            "prevalence": 0.0000821,
            "cnames": [],
            "responseHashes": [
                "ee23689c6648a06dc1b1148c1b0712aaff03f969a63a6f8de67cca857b24727a",
                "3eaef4c58dd868dd9cb42d8b509bd5799d61b26238d0697c919525a43b0d7948",
                "38420454dd8139197bb47d2b353aaff2b75f620b5883ab4e2814b64b2ef77a92",
                "36e00dd16e05522279137ae30b3df6fa8dddbcb7d630999d5d9aa4c497069c47",
                "34d4abaf53795f436bb8218532af330863e13ac69e6b5bf0b32551f825559bbf",
                "2a7f1c69df73fa8fcf585ba1469445c00b2b11c009453db3a276d640f9b84888",
                "3f786c69a94edc5e23490dc28684b32c9f420ad0aac27c360df2e1b78cd55887",
                "91e1cf982a3a9582e67f05f1d543e363c91272ef34f10a1d7ffedaaef22ac318",
                "68b926582be71004cef6618008256eb70595db25122f3a4428cc0a5768bd072d",
                "bccb76fe64334785471d41971725b468c69d3fbeffc98c2dfc2103fa030ed67b",
                "2b254e53e7f63f4d9892085c1061d013abccf86714cab6ecd7bc0f431578fe4d"
            ],
            "type": "Script",
            "firstPartyCookies": {},
            "firstPartyCookiesSent": {
                "_li_dcdm_c": 0.00004104528663291832,
                "lotame_domain_check": 0.000034204405527431934
            },
            "exampleSites": [
                "golfmonthly.com",
                "forums.golfmonthly.com",
                "forums.horseandhound.co.uk",
                "forums.ybw.com",
                "www.countrylife.co.uk",
                "www.golfmonthly.com",
                "www.homebuilding.co.uk",
                "www.livingetc.com",
                "www.nexttv.com",
                "www.techlearning.com",
                "www.tvtechnology.com",
                "www.whathifi.com"
            ]
        }
    ],
    "categories": [],
    "performance": {},
    "cookies": 0.00013,
    "topInitiators": [
        {
            "domain": "d39ion77s0ucuz.cloudfront.net",
            "prevalence": 1
        }
    ],
    "types": {
        "Script": 24
    },
    "nameservers": [
        "ns-31.awsdns-03.com",
        "ns-1841.awsdns-38.co.uk",
        "ns-1508.awsdns-60.org",
        "ns-887.awsdns-46.net"
    ]
}