{
    "domain": "likeshop.me",
    "owner": {},
    "source": [
        "DuckDuckGo-US"
    ],
    "prevalence": 0.000226,
    "sites": 33,
    "subdomains": [
        "api"
    ],
    "cnames": [],
    "fingerprinting": 0,
    "resources": [
        {
            "rule": "likeshop\\.me\\/gallery-more",
            "cookies": 0.000164,
            "fingerprinting": 0,
            "subdomains": [
                "api"
            ],
            "apis": {},
            "sites": 24,
            "prevalence": 0.000164,
            "cnames": [],
            "responseHashes": [
                "82a720c0329b99584847bd70abbeb1cb6c1f31dfa8271ba09c306e97cdf4c48a",
                "859671287ec1359001e3a7e9fb9cd5167314361c38e4ae9dffc419d43e960bca",
                "366d9371845bec1f075d50df537a7f30802d1d451a91389bc1d799f2206208c6",
                "dab792faad4f9e1cfad1929b90564d4d4a11303d2027fb95ef76169c2aecf953",
                "bcb7059ec160ca32d94f91be0b5609cc763b0bc542dfe237cae480b30e07648b",
                "2504a5490d91e10f6126dd2c844ad9be8ca3138b488e72b4ef42cd4a4c38d177",
                "05142e08259c1ceb376f324b69d77d9c674c08372897f649a4e4a17154967c4b",
                "fbfcffa1b05a8b1b71bf1a8114a87e5d8cda2193d9b5e8f7c0ea40fa163c376e",
                "d5b8423f743c4a4889dbf09a4028f067305c5409708ba5c077e94e3fd268adda",
                "9e177b1a2dd9c7bfadee3f46a7b442a038aab1c1fd32be1d3b332a4b1645542d",
                "56b4732e34f4564da4f32b64c13377f6b818a3dbab64f0287af5a9272516e1a7",
                "f098a0bcfe438664a5a8bf61c618719d6cc9b0e1c1032dc81d209396b2d03f21",
                "1576457155e1b57562e36a71930cae20fec135d3fe86009dad03631012409469",
                "ee566078fb5cba378e99fdc6a8d0f0902b52fc8bd999f95fa55a1b98bddc9e57",
                "0e4990ea921b76e648807f0ed6b85ff155d8e2451c8253ac639e5b06b21e995a",
                "6c0cb6ab023f1f8f33817390d1ce3fe01e2a536748e66058ce088b23adc2cb08",
                "7826b838c7511f40834653cd5333ac603dc413cbcffa5af5b53eae39eb67cdad",
                "58892f017b1ffbce46e25471ac62f65e843872eb727e1a89e65ab4c9bbeab5d3",
                "69b60792c66c420cf56d8b169e05386d9bd425b8e4af860e8247a4734f2ce8e7"
            ],
            "type": "XHR",
            "firstPartyCookies": {},
            "firstPartyCookiesSent": {},
            "exampleSites": [
                "www.bellacanvas.com",
                "www.burton.com",
                "www.altontowers.com",
                "www.lauramercier.com",
                "aloha-collection.com",
                "womanwithin.com",
                "www.luluandgeorgia.com",
                "francescas.com",
                "www.nowfoods.com",
                "hellmanns.com",
                "www.aliceandolivia.com",
                "fleurdumal.com",
                "us.davines.com",
                "www.bareminerals.com",
                "www.hellmanns.com",
                "postcardcabins.com",
                "www.peterthomasroth.com",
                "avenue.com",
                "www.venus.com",
                "bestfoods.com"
            ]
        },
        {
            "rule": "likeshop\\.me\\/static\\/img\\/video\\.svg",
            "cookies": 0.000157,
            "fingerprinting": 0,
            "subdomains": [],
            "apis": {},
            "sites": 23,
            "prevalence": 0.000157,
            "cnames": [],
            "responseHashes": [
                "e3504c807f51686b43bb03510c35d9b884410ec42ff6f7f8107f11776b896643"
            ],
            "type": "Image",
            "firstPartyCookies": {},
            "firstPartyCookiesSent": {},
            "exampleSites": [
                "www.burton.com",
                "hellmanns.com",
                "www.hellmanns.com",
                "www.peterthomasroth.com",
                "womanwithin.com",
                "fleurdumal.com",
                "aloha-collection.com",
                "bestfoods.com",
                "www.bellacanvas.com",
                "brilliantearth.com",
                "www.brilliantearth.com",
                "avenue.com",
                "www.windsorstore.com",
                "www.womanwithin.com",
                "us.davines.com",
                "www.lauramercier.com",
                "postcardcabins.com",
                "www.aliceandolivia.com",
                "burtsbeesbaby.com",
                "francescas.com"
            ]
        },
        {
            "rule": "likeshop\\.me\\/static\\/img\\/loading\\.gif",
            "cookies": 0.000116,
            "fingerprinting": 0,
            "subdomains": [],
            "apis": {},
            "sites": 17,
            "prevalence": 0.000116,
            "cnames": [],
            "responseHashes": [
                "efff2e04103445d18167838a811b8422d9d673a065beafe04a17fcade0e0543c"
            ],
            "type": "Image",
            "firstPartyCookies": {},
            "firstPartyCookiesSent": {},
            "exampleSites": [
                "bestfoods.com",
                "brilliantearth.com",
                "fleurdumal.com",
                "francescas.com",
                "hellmanns.com",
                "nydj.com",
                "postcardcabins.com",
                "us.davines.com",
                "www.aliceandolivia.com",
                "www.bareminerals.com",
                "www.bellacanvas.com",
                "www.brilliantearth.com",
                "www.burton.com",
                "www.hellmanns.com",
                "www.lauramercier.com",
                "www.luluandgeorgia.com",
                "www.thibautdesign.com"
            ]
        },
        {
            "rule": "likeshop\\.me\\/likeshop-more",
            "cookies": 0.0000342,
            "fingerprinting": 0,
            "subdomains": [
                "api"
            ],
            "apis": {},
            "sites": 5,
            "prevalence": 0.0000342,
            "cnames": [],
            "responseHashes": [
                "f354f478e8b47094e248a8404915314c51234f82faf786f53956d6e7d9c51a7a",
                "66b026ab7253b8142a69f6504eeda2c6db571f8be813bda1c36f4839a9b676c5",
                "77466365dc21adbc713e4fe3cc72b5084e137a8cf5a399d0a5ffa847e6800256",
                "c0f17781a4f88f328ccc3857bbf6582811171aaf3d2f8873775fa56046af7dd8"
            ],
            "type": "XHR",
            "firstPartyCookies": {},
            "firstPartyCookiesSent": {},
            "exampleSites": [
                "brilliantearth.com",
                "nydj.com",
                "shopthemint.com",
                "www.brilliantearth.com",
                "www.primalkitchen.com"
            ]
        },
        {
            "rule": "likeshop\\.me\\/static\\/img\\/previous\\.png",
            "cookies": 0.0000684,
            "fingerprinting": 0,
            "subdomains": [],
            "apis": {},
            "sites": 10,
            "prevalence": 0.0000684,
            "cnames": [],
            "responseHashes": [
                "e8235390796d01f5f7a4aadaee912774f4321335280303e5d264380c68cf158e"
            ],
            "type": "Image",
            "firstPartyCookies": {},
            "firstPartyCookiesSent": {},
            "exampleSites": [
                "fleurdumal.com",
                "francescas.com",
                "nydj.com",
                "postcardcabins.com",
                "us.davines.com",
                "www.aliceandolivia.com",
                "www.bareminerals.com",
                "www.burton.com",
                "www.lauramercier.com",
                "www.thibautdesign.com"
            ]
        },
        {
            "rule": "likeshop\\.me\\/static\\/img\\/next\\.png",
            "cookies": 0.0000684,
            "fingerprinting": 0,
            "subdomains": [],
            "apis": {},
            "sites": 10,
            "prevalence": 0.0000684,
            "cnames": [],
            "responseHashes": [
                "5135e6b5a7c2e47965a43494e1520efb560d05f3d7cc2815027f4f1c4c53bb27"
            ],