{
    "domain": "linkconnector.com",
    "owner": {
        "name": "LinkConnector Corporation",
        "displayName": "LinkConnector"
    },
    "source": [
        "DuckDuckGo-US"
    ],
    "prevalence": 0.000376,
    "sites": 55,
    "subdomains": [
        "www"
    ],
    "cnames": [],
    "fingerprinting": 1,
    "resources": [
        {
            "rule": "linkconnector\\.com\\/uts_lp\\.php",
            "cookies": 0.000226,
            "fingerprinting": 1,
            "subdomains": [
                "www"
            ],
            "apis": {
                "Document.cookie getter": 29,
                "window.localStorage": 29,
                "Date.prototype.getTime": 31,
                "Document.cookie setter": 29
            },
            "sites": 36,
            "prevalence": 0.000246,
            "cnames": [],
            "responseHashes": [
                "00a50c85c2228607cb5e10e896150fb647b9f050037651f6e4daa24f825bde25",
                "5d8ef99a34e77fd03e4a4e5864906cffc5988904f244c7963cc2b0c6ae5a710d",
                "bc98056ff636e1ff765c5c278a6d5294bb637e53ffb1f4bc339c4480500e4123",
                "6d12262b9c1b5691e25f712ab14f33e7ee516be17ae18a3a4b89783ffcf8b36a",
                "c6bfdb40f70c2e54b6f0888755df8622e96e17290fc737ada097c207525a895c",
                "b3640d51ecfc96f0dfe3b93e6d5d5349eb75ad8ddbe15864c0bd9e5fa4a9d57f",
                "66ae2c48a46d9d8f6dc3f8187c7d549e7b78f04fb29dbccda093839b8cbdfc8d",
                "e3b0c44298fc1c149afbf4c8996fb92427ae41e4649b934ca495991b7852b855",
                "da0ca5be9dde6cc48f72f2ddf9fd2a65bad8e1c11a25a491aea9e0e53ef9fae7",
                "2c367c80617e796ece583fe9ebb6bc5d589ea148eb735af6df50fcf511299256",
                "c4fdc7eda3b5708c332fea94d054066f278c41aa736afae946d65b41a6eaed5b",
                "c0f9519334f391afa98f84461c93460d77a4858dc3635aba0eb598e2bcf03ec2",
                "b5bf0a1aaca852284b2ed19120be59f19c69cd5bd889d8381a41e35331820061",
                "cd2ebed0b6270b3fd1b0408de0a0ffa23cdfb23a93ae96f96aef40ff525a944a",
                "15e4858cfc1b37a93fcb48e7109c0938b5d197e3face5c1d4ff63102d2a0becb",
                "f30620625fcd977b87d0a6a33cfc3d10fa846e57b4205accf88a39cae84e25c7",
                "3ae1a284513e8915e2f6400db53568ff43fa542cfb2be4b5878427c798a1b87f",
                "58a58e9741f364c3757ec04e3d51965af6acaab5093f9d3ca1a13fa15a9e43ac",
                "9583fca380c72afcf83671e7caab4863e44f5efc558de038cc0f941d7df881a1",
                "b86f4be4937f918cbeaa101a092670e7ca59e5a30af97a5eabb53098bd325b8b",
                "ef628af265becc396a15ccdb3522f766e71054aea993a31ac8e83d6c5f6dd7a3",
                "f9b88bc1efb7b4ccb839a2cced76e7a41d349a90a49d10388da4d8a2b29977c9",
                "f4fcffaa4283b437322ed453ff201910bf102cd0347a8b16f27753d6db98ab10",
                "b2ee010a00cf7bd65bd7d514682708d2547e927ef9d39fdcfc613f7b52a6886a",
                "538142efe81c6ba7fc76f347945625eb246aad4f85e4c7382bd19e26481cd137",
                "e6a6662904ee408f325daa5c3e4a4c7fe6a5a4c6690ffc824d2bad8f8e29e048",
                "ee27b1179555c1c57b1257243373e2768a75da287ee46c93daab7ad9ea96fb9d",
                "5c29db9b944e456fbfad40f8318f8a67730cfc79259362486b7e4ca9a1a34f8b",
                "30b77f13075fbb8cae06b09fd55b1f7527b6f61d66bf7be41a305c7b635826b6",
                "21b72950a4cd5b464f1d8c7f9085883091ac5394104abe6525a72734a3086dbe",
                "0ee86622e7b02cefa99e141c8709cc0afadc1abf41b663b9328cfb87c1952974",
                "883429f4266283dbb7235cb3e42f6799ed43e48390d58060c9ac162b35dc2b4d",
                "daeec4ee04ffec19790bba9d76ac05e2eec835f2661525643c914d341a3e6162"
            ],
            "type": "Script",
            "firstPartyCookies": {
                "uts_id": {
                    "ttl": 157680005,
                    "length": 17,
                    "prevalence": 0.00019838555205910522,
                    "uniqueness": 1
                },
                "LCUTS_UID_900133": {
                    "ttl": 3605,
                    "length": 6,
                    "prevalence": 0.00008209057326583664,
                    "uniqueness": 0.08333333333333333
                },
                "LCUTS_UID_901731": {
                    "ttl": 3607,
                    "length": 6,
                    "prevalence": 0.000006840881105486387,
                    "uniqueness": 1
                },
                "LCUTS_UID_901666": {
                    "ttl": 3605,
                    "length": 6,
                    "prevalence": 0.000006840881105486387,
                    "uniqueness": 1
                },
                "LCUTS_UID_900398": {
                    "ttl": 3601,
                    "length": 6,
                    "prevalence": 0.000006840881105486387,
                    "uniqueness": 1
                },
                "LCUTS_UID_902057": {
                    "ttl": 3602,
                    "length": 6,
                    "prevalence": 0.000006840881105486387,
                    "uniqueness": 1
                },
                "LCUTS_UID_902007": {
                    "ttl": 3602,
                    "length": 6,
                    "prevalence": 0.000006840881105486387,
                    "uniqueness": 1
                },
                "LCUTS_UID_901974": {
                    "ttl": 3605,
                    "length": 6,
                    "prevalence": 0.000013681762210972774,
                    "uniqueness": 0.5
                },
                "LCUTS_UID_900163": {
                    "ttl": 3606,
                    "length": 6,
                    "prevalence": 0.000006840881105486387,
                    "uniqueness": 1
                },
                "LCUTS_UID_901518": {
                    "ttl": 3609,
                    "length": 6,
                    "prevalence": 0.000013681762210972774,
                    "uniqueness": 0.5
                },
                "LCUTS_UID_900978": {
                    "ttl": 3603,
                    "length": 6,
                    "prevalence": 0.000006840881105486387,
                    "uniqueness": 1
                },
                "LCUTS_UID_900216": {
                    "ttl": 3606,
                    "length": 6,
                    "prevalence": 0.000006840881105486387,
                    "uniqueness": 1
                },
                "LCUTS_UID_900188": {
                    "ttl": 3606,
                    "length": 6,
                    "prevalence": 0.000006840881105486387,
                    "uniqueness": 1
                },
                "LCUTS_UID_901982": {
                    "ttl": 3607,
                    "length": 6,
                    "prevalence": 0.000006840881105486387,
                    "uniqueness": 1
                },
                "LCUTS_UID_902096": {
                    "ttl": 3601,
                    "length": 6,
                    "prevalence": 0.000006840881105486387,
                    "uniqueness": 1
                },
                "LCUTS_UID_902113": {
                    "ttl": 3601,
                    "length": 6,
                    "prevalence": 0.000006840881105486387,
                    "uniqueness": 1
                }
            },
            "firstPartyCookiesSent": {
                "LCUTS_UID_900133": 0.00008209057326583664,
                "LCUTS_UID_901731": 0.000006840881105486387,
                "LCUTS_UID_901666": 0.000006840881105486387,
                "LCUTS_UID_900398": 0.000006840881105486387,
                "LCUTS_UID_902057": 0.000006840881105486387,
                "LCUTS_UID_902007": 0.000006840881105486387,
                "LCUTS_UID_901974": 0.000013681762210972774,
                "LCUTS_UID_900163": 0.000006840881105486387,
                "LCUTS_UID_901518": 0.000013681762210972774,
                "LCUTS_UID_900978": 0.000006840881105486387,
                "LCUTS_UID_900216": 0.000006840881105486387,