{
    "domain": "metrilo.com",
    "owner": {
        "name": "Metrilo LTD",
        "displayName": "Metrilo"
    },
    "source": [
        "DuckDuckGo-US"
    ],
    "prevalence": 0.0000752,
    "sites": 11,
    "subdomains": [
        "t",
        "p"
    ],
    "cnames": [],
    "fingerprinting": 1,
    "resources": [
        {
            "rule": "metrilo\\.com\\/j\\/a00573921055425c\\.js",
            "cookies": 0.0000137,
            "fingerprinting": 1,
            "subdomains": [
                "t"
            ],
            "apis": {
                "Document.cookie getter": 2,
                "Document.cookie setter": 2,
                "Navigator.prototype.userAgent": 2,
                "Date.prototype.getTime": 2
            },
            "sites": 2,
            "prevalence": 0.0000137,
            "cnames": [],
            "responseHashes": [
                "da310c015ffe2464ef494cb089061550a8c33358e6637e5b85a207b879f6b6f9"
            ],
            "type": "Script",
            "firstPartyCookies": {
                "cbuid": {
                    "ttl": 1893416405,
                    "length": 42,
                    "prevalence": 0.000013681762210972774,
                    "uniqueness": 1
                },
                "cbuid_meta": {
                    "ttl": 540005,
                    "length": 91,
                    "prevalence": 0.000013681762210972774,
                    "uniqueness": 0.5
                },
                "cblon": {
                    "ttl": 324005,
                    "length": 1,
                    "prevalence": 0.000013681762210972774,
                    "uniqueness": 0.5
                }
            },
            "firstPartyCookiesSent": {},
            "exampleSites": [
                "getcleanpeople.com",
                "www.getcleanpeople.com"
            ]
        },
        {
            "rule": "metrilo\\.com\\/t",
            "cookies": 0,
            "fingerprinting": 0,
            "subdomains": [
                "p"
            ],
            "apis": {},
            "sites": 6,
            "prevalence": 0.000041,
            "cnames": [],
            "responseHashes": [
                "39492825b2ea2bb8bd2be97d5cca063adcaab3fcb3eb7cb0f529302f50fe8cde",
                "00b82389c05cde68e8b4866f50c8e4e25bb80d899ae3835fed495bd64360ec38",
                "60967f58e9a5e0b997f13ad2568180df03666e8fa578073a2ad292d262c7b860",
                "f14f8c417e6bfed137e94779bbd3179f90e051fd6c12f59d59ced15abb6f4544",
                "5cba014ebff51fabc033f0e874a295501aca25b4392576a63fadd2a445b67923"
            ],
            "type": "XHR",
            "firstPartyCookies": {},
            "firstPartyCookiesSent": {},
            "exampleSites": [
                "getcleanpeople.com",
                "legionathletics.com",
                "merolatile.com",
                "www.cigarplace.biz",
                "www.getcleanpeople.com",
                "www.revive-eo.com"
            ]
        },
        {
            "rule": "metrilo\\.com\\/t",
            "cookies": 0,
            "fingerprinting": 0,
            "subdomains": [
                "p"
            ],
            "apis": {},
            "sites": 6,
            "prevalence": 0.000041,
            "cnames": [],
            "responseHashes": [],
            "type": "Preflight",
            "firstPartyCookies": {},
            "firstPartyCookiesSent": {},
            "exampleSites": [
                "getcleanpeople.com",
                "legionathletics.com",
                "merolatile.com",
                "www.cigarplace.biz",
                "www.getcleanpeople.com",
                "www.revive-eo.com"
            ]
        },
        {
            "rule": "metrilo\\.com\\/j\\/7a2578ef4c5c9637\\.js",
            "cookies": 0.0000137,
            "fingerprinting": 1,
            "subdomains": [
                "t"
            ],
            "apis": {
                "Document.cookie getter": 2,
                "Document.cookie setter": 2,
                "Navigator.prototype.userAgent": 2,
                "Date.prototype.getTime": 2
            },
            "sites": 2,
            "prevalence": 0.0000137,
            "cnames": [],
            "responseHashes": [
                "fffca375794bae6db1fde9253bf4f3ad2fbd0b5049fa897d813c5530c3cff96e"
            ],
            "type": "Script",
            "firstPartyCookies": {
                "cbuid": {
                    "ttl": 1893416408,
                    "length": 42,
                    "prevalence": 0.000013681762210972774,
                    "uniqueness": 1
                },
                "cbuid_meta": {
                    "ttl": 540008,
                    "length": 97,
                    "prevalence": 0.000013681762210972774,
                    "uniqueness": 1
                },
                "cblon": {
                    "ttl": 324008,
                    "length": 11,
                    "prevalence": 0.000013681762210972774,
                    "uniqueness": 1
                }
            },
            "firstPartyCookiesSent": {},
            "exampleSites": [
                "cigarplace.biz",
                "www.cigarplace.biz"
            ]
        },
        {
            "rule": "metrilo\\.com\\/j\\/ae9b5c007e9397f3\\.js",
            "cookies": 0.0000137,
            "fingerprinting": 1,
            "subdomains": [
                "t"
            ],
            "apis": {
                "Document.cookie getter": 2,
                "Document.cookie setter": 2,
                "Navigator.prototype.userAgent": 2,
                "Date.prototype.getTime": 2
            },
            "sites": 2,
            "prevalence": 0.0000137,
            "cnames": [],
            "responseHashes": [
                "11cfda6e2f211f7fc133364005076991bf9d684b63d2f3489239ae424e992c45"
            ],
            "type": "Script",
            "firstPartyCookies": {
                "cbuid": {
                    "ttl": 1893416403,
                    "length": 42,
                    "prevalence": 0.000013681762210972774,
                    "uniqueness": 1
                },
                "cbuid_meta": {
                    "ttl": 540003,
                    "length": 89,
                    "prevalence": 0.000013681762210972774,
                    "uniqueness": 1
                },
                "cblon": {
                    "ttl": 324003,
                    "length": 4,
                    "prevalence": 0.000013681762210972774,
                    "uniqueness": 1
                }
            },
            "firstPartyCookiesSent": {},
            "exampleSites": [
                "revive-eo.com",
                "www.revive-eo.com"
            ]
        }
    ],
    "categories": [],
    "performance": {},
    "cookies": 0.0000752,
    "topInitiators": [
        {
            "domain": "first party",
            "prevalence": 1
        }
    ],
    "types": {
        "Script": 6,
        "XHR": 6,
        "Preflight": 6
    },
    "nameservers": [
        "jay.ns.cloudflare.com",
        "pam.ns.cloudflare.com"
    ]
}