{
    "domain": "metrics-bunny.net",
    "owner": {},
    "source": [
        "DuckDuckGo-US"
    ],
    "prevalence": 0.0000752,
    "sites": 11,
    "subdomains": [
        "94d6146a",
        "3c4f966a",
        "226a736f",
        "6d903e2c",
        "384c00dc",
        "16c3ed86",
        "eea42d35",
        "d7377803",
        "cb8182d5",
        "32685561"
    ],
    "cnames": [],
    "fingerprinting": 0,
    "resources": [
        {
            "rule": "metrics-bunny\\.net\\/test\\/register",
            "cookies": 0,
            "fingerprinting": 0,
            "subdomains": [],
            "apis": {},
            "sites": 10,
            "prevalence": 0.0000684,
            "cnames": [],
            "responseHashes": [
                "4b50ac9e8b46b6c3a16a7508568000564581428d384ac158f0956310143244af",
                "80cd86ae08f645d289ca0ff2309f71a4b6b2afdffa0e026505c3fca780f2f4b7",
                "ec5ad5970b73c2ff6293977e0afe9dc673e07f2eb2c35e7f84ec01dbd261bb54",
                "0690ebe4d5f094e774a823a482a954d3faf4c02133a42f8ce0b50b5d2f580874",
                "74ba0b8f94c782022cf0e0bfd7e4fb7cb25743cacc553370dec71282470cb5b9",
                "dcd620daad145b19d490deaecf8299a80f5e75bff46b176671e8ea7112db5cf7",
                "39ae4717d5be9c859919add1b5f481ef35425697e7d2b21038e1f75f6e9f801b",
                "30d40cc4015fd4ddb26cec1aea6acf87d25dca7a0d484c892a16b36fd09e9f08",
                "542aa55447bec14c53bc908ed0046c58ecd6ffe4ea38186e7809ae60f3363e77"
            ],
            "type": "Fetch",
            "firstPartyCookies": {},
            "firstPartyCookiesSent": {},
            "exampleSites": [
                "baerskintactical.com",
                "climbfinder.com",
                "iframe.mediadelivery.net",
                "lewdvideo.com",
                "piggiesgetfed.com",
                "removemosaic.com",
                "thickileaks.com",
                "www.rosemarydoll.com",
                "www.vanishingincmagic.com",
                "www.yachtbuyer.com"
            ]
        },
        {
            "rule": "metrics-bunny\\.net\\/test\\/hello",
            "cookies": 0,
            "fingerprinting": 0,
            "subdomains": [
                "94d6146a",
                "3c4f966a",
                "226a736f",
                "6d903e2c",
                "384c00dc",
                "16c3ed86",
                "eea42d35",
                "d7377803",
                "cb8182d5",
                "32685561"
            ],
            "apis": {},
            "sites": 10,
            "prevalence": 0.0000684,
            "cnames": [],
            "responseHashes": [
                "cbbf83238e97241078d9e746d938ddda885cd7fc9053b2704b500bbc1e0c726d"
            ],
            "type": "Fetch",
            "firstPartyCookies": {},
            "firstPartyCookiesSent": {},
            "exampleSites": [
                "baerskintactical.com",
                "climbfinder.com",
                "iframe.mediadelivery.net",
                "lewdvideo.com",
                "piggiesgetfed.com",
                "removemosaic.com",
                "thickileaks.com",
                "www.rosemarydoll.com",
                "www.vanishingincmagic.com",
                "www.yachtbuyer.com"
            ]
        }
    ],
    "categories": [],
    "performance": {},
    "cookies": 0,
    "topInitiators": [
        {
            "domain": "mediadelivery.net",
            "prevalence": 0.9090909090909091
        },
        {
            "domain": "first party",
            "prevalence": 0.09090909090909091
        }
    ],
    "types": {
        "Fetch": 20
    },
    "nameservers": [
        "ns1.metrics-bunny.net",
        "ns2.metrics-bunny.net"
    ]
}