{
    "domain": "midas-network.com",
    "owner": {},
    "source": [
        "DuckDuckGo-US"
    ],
    "prevalence": 0.0000889,
    "sites": 13,
    "subdomains": [
        "cdn",
        "cdn2",
        "www",
        "images1"
    ],
    "cnames": [],
    "fingerprinting": 1,
    "resources": [
        {
            "rule": "midas-network\\.com\\/Common\\/GetUAV1Async",
            "cookies": 0,
            "fingerprinting": 0,
            "subdomains": [
                "cdn"
            ],
            "apis": {},
            "sites": 11,
            "prevalence": 0.0000752,
            "cnames": [],
            "responseHashes": [
                "4f53cda18c2baa0c0354bb5f9a3ecbe5ed12ab4d8e11ba873c2f11161202b945"
            ],
            "type": "Fetch",
            "firstPartyCookies": {},
            "firstPartyCookiesSent": {},
            "exampleSites": [
                "mondo.rs",
                "narod.hr",
                "putnikofer.hr",
                "story.hr",
                "svet24.si",
                "www.24sata.hr",
                "www.alo.rs",
                "www.arz.hr",
                "www.logicno.com",
                "www.republika.rs",
                "www.telegraf.rs"
            ]
        },
        {
            "rule": "midas-network\\.com\\/api\\/widget\\/getHtml",
            "cookies": 0,
            "fingerprinting": 0,
            "subdomains": [
                "cdn2"
            ],
            "apis": {},
            "sites": 11,
            "prevalence": 0.0000752,
            "cnames": [],
            "responseHashes": [
                "8f2d7e68a63f1991c5a2676a3735784c1b13a1a4950bb3d89c22d97591d0533c",
                "223e8a1a1d70cc3f8da585ace9ba123bfdd52f2ec8e271700046f88d0a090bfd",
                "e9f3de1b2568083b8f77267bf21296101dd56e484f3e458f992ce8fc2db28c75",
                "0226b20da2a9797f9285540e0647fbfef3104722d65f51fddd7756f90826f55d",
                "fead300ee541268019ae9caa1930986a8a67bc4da74563be23a74416673255cd",
                "5a0b1a1f02d8ac206be3f40ab1646562c4545b17710d1eeb5029ecc245ffae11",
                "70bb1250013ac583e4e6f3d84a2932075da18b946718b89803296d28a1ec360d",
                "9ec2f4045973d8a834f6cedc6a54960d587b2e07b35e904ae5f5ff560fdce820",
                "2d74406a110bc762b63eff018a767f6c10abef497f60659c8e47340f1b3517f8",
                "a6dd3d6c7c8f92350ddfaa6372c69579cd86c7f360ceb211567199e0b963ab04"
            ],
            "type": "Fetch",
            "firstPartyCookies": {},
            "firstPartyCookiesSent": {
                "lotame_domain_check": 0.000006840881105486387
            },
            "exampleSites": [
                "mondo.rs",
                "narod.hr",
                "putnikofer.hr",
                "story.hr",
                "svet24.si",
                "www.24sata.hr",
                "www.alo.rs",
                "www.arz.hr",
                "www.logicno.com",
                "www.republika.rs",
                "www.telegraf.rs"
            ]
        },
        {
            "rule": "midas-network\\.com\\/images\\/default\\/midasCrownV3\\.png",
            "cookies": 0,
            "fingerprinting": 0,
            "subdomains": [
                "www"
            ],
            "apis": {},
            "sites": 9,
            "prevalence": 0.0000616,
            "cnames": [],
            "responseHashes": [
                "db3388e8628488b5e7e6db413537736bb4e001630f1de4b8e49638c15ac8caf3"
            ],
            "type": "Image",
            "firstPartyCookies": {},
            "firstPartyCookiesSent": {},
            "exampleSites": [
                "mondo.rs",
                "narod.hr",
                "putnikofer.hr",
                "svet24.si",
                "www.alo.rs",
                "www.arz.hr",
                "www.logicno.com",
                "www.republika.rs",
                "www.telegraf.rs"
            ]
        },
        {
            "rule": "midas-network\\.com\\/images\\/4dv3rt153r5\\/1939\\/4dv3rt5\\/y5wft30lmk4usfalabdmfo\\.jpg",
            "cookies": 0,
            "fingerprinting": 0,
            "subdomains": [
                "images1"
            ],
            "apis": {},
            "sites": 2,
            "prevalence": 0.0000137,
            "cnames": [],
            "responseHashes": [
                "5c9971b22a3409cec656e6e59487f4e541b1d772e9c48d8f794627edb6203eed"
            ],
            "type": "Image",
            "firstPartyCookies": {},
            "firstPartyCookiesSent": {},
            "exampleSites": [
                "putnikofer.hr",
                "www.logicno.com"
            ]
        }
    ],
    "categories": [],
    "performance": {},
    "cookies": 0,
    "topInitiators": [
        {
            "domain": "first party",
            "prevalence": 1
        }
    ],
    "types": {
        "Fetch": 22,
        "Image": 11
    },
    "nameservers": [
        "meera.ns.cloudflare.com",
        "ajay.ns.cloudflare.com"
    ]
}