{
    "domain": "miyuki-web.net",
    "owner": {},
    "source": [
        "DuckDuckGo-US"
    ],
    "prevalence": 0.0000684,
    "sites": 10,
    "subdomains": [
        "js",
        "edayo",
        "cs"
    ],
    "cnames": [],
    "fingerprinting": 2,
    "resources": [
        {
            "rule": "miyuki-web\\.net\\/t\\/005\\/885\\/a80005885\\.js",
            "cookies": 0,
            "fingerprinting": 1,
            "subdomains": [
                "js"
            ],
            "apis": {
                "window.localStorage": 1,
                "NavigatorUAData.prototype.getHighEntropyValues": 1,
                "Navigator.prototype.userAgent": 2,
                "Screen.prototype.width": 1,
                "Screen.prototype.height": 1,
                "Document.cookie getter": 1
            },
            "sites": 2,
            "prevalence": 0.0000137,
            "cnames": [],
            "responseHashes": [
                "2b08f6bdded852498e62ed2b7ae2e85e25220b130a67571c5e80ca7a6ea9d3b8"
            ],
            "type": "Script",
            "firstPartyCookies": {},
            "firstPartyCookiesSent": {},
            "exampleSites": [
                "ddd-smart.net",
                "shinshi-manga.net"
            ]
        },
        {
            "rule": "miyuki-web\\.net\\/yie\\/ld\\/jsk",
            "cookies": 0,
            "fingerprinting": 0,
            "subdomains": [
                "edayo"
            ],
            "apis": {},
            "sites": 10,
            "prevalence": 0.0000684,
            "cnames": [],
            "responseHashes": [
                "5fdd5807bf87d019029c09085a0118636ecf479f6d83afcff14985c88ce7a439",
                "adf7ae11cb89ce18d48fe49300aac98f8ab3976820caff56ac0b2f7d79565c0e",
                "1abec846be0fd18b1346e25641902d2d06497fecaad8d56208ee632b19c2049e",
                "f08337d3bb0de1221498e979dc6bdd5af5bf6850514d6743114225915bc39fc3",
                "6cb7b207f2807a7c6876441dbf161e1c567cd4594397e5a0ad142d2ad9b5ebdd",
                "488d91eee22b131b47b590bb95e7bdd894efcf871c24299105b838762fd60f38",
                "7448c3b9dc7b094e311c1abf72e6155cbf6d4b329300c28d4b47b2d42e0544cb",
                "4dbde469cebe20e97444a5c0e008ea223be5fcf41205b334e397136e9187f65c",
                "6554b419eb9c4b4f734cd0cb6049c9d60dacd9150623761e6b89ddabfbc86b13"
            ],
            "type": "Script",
            "firstPartyCookies": {},
            "firstPartyCookiesSent": {},
            "exampleSites": [
                "ddd-smart.net",
                "erodaizensyu.com",
                "erogazou.gallery",
                "gooero.jp",
                "himebon.blog",
                "megamich.com",
                "moeimg.net",
                "oppaisan.com",
                "puni-puni.com",
                "shinshi-manga.net"
            ]
        },
        {
            "rule": "miyuki-web\\.net\\/yie\\/ld\\/gl2",
            "cookies": 0,
            "fingerprinting": 0,
            "subdomains": [
                "edayo"
            ],
            "apis": {},
            "sites": 2,
            "prevalence": 0.0000137,
            "cnames": [],
            "responseHashes": [
                "77b1d2c0857d4e95d4c2ae7aa0abc5aaafa6bd4581b31203d1592759c26f5c44"
            ],
            "type": "Image",
            "firstPartyCookies": {},
            "firstPartyCookiesSent": {},
            "exampleSites": [
                "ddd-smart.net",
                "shinshi-manga.net"
            ]
        },
        {
            "rule": "miyuki-web\\.net\\/yie\\/ld\\/mcs",
            "cookies": 0,
            "fingerprinting": 0,
            "subdomains": [
                "cs"
            ],
            "apis": {},
            "sites": 10,
            "prevalence": 0.0000684,
            "cnames": [],
            "responseHashes": [
                "77b1d2c0857d4e95d4c2ae7aa0abc5aaafa6bd4581b31203d1592759c26f5c44"
            ],
            "type": "Image",
            "firstPartyCookies": {},
            "firstPartyCookiesSent": {},
            "exampleSites": [
                "ddd-smart.net",
                "erodaizensyu.com",
                "erogazou.gallery",
                "gooero.jp",
                "himebon.blog",
                "megamich.com",
                "moeimg.net",
                "oppaisan.com",
                "puni-puni.com",
                "shinshi-manga.net"
            ]
        },
        {
            "rule": "miyuki-web\\.net\\/yie\\/ld\\/cs",
            "cookies": 0.0000684,
            "fingerprinting": 0,
            "subdomains": [
                "cs"
            ],
            "apis": {},
            "sites": 10,
            "prevalence": 0.0000684,
            "cnames": [],
            "responseHashes": [
                "77b1d2c0857d4e95d4c2ae7aa0abc5aaafa6bd4581b31203d1592759c26f5c44"
            ],
            "type": "Image",
            "firstPartyCookies": {},
            "firstPartyCookiesSent": {},
            "exampleSites": [
                "ddd-smart.net",
                "erodaizensyu.com",
                "erogazou.gallery",
                "gooero.jp",
                "himebon.blog",
                "megamich.com",
                "moeimg.net",
                "oppaisan.com",
                "puni-puni.com",
                "shinshi-manga.net"
            ]
        },
        {
            "rule": "miyuki-web\\.net\\/yie\\/ld\\/gl1",
            "cookies": 0,
            "fingerprinting": 0,
            "subdomains": [
                "edayo"
            ],
            "apis": {},
            "sites": 2,
            "prevalence": 0.0000137,
            "cnames": [],
            "responseHashes": [
                "77b1d2c0857d4e95d4c2ae7aa0abc5aaafa6bd4581b31203d1592759c26f5c44"
            ],
            "type": "Image",
            "firstPartyCookies": {},
            "firstPartyCookiesSent": {},
            "exampleSites": [
                "erodaizensyu.com",
                "erogazou.gallery"
            ]
        },
        {
            "rule": "miyuki-web\\.net\\/t\\/005\\/884\\/a80005884\\.js",
            "cookies": 0,
            "fingerprinting": 1,
            "subdomains": [
                "js"
            ],
            "apis": {
                "window.localStorage": 2,
                "NavigatorUAData.prototype.getHighEntropyValues": 2,
                "Navigator.prototype.userAgent": 2,
                "Screen.prototype.width": 2,
                "Screen.prototype.height": 2,
                "Document.cookie getter": 2
            },
            "sites": 2,
            "prevalence": 0.0000137,
            "cnames": [],
            "responseHashes": [
                "07477bf26e78307b64a82a170b41d6c9f6750bebc1f6b4a3b9e7d22dc81cbc94"
            ],
            "type": "Script",
            "firstPartyCookies": {},
            "firstPartyCookiesSent": {},
            "exampleSites": [
                "gooero.jp",
                "shinshi-manga.net"
            ]
        },
        {
            "rule": "miyuki-web\\.net\\/yie\\/ld\\/gl0",
            "cookies": 0,
            "fingerprinting": 0,
            "subdomains": [
                "edayo"
            ],
            "apis": {},
            "sites": 7,
            "prevalence": 0.0000479,
            "cnames": [],
            "responseHashes": [
                "77b1d2c0857d4e95d4c2ae7aa0abc5aaafa6bd4581b31203d1592759c26f5c44"
            ],
            "type": "Image",
            "firstPartyCookies": {},
            "firstPartyCookiesSent": {},
            "exampleSites": [
                "gooero.jp",
                "himebon.blog",
                "megamich.com",
                "moeimg.net",
                "oppaisan.com",
                "puni-puni.com",
                "shinshi-manga.net"
            ]
        }
    ],
    "categories": [],
    "performance": {},
    "cookies": 0.0000684,