{
    "domain": "mobylog.jp",
    "owner": {},
    "source": [
        "DuckDuckGo-US"
    ],
    "prevalence": 0.0000342,
    "sites": 5,
    "subdomains": [
        "log1"
    ],
    "cnames": [],
    "fingerprinting": 1,
    "resources": [
        {
            "rule": "mobylog\\.jp\\/_tag_mobylog\\.js",
            "cookies": 0.0000205,
            "fingerprinting": 1,
            "subdomains": [
                "log1"
            ],
            "apis": {
                "Document.cookie getter": 4,
                "window.localStorage": 4,
                "Date.prototype.getTime": 3,
                "Document.cookie setter": 3
            },
            "sites": 4,
            "prevalence": 0.0000274,
            "cnames": [],
            "responseHashes": [
                "9a43b60d81222880fbce33d3052bb418169dc090e4cb1d926c8e7784ed034693"
            ],
            "type": "Script",
            "firstPartyCookies": {
                "MOBYLOGTracking_Params_u_500575": {
                    "ttl": 157680008,
                    "length": 40,
                    "prevalence": 0.000006840881105486387,
                    "uniqueness": 1
                },
                "MOBYLOGTracking_Params_t_500575": {
                    "ttl": 1808,
                    "length": 40,
                    "prevalence": 0.000006840881105486387,
                    "uniqueness": 1
                },
                "MOBYLOG_ra_500575": {
                    "ttl": 157680008,
                    "length": 1,
                    "prevalence": 0.000006840881105486387,
                    "uniqueness": 1
                },
                "MOBYLOG_sv_500575": {
                    "ttl": null,
                    "length": 16,
                    "prevalence": 0.000006840881105486387,
                    "uniqueness": 1
                },
                "MOBYLOGTracking_Params_u_500738": {
                    "ttl": 157680016,
                    "length": 40,
                    "prevalence": 0.000006840881105486387,
                    "uniqueness": 1
                },
                "MOBYLOGTracking_Params_t_500738": {
                    "ttl": 1816,
                    "length": 40,
                    "prevalence": 0.000006840881105486387,
                    "uniqueness": 1
                },
                "MOBYLOG_ra_500738": {
                    "ttl": 157680018,
                    "length": 1,
                    "prevalence": 0.000006840881105486387,
                    "uniqueness": 1
                },
                "MOBYLOG_sv_500738": {
                    "ttl": null,
                    "length": 16,
                    "prevalence": 0.000006840881105486387,
                    "uniqueness": 1
                },
                "MOBYLOGTracking_Params_u_500789": {
                    "ttl": 157680014,
                    "length": 40,
                    "prevalence": 0.000006840881105486387,
                    "uniqueness": 1
                },
                "MOBYLOGTracking_Params_t_500789": {
                    "ttl": 1814,
                    "length": 40,
                    "prevalence": 0.000006840881105486387,
                    "uniqueness": 1
                },
                "MOBYLOG_ra_500789": {
                    "ttl": 157680014,
                    "length": 1,
                    "prevalence": 0.000006840881105486387,
                    "uniqueness": 1
                },
                "MOBYLOG_sv_500789": {
                    "ttl": null,
                    "length": 16,
                    "prevalence": 0.000006840881105486387,
                    "uniqueness": 1
                }
            },
            "firstPartyCookiesSent": {},
            "exampleSites": [
                "rekordbox.com",
                "www.bellemaison.jp",
                "www.digimart.net",
                "www.kaldi.co.jp"
            ]
        },
        {
            "rule": "mobylog\\.jp\\/xd_plugin\\.js",
            "cookies": 0,
            "fingerprinting": 0,
            "subdomains": [
                "log1"
            ],
            "apis": {},
            "sites": 4,
            "prevalence": 0.0000274,
            "cnames": [],
            "responseHashes": [
                "e22e5f3f92f63b1a398e9b9c3cdbe0037b83e534ce2ced33fd5e5ff2fecf3073"
            ],
            "type": "Script",
            "firstPartyCookies": {},
            "firstPartyCookiesSent": {},
            "exampleSites": [
                "rekordbox.com",
                "www.bellemaison.jp",
                "www.digimart.net",
                "www.kaldi.co.jp"
            ]
        },
        {
            "rule": "mobylog\\.jp\\/msb\\.php",
            "cookies": 0,
            "fingerprinting": 0,
            "subdomains": [
                "log1"
            ],
            "apis": {},
            "sites": 3,
            "prevalence": 0.0000205,
            "cnames": [],
            "responseHashes": [
                "e1e4fb73a0ee2b43f451d8055ebf13eef1ee39dc32f0af4ea31402b3aabfa4f2",
                "c3a3f4ae3daf16ecc1ed0bd4722040cd27316af50ea96973c7764776f358024f"
            ],
            "type": "Script",
            "firstPartyCookies": {},
            "firstPartyCookiesSent": {},
            "exampleSites": [
                "rekordbox.com",
                "www.digimart.net",
                "www.kaldi.co.jp"
            ]
        },
        {
            "rule": "mobylog\\.jp\\/dot\\.php",
            "cookies": 0.0000205,
            "fingerprinting": 0,
            "subdomains": [
                "log1"
            ],
            "apis": {},
            "sites": 3,
            "prevalence": 0.0000205,
            "cnames": [],
            "responseHashes": [
                "25479a250fbceb448aa566218c2098a0c371bc72d8bb65023b4a019a6a0b04c1"
            ],
            "type": "Image",
            "firstPartyCookies": {},
            "firstPartyCookiesSent": {},
            "exampleSites": [
                "rekordbox.com",
                "www.digimart.net",
                "www.kaldi.co.jp"
            ]
        }
    ],
    "categories": [],
    "performance": {},
    "cookies": 0.0000274,
    "topInitiators": [
        {
            "domain": "first party",
            "prevalence": 0.6
        },
        {
            "domain": "googletagmanager.com",
            "prevalence": 0.4
        }
    ],
    "types": {
        "Script": 11,
        "Image": 3
    },
    "nameservers": [
        "dns2.directorz.jp",
        "dns1.directorz.jp"
    ]
}