{
    "domain": "myibtimes.com",
    "owner": {},
    "source": [
        "DuckDuckGo-US"
    ],
    "prevalence": 0.000123,
    "sites": 18,
    "subdomains": [
        "stats"
    ],
    "cnames": [],
    "fingerprinting": 0,
    "resources": [
        {
            "rule": "myibtimes\\.com\\/tool\\/ivtcheck",
            "cookies": 0,
            "fingerprinting": 0,
            "subdomains": [
                "stats"
            ],
            "apis": {},
            "sites": 11,
            "prevalence": 0.0000752,
            "cnames": [],
            "responseHashes": [
                "efa9af63fc156d13b018cf89b01001628740503e90e8549b0ef2095b4494162b",
                "ba0b54ebecbdb3e1874eec0eed10c872d78013c332d6596fbad4834af8e88753",
                "b7a526a203678638dd5cf134a67c3c6e56362a0043ea1a577f78c2d8cd52548b",
                "677feb16a3fc722635c9d772345589307ceb9937f8fd2b2af39c22b3e2ce4d77",
                "a11d14da780767788e6be0d71fc8036f1ac09e9b248399507ae367b47942c14c",
                "72684ab5960ec0ec59c268b669f7ab2aa4b0aebe0c49d0525c6a6c41b09e6f5c",
                "743c8b36be9228da0cdec6c2aed5fab9008416127e285535a256f32a53baf61a",
                "89471d0906d3021bf62b0f486e82d81c4d77e4581bb98cb093c027719d9751b0",
                "b833fe9970c88bdc931f279f0ce866ab891bfe86ba0fb224e624198f33d3b064",
                "9d078363f80afcef8b5214b326f44e0e241f113f04a4dbc2bf2bdeaf53c63b0f"
            ],
            "type": "Script",
            "firstPartyCookies": {},
            "firstPartyCookiesSent": {},
            "exampleSites": [
                "enstarz.com",
                "www.enstarz.com",
                "www.ibtimes.com",
                "www.ibtimes.co.uk",
                "www.kpopstarz.com",
                "www.latintimes.com",
                "www.lawyerherald.com",
                "www.medicaldaily.com",
                "www.musictimes.com",
                "www.sciencetimes.com",
                "www.techtimes.com"
            ]
        },
        {
            "rule": "myibtimes\\.com\\/counter\\/article",
            "cookies": 0.0000752,
            "fingerprinting": 0,
            "subdomains": [
                "stats"
            ],
            "apis": {},
            "sites": 11,
            "prevalence": 0.0000752,
            "cnames": [],
            "responseHashes": [
                "2ec0b21f417bbe2beccc0a0fdc58fd9b26c97958897c46c07185ad3d97be9f48"
            ],
            "type": "Script",
            "firstPartyCookies": {},
            "firstPartyCookiesSent": {},
            "exampleSites": [
                "enstarz.com",
                "www.enstarz.com",
                "www.ibtimes.com",
                "www.ibtimes.co.uk",
                "www.kpopstarz.com",
                "www.latintimes.com",
                "www.lawyerherald.com",
                "www.medicaldaily.com",
                "www.musictimes.com",
                "www.sciencetimes.com",
                "www.techtimes.com"
            ]
        }
    ],
    "categories": [],
    "performance": {},
    "cookies": 0.000123,
    "topInitiators": [
        {
            "domain": "first party",
            "prevalence": 1
        }
    ],
    "types": {
        "Script": 22
    },
    "nameservers": [
        "ns-1987.awsdns-56.co.uk",
        "ns-1483.awsdns-57.org",
        "ns-424.awsdns-53.com",
        "ns-633.awsdns-15.net"
    ]
}