{
    "domain": "myrepai.com",
    "owner": {},
    "source": [
        "DuckDuckGo-US"
    ],
    "prevalence": 0.000178,
    "sites": 26,
    "subdomains": [
        "server"
    ],
    "cnames": [],
    "fingerprinting": 0,
    "resources": [
        {
            "rule": "myrepai\\.com\\/web\\/load",
            "cookies": 0.000144,
            "fingerprinting": 0,
            "subdomains": [
                "server"
            ],
            "apis": {},
            "sites": 21,
            "prevalence": 0.000144,
            "cnames": [],
            "responseHashes": [
                "f07ce2137dde74ad594066d3781689c52bf823d361c6053d9e1616ac032c5cb8",
                "91ece858e6a28d47390ecc047394cf2ac79b1dd493a2f253681b1c5577f0b84b",
                "dacb567dc0fd53adeefb17b6e28d7a271e5762e8b8a191194e683a080e805ea4",
                "4a3669fca165b346d034d7dd297222a2b3d21fa748211114d5f5b02c8a088490",
                "093c6590d3d3ee5e1bd94df0edabe67c7b5ba416162bb04e4fcc02289bd1f9db",
                "bbaf8543db9f44a662b4d4f08288e808d7e556792e54e8e8099d53e1b49681d5",
                "236d12147417588807d0f561b6300366292556a633462f077c6e765fc195ed54",
                "a857ee4e51eb87c25a0b5998b075222337c71d393356e3f4a1ebf4ccbf4fbf29",
                "5e0c01d99f83a4075db252543b6f56d7bf8131350e3236dd4ae8fdb8c27510fe",
                "6375dcb8806f8d7ebee36b8fd981acbcc78716f6cf9d0faa3a5234f282dbaba6",
                "9517708ade15031aae095ebf77bebb71515c8f4358720b3c637b8f80f71ee282",
                "c0b9ca71ea7e656b60e846c65b753aad872cf702fd609fe596b167ee30fe5bc1",
                "04b3cccac83ab7e6e0f4552e642c3937b6c0af95cf826884dfc30c9855e48524",
                "2aaf94e71ec5045fec467ce585dc32f25e57f8650a644826bc60664847c6b9b7",
                "f9233458530c266ae9b70198bb41e37de843a5d974298baff4d18e610139904b",
                "f5e425a3fd9ab7e46ac730be49efe1dd660dc47f0ee2440e6bb0558afa02adc3",
                "e67fd76416ba8191eb3ffccdc63b4a11a385c756f280de867f296fdeb6b8a37f",
                "db1555dacb4c3beb6a7d4b4f97526a4d8857ea921889f5545cb22a4c75b5d0bc",
                "7afd18763f6f4e4f5dee313b451abf46ff92eee4c144d8eec29394655ca6f54b",
                "4c2815ee71440bce6944cdd7cf3e13d4ea02b7ac19e9f30d224cba8773808090"
            ],
            "type": "Fetch",
            "firstPartyCookies": {},
            "firstPartyCookiesSent": {
                "_li_dcdm_c": 0.000027363524421945548
            },
            "exampleSites": [
                "trycreate.co",
                "www.vitalsleep.com",
                "www.batterytender.com",
                "bornprimitive.com",
                "www.unclaimedbaggage.com",
                "protectwithbear.com",
                "www.miabellebaby.com",
                "minimalcompany.com",
                "seelbachs.com",
                "www.helidirect.com",
                "www.harney.com",
                "plunge.com",
                "www.seatcoversolutions.com",
                "www.incase.com",
                "renuebyscience.com",
                "fuller.com",
                "wisephone.com",
                "exoticwoodzone.com",
                "www.underoutfit.com",
                "coverland.com"
            ]
        },
        {
            "rule": "myrepai\\.com\\/web\\/load",
            "cookies": 0.000144,
            "fingerprinting": 0,
            "subdomains": [
                "server"
            ],
            "apis": {},
            "sites": 21,
            "prevalence": 0.000144,
            "cnames": [],
            "responseHashes": [],
            "type": "Preflight",
            "firstPartyCookies": {},
            "firstPartyCookiesSent": {
                "_li_dcdm_c": 0.000027363524421945548
            },
            "exampleSites": [
                "www.incase.com",
                "www.miabellebaby.com",
                "trycreate.co",
                "protectwithbear.com",
                "plunge.com",
                "exoticwoodzone.com",
                "fuller.com",
                "www.batterytender.com",
                "theperfectjean.nyc",
                "www.vitalsleep.com",
                "bornprimitive.com",
                "renuebyscience.com",
                "www.underoutfit.com",
                "www.harney.com",
                "minimalcompany.com",
                "wisephone.com",
                "seelbachs.com",
                "www.helidirect.com",
                "www.unclaimedbaggage.com",
                "coverland.com"
            ]
        },
        {
            "rule": "myrepai\\.com\\/web\\/events",
            "cookies": 0.000116,
            "fingerprinting": 0,
            "subdomains": [
                "server"
            ],
            "apis": {},
            "sites": 17,
            "prevalence": 0.000116,
            "cnames": [],
            "responseHashes": [
                "9473adc3c93c2e4c47b6931e66d6952fff07fa9392c5d1aed217811e7242ebc9",
                "fef827b86a6ee2aabf291877b59ffc5a15b3c7187dae712d7b5644f6912f0f5a",
                "10216755c773e9f47c7b8696c05fe8e70028b2d66cc75efed7c04c2703bb961a",
                "5ec260e7dfaf30968ebd7f15d44be2378914fd084fe738444ea4344bcfd53ee6",
                "7e8ad72e06519ba6c39b317126c06d0e8765959f97caaeb653727aee8955bd71",
                "bec6fad31b08a75d6889f20fa481f770bb58241c2e4723a71709ee400e8fe293",
                "d8324390cb22be3e87bbf79f4003d9dbbd7591296ecce2213c516cddca7cc12c",
                "b2f007b0a8bbf4d9d263187e992c7be096c88eb9f711d8a245dec68cb6761d21",
                "007fc9ccc8d1417780930495c4dfe6a7be78fc2b71b6cf9bf86bd55c361ae965",
                "7bbf2173e738b76e56800cd574f9508d077f5b937da403138fc3b5fbdf9f09cb",
                "5569137ebc82572b8887238c8cfb777574285b4d7d30455d56354d03e4d61bef",
                "ff17e31e20d7538940766a52fa844023544c6d6eb061e6b557642408555a4c40",
                "ee5206829068bbbd9e90923e4a56b70872984a47be2a3678b16468e02192e97c",
                "165406ae7057b1b2f759c98475ae9e6420dde7fdeb52c4921f3595022292cbd3",
                "d1722ccf5bc84154cc1fb754d382ec0d841264e8df642fcc540edf1ebf0c1b39",
                "576967f722db7401d730f3651937fc48ac9203657d5a9701b6f404859e378b5d"
            ],
            "type": "Fetch",
            "firstPartyCookies": {},
            "firstPartyCookiesSent": {},
            "exampleSites": [
                "bornprimitive.com",
                "exoticwoodzone.com",
                "fuller.com",
                "minimalcompany.com",
                "plunge.com",
                "protectwithbear.com",
                "renuebyscience.com",
                "seelbachs.com",
                "theperfectjean.nyc",
                "trycreate.co",
                "wisephone.com",
                "www.batterytender.com",
                "www.harney.com",
                "www.incase.com",
                "www.seatcoversolutions.com",
                "www.underoutfit.com",
                "www.vitalsleep.com"
            ]
        },
        {
            "rule": "myrepai\\.com\\/web\\/events",
            "cookies": 0.000116,
            "fingerprinting": 0,
            "subdomains": [
                "server"
            ],
            "apis": {},
            "sites": 17,
            "prevalence": 0.000116,
            "cnames": [],
            "responseHashes": [],
            "type": "Preflight",
            "firstPartyCookies": {},
            "firstPartyCookiesSent": {},