{
    "domain": "nationalworld.com",
    "owner": {},
    "source": [
        "DuckDuckGo-US"
    ],
    "prevalence": 0.000185,
    "sites": 27,
    "subdomains": [
        "id"
    ],
    "cnames": [],
    "fingerprinting": 0,
    "resources": [
        {
            "rule": "nationalworld\\.com\\/id\\/api\\/v1\\/identity\\/token\\/verify",
            "cookies": 0,
            "fingerprinting": 0,
            "subdomains": [
                "id"
            ],
            "apis": {},
            "sites": 23,
            "prevalence": 0.000157,
            "cnames": [],
            "responseHashes": [
                "8d437d2299aa1c891d12ae4e48e47703e17c04af8943fd0f95280fde6208f702",
                "34173f40cdf36454dfff93ef6afe20ddf3200c77285cb2bed39badaaebf0f023",
                "9fcaa9b0a97b2d2075d73ecb9f2b0a0710ee8dcecbb92dd178bd3b1381704099",
                "e49ce44161edaa64bec66370ae7229071a6be4bb07b07ae7d9549e974750fc03",
                "f7bbfe6ad082845b80ea31ff22c3fabf9bfe9301dd61fe0ffd2d806e84ea4c7d",
                "a513682ec7a5e8782f900aba6a29fa57ff41caaf66995e0bfb70e837875c08dd",
                "e3ed54ad77338768739f71be1ca7384b03f7f38c912e9caa7838242b812168da",
                "3e5530df3dfb7dbd3933572c06657847b5b80450a2d3718be38c96eb2f64a825",
                "f29d16aae2d71d88e8ea33363fef0f11d6dc7f7828c09f8ebe027857141ad542",
                "399e25ac83eab60ecb40820c9e989d8f6cf8afebb9e93feea2a27b111a67e0bc",
                "6391677a5b275d8fec8ed3bd483bcc656ea11d329b763a5981998ad3e6314a53",
                "b713bb95acc5ff0f400c1cf61008b15e5f6df99aa30629fc1c1467e9154d6382",
                "19afcc58d3575e93b597e71f56f6a5aa25173ad435852eb9581e08f12e966a2b",
                "aee98b635e96ca120f1a9656c730d081758c98e4571b504fd15caf2627c18d72",
                "8eddd204b1b655e5ddb18ecd0c01a7633bebc63a1d74c34f4e7819298260c24a",
                "0a68dcd5c63b284ac1947920f0e4323214a1c8ba3c6d791f0960693122aed7b4",
                "d4dfc3c52388378a3f9489039cdda094d84187c4ae522bfd31c787ea484b3cd9",
                "b47762c30de19befa0b8d288daeaef6026ea9dd6571b4d0ddb5efd0b08b6ffd8",
                "c1fd8c152282c1da632783f6605dffd8ffc00770557a0ff755b49f50f53d30a6",
                "58dc8ee3a4765fb11f12a004c586a58f63f5cd376e049b589fa8d204478ca98e"
            ],
            "type": "Script",
            "firstPartyCookies": {},
            "firstPartyCookiesSent": {
                "__pid": 0.00013681762210972773,
                "cX_P": 0.0001436585032152141,
                "lotame_domain_check": 0.00006156792994937747
            },
            "exampleSites": [
                "www.glasgowworld.com",
                "www.wigantoday.net",
                "www.londonworld.com",
                "www.shieldsgazette.com",
                "www.lep.co.uk",
                "www.northamptonchron.co.uk",
                "www.sussexexpress.co.uk",
                "www.liverpoolworld.uk",
                "www.yorkshireeveningpost.co.uk",
                "www.yorkshirepost.co.uk",
                "www.blackpoolgazette.co.uk",
                "www.halifaxcourier.co.uk",
                "www.portsmouth.co.uk",
                "www.newsletter.co.uk",
                "www.doncasterfreepress.co.uk",
                "birminghamworld.uk",
                "www.thestar.co.uk",
                "www.edinburghnews.scotsman.com",
                "www.manchesterworld.uk",
                "www.sunderlandecho.com"
            ]
        }
    ],
    "categories": [],
    "performance": {},
    "cookies": 0.00000684,
    "topInitiators": [
        {
            "domain": "tinypass.com",
            "prevalence": 0.6097560975609756
        },
        {
            "domain": "first party",
            "prevalence": 0.3902439024390244
        }
    ],
    "types": {
        "Script": 23
    },
    "nameservers": [
        "ns-cloud-c1.googledomains.com",
        "ns-cloud-c3.googledomains.com",
        "ns-cloud-c4.googledomains.com",
        "ns-cloud-c2.googledomains.com"
    ]
}