{
    "domain": "negate.io",
    "owner": {},
    "source": [
        "DuckDuckGo-US"
    ],
    "prevalence": 0.000438,
    "sites": 64,
    "subdomains": [
        "sapi"
    ],
    "cnames": [],
    "fingerprinting": 3,
    "resources": [
        {
            "rule": "negate\\.io\\/script",
            "cookies": 0,
            "fingerprinting": 0,
            "subdomains": [
                "sapi"
            ],
            "apis": {},
            "sites": 21,
            "prevalence": 0.000144,
            "cnames": [],
            "responseHashes": [
                "dbdfecdae360b56d6ff24818ebeb0650ff82e56f165ad0b474708bff9ce70005",
                "b35892d52fe97664338530bfb20037bba81e0670f3c7882b0416c8567418a973",
                "40d4f4e5dc11e5eb88785b678d72a546bebca0456abca8f7d8e8342f16adff88",
                "859baa7060db26449c2bce83cf1f3a679b342736f60f65b19a8c419b23507a9a",
                "b6fe22aa5df5620eeae55b1eff481edb29838d2f7b15b7a1b3faac719cde92e6",
                "1c9342ce104a519ecfe6b1988b24d8aab643f1fdf95db73c1f504a8706db8f3c",
                "822e3fb7592c6d311c315d30553557d310017f2c73a58744aaa7faff033069e6",
                "a62717b8c6be2b266e445598d355aa6b9f1f9adb75ef2e2ef36bf5fca41be7ae",
                "5d8c47db3cc72e2cd0a524ebc4a74d718926f5d91a93dd2ddbc2819dc6cdd18b",
                "b7c50242a1bfb472c28a54e5a50858ee0b64a2e462c1357e56c6ff28e0c29d78",
                "3092e0b8ee9d984ceed15794f9bf73b2c36a6c399b810e14161bd8fa2964da7e",
                "d2090d2dc532ee976234d352ef78cb7f60bb9477ef4d9dddb556529d3a5a041a",
                "acc0d7419f6e98a2d48ab9c278456e7a80c37d890f4ff3482b87f0141a4cd143",
                "3f8ecae76d79d265104aa6feec220c919117274270b5350a49931e80466e7497",
                "db0c91e9b406acc331121ee0723b35fdf42a85dd9e32703832148b36bec43674",
                "161267b8ae183fe9483f02d91f4ba716179503ffd925a8b4febdc843f430d626",
                "4421388d7b47703951bac53c995279c1a7f26de4c5e4ca2d7efb002edde0bb94",
                "6ee0a4f6e968a0bc89517573674f717919d667fd8f18cbe6c79c063cb6e9dcb6",
                "920c6208eb1bc33fb4cf898745c786853ce8fa719b362f8999e126aec5d9f4b3",
                "7c5a90e05e27924bbdf938f3fe36b432675c247ddddaef5f1ae4827142575196"
            ],
            "type": "Fetch",
            "firstPartyCookies": {},
            "firstPartyCookiesSent": {},
            "exampleSites": [
                "www.atbbq.com",
                "www.cobra.com",
                "troyleedesigns.com",
                "www.savoryspiceshop.com",
                "lairdsuperfood.com",
                "vapejuice.com",
                "burley.com",
                "tacomabeast.com",
                "www.shopvac.com",
                "sprinklersupplystore.com",
                "www.mcdavidusa.com",
                "www.duromaxpower.com",
                "lindas.com",
                "yakima.com",
                "www.armedforcesgear.com",
                "www.cornbreadhemp.com",
                "shop.equalexchange.coop",
                "thefitville.com",
                "factorypure.com",
                "www.inlinetube.com"
            ]
        },
        {
            "rule": "negate\\.io\\/script",
            "cookies": 0,
            "fingerprinting": 0,
            "subdomains": [
                "sapi"
            ],
            "apis": {},
            "sites": 21,
            "prevalence": 0.000144,
            "cnames": [],
            "responseHashes": [],
            "type": "Preflight",
            "firstPartyCookies": {},
            "firstPartyCookiesSent": {},
            "exampleSites": [
                "factorypure.com",
                "sprinklersupplystore.com",
                "shop.equalexchange.coop",
                "www.shopvac.com",
                "www.armedforcesgear.com",
                "troyleedesigns.com",
                "thefitville.com",
                "travelpro.com",
                "www.duromaxpower.com",
                "www.atbbq.com",
                "www.savoryspiceshop.com",
                "www.cobra.com",
                "burley.com",
                "lindas.com",
                "www.inlinetube.com",
                "www.cornbreadhemp.com",
                "vapejuice.com",
                "yakima.com",
                "tacomabeast.com",
                "lairdsuperfood.com"
            ]
        },
        {
            "rule": "negate\\.io\\/script\\/x5iql77ZM\\/+b7BFxJ+ilXg==",
            "cookies": 0,
            "fingerprinting": 0,
            "subdomains": [
                "sapi"
            ],
            "apis": {},
            "sites": 2,
            "prevalence": 0.0000137,
            "cnames": [],
            "responseHashes": [
                "6f7d6e94b1e3956d74e1050f08728be22ea5b617b90803a0e13e2a6a3660a2fd"
            ],
            "type": "Script",
            "firstPartyCookies": {},
            "firstPartyCookiesSent": {},
            "exampleSites": [
                "escortradar.com",
                "www.escortradar.com"
            ]
        },
        {
            "rule": "negate\\.io\\/script\\/pVMSwV+wr9TK8eZuKiehaA==",
            "cookies": 0,
            "fingerprinting": 0,
            "subdomains": [
                "sapi"
            ],
            "apis": {},
            "sites": 2,
            "prevalence": 0.0000137,
            "cnames": [],
            "responseHashes": [
                "e3b0c44298fc1c149afbf4c8996fb92427ae41e4649b934ca495991b7852b855"
            ],
            "type": "Script",
            "firstPartyCookies": {},
            "firstPartyCookiesSent": {},
            "exampleSites": [
                "miraclesuit.com",
                "www.miraclesuit.com"
            ]
        },
        {
            "rule": "negate\\.io\\/script\\/deXC3GBZsPnRqkr7hAvbig==",
            "cookies": 0,
            "fingerprinting": 0,
            "subdomains": [
                "sapi"
            ],
            "apis": {},
            "sites": 2,
            "prevalence": 0.0000137,
            "cnames": [],
            "responseHashes": [
                "e3b0c44298fc1c149afbf4c8996fb92427ae41e4649b934ca495991b7852b855"
            ],
            "type": "Script",
            "firstPartyCookies": {},
            "firstPartyCookiesSent": {},
            "exampleSites": [
                "lezyne.com",
                "ride.lezyne.com"
            ]
        },
        {
            "rule": "negate\\.io\\/script\\/T7kFoyrrL8biRAdF31nEHg==",
            "cookies": 0,
            "fingerprinting": 3,
            "subdomains": [
                "sapi"
            ],
            "apis": {
                "window.localStorage": 2,
                "Navigator.prototype.mediaDevices": 2,
                "MediaDevices.prototype.enumerateDevices": 2,
                "Navigator.prototype.userAgent": 2,
                "Navigator.prototype.webdriver": 2,
                "Navigator.prototype.language": 2,
                "Screen.prototype.colorDepth": 2,
                "Navigator.prototype.deviceMemory": 2,
                "window.devicePixelRatio": 2,
                "Screen.prototype.width": 2,
                "Screen.prototype.height": 2,
                "Screen.prototype.availWidth": 2,
                "Screen.prototype.availHeight": 2,
                "Date.prototype.getTimezoneOffset": 2,
                "window.sessionStorage": 2,
                "window.indexedDB": 2,
                "Navigator.prototype.platform": 2,
                "Navigator.prototype.doNotTrack": 2,
                "Navigator.prototype.languages": 2,
                "Navigator.prototype.maxTouchPoints": 2,
                "Navigator.prototype.productSub": 2,
                "Navigator.prototype.plugins": 2
            },
            "sites": 2,
            "prevalence": 0.0000137,
            "cnames": [],
            "responseHashes": [
                "4df45b602d4c798e2654ad93144cc825e70e88f8be6fc4522355618fd42a611a"
            ],