{
    "domain": "neuwo.ai",
    "owner": {},
    "source": [
        "DuckDuckGo-US"
    ],
    "prevalence": 0.0000958,
    "sites": 14,
    "subdomains": [
        "m1api"
    ],
    "cnames": [],
    "fingerprinting": 0,
    "resources": [
        {
            "rule": "neuwo\\.ai\\/edge\\/GetAiTopics",
            "cookies": 0,
            "fingerprinting": 0,
            "subdomains": [
                "m1api"
            ],
            "apis": {},
            "sites": 8,
            "prevalence": 0.0000547,
            "cnames": [],
            "responseHashes": [
                "5447ed1eb2fc494947d3d3f6334d1fb9aab8ad812d9ce3836df6d3e4f200930f",
                "e6ca0f2b8c4fb2ab831149a8e9aeb869e3d37613e168440f1b0c01419e19a07d",
                "6a977c4d0c9722a95a7688884974ca75f9c1704f151cf46036d4d34e51ad74ce",
                "dec6069bb99091ea079933fb8806300cdd186441abd5e20120ba91d377d78c53",
                "e4a80ca30937dda541f273ef703689267eb0bc77d1ed3e48443c891d2911b462",
                "d4657ec985d378f2325a5809d16e893b80a3a4807d23b6a79ca7181f46e51f5b",
                "ae2cc56588ded2c9edf40bfe371385c1e297711b791ae3889a517f109da0a555"
            ],
            "type": "XHR",
            "firstPartyCookies": {},
            "firstPartyCookiesSent": {},
            "exampleSites": [
                "futisforum2.org",
                "herkuttelija.fi",
                "keskustelu.suomi24.fi",
                "www.anninuunissa.fi",
                "www.asiakastieto.fi",
                "www.lily.fi",
                "www.suomi24.fi",
                "www.verkkouutiset.fi"
            ]
        },
        {
            "rule": "neuwo\\.ai\\/edge\\/GetAiTopics",
            "cookies": 0,
            "fingerprinting": 0,
            "subdomains": [
                "m1api"
            ],
            "apis": {},
            "sites": 6,
            "prevalence": 0.000041,
            "cnames": [],
            "responseHashes": [
                "7b7c45f13dfd228147864878dde787e1ce0d9a22349fa56f6a9397815bc30f48",
                "98f3b2a268b17f45dfd49e415a69242a4751f1b95364ccc882bd3ef48b054342",
                "0599b828ac5109e242455c10cc34ffb8c9faa18b349374cb50ec7caa43aa2e8b",
                "d2d113879e2793cefe24c87c0df5edbf930d8de9cae59b3ca64211fa8ceed194",
                "b0bf110fe8dae00dbbf741daadfd92200ae1a8f5b5c15a1ab441bdc1ac273d9a"
            ],
            "type": "Fetch",
            "firstPartyCookies": {},
            "firstPartyCookiesSent": {},
            "exampleSites": [
                "madensverden.dk",
                "migogkbh.dk",
                "ugeavisen.dk",
                "www.guloggratis.dk",
                "www.lav-det-selv.dk",
                "www.tilbudsugen.dk"
            ]
        }
    ],
    "categories": [],
    "performance": {},
    "cookies": 0,
    "topInitiators": [
        {
            "domain": "lwadm.com",
            "prevalence": 0.5
        },
        {
            "domain": "tiqcdn.com",
            "prevalence": 0.35714285714285715
        },
        {
            "domain": "requestmetrics.com",
            "prevalence": 0.07142857142857142
        },
        {
            "domain": "relevant-digital.com",
            "prevalence": 0.07142857142857142
        }
    ],
    "types": {
        "XHR": 8,
        "Fetch": 6
    },
    "nameservers": [
        "dns3.louhi.fi",
        "dns1.louhi.net",
        "dns2.louhi.net"
    ]
}