{
    "domain": "notifyvisitors.com",
    "owner": {},
    "source": [
        "DuckDuckGo-US"
    ],
    "prevalence": 0.0000479,
    "sites": 7,
    "subdomains": [
        "www",
        "ext-api",
        "cdn",
        "events",
        "cdnp",
        "pushimages",
        "push"
    ],
    "cnames": [],
    "fingerprinting": 2,
    "resources": [
        {
            "rule": "notifyvisitors\\.com\\/ext\\/v1\\/settings",
            "cookies": 0.000041,
            "fingerprinting": 1,
            "subdomains": [
                "www",
                "ext-api"
            ],
            "apis": {
                "window.sessionStorage": 6,
                "Document.cookie getter": 6,
                "Date.prototype.getTime": 6,
                "Document.cookie setter": 6
            },
            "sites": 6,
            "prevalence": 0.000041,
            "cnames": [],
            "responseHashes": [
                "3f314c67addb8de70c784ff93052c40296bf17d274d2d4eb049f65af66b59511",
                "becf0732cb380dca6ab777eba3f6f01803d77090a35bcff303a3e1e0e1a55684",
                "2347ced42bb227b55504e191116adbb3f3aab517b07df722847b2e312b634f73",
                "2b174e98440937e66647b3dc79b05f49e19d1dbae92e8f8a8a8e74f781a912e1",
                "70943efcc877a6a6dbfd3a63bf48c6113814b5e43a818c047274a454b552c783"
            ],
            "type": "Script",
            "firstPartyCookies": {
                "_nv_sess": {
                    "ttl": 1805,
                    "length": 71,
                    "prevalence": 0.00004104528663291832,
                    "uniqueness": 1
                },
                "_nv_uid": {
                    "ttl": 63060005,
                    "length": 83,
                    "prevalence": 0.00004104528663291832,
                    "uniqueness": 1
                },
                "_nv_utm": {
                    "ttl": 1805,
                    "length": 276,
                    "prevalence": 0.00004104528663291832,
                    "uniqueness": 1
                },
                "_nv_hit_uid": {
                    "ttl": -86397,
                    "length": 1,
                    "prevalence": 0.00004104528663291832,
                    "uniqueness": 0.16666666666666666
                },
                "_nv_form_x": {
                    "ttl": -86397,
                    "length": 1,
                    "prevalence": 0.00004104528663291832,
                    "uniqueness": 0.16666666666666666
                },
                "_nv_banner_x": {
                    "ttl": -86398,
                    "length": 2,
                    "prevalence": 0.00004104528663291832,
                    "uniqueness": 0.3333333333333333
                },
                "_nv_did": {
                    "ttl": 63060005,
                    "length": 35,
                    "prevalence": 0.00004104528663291832,
                    "uniqueness": 1
                },
                "_nv_hit": {
                    "ttl": 15768009,
                    "length": 41,
                    "prevalence": 0.00004104528663291832,
                    "uniqueness": 1
                },
                "_nv_push_neg": {
                    "ttl": null,
                    "length": 1,
                    "prevalence": 0.000006840881105486387,
                    "uniqueness": 1
                }
            },
            "firstPartyCookiesSent": {
                "jarvis-id": 0.000013681762210972774,
                "_fbp": 0.000013681762210972774,
                "_gcl_au": 0.000027363524421945548,
                "lotame_domain_check": 0.000006840881105486387
            },
            "exampleSites": [
                "1mg.com",
                "www.1mg.com",
                "www.axisbank.com",
                "www.esakal.com",
                "www.hdfcbank.com",
                "www.vijaysales.com"
            ]
        },
        {
            "rule": "notifyvisitors\\.com\\/ext\\/js\\/nv-banner-upl\\.js",
            "cookies": 0.0000205,
            "fingerprinting": 2,
            "subdomains": [
                "cdn"
            ],
            "apis": {
                "Date.prototype.getTimezoneOffset": 3,
                "Screen.prototype.width": 3,
                "Screen.prototype.height": 3,
                "Navigator.prototype.userAgent": 3,
                "Navigator.prototype.cookieEnabled": 3,
                "Document.cookie getter": 3,
                "Document.cookie setter": 3,
                "window.sessionStorage": 3,
                "window.localStorage": 3,
                "window.innerHeight": 1
            },
            "sites": 3,
            "prevalence": 0.0000205,
            "cnames": [],
            "responseHashes": [
                "97b2d1645effc035ddf7e56ad1eb517aa0f25e44e4230797066071f8cdf3852a"
            ],
            "type": "Script",
            "firstPartyCookies": {
                "shw_13453": {
                    "ttl": 8176,
                    "length": 1,
                    "prevalence": 0.000013681762210972774,
                    "uniqueness": 0.5
                },
                "shw_28306": {
                    "ttl": 71477,
                    "length": 1,
                    "prevalence": 0.000006840881105486387,
                    "uniqueness": 1
                }
            },
            "firstPartyCookiesSent": {},
            "exampleSites": [
                "1mg.com",
                "www.1mg.com",
                "www.hdfcbank.com"
            ]
        },
        {
            "rule": "notifyvisitors\\.com\\/js\\/chosen\\/jquery_v3\\.js",
            "cookies": 0,
            "fingerprinting": 0,
            "subdomains": [
                "cdn"
            ],
            "apis": {},
            "sites": 3,
            "prevalence": 0.0000205,
            "cnames": [],
            "responseHashes": [
                "6150a35c0f486c46cadf0e230e2aa159c7c23ecfbb5611b64ee3f25fcbff341f"
            ],
            "type": "Script",
            "firstPartyCookies": {},
            "firstPartyCookiesSent": {},
            "exampleSites": [
                "1mg.com",
                "www.1mg.com",
                "www.hdfcbank.com"
            ]
        },
        {
            "rule": "notifyvisitors\\.com\\/user\\/notifications_v2\\/updateViews",
            "cookies": 0,
            "fingerprinting": 0,
            "subdomains": [
                "www"
            ],
            "apis": {},
            "sites": 3,
            "prevalence": 0.0000205,
            "cnames": [],
            "responseHashes": [
                "eaa16806d2d5c0b0da25cb81c42058ee7fe756028474297821dc33b70601b4ec",
                "886d3b5d73c32af3105cbf229c9275c2c9731a667d32385ea563cd3540cb332e"
            ],
            "type": "Script",
            "firstPartyCookies": {},
            "firstPartyCookiesSent": {
                "_nv_sess": 0.00002052264331645916,
                "_nv_uid": 0.00002052264331645916,
                "_nv_utm": 0.00002052264331645916,
                "_nv_did": 0.00002052264331645916
            },
            "exampleSites": [
                "1mg.com",
                "www.1mg.com",
                "www.hdfcbank.com"
            ]
        },
        {
            "rule": "notifyvisitors\\.com\\/ext\\/js\\/nv-anal-upl\\.js",
            "cookies": 0,
            "fingerprinting": 2,
            "subdomains": [
                "cdn"
            ],
            "apis": {
                "Date.prototype.getTimezoneOffset": 5,
                "Screen.prototype.width": 5,
                "Screen.prototype.height": 5,
                "window.sessionStorage": 5,
                "window.localStorage": 5,
                "Navigator.prototype.userAgent": 5,
                "Navigator.prototype.language": 5,
                "Document.cookie getter": 5
            },
            "sites": 5,
            "prevalence": 0.0000342,
            "cnames": [],