{
    "domain": "ntvpforever.com",
    "owner": {},
    "source": [
        "DuckDuckGo-US"
    ],
    "prevalence": 0.00259,
    "sites": 379,
    "subdomains": [],
    "cnames": [],
    "fingerprinting": 0,
    "resources": [
        {
            "rule": "ntvpforever\\.com\\/keywords",
            "cookies": 0,
            "fingerprinting": 0,
            "subdomains": [],
            "apis": {},
            "sites": 301,
            "prevalence": 0.00206,
            "cnames": [],
            "responseHashes": [],
            "type": "Preflight",
            "firstPartyCookies": {},
            "firstPartyCookiesSent": {},
            "exampleSites": [
                "feelex.fun",
                "masahub.com",
                "www.kingbokep.mom",
                "toiletpov.com",
                "aivt.fr",
                "craftworldgame.com",
                "fsiblog.info",
                "speedporn.net",
                "topdevka.com",
                "www.sexychan.org",
                "chotigolpo.net",
                "novamanga.com",
                "theleelacottages.com",
                "xtapes.me",
                "nudisto.eu",
                "zebawy.com",
                "www.xasiat.com",
                "sadovids.com",
                "thothub.mx",
                "www.hispasexy.org"
            ]
        },
        {
            "rule": "ntvpforever\\.com\\/keywords",
            "cookies": 0,
            "fingerprinting": 0,
            "subdomains": [],
            "apis": {},
            "sites": 301,
            "prevalence": 0.00206,
            "cnames": [],
            "responseHashes": [
                "fde7d36f453bb590121869961a43f2b35e60d8f9ba54dbf5812ea33ac00c6630",
                "fe2e66f39328a33092d1a3d588e43bf7b4521c25a49661f62bce1fbe37c8a590",
                "080040b4937f3f423f32cd7f19b2a79ba1e1e213f1d9f4f4db4f609d4ad778d8",
                "94fce3e73a0695c10004f61d6d445ff4817b228ff59c80487107121873ea96fd",
                "4854355618039810d9a6731458092feb626c49df02929fd049d49631779f85ec",
                "0ae7ff16fd0a61e400c7938da9bb10d7cbb68b4bff319c3e4367e598785b159f",
                "291d014dfc78317c6c03c9867e084ee0ed537e739cfe706e4ce66da09b23954c",
                "24b3d20bd504637ab03324874feb74b5730a18e4385ac98f273a9bf99f01b7ea",
                "9f0e7cbbe4e8ee851ba85e5559d7d711e0fc1d440579b1d69e8afac94274d0f5",
                "07d4bd22de0165e66aab60d0617f369f6f8d9db6f0cb18bbae6282bbb0149e98",
                "4c7d996ddffabca7f5a8fba7c3fa72a41f041ba7f96dfdbbd1818ec884aec396",
                "2766ae2bcd083f96d4bb0d908de35c83402977533819b0fe3c6c1d7206370d35",
                "f203cd629b80d28c49e4ae5ad1a7535e5edbb9d7d05a738a94dd200c916af30e",
                "7a25509394a17ae923f23e222e822e064dfae5c1d2f8a15f2929327b68e67014",
                "58a7ec5ff39cece1e22cb8009e67484729591167dbfb65755c9f704f24f94711",
                "3f5ac0da1e49f4a45f302af6faca03de7cbfc050df44ad8c682de5ca80fac611",
                "815de9f32c2d18413aabbce44b7bd22738ff7c9540c60fa14453eda80e0e346b",
                "f77c053f87dd09a528de91ec9f6b01d1086775f46e944c2d42e51e541f42db05",
                "d76f16a52230bfca441664f467248605cf818ccff5a9d8c9ab37e3615c067ab4",
                "93523d146bb19887e31a0e0f52a313c0657915a990c67e5612ad7cdac2a55582",
                "27acab35a4f59832d64701c35e3ff4eafa585ec6cf5e55cc82897a8c619da72e",
                "be1d9d457ab82bfdf70d4d6fbd8813d21b0fcce9bbdc5ac3c34ba82af780117b",
                "6ae927d5ef305b5d73e2b616e16cda5fdcc8a24adb753c0cc733ca8d17c043bf",
                "dab9023ccaf7e8bcae42ed1f585e87ab38c02102e30b94db529182bd374be227",
                "f4fae1485b7e30416d2f999b7cf73803f796d02adef6441ddb9c416a58acab2e",
                "1416d3b24d4d4dcedb713305082000e559c1212d7e7c58cec7acc7848e1d17fa",
                "06d42bfe49c643867eeee24d8fe68bbee056f10eb5d52962722b27094b154643",
                "3b91da9b027cfd5e8d7ea9b868dad1164cfe245a228246231aaa26eb095c7d92",
                "41fb6931dafb8e11363bbf39776df146f4823b326f5e4a889adf0c4b3b1c99b6",
                "e4d769350a2dd615800efceaaade3999e331084bcbc3ed930ee71af566028b56",
                "0715101ea5ce227c716ab51d2d485aa1de82480c8c21cc5c9164018126bf9b1f",
                "e45892532dfa7960b60625a92384b36a0fe8fda760b58174078d7ff2613cdd0c",
                "c7c3df79bbd11375feb46a947ac7fa66f733f20e4d162cf3a55ba35a702b9bfa",
                "5d994e1aea1b49d06967a93039415d293de53779b8c6bb8b91f25980473b7f6c",
                "3d6a8feabbcd9590ad2b949364cbed1bcc40d9964be1ec732d548c5e1c2f5e98",
                "f12983054ccc24459e1e8707a9ec0ae58d59b63143474395769b0f7d52a79f3a",
                "00559071aba2248f9e961b00e4185409bf8ff561cb5ef46e0e92adb5edf7050a",
                "eb86ad72a45734dbe0968ed3783ca89a56031ec6ecd5948ccc87ae4d527f8853",
                "66585e4cbc9e5e4433f91014722569a2ceb19d29963f1b7ca817b7701bf3f599",
                "67394f9e81d5614630b1ce78495488ac90b198bcb53f397fd6671eaf470a636a",
                "f786aca5f9b7ecc9324e125b30334d696901c0be6c33a2abc852621b4859d3f8",
                "8d207b890e5e28763c362152cc687976525ced8dda9b4e759a1511f55602a286",
                "edf907759c2e057d2797a3d1b9572d7ce7cc0b1782e3dca1d023001598e07234",
                "b46eb85ea53d86061abb93352c02c3140b5bc32bbebb8e9d998e759b9e604f3d",
                "8262697fddd3868e195c8e45693ae3a36a7c8d84dee770daabfeef992b3e4e2a",
                "bdaaf974cf066f0a68c2ebfc387fe961c6112bba120558ddfdab148ba464f125",
                "0a72faf4444934063c204bc94e023ca5229940f8a0e4edc613ff3c91d55a0dc3",
                "de1a90687b1ecc47104227c3f66ab70478d728f0da793f96767988cf3e8e4372",
                "cf051ad1c3c29821aea2a6d726fbace62e2deea4695313c1f20c0e8ae9eaaba9",
                "6964d64d666b0b6d174955b0b80b160cc0483058f3d1ead5e29a0d0f84cb1f04",
                "6472104844b8daa9146b63540fb3a18a0fee5a51973b9c4496eeb6d0ce80faad",
                "9508fe1c8035c394365d905c380f2be8e2ff271cdc71581c4e0bfa52087c1a52",
                "611e2485f8bb6f5a89dd96a03ed4806fb92e38e873f0086dd23ef15cecf9108e",
                "8f681cb9c16ce7cd5858ed09e930266c2ec6f133ce506824a64a60584fc6fb7d",
                "0ee58d34c821ce81b13f4caa3ac597c65c34313c9990d29897225d63e2aa4ce8",
                "5500a8718112eda5f5bf0e4d9549a2f174c621c70584c2ed8e4806428f832cfe",
                "074dccc522206512ad907e14fb6149e36cab5e0c26f99aa0f03242de5debe586",
                "58a6bdf260d997176f7d859234a774954d18693b4829e97336129b7afed98a68",
                "e1c3ca75774723701adcb1c2512653534eb1b16959a4ffcfb91269c34a024c2c",
                "53920b8555abca474c01f9f4d9cd0147a6be8f62b0a7a00e9e406f9b37a6c08b",
                "d6ff57604e9ae7bb2dfc6c6d37dc00b43228c61dff285a0175c79996a5710994",
                "4beaa866e77a5866b577f18cd0c6799e0784574f515db15f2b7e8691781a221b",
                "181c43b9a0bcddcba184c8995d01b329da8afe74d2bc08e4f0345a1dc8d566be",
                "bbfd2880c4fe0d01501ae8980aaa62179aa0b3fd095115a92093af2e869eaf4a",
                "094c8cc4c11dcefa168b21908d6d4d39af0d6dd16b88926a341e4d0e80a22352",
                "2cc97755cb4083122228167f0b24643331f580dee787a4ad73c152f365cbf34b",
                "1d6df6b515693c1a944560bf70e5afe142834c601300673061a8f42e8dd490bf",
                "6a70d85c1216bac483973140582a2b4839b55c7795b8b4bd3f66edcb199079af",
                "22570da06613f1d5b2b6623db7b8464c250b628a2948302e492dd79c53fdf888",
                "763dfde1394997f70a0bd7ec630e46c9fb7d35c7a583cef9aba9e33009a11f74",
                "985d93132982279d8b913263dbeed8ca0f3ddc147e45cc7590eaeb8c2a35920d",
                "239045dff3904f4d5d2279ea575283f5b2d11eb423d4ac3a104b693f823963ab",
                "6ec2b1740da23b36e673f3afbf501ccbe69957d33355b0b79dbf7692f4d88ddc",
                "fa3cfe707db10f66187f6d032fad03910251518a574c8c88ded19c02b995650b",
                "5c3867f5fd7012a5620fc816cd779d7121588d46aa0d56ded006423e00b1e542",
