{
    "domain": "omguk.com",
    "owner": {
        "name": "Optimise Media (UK) Limited",
        "displayName": "Optimise Media Limited"
    },
    "source": [
        "DuckDuckGo-US"
    ],
    "prevalence": 0.000157,
    "sites": 23,
    "subdomains": [
        "track"
    ],
    "cnames": [],
    "fingerprinting": 1,
    "resources": [
        {
            "rule": "omguk\\.com\\/e\\/qs\\/",
            "cookies": 0.0000616,
            "fingerprinting": 1,
            "subdomains": [
                "track"
            ],
            "apis": {
                "Document.cookie getter": 5,
                "window.localStorage": 5
            },
            "sites": 11,
            "prevalence": 0.0000752,
            "cnames": [],
            "responseHashes": [
                "79685a869909e9c903008bc9f48bfcd89af8dd14099e0d673e058dbf023b5a80",
                "ea5ac96de8973ccdfb970b5296faf0d2bcb439103a38e35a3408d8dd5639f935",
                "6f0551fecf45245889c9c485aaa6371c5c428411fdb2ae952bcdae7df5817128",
                "84045d7d199ff64f69d97e08fe59faeedaf83cc35f44f1e7b8d71783590da7cf",
                "5011adfd7da1cb1fbd0f575de4820268df109c121b9bbfd8201e4e0213df90c0",
                "e3b0c44298fc1c149afbf4c8996fb92427ae41e4649b934ca495991b7852b855",
                "9aa346bf586a63c7f57bfcc3f811064793e9a7779a4b76134ce3607b289cf8d1",
                "64a1ac0647484fa14170239c696f68d49f981ed5e2a8d0ab061cd7f8c97edbe7"
            ],
            "type": "Script",
            "firstPartyCookies": {},
            "firstPartyCookiesSent": {
                "IR_gbd": 0.000006840881105486387,
                "lotame_domain_check": 0.000013681762210972774
            },
            "exampleSites": [
                "dhgate.com",
                "luxuryescapes.com",
                "www.dhgate.com",
                "www.fairprice.com.sg",
                "www.fortress.com.hk",
                "www.kaspersky.com",
                "www.orami.co.id",
                "www.railyatri.in",
                "www.tanishq.co.in",
                "www.watsons.com.ph",
                "www.xcite.com"
            ]
        },
        {
            "rule": "omguk\\.com\\/e\\/qi\\/",
            "cookies": 0.0000342,
            "fingerprinting": 0,
            "subdomains": [
                "track"
            ],
            "apis": {},
            "sites": 5,
            "prevalence": 0.0000342,
            "cnames": [],
            "responseHashes": [
                "c444cf186262fda81c5189405e36cf9c195d5c729a567a9993df69ed5e87a13a"
            ],
            "type": "Image",
            "firstPartyCookies": {},
            "firstPartyCookiesSent": {
                "IR_gbd": 0.000006840881105486387
            },
            "exampleSites": [
                "luxuryescapes.com",
                "www.fairprice.com.sg",
                "www.fortress.com.hk",
                "www.kaspersky.com",
                "www.watsons.com.ph"
            ]
        },
        {
            "rule": "omguk\\.com\\/la",
            "cookies": 0,
            "fingerprinting": 0,
            "subdomains": [
                "track"
            ],
            "apis": {},
            "sites": 6,
            "prevalence": 0.000041,
            "cnames": [],
            "responseHashes": [
                "d20cb43dd03df0d2008caf2d1b8ee0da4ae82d24bcbd1c109f0996493494fc04"
            ],
            "type": "Script",
            "firstPartyCookies": {},
            "firstPartyCookiesSent": {
                "_li_dcdm_c": 0.00002052264331645916
            },
            "exampleSites": [
                "cosmo.ph",
                "www.esquiremag.ph",
                "www.pep.ph",
                "www.preview.ph",
                "www.spot.ph",
                "www.yummy.ph"
            ]
        }
    ],
    "categories": [],
    "performance": {},
    "cookies": 0.0000752,
    "topInitiators": [
        {
            "domain": "googletagmanager.com",
            "prevalence": 0.5769230769230769
        },
        {
            "domain": "first party",
            "prevalence": 0.2692307692307692
        },
        {
            "domain": "trmit.com",
            "prevalence": 0.07692307692307693
        },
        {
            "domain": "kaspersky.de",
            "prevalence": 0.07692307692307693
        }
    ],
    "types": {
        "Script": 17,
        "Image": 5
    },
    "nameservers": [
        "ns-1127.awsdns-12.org",
        "ns-1005.awsdns-61.net",
        "ns-2009.awsdns-59.co.uk",
        "ns-462.awsdns-57.com"
    ]
}