{
    "domain": "oneadtag.com",
    "owner": {},
    "source": [
        "DuckDuckGo-US"
    ],
    "prevalence": 0.000595,
    "sites": 87,
    "subdomains": [
        "us1rtb-user-sync"
    ],
    "cnames": [],
    "fingerprinting": 0,
    "resources": [
        {
            "rule": "oneadtag\\.com\\/api\\/v1\\/sync\\/start",
            "cookies": 0.000534,
            "fingerprinting": 0,
            "subdomains": [
                "us1rtb-user-sync"
            ],
            "apis": {},
            "sites": 87,
            "prevalence": 0.000595,
            "cnames": [],
            "responseHashes": [
                "ab51df3202bfbbfba91641404e048433ae38017f84d97ca27c8f840580dd725c",
                "e7fef6419bf967b61c30c51e37c651a4e103be16835992b8cfe95fa356e248c4",
                "e759fa9ebab17751c3879fddfa411c73882c43630ae4d4b72ab54e3fad2e0a12",
                "26a655cb381fb1ae71a118c4069094f86d43d699c0b7151ddde42c2cbc629ace",
                "5cbbd218be2332bfb97d0214bfe277cd31f1deb7a5e87643aa776c36df986688",
                "b44feee63ab752a4e575a494681358eb18ea296991b058b48c7490918a67c87c",
                "05c0656fbd4dece23a6687653bf8831953b729c924ebbdf214be577e3b1697c3",
                "3adeaa0ac59d078cb9428b7d4a0c7f53b368fb0aa52618406851a89de8f47d84",
                "421f9fcfce206221a380a073f0acfeff7ba5942211bc0585874eabbf11611bc8",
                "c0e36af441644e33804d36eedae4ef3ac5eea3419ffa6e1118c50351ecf07efd",
                "5ac0a3329c9d39072ed5a160dcafb84ecb4132906b904eacbbe60c88f575e024",
                "0a1a6a25ac751c883c7afc2a5dbe998a55863bf34c313dbeec93796a0cbabc72",
                "97c1619a37962f3762da140b3d1567a468f99cd3901e90514962cde9b6d02b23",
                "d3aa2d244508107659b709c8966268824c9bb2e7dfb8281a2187e50a81c13c75",
                "4c9a432c5f29b61b25a7c64902399783f0b195decf1b7c66c0993138a42e0ab2",
                "e37a004a0c500aaca825db5c195d83c830ae4807ee28c45e66618e73980e648e",
                "a6788b669a1f12d2b3fc44923920143868160e9047d0973ef4bc04a877cf73f6",
                "ac76a9db07d4501e984740cb2ad6acf40ba7ef445e7c3cc7f07283268ae21794",
                "b511148f6f358c91bfa6d7409ca91cb1575d04109c98cfa0b31a919b2beb9ec0",
                "6645c086e9ef119715ac765abe4bb3e226b6106b0b003c493688ec9e289d0781",
                "014af85e74a845489d37cc0f4076c7089db2fcb5366211a5c440332a409e1673",
                "18adca70ea282c8fb493a4fbeefacf0aa0940801a5157edc819cbdc5117c1a81",
                "fe86407140809a3e2cc35b44330d3eabd6aa24044d1dadfc0ac5b1d3f82441c5"
            ],
            "type": "Document",
            "firstPartyCookies": {},
            "firstPartyCookiesSent": {},
            "exampleSites": [
                "www.npr.org",
                "healthyfoodiegirl.com",
                "apersonalwedding.com",
                "tasty.co",
                "www.classicrockhistory.com",
                "www.tophotsprings.com",
                "sweetpeasandsaffron.com",
                "www.persnicketyplates.com",
                "doctor.ndtv.com",
                "www.fordfe.com",
                "www.talkandroid.com",
                "news.republika.co.id",
                "www.al.com",
                "thecleaneatingcouple.com",
                "majorleaguefishing.com",
                "videoconvert.minitool.com",
                "www.ironmountaindailynews.com",
                "breedingbusiness.com",
                "carolinahoneybees.com",
                "www.purediablo.com"
            ]
        },
        {
            "rule": "oneadtag\\.com\\/api\\/v2\\/sync\\/callback",
            "cookies": 0,
            "fingerprinting": 0,
            "subdomains": [
                "us1rtb-user-sync"
            ],
            "apis": {},
            "sites": 21,
            "prevalence": 0.000144,
            "cnames": [],
            "responseHashes": [
                "e3b0c44298fc1c149afbf4c8996fb92427ae41e4649b934ca495991b7852b855"
            ],
            "type": "Image",
            "firstPartyCookies": {},
            "firstPartyCookiesSent": {},
            "exampleSites": [
                "www.mashed.com",
                "www.yorkdispatch.com",
                "www.publicschoolreview.com",
                "5-letter-words.com",
                "www.videocardbenchmark.net",
                "www.ironmountaindailynews.com",
                "doctor.ndtv.com",
                "www.thestate.com",
                "www.physicsandmathstutor.com",
                "retrorenovation.com",
                "www.zodiacsign.com",
                "www.koreaboo.com",
                "www.wordnik.com",
                "onepunchman.fandom.com",
                "www.newsandsentinel.com",
                "www.talkandroid.com",
                "shield-hero.fandom.com",
                "www.theolympian.com",
                "www.timesobserver.com",
                "www.ketv.com"
            ]
        }
    ],
    "categories": [],
    "performance": {},
    "cookies": 0.000534,
    "topInitiators": [
        {
            "domain": "smaato.net",
            "prevalence": 1
        }
    ],
    "types": {
        "Document": 87,
        "Image": 21
    },
    "nameservers": [
        "anna.ns.cloudflare.com",
        "cartman.ns.cloudflare.com"
    ]
}