{
    "domain": "onef.pro",
    "owner": {},
    "source": [
        "DuckDuckGo-US"
    ],
    "prevalence": 0.000212,
    "sites": 31,
    "subdomains": [
        "track",
        "3f90e8b4-9af9-49c1-9e23-13eb038c5658",
        "db6e01e9-3eaf-42bf-82d6-08e28fd2c106",
        "f2374778-df25-4f63-9d72-de08ede8d9c2",
        "2782fb9f-743a-43be-9389-77e9e690f4b2",
        "8c99c175-00a6-400a-9ddd-47b35d83fcdc",
        "f457f36a-d572-4a5a-991e-750ee027a0e4",
        "a65a12aa-36c8-415a-9d5b-33d4fd953c57",
        "9a3e814a-290e-452a-854e-232886671e58",
        "a139fed1-e815-40b1-807c-61baab2708d7",
        "ecd3ef66-175a-42e6-82c4-9784d0164635",
        "55e98e7d-73c6-461f-a2e2-212952912929",
        "ded172f4-1a83-4ee8-a20c-6b906aee8423",
        "d85df116-430a-4b38-b5c6-23a83880a5a0",
        "279d524a-4b53-405c-9247-11a296ebd99e",
        "e22a1a94-e1de-4897-adbb-11326fa9535f",
        "b540319f-a462-4928-a3f1-5b7bd8e4d67c",
        "8155c690-bd9f-4994-9ad8-b31c7d5ae6cb",
        "7dd8fa9d-e440-4bf0-86f2-bfd320276935",
        "ae718715-df58-4eff-8dc1-756bcb642cf9",
        "e085d320-cc76-4a95-82b9-674d82088943",
        "87d8d87f-0471-417a-8525-f246f7426b4a",
        "fc1ba3b4-6bad-4823-958c-0e9925eb35ed",
        "0c3d2b0b-ed4a-4071-9d6b-b3735ddad81a",
        "19b1e8dc-fe77-4265-9624-e597fc6c02e9",
        "23db0e59-4409-4e7c-8e1a-3aa5843a956b",
        "c1720906-475e-48bb-bdaa-30673b1ff1df",
        "960d8258-9358-4265-b2ac-0419f32f8d1d",
        "83de8c0f-fa27-477b-a5d1-eae5bdfedc5b",
        "9f86cd94-1b5a-440c-b58d-d843920e7c3e"
    ],
    "cnames": [],
    "fingerprinting": 3,
    "resources": [
        {
            "rule": "onef\\.pro\\/track\\/reg\\/v1",
            "cookies": 0.000198,
            "fingerprinting": 0,
            "subdomains": [
                "track"
            ],
            "apis": {},
            "sites": 29,
            "prevalence": 0.000198,
            "cnames": [],
            "responseHashes": [
                "e3b0c44298fc1c149afbf4c8996fb92427ae41e4649b934ca495991b7852b855"
            ],
            "type": "Image",
            "firstPartyCookies": {},
            "firstPartyCookiesSent": {},
            "exampleSites": [
                "www.fontanka.ru",
                "news.sportbox.ru",
                "www.prensalibre.com",
                "ktonanovenkogo.ru",
                "ichip.ru",
                "mksegment.ru",
                "ra-dina.ru",
                "www.vokrug.tv",
                "newgazette.ru",
                "www.woman.ru",
                "www.psychologies.ru",
                "www.marieclaire.ru",
                "www.baby.ru",
                "www.playground.ru",
                "v1.yaoilib.net",
                "101.ru",
                "rifme.net",
                "www.e1.ru",
                "lisa.ru",
                "gotovim-doma.ru"
            ]
        },
        {
            "rule": "onef\\.pro\\/",
            "cookies": 0,
            "fingerprinting": 0,
            "subdomains": [
                "3f90e8b4-9af9-49c1-9e23-13eb038c5658",
                "db6e01e9-3eaf-42bf-82d6-08e28fd2c106",
                "f2374778-df25-4f63-9d72-de08ede8d9c2",
                "2782fb9f-743a-43be-9389-77e9e690f4b2",
                "8c99c175-00a6-400a-9ddd-47b35d83fcdc",
                "f457f36a-d572-4a5a-991e-750ee027a0e4",
                "a65a12aa-36c8-415a-9d5b-33d4fd953c57",
                "9a3e814a-290e-452a-854e-232886671e58",
                "a139fed1-e815-40b1-807c-61baab2708d7",
                "ecd3ef66-175a-42e6-82c4-9784d0164635",
                "55e98e7d-73c6-461f-a2e2-212952912929",
                "ded172f4-1a83-4ee8-a20c-6b906aee8423",
                "d85df116-430a-4b38-b5c6-23a83880a5a0",
                "279d524a-4b53-405c-9247-11a296ebd99e",
                "e22a1a94-e1de-4897-adbb-11326fa9535f",
                "b540319f-a462-4928-a3f1-5b7bd8e4d67c",
                "8155c690-bd9f-4994-9ad8-b31c7d5ae6cb",
                "7dd8fa9d-e440-4bf0-86f2-bfd320276935",
                "ae718715-df58-4eff-8dc1-756bcb642cf9",
                "e085d320-cc76-4a95-82b9-674d82088943",
                "87d8d87f-0471-417a-8525-f246f7426b4a",
                "fc1ba3b4-6bad-4823-958c-0e9925eb35ed",
                "0c3d2b0b-ed4a-4071-9d6b-b3735ddad81a",
                "19b1e8dc-fe77-4265-9624-e597fc6c02e9",
                "23db0e59-4409-4e7c-8e1a-3aa5843a956b",
                "c1720906-475e-48bb-bdaa-30673b1ff1df",
                "960d8258-9358-4265-b2ac-0419f32f8d1d",
                "83de8c0f-fa27-477b-a5d1-eae5bdfedc5b",
                "9f86cd94-1b5a-440c-b58d-d843920e7c3e"
            ],
            "apis": {},
            "sites": 29,
            "prevalence": 0.000198,
            "cnames": [],
            "responseHashes": [
                "e3b0c44298fc1c149afbf4c8996fb92427ae41e4649b934ca495991b7852b855"
            ],
            "type": "Image",
            "firstPartyCookies": {},
            "firstPartyCookiesSent": {},
            "exampleSites": [
                "v1.yaoilib.net",
                "www.vokrug.tv",
                "www.starhit.ru",
                "www.maximonline.ru",
                "www.fontanka.ru",
                "www.yapokupayu.ru",
                "gotovim-doma.ru",
                "wooordhunt.ru",
                "www.marieclaire.ru",
                "www.the-star.co.ke",
                "www.manilatimes.net",
                "www.detmir.ru",
                "newgazette.ru",
                "litmir.club",
                "mksegment.ru",
                "news.sportbox.ru",
                "lisa.ru",
                "www.woman.ru",
                "ichip.ru",
                "ra-dina.ru"
            ]
        }
    ],
    "categories": [],
    "performance": {},
    "cookies": 0.000212,
    "topInitiators": [
        {
            "domain": "al-adtech.com",
            "prevalence": 0.8
        },
        {
            "domain": "afp.ai",
            "prevalence": 0.15384615384615385
        },
        {
            "domain": "bumlam.com",
            "prevalence": 0.03076923076923077
        },
        {
            "domain": "first party",
            "prevalence": 0.015384615384615385
        }
    ],
    "types": {
        "Image": 58
    },
    "nameservers": [
        "ns3-l2.nic.ru",
        "ns4-cloud.nic.ru",
        "ns4-l2.nic.ru",
        "ns8-cloud.nic.ru",
        "ns8-l2.nic.ru"
    ]
}