{
    "domain": "opentable.com",
    "owner": {
        "name": "OpenTable, Inc.",
        "displayName": "OpenTable"
    },
    "source": [
        "DuckDuckGo-US"
    ],
    "prevalence": 0.0000752,
    "sites": 11,
    "subdomains": [
        "www",
        "oc-registry"
    ],
    "cnames": [],
    "fingerprinting": 3,
    "resources": [
        {
            "rule": "opentable\\.com\\/widget\\/reservation\\/loader",
            "cookies": 0.0000684,
            "fingerprinting": 1,
            "subdomains": [
                "www"
            ],
            "apis": {
                "Navigator.prototype.maxTouchPoints": 2,
                "Navigator.prototype.userAgent": 2
            },
            "sites": 10,
            "prevalence": 0.0000684,
            "cnames": [],
            "responseHashes": [
                "91e71238fc09123c4a582bcd3bed42a94f5881eb04eb5af68900b4ba55463260",
                "d21f7113b522a5383b21980e07de856a3556834ece3cd442bc623e20b5251118",
                "f40824ef5a7f05c5bbdf4ddb032d842c7b164bbdbce15a4265fd438b237f0556",
                "4adb2eadb44ea0019d4112dcb8d799c8307d1dcef1959a9179cd431e019b12e2",
                "ebc58dfb3e5db4c98397b36887e1ccead3c81bc876b9bab6161d190927deb151",
                "515c4cb52914c418eecaf40b1a43e9ff053815741a1a4943a3269051754eccf7",
                "19fde0e9a307f43ee9a795a53a1a99fa7391e5f2fb97a2ad6fa25e6a5b1c80be",
                "936984d2cdf00e3a514189f1b8628ef8905cb302df1ab63aade6a6be16b55ab6",
                "47d6b0b38e303c6f8866bf0245cec1e7716a31c2a1dba8d1213478ecf9b75684"
            ],
            "type": "Script",
            "firstPartyCookies": {},
            "firstPartyCookiesSent": {},
            "exampleSites": [
                "bigtexan.com",
                "cafe.hardrock.com",
                "chwinery.com",
                "perryssteakhouse.com",
                "southpointcasino.com",
                "www.anthonys.com",
                "www.bartolottas.com",
                "www.jeffruby.com",
                "www.redrocksonline.com",
                "www.wearefoundingfarmers.com"
            ]
        },
        {
            "rule": "opentable\\.com\\/widget\\/reservation\\/mural",
            "cookies": 0.0000137,
            "fingerprinting": 0,
            "subdomains": [
                "www"
            ],
            "apis": {},
            "sites": 2,
            "prevalence": 0.0000137,
            "cnames": [],
            "responseHashes": [],
            "type": "Document",
            "firstPartyCookies": {},
            "firstPartyCookiesSent": {},
            "exampleSites": [
                "bigtexan.com",
                "www.redrocksonline.com"
            ]
        },
        {
            "rule": "opentable\\.com\\/widget\\/reservation\\/cookie-check\\/set-cookie",
            "cookies": 0.0000137,
            "fingerprinting": 0,
            "subdomains": [
                "www"
            ],
            "apis": {},
            "sites": 2,
            "prevalence": 0.0000137,
            "cnames": [],
            "responseHashes": [],
            "type": "Document",
            "firstPartyCookies": {},
            "firstPartyCookiesSent": {},
            "exampleSites": [
                "bigtexan.com",
                "www.redrocksonline.com"
            ]
        },
        {
            "rule": "opentable\\.com\\/widget\\/reservation\\/cookie-check\\/get-cookie",
            "cookies": 0.0000137,
            "fingerprinting": 0,
            "subdomains": [
                "www"
            ],
            "apis": {},
            "sites": 2,
            "prevalence": 0.0000137,
            "cnames": [],
            "responseHashes": [],
            "type": "Document",
            "firstPartyCookies": {},
            "firstPartyCookiesSent": {},
            "exampleSites": [
                "bigtexan.com",
                "www.redrocksonline.com"
            ]
        },
        {
            "rule": "opentable\\.com\\/dapi\\/fe\\/log",
            "cookies": 0,
            "fingerprinting": 0,
            "subdomains": [
                "www"
            ],
            "apis": {},
            "sites": 2,
            "prevalence": 0.0000137,
            "cnames": [],
            "responseHashes": [],
            "type": "Preflight",
            "firstPartyCookies": {},
            "firstPartyCookiesSent": {},
            "exampleSites": [
                "bigtexan.com",
                "www.redrocksonline.com"
            ]
        },
        {
            "rule": "opentable\\.com\\/dapi\\/fe\\/log",
            "cookies": 0.0000137,
            "fingerprinting": 0,
            "subdomains": [
                "www"
            ],
            "apis": {},
            "sites": 2,
            "prevalence": 0.0000137,
            "cnames": [],
            "responseHashes": [],
            "type": "Fetch",
            "firstPartyCookies": {},
            "firstPartyCookiesSent": {},
            "exampleSites": [
                "bigtexan.com",
                "www.redrocksonline.com"
            ]
        },
        {
            "rule": "opentable\\.com\\/v2\\/reservation-widget-standard\\/5\\.0\\.16",
            "cookies": 0.0000205,
            "fingerprinting": 0,
            "subdomains": [
                "oc-registry"
            ],
            "apis": {},
            "sites": 3,
            "prevalence": 0.0000205,
            "cnames": [],
            "responseHashes": [
                "097484dff92d63688796bcf3fc59ce27ed809da00f68a13ba94f09d262fdaf0a",
                "b4132005309740b71dc010d25586a9559ad3c7ef5ab8d9784cb945692df53efb"
            ],
            "type": "XHR",
            "firstPartyCookies": {},
            "firstPartyCookiesSent": {},
            "exampleSites": [
                "hardrock.com",
                "chwinery.com",
                "www.anthonys.com"
            ]
        },
        {
            "rule": "opentable\\.com\\/widget\\/reservation\\/cookie-check\\/set",
            "cookies": 0.0000342,
            "fingerprinting": 0,
            "subdomains": [
                "www"
            ],
            "apis": {},
            "sites": 5,
            "prevalence": 0.0000342,
            "cnames": [],
            "responseHashes": [
                "f1b0f508d15689ab4e4df5e3e5929676cdd8218d67c5d363010267c612de4d01",
                "bca92fc5b4d98b5b36fbf4897b62ebddad86b2f4285c4f55156ac760accc98ec",
                "8d3411edb79c72fb47646cbdf7aff485967d5b9a240234b628d815504bf500df",
                "4d100abc0a669a7e1136de0ac0ac2a5b36ddd0a539a4609f1bf34ab97e7c8e4b"
            ],
            "type": "Document",
            "firstPartyCookies": {},
            "firstPartyCookiesSent": {},
            "exampleSites": [
                "hardrock.com",
                "chwinery.com",
                "perryssteakhouse.com",
                "southpointcasino.com",
                "www.bartolottas.com"
            ]
        },
        {
            "rule": "opentable\\.com\\/widget\\/reservation\\/cookie-check\\/get",
            "cookies": 0.0000342,
            "fingerprinting": 1,
            "subdomains": [
                "www"
            ],
            "apis": {
                "Date.prototype.getTime": 1
            },
            "sites": 5,
            "prevalence": 0.0000342,
            "cnames": [],
            "responseHashes": [
                "c2cbc5d91ef80c1a16f3422042d4137696a00bf54acb05c91574194859d8d569",
                "f86e237d4ab4477dbbaea11122b0ae8d95f60bbe51586fe49e0f0eb20b87a14a",
                "4197a469bcbbf7cd7a84fcb0894042847c2a58cab22a37636a20c592ead3cde6",
                "d65ea90497f4fcdd12e54fda72ca5cc58b05b300d72a7f2e9b6092fb806c011e"
            ],
            "type": "Document",
            "firstPartyCookies": {},
            "firstPartyCookiesSent": {},