{
    "domain": "oxiapps.com",
    "owner": {},
    "source": [
        "DuckDuckGo-US"
    ],
    "prevalence": 0.000424,
    "sites": 62,
    "subdomains": [
        "social-login"
    ],
    "cnames": [],
    "fingerprinting": 1,
    "resources": [
        {
            "rule": "oxiapps\\.com\\/init\\.json",
            "cookies": 0,
            "fingerprinting": 0,
            "subdomains": [
                "social-login"
            ],
            "apis": {},
            "sites": 25,
            "prevalence": 0.000171,
            "cnames": [],
            "responseHashes": [
                "2abf86e6063f076d8f1b360c3abcf58ab9c39edb1858ae378eda73e063c2844f",
                "8ece9f436b30e3fc311fe13ea8b0339bee605e20242a92172de36df894c85057",
                "f3d86a7b80efb507534c5db8b2a137000a5b1118d94114e5f91237819342886a",
                "a65c22b96e02002c925c045cb3a132a022008af1927b65065ad88c765b169574",
                "e7799570b94cacee813890c1520186d34c447a27ee4262d5dfcad347520a36ab",
                "b200306f848bdb6c5579ab5e9941c0a79445487aae29af6b142235bb5e1b5653",
                "b7a352f5780641c7a63cd3ea4dc95d65e0b4fcf7d3fbe9c96887f6558e482b1c",
                "6875ea2c249e8eca77a06a041f98c51a9d7ed394aa70b777fd33e313f9d727e3",
                "848f0944a4427bffa04c7550c3ec1870733dade58c419e9ce01e90bbd83b7df5",
                "6177261674416bf1d93399902a126abc36db4c4d9a6310c5a854d1fd2b6d4c85",
                "17d3e582bf4c467969fc521cfa902ae0c5a681e5c34956b601ed63173f3a72e3",
                "0e1d2cf922d099b6ccdc285e6a3242e9bbf316b3388e0c4d8584f0a2e5a837e2",
                "2df9b4bdf21a91d29cc5ff46e6f117272fdd8cca43535a56f6fd0afe9d8d51d7",
                "fd9b17180d7b509e238b94e795afab21a49c0cf07153615c1c47e75c311a5ca7",
                "6046f49e2574ceec7ce264939fa0052bf0a448d153f9253960c4ab1745259852",
                "421477f48034d5cdc1f91f3754a8349e33b89141be2afdc539b8f43fb16acdb3",
                "903068b24a4e602756d38a32a5a5319df7d55d339aea3379aa8050c6c8b44c70",
                "97118a04bf203d8e92f621ab2aec4dd509288d7e2b6f2ef7b1feb44d0b881e59",
                "9dbeef0e1ed7b5a7199bc6eebc8c28e71fedd0f18d9d4162a77a5877d1524dcf",
                "d20639b76977e673aee2bd09a024df756af2c6615988f1b00bb6edce1886716f",
                "0ea7c18cc15dde70cddda5fe6f19eec37767043dbad8c13d8680459c3f94dce1",
                "3b08c5605199c4505515c901a0c1211f5c9683d1ac74d10fdb23ef2e572310f4",
                "abe37c820558406abf6c2a2039de6ba4f6826878356742ac80f1f21f41161c74",
                "9d32cc909d03152125a495728babe753ce23b1d8d3b38e0d9205b19736966898"
            ],
            "type": "Script",
            "firstPartyCookies": {},
            "firstPartyCookiesSent": {
                "checkout_shop": 0.000027363524421945548
            },
            "exampleSites": [
                "casadesante.com",
                "sunriseflourmill.com",
                "www.culturekings.com",
                "www.psaudio.com",
                "www.carlsonlabs.com",
                "www.reliableaftermarketparts.com",
                "sunjoyshop.com",
                "www.panaprium.com",
                "muzzle-loaders.com",
                "www.diamondartclub.com",
                "www.nexigo.com",
                "fosiaudio.com",
                "freeflyapparel.com",
                "us.brandymelville.com",
                "www.aloyoga.com",
                "martie.com",
                "www.doors.com",
                "us.organicbasics.com",
                "avecamourlingerie.com",
                "www.strapcode.com"
            ]
        },
        {
            "rule": "oxiapps\\.com\\/api\\/init",
            "cookies": 0.0000137,
            "fingerprinting": 0,
            "subdomains": [
                "social-login"
            ],
            "apis": {},
            "sites": 24,
            "prevalence": 0.000164,
            "cnames": [],
            "responseHashes": [
                "c989815d115c1fc6a933fe282bbef1a917e592ffcce43786c6c19e51c4e042e0",
                "384d6e3924a8c2cd6c94dc74baa29fcb5922e53900c6f2bed26c8cc3ced78897",
                "47f5f44eaa5c6571fd187f1317ec5860ef4136c732dd6e427a7cf0463bc4d407",
                "c8c8f12bd0ae23f563a1a341960a0f2cd4a034ad39a7f75f0e150c69728b52a8",
                "dbbee80af91c7e2da4cfa8168712c971e32a884c784db5abe3cbf981555366c8",
                "408bd2fbbc34c9ee23dc1139056032737083d30b54bfc2e0755f9c6ec1ece73a",
                "f580f3a26b8f086c0d83348c96ef7119379b75ec6d99c92700f992e1a5b1dc1d",
                "69212d1812b335be5fc9f986ca73575bd869f805c5d35fd2e0ff93771f5877de",
                "e673d4d70e52906ee8abfe6d68b8218326d8e949bfaea2d1fee1b0c4b11dcab5",
                "f14644174c3549d0d7ce9f95d4af212a7d1880c2bcb5a3073f9be3b6714122b1",
                "8c397478a8657e3a283c17d43315be9b8334fab5df80f468a3ce4563a5a05eef",
                "dad3a53d3b298ef059ee6e1c69aeef44a722a327096190002f29f27e04f411ed",
                "05c5aaf1b4ecb40ded6accdfbd4c9f110e837b3f9f991858754544bb0fdcab6d",
                "083358e02f432e3649b220594d9b938765db23766be75b0194c8cf29a5171e49",
                "256914c2d4b6361f9110f98e2be30513e11f89556c97074a3907243b035c1c7d",
                "c2644bd4bd74b307b164431635caacea5f83fdfba31a904a7bdfef92fc84c1c5",
                "12eef4fd539b23b4b7b082e773d1cc9f6c045b97f7bc79fd94b2f708ff0c5de0",
                "f09ae2e472821efbf2763573bc392f4e96704961aca0d23d12d4f6f926bb7feb",
                "c6d66a29bd509dac56ace9e67fc3f3fa7da502aa03a23393c675428fdee76875",
                "55239d404ba588af812105c0c82227917d526400f0ec46aad6313a5463a9ff98",
                "3e7100cf70f597ada7ab042d47c11188c020d90da4716adc49acd08b18b1e1de",
                "e281796be00ff97f136dd51c4ffb8dbb85d5ec253c3c7b6749893c3b3a829ab9"
            ],
            "type": "Script",
            "firstPartyCookies": {},
            "firstPartyCookiesSent": {
                "checkout_shop": 0.000013681762210972774
            },
            "exampleSites": [
                "www.gorjana.com",
                "www.codeage.com",
                "fabulacoffee.com",
                "www.honeybirdette.com",
                "www.nexigo.com",
                "sunriseflourmill.com",
                "wildlyorganic.com",
                "casadesante.com",
                "ghostgolf.com",
                "freeflyapparel.com",
                "caskcartel.com",
                "www.truecable.com",
                "us.honeybirdette.com",
                "www.bulbhead.com",
                "maglite.com",
                "www.svsound.com",
                "edikted.com",
                "shokz.com",
                "buceplant.com",
                "hellobonafide.com"
            ]
        },
        {
            "rule": "oxiapps\\.com\\/widget",
            "cookies": 0.0000205,
            "fingerprinting": 1,
            "subdomains": [
                "social-login"
            ],
            "apis": {
                "Navigator.prototype.userAgent": 3,
                "Navigator.prototype.appName": 3,
                "Navigator.prototype.appVersion": 3,
                "Date.prototype.getTime": 3,
                "Document.cookie setter": 3,
                "Document.cookie getter": 3
            },
            "sites": 3,
            "prevalence": 0.0000205,
            "cnames": [],
            "responseHashes": [
                "75d16f65ac9ac669b541f62f38a560b3e19cf4014d4e8a88fe8f07f06a485db6",
                "3e55274b7b88f57d1486d38125d44be670b7d56a71b6b45a9431047da5a33f73"
            ],
            "type": "Document",
            "firstPartyCookies": {
                "checkout_shop": {
                    "ttl": 604807,
                    "length": 22,
                    "prevalence": 0.00002052264331645916,
                    "uniqueness": 1
                },
                "oxi_referrer": {
                    "ttl": 604807,
                    "length": 23,