{
    "domain": "pcdwm.com",
    "owner": {},
    "source": [
        "DuckDuckGo-US"
    ],
    "prevalence": 0.000499,
    "sites": 73,
    "subdomains": [],
    "cnames": [],
    "fingerprinting": 1,
    "resources": [
        {
            "rule": "pcdwm\\.com\\/natlf\\/lf\\/ch\\/",
            "cookies": 0,
            "fingerprinting": 1,
            "subdomains": [],
            "apis": {
                "window.innerHeight": 8,
                "window.innerWidth": 8,
                "Date.prototype.getTime": 2
            },
            "sites": 8,
            "prevalence": 0.0000547,
            "cnames": [],
            "responseHashes": [
                "8643a2fd89721531606aa6ad370dc0a3caecc263343f006a8136d0f13f84f344",
                "6f97daf332c28089d8ff10e8b622f8e37037eb2d7ab4758bf106a72bfb4d7438",
                "78bb4adb672364d070ac1bd4295bf40ab36063d87f7a03900be0c70043c2ae05",
                "0d9097271fe6af5f7f9cdc24a1d4685ca79fd6e61a677861fd4778cd45701c2f",
                "01cce0477758de49e91b52b0a569902b1afa96358237a56112c86f59a46d4048",
                "88721c3b619b9e4ac47dbd4027dfd1646224c298e75d6c051057ebd057cc6f1d",
                "af9528b02028778678e51e787b183a1dd4d5139adb2c091bd076f4cea91f0926"
            ],
            "type": "Document",
            "firstPartyCookies": {},
            "firstPartyCookiesSent": {
                "lotame_domain_check": 0.000013681762210972774
            },
            "exampleSites": [
                "badjav.com",
                "colegialasreales.com",
                "iconsofsin.com",
                "sexosintabues30.com",
                "trueamaters.com",
                "wankgod.com",
                "www.eporner.cc",
                "www.youpornfm.com"
            ]
        },
        {
            "rule": "pcdwm\\.com\\/live-stream\\/fk\\/",
            "cookies": 0,
            "fingerprinting": 1,
            "subdomains": [],
            "apis": {
                "Date.prototype.getTime": 3,
                "window.innerHeight": 3,
                "window.innerWidth": 3
            },
            "sites": 3,
            "prevalence": 0.0000205,
            "cnames": [],
            "responseHashes": [
                "acee22c835b92b4e3d841ee32b5ee51571798256d0a28bc52f753956282aaca9",
                "fc0e81782b2f647bd027f8312555fff4c47186998039873d00a2299e58d58e7a"
            ],
            "type": "Document",
            "firstPartyCookies": {},
            "firstPartyCookiesSent": {},
            "exampleSites": [
                "camporn.is",
                "eroteve.com",
                "thecambabes.com"
            ]
        },
        {
            "rule": "pcdwm\\.com\\/live-stream\\/",
            "cookies": 0,
            "fingerprinting": 1,
            "subdomains": [],
            "apis": {
                "Date.prototype.getTime": 14,
                "window.innerHeight": 14,
                "window.innerWidth": 14
            },
            "sites": 14,
            "prevalence": 0.0000958,
            "cnames": [],
            "responseHashes": [
                "0f2b302cbc8536085f8784af0695bfa43d67e8a1e0187226a15011156aa57ecd",
                "c169d01f16ed9f6e4898f71d30fd422c85bdaacb10772545db6baf00082cdd73",
                "19a0995bce51b94e8d34b57db07801cba53b1b9422b320dc48be562cd767282b",
                "d647773323d0be359f1a72209e9868ed273a1923fb759d92775339dc10d7e0a5",
                "946ec2ba1541ca8cbd123ce8ed81c9cc58e8f468147299a531b3925f74dad4be",
                "c38daea33ea024130f1ce8ce4b6ffd70afe8647e2449b5a66b1a9e7a38c99218",
                "b643e1117438ad717871e4a6238b856f0515a1371378014c46b9571b9d009e1e",
                "5168ceaf7ea6eb1e87da1b9116d68ff5312e1d019951bc1f5d625bbfa0267ea5",
                "352c69ae5adf742f83147c49f45e178374c5e4861e31589363ad4438f83e9959",
                "2be22ade47517d063bfaf5ebf8af7131cc24fd548ea02cb7f7453aaa43f812ec",
                "e83d856d62128a5cebf2c32a8217d3ff410454b32e1ac6d3b5a01e1866024d3b",
                "858a4370eb09fb8ae61169892e6ad4cc1e76b8f61d71be231efff40143178230",
                "debc41fee5eb92a4e19b18c5a34b0cb17e0ae8fc9cb3f19e5a33400ec4361455"
            ],
            "type": "Document",
            "firstPartyCookies": {},
            "firstPartyCookiesSent": {},
            "exampleSites": [
                "celeb-stalker.com",
                "mobile.odir.org",
                "odir.org",
                "odir.us",
                "tabootube.to",
                "urlgalleries.net",
                "www.adam4adam.com",
                "www.crazywebcams.com",
                "www.famousboard.com",
                "www.freexcafe.com",
                "www.mymleak.net",
                "www.newzealandgirls.co.nz",
                "www.onlynude.men",
                "www.tabootube.xxx"
            ]
        },
        {
            "rule": "pcdwm\\.com\\/cifra\\/script",
            "cookies": 0,
            "fingerprinting": 1,
            "subdomains": [],
            "apis": {
                "window.innerWidth": 3
            },
            "sites": 19,
            "prevalence": 0.00013,
            "cnames": [],
            "responseHashes": [
                "44c1e2a7f8c2ba1a3e689bfb184c37783ed8a8fcf221f2f4b1cf9bcf7ba0d21b",
                "61eba190c2156d7889039a7b326219aa70c941b30a83717cb831406c7c60b416",
                "0a0fe0737c5004e892d6bcfd8fb8b1c7c926f64f77166b4ce5baf0af23aaa9b0"
            ],
            "type": "Script",
            "firstPartyCookies": {},
            "firstPartyCookiesSent": {},
            "exampleSites": [
                "ok.xxx",
                "de.ok.xxx",
                "de.perfektdamen.co",
                "de.pornhat.com",
                "es.ok.xxx",
                "fr.perfectgirls.xxx",
                "fr.pornhat.com",
                "hello.porn",
                "it.pornhat.com",
                "max.porn",
                "okxxx1.com",
                "pornstars.tube",
                "www.camhub.cc",
                "www.camhub.tv",
                "www.masturbationgirl.com",
                "www.perfektdamen.co",
                "www.perfectgirls.xxx",
                "www.pornhat.com",
                "www.pornhat.one"
            ]
        },
        {
            "rule": "pcdwm\\.com\\/cifra",
            "cookies": 0,
            "fingerprinting": 1,
            "subdomains": [],
            "apis": {
                "Date.prototype.getTime": 19,
                "window.innerHeight": 19,
                "window.innerWidth": 19
            },
            "sites": 19,
            "prevalence": 0.00013,
            "cnames": [],