{
    "domain": "phoangaisool.com",
    "owner": {},
    "source": [
        "DuckDuckGo-US"
    ],
    "prevalence": 0.000219,
    "sites": 32,
    "subdomains": [],
    "cnames": [],
    "fingerprinting": 0,
    "resources": [
        {
            "rule": "phoangaisool\\.com\\/400\\/7938571",
            "cookies": 0.000041,
            "fingerprinting": 0,
            "subdomains": [],
            "apis": {},
            "sites": 6,
            "prevalence": 0.000041,
            "cnames": [],
            "responseHashes": [
                "148b0707884c41d14d32da850335b060338c44eaf648dbae992a5adaa570c054",
                "b99ddcf22d2c4e9c44760f3a751dd2af81c59c91f10a3e708741bbb398ac0e3c",
                "de9b5bd2c41c6d3206b4c4b687b1123e8e61bbbbeaa5c03fbfb15c702f8adb00",
                "357485663804721568641d953dbcd9c325ef0e15dc046fcbb7231972016b32c9",
                "a46b98ff615b86ff8b2a0e9b29435e17a37fd58ba028ad7a98794765159b5464"
            ],
            "type": "XHR",
            "firstPartyCookies": {},
            "firstPartyCookiesSent": {},
            "exampleSites": [
                "bokep31.co",
                "bokepindoh.uno",
                "bokepqu.com",
                "kasurbasah.com",
                "tanaleaks.com"
            ]
        },
        {
            "rule": "phoangaisool\\.com\\/500\\/7938571",
            "cookies": 0.000041,
            "fingerprinting": 0,
            "subdomains": [],
            "apis": {},
            "sites": 6,
            "prevalence": 0.000041,
            "cnames": [],
            "responseHashes": [
                "e3b0c44298fc1c149afbf4c8996fb92427ae41e4649b934ca495991b7852b855"
            ],
            "type": "XHR",
            "firstPartyCookies": {},
            "firstPartyCookiesSent": {
                "lotame_domain_check": 0.000006840881105486387,
                "ref_url": 0.00002052264331645916
            },
            "exampleSites": [
                "bokep31.co",
                "bokepindoh.uno",
                "bokepqu.com",
                "kasurbasah.com",
                "tanaleaks.com"
            ]
        },
        {
            "rule": "phoangaisool\\.com\\/500\\/7938571",
            "cookies": 0,
            "fingerprinting": 0,
            "subdomains": [],
            "apis": {},
            "sites": 6,
            "prevalence": 0.000041,
            "cnames": [],
            "responseHashes": [],
            "type": "Preflight",
            "firstPartyCookies": {},
            "firstPartyCookiesSent": {
                "lotame_domain_check": 0.000006840881105486387,
                "ref_url": 0.00002052264331645916
            },
            "exampleSites": [
                "bokep31.co",
                "bokepindoh.uno",
                "bokepqu.com",
                "kasurbasah.com",
                "tanaleaks.com"
            ]
        },
        {
            "rule": "phoangaisool\\.com\\/400\\/9133153",
            "cookies": 0.0000137,
            "fingerprinting": 0,
            "subdomains": [],
            "apis": {},
            "sites": 2,
            "prevalence": 0.0000137,
            "cnames": [],
            "responseHashes": [
                "26ffda1212415872997af109840e1fb7412f94af948a15c239ac2027ef2627c2"
            ],
            "type": "XHR",
            "firstPartyCookies": {},
            "firstPartyCookiesSent": {},
            "exampleSites": [
                "exchangetuts.com",
                "www.exchangetuts.com"
            ]
        },
        {
            "rule": "phoangaisool\\.com\\/500\\/9133153",
            "cookies": 0.0000137,
            "fingerprinting": 0,
            "subdomains": [],
            "apis": {},
            "sites": 2,
            "prevalence": 0.0000137,
            "cnames": [],
            "responseHashes": [
                "e3b0c44298fc1c149afbf4c8996fb92427ae41e4649b934ca495991b7852b855"
            ],
            "type": "XHR",
            "firstPartyCookies": {},
            "firstPartyCookiesSent": {},
            "exampleSites": [
                "exchangetuts.com",
                "www.exchangetuts.com"
            ]
        },
        {
            "rule": "phoangaisool\\.com\\/500\\/9133153",
            "cookies": 0,
            "fingerprinting": 0,
            "subdomains": [],
            "apis": {},
            "sites": 2,
            "prevalence": 0.0000137,
            "cnames": [],
            "responseHashes": [],
            "type": "Preflight",
            "firstPartyCookies": {},
            "firstPartyCookiesSent": {},
            "exampleSites": [
                "exchangetuts.com",
                "www.exchangetuts.com"
            ]
        },
        {
            "rule": "phoangaisool\\.com\\/400\\/9611409",
            "cookies": 0.0000137,
            "fingerprinting": 0,
            "subdomains": [],
            "apis": {},
            "sites": 2,
            "prevalence": 0.0000137,
            "cnames": [],
            "responseHashes": [
                "bd821e34c91f81b6c7cd02bb38d3ab0d0e6bd061d45a165912d108165209cd6b"
            ],
            "type": "XHR",
            "firstPartyCookies": {},
            "firstPartyCookiesSent": {},
            "exampleSites": [
                "codingeasypeasy.com",
                "www.codingeasypeasy.com"
            ]
        },
        {
            "rule": "phoangaisool\\.com\\/500\\/9611409",
            "cookies": 0.0000137,
            "fingerprinting": 0,
            "subdomains": [],
            "apis": {},
            "sites": 2,
            "prevalence": 0.0000137,
            "cnames": [],
            "responseHashes": [
                "e3b0c44298fc1c149afbf4c8996fb92427ae41e4649b934ca495991b7852b855"
            ],
            "type": "XHR",
            "firstPartyCookies": {},
            "firstPartyCookiesSent": {},
            "exampleSites": [
                "codingeasypeasy.com",
                "www.codingeasypeasy.com"
            ]
        },
        {
            "rule": "phoangaisool\\.com\\/500\\/9611409",
            "cookies": 0,
            "fingerprinting": 0,
            "subdomains": [],
            "apis": {},
            "sites": 2,
            "prevalence": 0.0000137,
            "cnames": [],
            "responseHashes": [],
            "type": "Preflight",
            "firstPartyCookies": {},
            "firstPartyCookiesSent": {},
            "exampleSites": [
                "codingeasypeasy.com",
                "www.codingeasypeasy.com"
            ]
        },
        {
            "rule": "phoangaisool\\.com\\/500\\/8671555",
            "cookies": 0.00000684,
            "fingerprinting": 0,
            "subdomains": [],
            "apis": {},
            "sites": 2,
            "prevalence": 0.0000137,
            "cnames": [],
            "responseHashes": [],
            "type": "XHR",
            "firstPartyCookies": {},
            "firstPartyCookiesSent": {},
            "exampleSites": [
                "fanmtl.com",
                "www.fanmtl.com"
            ]
        }
    ],
    "categories": [],
    "performance": {},
    "cookies": 0.000219,
    "topInitiators": [
        {
            "domain": "roagrofoogrobo.com",
            "prevalence": 0.39705882352941174
        },
        {
            "domain": "theetheks.com",
            "prevalence": 0.38235294117647056
        },
        {
            "domain": "emrldtp.com",
            "prevalence": 0.058823529411764705
        },
        {
            "domain": "autchoog.net",
            "prevalence": 0.058823529411764705
        },
        {
            "domain": "foomaque.net",
            "prevalence": 0.029411764705882353
        },
        {
            "domain": "rndskittytor.com",
            "prevalence": 0.029411764705882353
        },
        {
            "domain": "loajawun.com",
            "prevalence": 0.029411764705882353
        },
        {
            "domain": "first party",