{
    "domain": "pixlee.co",
    "owner": {},
    "source": [
        "DuckDuckGo-US"
    ],
    "prevalence": 0.000821,
    "sites": 120,
    "subdomains": [
        "photos",
        "distillery",
        "inbound-analytics"
    ],
    "cnames": [],
    "fingerprinting": 1,
    "resources": [
        {
            "rule": "pixlee\\.co\\/lightbox",
            "cookies": 0,
            "fingerprinting": 0,
            "subdomains": [
                "photos"
            ],
            "apis": {},
            "sites": 39,
            "prevalence": 0.000267,
            "cnames": [],
            "responseHashes": [
                "f0fafc71c2b02798070511cce05e5795c3334b8a821a7758421b4f44b490e1bb",
                "606e3fbb1f3b7c7f0403c5f0f81b77ef2d75ce7987a98a25d36604bf29079705",
                "823e510186888ef6a5b8eac59cccc03b968e17a283252c11b5e35ff411ddfd85",
                "0d94b8825125b331cdb2c67946a14a18f57c50fe87f7ac4c440843be5aaf6c26",
                "29984378e669ac36a5846eefcb6964aae001a58033d6cb73ee0daeb9c8217a5b",
                "72edb538de2b7a9d5beb6d52ccf832ce07c2173eaf34a978bb96842b66b89b15",
                "31888108dc40f9ab79054fd39c0e5bf19aa2bfdda7e17ad4ea7306bd496e6374",
                "602d38e80628eacb02080ef6f549c4be84e9f4232d4438e1826c714d1c682304",
                "46694aefa980afc03efda858bbe030751e70cc547c40d998879570ed40e13ba9",
                "9af61b15a369771b24c674dc2d38fc7bce539e6d31a4e435a39ed0a6b33fdf75",
                "7936a647f9e9d6bd9297e7b555cdd3979a2ee0723ec38e359dcd1970934684a7",
                "37627fc72333d3b8a96eef809648cfcfdcceec62f09f1fcca4069d887a98a03f",
                "0eac82386a28c9f1e3f198b55b310b0f2d638d5dcfd397b9868a58fd5cf27d49",
                "6b69470232cacdfb878c648b3c3dbc8fb34d71d2f26fe7d9b9259eee07a1bfef",
                "6e84945ec3ea6b76b10bfcc6f16f25382dab5d63264cc45ce7931767d5d2c328",
                "4bc64382f1818f7e98d8c104d4dd9f4e3009e32278234747402326984681059d",
                "ffe2a245e9d76205ecd6c3882aa13d37014af854786ecbc18987b1b1ecd3e4fc",
                "762d3c8d0f1c544bf87c47ade6d6958a2c6c5a6f6cea107164192d03da694bbe",
                "c38167b7b6af30be316731fc8431023a2b7548def3bdff76c22a6a4af376b074",
                "ecdf75ad5e2549e769e9cbe2931575363ee8b7b089007a8ec2e1507952647c4c",
                "d1b3373d62e590088f64d59d4d333d638208c9788f5be7c547bb5e4fcb0c5984",
                "50895a3f306c193129bfa92b13e2d72751da73f47c66875df520b03cf88162ea",
                "f01a918fd3d09bb5887a5e8ecfe2e21b4a4bdb396e5bf2586d972b39518183e1",
                "a50e67c3a4d09231da071f15f673a18f51c1263105927cf1a4f2aa406ec29ab8",
                "b109934e95decb44f1e09b47c47782ed303c92b22951e0970b8bc77fe212788c",
                "c62afb32a28141dbfb6b47892e444e45dc8a9b128b8e87317b9117e21ac6cdea",
                "e396ad07cd203fc3fcb942afc200e4078ee5947ce480d037095fbbc072cb64c0",
                "7794ae04fba05434788d8ecb4453810ac235cbf7ebd906d623a9c854d7bf1ac1",
                "49f7e790e4f603ec8553b9e132938bfb32b87d1ba1abdee009438ffd3cd504a2",
                "3e2b7a624479c00b13b5775acde1c43f5128f552101defb80f96e1bfb1a1b2ff",
                "2df0dc4ce2e884375e84e02c5491120b7407b8c3e782e5a1852653e102a375eb",
                "3e23aef75bc0272904a822ae886143e9470aa0ca8cda989562850c9b257231d1",
                "878ae324854b5f08c9e8237a8ea2ba172727ffbbe9a399b62297a920275d7abf"
            ],
            "type": "Document",
            "firstPartyCookies": {},
            "firstPartyCookiesSent": {
                "IR_gbd": 0.00004104528663291832,
                "_li_dcdm_c": 0.000034204405527431934,
                "utag_main_vapi_domain": 0.000006840881105486387,
                "dy_fs_page": 0.000034204405527431934
            },
            "exampleSites": [
                "www.raymourflanigan.com",
                "www.tillys.com",
                "www.discountramps.com",
                "balsamhill.com",
                "www.loewshotels.com",
                "www.sauder.com",
                "www.grandhotel.com",
                "www.ariat.com",
                "seattlecoffeegear.com",
                "www.snowshoemtn.com",
                "www.seattlecoffeegear.com",
                "www.golaurelhighlands.com",
                "www.dreeshomes.com",
                "www.lifestylesports.com",
                "roofnest.com",
                "onlinemetals.com",
                "stores.ashleyfurniture.com",
                "plankandbeam.com",
                "www.shaneco.com",
                "community.sephora.com"
            ]
        },
        {
            "rule": "pixlee\\.co\\/widget",
            "cookies": 0,
            "fingerprinting": 1,
            "subdomains": [
                "photos"
            ],
            "apis": {
                "window.localStorage": 32
            },
            "sites": 37,
            "prevalence": 0.000253,
            "cnames": [],
            "responseHashes": [
                "507d9b1052b0201e2505e484136930af0c6eed6a2df648e142a2ef2593f5393d",
                "9ab8f3710183e26e44ac8e80c401d6360cfca15cff77502ecd55a7bd413fb905",
                "137d7f27a2a7987c1cb5e498cb90a0da9d0be795160630f744607b2a0b866c70",
                "c121306f94a5f3e7fdafa3369feb2d273d73464d9ccd972f0f44b7b87d2d262f",
                "99dc8beb232afa0c3df6718bb5a866130fe2e42f3b073728bf347e061bc95b4a",
                "6e5be1281213881cceb7f95e8bdae9270cd6100d902bce4091a57c1cb8888c01",
                "514685aed1d1e66846e2e00002ee8deb4fb2b4233ba774142e10672e868dac68",
                "dd0210873d345605fa52d45fe5f65155a5ccce8423600388d5085886aef0b91f",
                "335d63e0ea8011f98e5da0970926b6e969db12bd87e20b6f933f6ec1e38f58ad",
                "36772b5926a91a109c723e4fc8c2868f580cda640c269947f2ba6328fee706b0",
                "a3a433c67a1730f5a8c3856a859390f5ccbc949ac512651f9622e6cd392a1f52",
                "9ad87c3c684c330cbbc3b702ef186f78810d782ca9bfa53b52b5be30704a6d81",
                "be5f798c942dda10b62302ba74842fb338e7e1e30e057d97377e247a69e08e30",
                "371529522604b1cb8c574f1844205012315b9f61c7f43b33ed048d4c632fa588",
                "f983ad24facafa127a0662c61154f8faaa56af6e97df28e141b3a3b25ea2363d",
                "93d15363d40c5fbfbe21a40caa45b225780ec4e65847882759fce4fb8c65ed74",
                "80b7dc62b6e1a9187448c41d8b1bb25e601db21ac78002a94c0c89a9adf73ce8",
                "79b7f0d1d298da0547719f88d3072f36db17c1b5513ccc6decf641c9fdcd2c3f",
                "d1b3373d62e590088f64d59d4d333d638208c9788f5be7c547bb5e4fcb0c5984",
                "db337351a148d6b5f49804ff5cb974f36b120a0e8d9f3ccfc51e1f502d140fac",
                "01bfe809c0c3efe8271a6246e8f5aaf848ebc741a684b8597ce0471292bea79e",
                "5476387f88a28c9eb85a38c82e1414ad53e6b73d2fa5f771bd053b576d94ec2f",
                "a2c5be84a023acd148f8ffa4a01ba3de71995430d8dc4a585e7a79d4a49f5e4c",
                "46196642588c353bfebbf68462058f545df1a5b90896422686393eab3ba21d18",
                "40211f1eac05caf4b14e310a84c8a6f3173407df0412bad71b5e869b331a7670",
                "7026a347ee0e815c80b87e3fc51647dc5571c152b4042f3ddc3f5bbeb4fce19c",
                "a1eccf3a6763040e538968c31610b5ffab8ec322cf1923df36929221b7811d55",
                "69bf9a2b65a7d47f635f27984bb76bafb8b5e0b0ebd73c7205791e88c5ecf448",
                "636fb927299f75d61e7ea00e537a92a785edeb191ef642c4d422d6761b909ac5",
                "104d9bbb742e04dbecc518f82506b37a761d51347bfd02c4073b4ece987c1b1f"
            ],
            "type": "Document",
            "firstPartyCookies": {},
            "firstPartyCookiesSent": {
                "IR_gbd": 0.000034204405527431934,
                "_li_dcdm_c": 0.000034204405527431934,
                "utag_main_vapi_domain": 0.000006840881105486387,
                "dy_fs_page": 0.000027363524421945548
            },