{
    "domain": "playstream.media",
    "owner": {},
    "source": [
        "DuckDuckGo-US"
    ],
    "prevalence": 0.000171,
    "sites": 25,
    "subdomains": [
        "tg1",
        "ads",
        "prodcdn",
        "cdn"
    ],
    "cnames": [],
    "fingerprinting": 2,
    "resources": [
        {
            "rule": "playstream\\.media\\/api\\/adserver\\/spt",
            "cookies": 0,
            "fingerprinting": 1,
            "subdomains": [
                "tg1"
            ],
            "apis": {
                "Navigator.prototype.userAgent": 2,
                "Navigator.prototype.appVersion": 2
            },
            "sites": 3,
            "prevalence": 0.0000205,
            "cnames": [],
            "responseHashes": [
                "88f54e8b6311c113c55efbf96f9988ed54e039e0fd4eb389b6ab6f12d1996d9b",
                "a8b1af1aa345fcf005df99bdbe0250ea13edbf45d4c91300d03e1d3c9a7a18af"
            ],
            "type": "Script",
            "firstPartyCookies": {},
            "firstPartyCookiesSent": {},
            "exampleSites": [
                "inf.news",
                "www.bhaktibharat.com",
                "www.mathrubhumi.com"
            ]
        },
        {
            "rule": "playstream\\.media\\/api\\/adserver\\/scripts",
            "cookies": 0,
            "fingerprinting": 1,
            "subdomains": [
                "ads"
            ],
            "apis": {
                "window.sessionStorage": 1,
                "Navigator.prototype.userAgent": 8,
                "window.innerHeight": 1
            },
            "sites": 15,
            "prevalence": 0.000103,
            "cnames": [],
            "responseHashes": [
                "6371daa24cd20ec60e5931353962509730fe038fd62c76b5d3ca8289dc477dd2",
                "4205649ce7dbb00ce84c9d6e9ff8270c41f0564c065e11df2cc4173cf377df3a",
                "3e7b8a61301032b66c42e483c2915bbd68962da8673bc8af3c0851381d0b5769",
                "ba165c33e2e2587f936a5a77b11653e67a8498881a2dbc3c204e6df42e010816",
                "f4c20401fe651ccbeae38496eb0b5326a3f7c799a7950b36fb1b3791aae95329",
                "0ea923d357f7928fc45094c968b06a9ac25e275ab85db182e92a9fcd627fbb2d",
                "366438481ba7d01359ed7eb84f9debf981d51a9790bd4221450423033b9ff7e5",
                "752463c9e0d54462696a153c0e61eb7e15cc9fea21ec93f68f5716be1559fe62",
                "0c8b7ddd541f0940a32e29625038fa7f3b839299dc7a52f01774775539226432",
                "aedff7afc1281d4bc97e5efd33c149c93f8fa4d1e29dd080f2fab5df940b4566",
                "02d3025a05538bdeeb1ccc2af9fed17b80ab65372e78b8f6f54891b28f069ae5",
                "d54b7bdcbcdb95fa47b3320c1d4f912a9f06e1762f7f4ae13bd0cdda7ee6a0c8",
                "8a7099a96128fdf7b55f7ba9a5663ee105d3e3d1c2ebd234c800a9eab3ddbf66",
                "494bf81d5d728640af3193f334898d81ba0a09f09d6fb9c658f0a3d23b1edd62"
            ],
            "type": "Script",
            "firstPartyCookies": {},
            "firstPartyCookiesSent": {},
            "exampleSites": [
                "walla.co.il",
                "rejstrik-firem.kurzy.cz",
                "tamil.news18.com",
                "taxguru.in",
                "thesportsgrail.com",
                "www.anandabazar.com",
                "www.csfd.sk",
                "www.firstpost.com",
                "www.mstar.com.my",
                "www.newindianexpress.com",
                "www.sakshipost.com",
                "www.tanea.gr",
                "www.telegraphindia.com",
                "www.thehindu.com",
                "www.thestar.com.my"
            ]
        },
        {
            "rule": "playstream\\.media\\/dependencies\\/css\\/video\\.css",
            "cookies": 0,
            "fingerprinting": 0,
            "subdomains": [
                "prodcdn"
            ],
            "apis": {},
            "sites": 5,
            "prevalence": 0.0000342,
            "cnames": [],
            "responseHashes": [
                "a9215d49204416152f55d7ebfa600fcf11cdec5af8c05f0e08a76234339d718f"
            ],
            "type": "Stylesheet",
            "firstPartyCookies": {},
            "firstPartyCookiesSent": {},
            "exampleSites": [
                "walla.co.il",
                "rejstrik-firem.kurzy.cz",
                "thesportsgrail.com",
                "www.anandabazar.com",
                "www.tanea.gr"
            ]
        },
        {
            "rule": "playstream\\.media\\/dependencies\\/css\\/video\\.contrib\\.css",
            "cookies": 0,
            "fingerprinting": 0,
            "subdomains": [
                "prodcdn"
            ],
            "apis": {},
            "sites": 5,
            "prevalence": 0.0000342,
            "cnames": [],
            "responseHashes": [
                "f323b8cf3194ac25e8c57c3bdaa687fc0b5753a5f1210625489458e9b7bb8745"
            ],
            "type": "Stylesheet",
            "firstPartyCookies": {},
            "firstPartyCookiesSent": {},
            "exampleSites": [
                "walla.co.il",
                "rejstrik-firem.kurzy.cz",
                "thesportsgrail.com",
                "www.anandabazar.com",
                "www.tanea.gr"
            ]
        },
        {
            "rule": "playstream\\.media\\/dependencies\\/css\\/video\\.ima\\.css",
            "cookies": 0,
            "fingerprinting": 0,
            "subdomains": [
                "prodcdn"
            ],
            "apis": {},
            "sites": 5,
            "prevalence": 0.0000342,
            "cnames": [],
            "responseHashes": [
                "d1dfd8faa375a2f205c8bff3e9ccbf3ee176090b2505078d43505fa14a423f80"
            ],
            "type": "Stylesheet",
            "firstPartyCookies": {},
            "firstPartyCookiesSent": {},
            "exampleSites": [
                "walla.co.il",
                "rejstrik-firem.kurzy.cz",
                "thesportsgrail.com",
                "www.anandabazar.com",
                "www.tanea.gr"
            ]
        },
        {
            "rule": "playstream\\.media\\/dependencies\\/css\\/player\\.css",
            "cookies": 0,
            "fingerprinting": 0,
            "subdomains": [
                "prodcdn"
            ],
            "apis": {},
            "sites": 5,
            "prevalence": 0.0000342,
            "cnames": [],
            "responseHashes": [
                "3cbcbc00951f576e111890d9ba2198581408bc5e6d5a5c88d72b62efb55558c8"
            ],
            "type": "Stylesheet",
            "firstPartyCookies": {},
            "firstPartyCookiesSent": {},
            "exampleSites": [
                "walla.co.il",
                "rejstrik-firem.kurzy.cz",
                "thesportsgrail.com",
                "www.anandabazar.com",
                "www.tanea.gr"
            ]
        },
        {
            "rule": "playstream\\.media\\/dependencies\\/js\\/video\\.min\\.js",
            "cookies": 0,
            "fingerprinting": 2,
            "subdomains": [
                "prodcdn"
            ],
            "apis": {
                "Navigator.prototype.maxTouchPoints": 3,
                "NavigatorUAData.prototype.platform": 3,
                "Navigator.prototype.userAgent": 3,
                "Navigator.prototype.languages": 3,
                "HTMLMediaElement.prototype.canPlayType": 3,
                "MediaSource.isTypeSupported": 3,
                "Screen.prototype.orientation": 3
            },
            "sites": 5,
            "prevalence": 0.0000342,
            "cnames": [],
            "responseHashes": [
                "8108fd0695a044cb9caffcf3e1a1e1150dec0212da61c29605093bc9d16f9d49"
            ],
            "type": "Script",
            "firstPartyCookies": {},
            "firstPartyCookiesSent": {},