{
    "domain": "pm-serv.co",
    "owner": {},
    "source": [
        "DuckDuckGo-US"
    ],
    "prevalence": 0.000192,
    "sites": 28,
    "subdomains": [
        "c",
        "l",
        "n"
    ],
    "cnames": [],
    "fingerprinting": 2,
    "resources": [
        {
            "rule": "pm-serv\\.co\\/sr\\/2722522032\\/SAFEFRAME\\.html",
            "cookies": 0.000157,
            "fingerprinting": 2,
            "subdomains": [
                "c"
            ],
            "apis": {
                "Date.prototype.getTime": 20,
                "window.innerWidth": 20,
                "window.innerHeight": 20,
                "Screen.prototype.height": 20,
                "Screen.prototype.width": 20,
                "window.matchMedia(\"prefers-color-scheme\")": 20,
                "Navigator.prototype.connection": 20,
                "Date.prototype.getTimezoneOffset": 20,
                "Navigator.prototype.userAgent": 18
            },
            "sites": 27,
            "prevalence": 0.000185,
            "cnames": [],
            "responseHashes": [
                "ba3d84cb0b34682aec1d7f70e503aae85f66fc0b61ca6cecf4ec2dbc81866227",
                "c967255e849a6ec4d6868a62b169541806790ab358729578a9b72839d1171acc",
                "082fe08ae980cb91b0ab9101cc8ae8ce3a51d7e1509d468d45f9aab27e8d21f6",
                "a72165659cdf3f2663f863fe4b4b531f9d5c0468d19626fe300b902345eb79a8",
                "dffe6b75a347ff6b89ddbd8e0c9b5bb2ffff7b816073d5fcccadbf4fe841545e",
                "27716b93df126cd922ea6b94ed67a0e61be547346a7e81613b32241797440b03",
                "f0db2a8c39ba74e304162154b53562059b80fd97aeafc1f826595e398c126a1d",
                "1f0d68e4902fbfa75e2812b40480930ad6dd30f400b379a6b15634a7b8425f63",
                "a0e5cea9fa168bc4298f7429c2259a5c4faa7d0cf01cfe2b786cb4598837765b",
                "49103ee420b9c3cbcf582e4e716a83c1c24a52aa8a74884915c3fbfa844e1ba2",
                "bce1510db1bf16c502287fc03221ae7e7dd053b22a5b343d69fbec11019a65af",
                "cd260a07a1398b88330aa5c96b33007b4bb7c5647b2aee019a457700343d31f4",
                "a07f888197e3547ba7f74ce9a99a01be2f68056fa8472d8448efc58b177ec761",
                "6bb058833f7ba048f72d5f8f055c188ced6b5f975057a8ec3ae90bb06f71f89c",
                "e5cf6a92d9c19116a2463ebaa6d002d53789005483e5a10d52321b131d44873e",
                "28b362cae329efa9c49a6c9ba08c71d34f44cee18939d9874448c39e2a89991e",
                "353ace739f41002344bfeb26ad830d6a3df88007af8e1650b8fd5959f93be3c7",
                "337c6c73cc2de8254f4e1d6e8c4cd22616075c8209912e5e2d265fa607c25baf",
                "46e528267e27bccd9656b5558b0bdab6b90c7e082500f787620b38e32a485676",
                "b25695aa4e3e73c20e343f35a39fac97869d413287ddc5524409de097bea0592",
                "aae2962b6f2a83d061cb6fe7369c2711654cc58ada3caaabee3d98c9f1ee2a8c",
                "5cb1b9e4c6fca4a732e5335bed311af7a305244e2f0c239dee4c3ef01e484dea"
            ],
            "type": "Document",
            "firstPartyCookies": {},
            "firstPartyCookiesSent": {
                "lotame_domain_check": 0.000006840881105486387,
                "_li_dcdm_c": 0.000006840881105486387
            },
            "exampleSites": [
                "www.comment-economiser.fr",
                "www.brusselstimes.com",
                "www.topcpu.net",
                "downdetector.com",
                "www.fontbolt.com",
                "san.com",
                "www.oeffnungszeitenbuch.de",
                "bonapeti.com",
                "www.ruhr24.de",
                "www.rvinsider.com",
                "scrabble-valide.fr",
                "it.motor1.com",
                "viamaker.en.uptodown.com",
                "www.teletexto.com",
                "geissblog.koeln",
                "www.isitdownrightnow.com",
                "forums.ybw.com",
                "www.thecooldown.com",
                "medical-news.org",
                "chefcuisto.com"
            ]
        },
        {
            "rule": "pm-serv\\.co\\/bping\\.php",
            "cookies": 0,
            "fingerprinting": 0,
            "subdomains": [
                "l"
            ],
            "apis": {},
            "sites": 12,
            "prevalence": 0.0000821,
            "cnames": [],
            "responseHashes": [
                "3575744054412f7f8d680de94e9599ef1261ccf776812faaf5ac551766ab28ad"
            ],
            "type": "Image",
            "firstPartyCookies": {},
            "firstPartyCookiesSent": {
                "lotame_domain_check": 0.000034204405527431934,
                "_li_dcdm_c": 0.000013681762210972774
            },
            "exampleSites": [
                "areasosta.com",
                "basenotes.com",
                "downdetector.com",
                "forums.horseandhound.co.uk",
                "forums.ybw.com",
                "scrabble-valide.fr",
                "www.detsoteliv.no",
                "www.diabeticdiet.pro",
                "www.familytree.com",
                "www.ruhr24.de",
                "www.rvinsider.com",
                "www.teletexto.com"
            ]
        },
        {
            "rule": "pm-serv\\.co\\/bql\\.php",
            "cookies": 0,
            "fingerprinting": 0,
            "subdomains": [
                "n",
                "l"
            ],
            "apis": {},
            "sites": 22,
            "prevalence": 0.00015,
            "cnames": [],
            "responseHashes": [
                "c787e9dd6dc8ea3c935f5f0f30e3b9e4a3e066b4619bb244f569883f8e318a24"
            ],
            "type": "Script",
            "firstPartyCookies": {},
            "firstPartyCookiesSent": {},
            "exampleSites": [
                "it.motor1.com",
                "scrabble-valide.fr",
                "medical-news.org",
                "areasosta.com",
                "www.brusselstimes.com",
                "chefcuisto.com",
                "www.rvinsider.com",
                "www.ruhr24.de",
                "www.familytree.com",
                "forums.horseandhound.co.uk",
                "tennis-infinity.com",
                "www.comment-economiser.fr",
                "www.fontbolt.com",
                "www.isitdownrightnow.com",
                "bonapeti.com",
                "geissblog.koeln",
                "www.detsoteliv.no",
                "san.com",
                "downdetector.com",
                "www.diabeticdiet.pro"
            ]
        },
        {
            "rule": "pm-serv\\.co\\/bqi\\.php",
            "cookies": 0,
            "fingerprinting": 0,
            "subdomains": [
                "l"
            ],
            "apis": {},
            "sites": 8,
            "prevalence": 0.0000547,
            "cnames": [],
            "responseHashes": [
                "e3b0c44298fc1c149afbf4c8996fb92427ae41e4649b934ca495991b7852b855"
            ],
            "type": "Image",
            "firstPartyCookies": {},
            "firstPartyCookiesSent": {
                "_li_dcdm_c": 0.000013681762210972774,
                "lotame_domain_check": 0.000027363524421945548
            },
            "exampleSites": [
                "areasosta.com",
                "forums.horseandhound.co.uk",
                "geissblog.koeln",
                "tennis-infinity.com",
                "viamaker.en.uptodown.com",
                "www.diabeticdiet.pro",
                "www.familytree.com",
                "www.isitdownrightnow.com"
            ]
        },
        {
            "rule": "pm-serv\\.co\\/__media__\\/fonts\\/Roboto-Regular\\/Roboto-Regular\\.woff",
            "cookies": 0,
            "fingerprinting": 0,
            "subdomains": [
                "c"
            ],
            "apis": {},
            "sites": 8,
            "prevalence": 0.0000547,
            "cnames": [],
            "responseHashes": [
                "c1cf6de3d2f3ad95ab6d526ca25331251a125fd39223223995fab8c8cdcdbccb"
            ],