{
    "domain": "pmsrv.co",
    "owner": {},
    "source": [
        "DuckDuckGo-US"
    ],
    "prevalence": 0.0000889,
    "sites": 13,
    "subdomains": [
        "c",
        "analytics"
    ],
    "cnames": [],
    "fingerprinting": 1,
    "resources": [
        {
            "rule": "pmsrv\\.co\\/v1\\/analytics\\.js",
            "cookies": 0,
            "fingerprinting": 1,
            "subdomains": [
                "c"
            ],
            "apis": {
                "window.localStorage": 11,
                "Document.cookie getter": 7,
                "window.sessionStorage": 11
            },
            "sites": 11,
            "prevalence": 0.0000752,
            "cnames": [],
            "responseHashes": [
                "03fe3471f1fab2d9b974374bf498c3f622a5c011c0fe66d366037921ca1bfb3b",
                "31d75c4fef68770c9196aa4da0f4256b8c363c39d65cea548049c99a6c854aab",
                "dca2b36b7f60fa094c6d3f1e436bdf4740a18ed5c6decc32202cec7d8d9676dc",
                "670d7b1eeba0428ea008fd1c95253ad6d2c3ded8a0e40bb4419b30f5aa3fe1f1",
                "bac143a29acac7bbb7f039f6861f50b7b07177e2925307b2c50dde2fcf751c3e",
                "c6526b35ba263ce79a1f0b8ee6e6fa9f5d86832a70657ce12a9668d798500560",
                "15b243dbdf8e317562dc6708f8a1bc26686cdc360cfd3d47394e0bd8f1653018",
                "ead1e79a3b6c391f0123df968d81856cd432515258dccd1a2816015f0e5bcadb"
            ],
            "type": "Script",
            "firstPartyCookies": {},
            "firstPartyCookiesSent": {
                "_li_dcdm_c": 0.000006840881105486387
            },
            "exampleSites": [
                "cargurus.com",
                "medicareguide.com",
                "ncl.com",
                "sso.ncl.com",
                "stonehengehealth.com",
                "www.cargurus.com",
                "www.drscholls.com",
                "www.invisalign.com",
                "www.medicalert.org",
                "www.ncl.com",
                "www.sylvansport.com"
            ]
        },
        {
            "rule": "pmsrv\\.co\\/v1\\/tracking\\.js",
            "cookies": 0,
            "fingerprinting": 0,
            "subdomains": [
                "analytics"
            ],
            "apis": {},
            "sites": 8,
            "prevalence": 0.0000547,
            "cnames": [],
            "responseHashes": [
                "31969a9254d2e57b3a58d33f19c2247cc20e4cd982e79eb8d2eb05f5f94682a3",
                "e3b0c44298fc1c149afbf4c8996fb92427ae41e4649b934ca495991b7852b855"
            ],
            "type": "Script",
            "firstPartyCookies": {},
            "firstPartyCookiesSent": {},
            "exampleSites": [
                "cargurus.com",
                "medicareguide.com",
                "stonehengehealth.com",
                "www.cargurus.com",
                "www.drscholls.com",
                "www.invisalign.com",
                "www.medicalert.org",
                "www.sylvansport.com"
            ]
        },
        {
            "rule": "pmsrv\\.co\\/v2\\/acvr3",
            "cookies": 0.0000205,
            "fingerprinting": 0,
            "subdomains": [
                "c"
            ],
            "apis": {},
            "sites": 11,
            "prevalence": 0.0000752,
            "cnames": [],
            "responseHashes": [
                "e3b0c44298fc1c149afbf4c8996fb92427ae41e4649b934ca495991b7852b855"
            ],
            "type": "Image",
            "firstPartyCookies": {},
            "firstPartyCookiesSent": {},
            "exampleSites": [
                "cargurus.com",
                "medicareguide.com",
                "ncl.com",
                "sso.ncl.com",
                "stonehengehealth.com",
                "www.cargurus.com",
                "www.drscholls.com",
                "www.invisalign.com",
                "www.medicalert.org",
                "www.ncl.com",
                "www.sylvansport.com"
            ]
        },
        {
            "rule": "pmsrv\\.co\\/v2\\/track",
            "cookies": 0,
            "fingerprinting": 0,
            "subdomains": [
                "analytics"
            ],
            "apis": {},
            "sites": 2,
            "prevalence": 0.0000137,
            "cnames": [],
            "responseHashes": [
                "e3b0c44298fc1c149afbf4c8996fb92427ae41e4649b934ca495991b7852b855"
            ],
            "type": "Image",
            "firstPartyCookies": {},
            "firstPartyCookiesSent": {},
            "exampleSites": [
                "invisalign.com",
                "www.invisalign.com"
            ]
        }
    ],
    "categories": [],
    "performance": {},
    "cookies": 0.0000205,
    "topInitiators": [
        {
            "domain": "googletagmanager.com",
            "prevalence": 0.5
        },
        {
            "domain": "first party",
            "prevalence": 0.35
        },
        {
            "domain": "osano.com",
            "prevalence": 0.1
        },
        {
            "domain": "sst-58874-nszpmsl3ca-ul.a.run.app",
            "prevalence": 0.05
        }
    ],
    "types": {
        "Script": 19,
        "Image": 13
    },
    "nameservers": [
        "ns-1427.awsdns-50.org",
        "ns-106.awsdns-13.com",
        "ns-1948.awsdns-51.co.uk",
        "ns-968.awsdns-57.net"
    ]
}