{
    "domain": "pointcontinentrtb.com",
    "owner": {},
    "source": [
        "DuckDuckGo-US"
    ],
    "prevalence": 0.00165,
    "sites": 241,
    "subdomains": [],
    "cnames": [],
    "fingerprinting": 0,
    "resources": [
        {
            "rule": "pointcontinentrtb\\.com\\/v1\\/track\\/impression",
            "cookies": 0,
            "fingerprinting": 0,
            "subdomains": [],
            "apis": {},
            "sites": 199,
            "prevalence": 0.00136,
            "cnames": [],
            "responseHashes": [
                "e3b0c44298fc1c149afbf4c8996fb92427ae41e4649b934ca495991b7852b855",
                "e3dd3b08d4a869ebf4d17dcdb22363b80be5ad0744b127891b8d77bd39bf518b",
                "e80c424c3f14930e9418bb362d0feee77ae2b9046a5d995788825ed229df7d19",
                "88eb84881134133052e7f086f0daaf74c46a96c428905e53c0a21e5c921e4e2a",
                "3bb63c604035266d222cc6764acbfe0a907bfc9b3d1776b217e367bc7ed6778d",
                "5a24ab228c12c2b81430f5dda02b5387787f983b537cb50a9d18f0e564824bc5",
                "0f55f4394e7ce25d423e11883899a62f273081b9c05841a5100061cea26d84a6",
                "83f7d971830f488d248f0df2af57d4920abb90d764322bdf02ede57397e4e65e",
                "bfdb5e935270364638a249a98328cf56fba88c0af9ee73abecd6a4cd804e0d28",
                "b15f0f7450f51b65952a6173d97ff69db921a7de8e63802d3159505e50c05acf",
                "5cc60ec9b1c687004963817660230c3a27443bd71ca159bbbc22acd71e42c4b7"
            ],
            "type": "Image",
            "firstPartyCookies": {},
            "firstPartyCookiesSent": {},
            "exampleSites": [
                "2018porn.pro",
                "femdom-joi.com",
                "jungespornovideo.com",
                "nagano92.fr",
                "javhub.net",
                "hclips.com",
                "incest-ru.com",
                "masa49.info",
                "www.newchotigolpo.com",
                "www.xasiat.com",
                "luticlip.com",
                "www.pornspear.com",
                "xxx-sex.one",
                "xxxi.porn",
                "antarvasnahd.com",
                "shemalez.com",
                "www.fullpornxxx.net",
                "nudes18.fun",
                "girla.me",
                "www.yoindiansex.com"
            ]
        }
    ],
    "categories": [],
    "performance": {},
    "cookies": 0,
    "topInitiators": [
        {
            "domain": "wpushsdk.com",
            "prevalence": 0.32954545454545453
        },
        {
            "domain": "5534a1fe5d.com",
            "prevalence": 0.3068181818181818
        },
        {
            "domain": "mbidinp.com",
            "prevalence": 0.0946969696969697
        },
        {
            "domain": "first party",
            "prevalence": 0.09090909090909091
        },
        {
            "domain": "onclckinpg.com",
            "prevalence": 0.07954545454545454
        },
        {
            "domain": "19b7f4f4d8.com",
            "prevalence": 0.056818181818181816
        },
        {
            "domain": "nv7s.com",
            "prevalence": 0.015151515151515152
        },
        {
            "domain": "poloptrex.com",
            "prevalence": 0.015151515151515152
        },
        {
            "domain": "canstrm.com",
            "prevalence": 0.007575757575757576
        },
        {
            "domain": "txxx.tube",
            "prevalence": 0.003787878787878788
        }
    ],
    "types": {
        "Image": 199
    },
    "nameservers": [
        "ns2.digitalocean.com",
        "ns1.digitalocean.com",
        "ns3.digitalocean.com"
    ]
}