{
    "domain": "project1service.com",
    "owner": {},
    "source": [
        "DuckDuckGo-US"
    ],
    "prevalence": 0.000171,
    "sites": 25,
    "subdomains": [
        "site-api",
        "navigation-api",
        "join"
    ],
    "cnames": [],
    "fingerprinting": 0,
    "resources": [
        {
            "rule": "project1service\\.com\\/v2\\/amt\\/media-assets",
            "cookies": 0.0000684,
            "fingerprinting": 0,
            "subdomains": [
                "site-api"
            ],
            "apis": {},
            "sites": 10,
            "prevalence": 0.0000684,
            "cnames": [],
            "responseHashes": [],
            "type": "Preflight",
            "firstPartyCookies": {},
            "firstPartyCookiesSent": {},
            "exampleSites": [
                "bangbros.com",
                "www.brazzers.com",
                "www.digitalplayground.com",
                "www.fakehub.com",
                "www.hentaipros.com",
                "www.letsdoeit.com",
                "www.men.com",
                "www.mofos.com",
                "www.realitykings.com",
                "www.transangels.com"
            ]
        },
        {
            "rule": "project1service\\.com\\/v2\\/amt\\/media-assets",
            "cookies": 0.0000684,
            "fingerprinting": 0,
            "subdomains": [
                "site-api"
            ],
            "apis": {},
            "sites": 10,
            "prevalence": 0.0000684,
            "cnames": [],
            "responseHashes": [
                "99dbf64eebaf7062bb75e371a48e464b21a6c8cb793a33ca755550f28936050a",
                "0c9f5a9d4f9db42504268f93b1fb2e2b8c01bd63c34225b0df7415d6a1eb4957",
                "f45ce1f24a24dc14de1e42e77507d248676bdca06a6a61e83265d683755adcbc",
                "ab78d31d2ad6bfa09ea64f0dd3bf0970cbbbcb1315f9f59ae95ad5074b46bfc1",
                "ce991de417380322ad0668452f5484ab75da7a98657d2dd60293d74ef29149ae",
                "4017a7985f9c6456e58398268ed54bd91648303b65a02e913299c869832bc0e7",
                "d70c40c2207501bcd0e184d29f7412c4c7200a675bfae3d2b6cd61a6c93d87c3",
                "a52c06d85307905d0d895bc865958262897b53a40043f4d41649348ea9b9fe3d",
                "60e642c402ec4f28c192a5a92649e359f936e8198f2c06a92ce237a410f243fc"
            ],
            "type": "Fetch",
            "firstPartyCookies": {},
            "firstPartyCookiesSent": {},
            "exampleSites": [
                "bangbros.com",
                "www.brazzers.com",
                "www.digitalplayground.com",
                "www.fakehub.com",
                "www.hentaipros.com",
                "www.letsdoeit.com",
                "www.men.com",
                "www.mofos.com",
                "www.realitykings.com",
                "www.transangels.com"
            ]
        },
        {
            "rule": "project1service\\.com\\/v1\\/navbar\\/9131",
            "cookies": 0.0000137,
            "fingerprinting": 0,
            "subdomains": [
                "navigation-api"
            ],
            "apis": {},
            "sites": 2,
            "prevalence": 0.0000137,
            "cnames": [],
            "responseHashes": [
                "6d09cbfd01d36886eb48fa135de3e142a6d2503bfa048fe293359868137af7b6"
            ],
            "type": "XHR",
            "firstPartyCookies": {},
            "firstPartyCookiesSent": {},
            "exampleSites": [
                "bangbros.com",
                "mobile.bangbros.com"
            ]
        },
        {
            "rule": "project1service\\.com\\/v2\\/releases",
            "cookies": 0.0000958,
            "fingerprinting": 0,
            "subdomains": [
                "site-api"
            ],
            "apis": {},
            "sites": 14,
            "prevalence": 0.0000958,
            "cnames": [],
            "responseHashes": [
                "cee9518a05b3c580c042951cc6356e66f91b4879825865c51786098b5ba9e344",
                "71b33f9e466b05c6a52e144f3a607570ef9744bc1ade2f5d1b64e7bd7838f6d0",
                "d648c5aa61fc7b72de8b5a559f4d593d11548c58381221fd29f7edf472b1b0c3",
                "571751dc129d1de79c3b8f67cb288538373172c05d4609141de7d862755b9cdb",
                "c5938e302a2a744118cc8f3d8f5bfeece8437347ed6d3e876c4ee1dd049e29bc",
                "f44e8f83ea924f3d436debb0c9cf9ab580dae27fee7172e6e91abbd033be4d06",
                "663bfd50c00b14bf2e7cf94cd05c5d07fb1b15690619f03b473f4f3fbc8a72e6",
                "e79dc29a6e10a8fc4d0a26c54ecae3d01a0bd9c58d0dcef981c2156066b2ab1a",
                "511a02bf14429f8a52d61955d6a00d60c442c573fa428e269e956017b1519bc1",
                "946c1c9e6d329cba92bc913eea62b8a3b306ea5f05547bd96068a2374a9d32e1",
                "51ce024b5c51af1032e1053078c6a79b5bb6ea0285abc60f9edc079780032ac1",
                "dddd14a26039937ffbbcddfbde3de78ae9374dfa9a28ac83b6b2381fe3f61925",
                "6e19dcadcddcbcc7a04270545fbe2d03a56dfd9d85764a75c21c304dceecbf9a"
            ],
            "type": "XHR",
            "firstPartyCookies": {},
            "firstPartyCookiesSent": {},
            "exampleSites": [
                "bangbros.com",
                "brazzers.com",
                "mobile.bangbros.com",
                "www.brazzers.com",
                "www.digitalplayground.com",
                "www.faketaxi.com",
                "www.hentaipros.com",
                "www.men.com",
                "www.milfed.com",
                "www.mofos.com",
                "www.publicagent.com",
                "www.realitykings.com",
                "www.sweetsinner.com",
                "www.transangels.com"
            ]
        },
        {
            "rule": "project1service\\.com\\/v2\\/releases",
            "cookies": 0.0000958,
            "fingerprinting": 0,
            "subdomains": [
                "site-api"
            ],
            "apis": {},
            "sites": 14,
            "prevalence": 0.0000958,
            "cnames": [],
            "responseHashes": [],
            "type": "Preflight",
            "firstPartyCookies": {},
            "firstPartyCookiesSent": {},
            "exampleSites": [
                "bangbros.com",
                "brazzers.com",
                "mobile.bangbros.com",
                "www.brazzers.com",
                "www.digitalplayground.com",
                "www.faketaxi.com",
                "www.hentaipros.com",
                "www.men.com",
                "www.milfed.com",
                "www.mofos.com",
                "www.publicagent.com",
                "www.realitykings.com",
                "www.sweetsinner.com",
                "www.transangels.com"
            ]
        },
        {
            "rule": "project1service\\.com\\/v2\\/upcoming-releases",
            "cookies": 0.0000137,
            "fingerprinting": 0,
            "subdomains": [
                "site-api"
            ],
            "apis": {},
            "sites": 2,
            "prevalence": 0.0000137,
            "cnames": [],
            "responseHashes": [
                "0da07d2b25192977afdfdba43a29a4b14d56120c0724a1eee74491d328c913e3"
            ],
            "type": "XHR",
            "firstPartyCookies": {},
            "firstPartyCookiesSent": {},
            "exampleSites": [
                "bangbros.com",
                "www.brazzers.com"
            ]
        },
        {
            "rule": "project1service\\.com\\/v2\\/upcoming-releases",
            "cookies": 0.0000137,
            "fingerprinting": 0,
            "subdomains": [
                "site-api"
            ],
            "apis": {},
            "sites": 2,
            "prevalence": 0.0000137,
            "cnames": [],
            "responseHashes": [],
            "type": "Preflight",
            "firstPartyCookies": {},
            "firstPartyCookiesSent": {},