{
    "domain": "protoawegw.com",
    "owner": {},
    "source": [
        "DuckDuckGo-US"
    ],
    "prevalence": 0.000144,
    "sites": 21,
    "subdomains": [
        "api-protected"
    ],
    "cnames": [],
    "fingerprinting": 0,
    "resources": [
        {
            "rule": "protoawegw\\.com\\/v2\\/player\\/performer\\/get",
            "cookies": 0,
            "fingerprinting": 0,
            "subdomains": [
                "api-protected"
            ],
            "apis": {},
            "sites": 17,
            "prevalence": 0.000116,
            "cnames": [],
            "responseHashes": [
                "fb87645b05c3cc5f079580d27b6c77d7e298be25ecaf03cc558d99f04be79961",
                "acfe12563faf4d367053b31e5177d9c417d0aa776ac504dc6501bb44873559be",
                "865e9f0e31718c94b26f5ae03a62e7cf8fed38fdabf202edcd9ed0f689f6a3b4",
                "5890822ec5558bea338b7482f641cd46d299a3079adace6919e9de0962d29d30",
                "6076e321f8f6f1739ca6a4e3bd22fb8728dbe82b82f7f9c39f5dfd960dbb364e",
                "9760e83e1a07c80c7973520ec3bb655bb45f9100e4917069377e693b38a8f2ed",
                "9168b880111170cb95641b9d81182296236e5bd262a5167a15c1db40878abb7a",
                "9dcb5816a8ac69141ef58f9fc02c6376e41bed1dc75ec3ab74b4de6db272ae27",
                "8b6edfc9176aa33461834bf84ad045bf5348d93e5993937dfdb735e5b57e9d82",
                "1c928d2b8dc6768d64ef4ae265dd07b60ca9f5108a19d800462ac9df702b5d53",
                "01578ada82745543b85558ecbe029cb711543525b30e8176deb518778e8065ff",
                "107cc6edcb41fe8257d918a9f50fbf3bd2fe9d4681465097e407c17b260795bb",
                "626b607dbf0a290140188e453831b484f271b2663bf935430985d5e06b1e753e",
                "1e271b2194aa0fc982fba96d09f1dbb63befa927ccf51b1e15b723ffb3eb3432",
                "a02aeda3c4848dceea8a291eaf400be2f633bad176d79ab54e504fd19185e2b4",
                "33fdb59b2b07f293baeb72ba3b839a647f40a1029c8ad4585b319c4fa4c1e9c3"
            ],
            "type": "Fetch",
            "firstPartyCookies": {},
            "firstPartyCookiesSent": {},
            "exampleSites": [
                "spankbang.com",
                "celeb-stalker.com",
                "id.spankbang.com",
                "mobile.odir.org",
                "odir.org",
                "odir.us",
                "tabootube.to",
                "urlgalleries.net",
                "www.adam4adam.com",
                "www.crazywebcams.com",
                "www.famousboard.com",
                "www.freexcafe.com",
                "www.mymleak.net",
                "www.newzealandgirls.co.nz",
                "www.onlynude.men",
                "www.tabootube.xxx",
                "www.webcamexchange.com"
            ]
        },
        {
            "rule": "protoawegw\\.com\\/v2\\/player\\/performer\\/search",
            "cookies": 0,
            "fingerprinting": 0,
            "subdomains": [
                "api-protected"
            ],
            "apis": {},
            "sites": 2,
            "prevalence": 0.0000137,
            "cnames": [],
            "responseHashes": [
                "60e9cbfa228eda90d74cc167da6741e9163cf038ecaffce947ebccd49cee5881"
            ],
            "type": "Fetch",
            "firstPartyCookies": {},
            "firstPartyCookiesSent": {},
            "exampleSites": [
                "celeb-stalker.com",
                "www.hdpornfull.com"
            ]
        }
    ],
    "categories": [],
    "performance": {},
    "cookies": 0,
    "topInitiators": [
        {
            "domain": "ptwmstcnt.com",
            "prevalence": 0.8666666666666667
        },
        {
            "domain": "jsmsat.com",
            "prevalence": 0.13333333333333333
        }
    ],
    "types": {
        "Fetch": 19
    },
    "nameservers": [
        "ns3.eurodns.com",
        "ns4.eurodns.com",
        "ns2.eurodns.com",
        "ns1.eurodns.com"
    ]
}