{
    "domain": "provesrc.com",
    "owner": {},
    "source": [
        "DuckDuckGo-US"
    ],
    "prevalence": 0.0000684,
    "sites": 10,
    "subdomains": [
        "cdn",
        "client-api"
    ],
    "cnames": [],
    "fingerprinting": 1,
    "resources": [
        {
            "rule": "provesrc\\.com\\/provesrc\\.js",
            "cookies": 0.0000547,
            "fingerprinting": 1,
            "subdomains": [
                "cdn"
            ],
            "apis": {
                "window.localStorage": 8,
                "Document.cookie getter": 8,
                "Date.prototype.getTime": 8,
                "window.sessionStorage": 8,
                "Navigator.prototype.userAgent": 8,
                "Document.cookie setter": 8
            },
            "sites": 8,
            "prevalence": 0.0000547,
            "cnames": [],
            "responseHashes": [
                "6d0768a0a3ad5c908fa3de7b5bd2ca76699754004be5831b77a899109bed5c01"
            ],
            "type": "Script",
            "firstPartyCookies": {
                "psuid": {
                    "ttl": 138123399,
                    "length": 36,
                    "prevalence": 0.000054727048843891096,
                    "uniqueness": 1
                },
                "ps5f5657738bdaba47e5b3d16c": {
                    "ttl": 911762,
                    "length": 18,
                    "prevalence": 0.000006840881105486387,
                    "uniqueness": 1
                },
                "ps6323848f4751dd064a6923aa": {
                    "ttl": 2548395,
                    "length": 18,
                    "prevalence": 0.000006840881105486387,
                    "uniqueness": 1
                },
                "ps-goals": {
                    "ttl": null,
                    "length": 138,
                    "prevalence": 0.00002052264331645916,
                    "uniqueness": 1
                },
                "ps616909d5582d604070f77f6f": {
                    "ttl": 2475399,
                    "length": 18,
                    "prevalence": 0.000006840881105486387,
                    "uniqueness": 1
                },
                "ps64b059bd48fac468388eab0e": {
                    "ttl": 2379145,
                    "length": 18,
                    "prevalence": 0.000006840881105486387,
                    "uniqueness": 1
                },
                "ps64c325482a06e36848ddb6a3": {
                    "ttl": 671313,
                    "length": 18,
                    "prevalence": 0.000006840881105486387,
                    "uniqueness": 1
                },
                "ps6149b60e4f01ee542bf0358c": {
                    "ttl": 665461,
                    "length": 18,
                    "prevalence": 0.000006840881105486387,
                    "uniqueness": 1
                },
                "ps5c7d24ed6d66d14f8e4f9e14": {
                    "ttl": 1884870,
                    "length": 19,
                    "prevalence": 0.000006840881105486387,
                    "uniqueness": 1
                },
                "ps67e441507550c8557de2ea63": {
                    "ttl": 128534,
                    "length": 18,
                    "prevalence": 0.000006840881105486387,
                    "uniqueness": 1
                }
            },
            "firstPartyCookiesSent": {},
            "exampleSites": [
                "kettlebellsworkouts.com",
                "novicedefense.com",
                "stoneandtileshoppe.com",
                "watchwarehouse.com",
                "www.cleanwaterstore.com",
                "www.lowesprotectionplus.com",
                "www.springwellwater.com",
                "www.strikeman.io"
            ]
        },
        {
            "rule": "provesrc\\.com\\/account\\/configuration",
            "cookies": 0.0000342,
            "fingerprinting": 0,
            "subdomains": [
                "client-api"
            ],
            "apis": {},
            "sites": 5,
            "prevalence": 0.0000342,
            "cnames": [],
            "responseHashes": [
                "c1815bb770653420ca4975b26028cb498992d0fb75a349d53cc64b6a93d8f79b",
                "11de6b971be655fa6ff6363bb01d54bd37f96d8cf4ad77c5b92bb5c09f3dedc8",
                "2e4acd15dd4f9e456028fad20fe3adfb34e1a3b350cbafe56aa0e64a18cc10a9",
                "1c8c6d74eff7bf5a90573a6384a2c4e698a6d16b1810b3ebfad4d30285df74e8"
            ],
            "type": "Fetch",
            "firstPartyCookies": {},
            "firstPartyCookiesSent": {},
            "exampleSites": [
                "kettlebellsworkouts.com",
                "watchwarehouse.com",
                "www.cleanwaterstore.com",
                "www.lowesprotectionplus.com",
                "www.springwellwater.com"
            ]
        },
        {
            "rule": "provesrc\\.com\\/account\\/configuration",
            "cookies": 0,
            "fingerprinting": 0,
            "subdomains": [
                "client-api"
            ],
            "apis": {},
            "sites": 8,
            "prevalence": 0.0000547,
            "cnames": [],
            "responseHashes": [],
            "type": "Preflight",
            "firstPartyCookies": {},
            "firstPartyCookiesSent": {},
            "exampleSites": [
                "kettlebellsworkouts.com",
                "novicedefense.com",
                "stoneandtileshoppe.com",
                "watchwarehouse.com",
                "www.cleanwaterstore.com",
                "www.lowesprotectionplus.com",
                "www.springwellwater.com",
                "www.strikeman.io"
            ]
        },
        {
            "rule": "provesrc\\.com\\/notifications\\/get",
            "cookies": 0,
            "fingerprinting": 0,
            "subdomains": [
                "client-api"
            ],
            "apis": {},
            "sites": 7,
            "prevalence": 0.0000479,
            "cnames": [],
            "responseHashes": [],
            "type": "Preflight",
            "firstPartyCookies": {},
            "firstPartyCookiesSent": {},
            "exampleSites": [
                "kettlebellsworkouts.com",
                "novicedefense.com",
                "stoneandtileshoppe.com",
                "watchwarehouse.com",
                "www.cleanwaterstore.com",
                "www.lowesprotectionplus.com",
                "www.strikeman.io"
            ]
        },
        {
            "rule": "provesrc\\.com\\/notifications\\/get",
            "cookies": 0,
            "fingerprinting": 0,
            "subdomains": [
                "client-api"
            ],
            "apis": {},
            "sites": 3,
            "prevalence": 0.0000205,
            "cnames": [],
            "responseHashes": [
                "ecec89a798e958704d4e5ec50f959396df3a011624ca168f745163aa2705b43f",
                "4f53cda18c2baa0c0354bb5f9a3ecbe5ed12ab4d8e11ba873c2f11161202b945"
            ],
            "type": "Fetch",
            "firstPartyCookies": {},
            "firstPartyCookiesSent": {},
            "exampleSites": [
                "kettlebellsworkouts.com",
                "www.cleanwaterstore.com",
                "www.lowesprotectionplus.com"
            ]
        },
        {
            "rule": "provesrc\\.com\\/account\\/configuration",
            "cookies": 0.0000205,
            "fingerprinting": 0,
            "subdomains": [
                "client-api"
            ],
            "apis": {},
            "sites": 3,
            "prevalence": 0.0000205,
            "cnames": [],
            "responseHashes": [
                "a15cbe6e2a2b9bb36f0faa5ec96927196330f1acbd9c5842d61f853ad6c1a0fa",
                "56566bd476653c9d264170c25c6c812f82673454313bba6e004aed90eeb75c03"
            ],
            "type": "XHR",
            "firstPartyCookies": {},
            "firstPartyCookiesSent": {},