{
    "domain": "ps-aws.com",
    "owner": {},
    "source": [
        "DuckDuckGo-US"
    ],
    "prevalence": 0.0000616,
    "sites": 9,
    "subdomains": [
        "images"
    ],
    "cnames": [],
    "fingerprinting": 0,
    "resources": [
        {
            "rule": "ps-aws\\.com\\/c",
            "cookies": 0,
            "fingerprinting": 0,
            "subdomains": [
                "images"
            ],
            "apis": {},
            "sites": 7,
            "prevalence": 0.0000479,
            "cnames": [],
            "responseHashes": [
                "d48495800821767072f6525650bdcaf2961d031afe170d403ebdf7a6a0aa57a0",
                "1a2926297fc925a18a4a333f34a6e12a01680d816a0bad98d48a252d442ecada",
                "c7dbb3e65b4a2a95b60eddae6a89a0ad9263169da8d4c22dfd8397dc756bf6ea",
                "2b10439aba50ed4f9a3d51904f5a1688555310da7de624f78e0dc6b57062a00a",
                "27ce736d32a9c1ca7085bd662f568a8714c1142bb017bd3baec1f79d44188e8c",
                "9986606d576ed14662cbb951417c3ce7124f01873ef72987839bd991e57a9529"
            ],
            "type": "Image",
            "firstPartyCookies": {},
            "firstPartyCookiesSent": {},
            "exampleSites": [
                "football365.com",
                "www.football365.com",
                "www.planetf1.com",
                "www.planetfootball.com",
                "www.planetrugby.com",
                "www.teamtalk.com",
                "www.tennis365.com"
            ]
        }
    ],
    "categories": [],
    "performance": {},
    "cookies": 0,
    "topInitiators": [
        {
            "domain": "first party",
            "prevalence": 1
        }
    ],
    "types": {
        "Image": 7
    },
    "nameservers": [
        "ns-1021.awsdns-63.net",
        "ns-393.awsdns-49.com",
        "ns-1976.awsdns-55.co.uk",
        "ns-1147.awsdns-15.org"
    ]
}