{
    "domain": "pubpowerplatform.io",
    "owner": {},
    "source": [
        "DuckDuckGo-US"
    ],
    "prevalence": 0.000144,
    "sites": 21,
    "subdomains": [
        "currency",
        "nc",
        "pix",
        "pbs",
        "s3"
    ],
    "cnames": [],
    "fingerprinting": 3,
    "resources": [
        {
            "rule": "pubpowerplatform\\.io\\/rates\\.json",
            "cookies": 0,
            "fingerprinting": 0,
            "subdomains": [
                "currency"
            ],
            "apis": {},
            "sites": 14,
            "prevalence": 0.0000958,
            "cnames": [],
            "responseHashes": [
                "d85a8ca1825159b746417d124ab1544642e6a32e36d8674de643a5ac3b5ee460",
                "608d56a55a74797de7bdb5c4551827611ec66f4a9069d9e9ba1f20a7ef25fe30",
                "4964ea725b5e4370e35401aa8328e5876b462c84c607a3eedb855004c75f8992",
                "90c1d6317ab5e6c5121a41a6403ebc270e7dcba56cd67ffa422f15ad2550b712",
                "504fcff5f9aa825a6175e576b2d19c232437a794a5d61a0692cb798b1ffd84d6",
                "e10eb1eaa68349a1ac1b941b694877b900fc7c4cb8efc1cc0f573834b8f7544e",
                "28f6283f161e54868d9e4d356f132a91dd8544fa0b185c3feaaf5297b9fc18ec",
                "c722c3fbf9d3f5c0a7b806de71fec0d947139cd75ca7d37d2ade884375f202b6",
                "d489faadce901920c1b455139dc977ac404ae9706a71a2ccd38eaddd3f66aa9f",
                "910b8b52347db38bbf99d3f2a60a314d8db752001dd21c28a974fb393010b7ff",
                "934d314f8ab61fd941fcb3ede265fe8248b6a7e10fe379de497a332d3caf8c88",
                "15e635ed9f4f5ab3cf83fcb537a3986eebaeb1559a1caca442ed722b9ab177f3",
                "d78f083793c30a6cf6750b51a9ebf3935c33378ea3b1396e3780bb03a874857a"
            ],
            "type": "XHR",
            "firstPartyCookies": {},
            "firstPartyCookiesSent": {
                "lotame_domain_check": 0.000013681762210972774
            },
            "exampleSites": [
                "dalechatea.me",
                "meetyou.me",
                "microcontrollerslab.com",
                "militarymarkdown.com",
                "njbeachcams.com",
                "snapsave.app",
                "snaptik.app",
                "sudokus.io",
                "thesurfersview.com",
                "voz.vn",
                "www.bissoy.com",
                "www.jordanthrilla.com",
                "www.medicinesfaq.com",
                "y99.in"
            ]
        },
        {
            "rule": "pubpowerplatform\\.io\\/assets\\/plugins\\/hls\\.js\\/hls\\.min\\.js",
            "cookies": 0,
            "fingerprinting": 0,
            "subdomains": [
                "nc"
            ],
            "apis": {},
            "sites": 14,
            "prevalence": 0.0000958,
            "cnames": [],
            "responseHashes": [
                "0290f0d61a6b94aca37bd874640ee172d86ec3743f3c0a611063036261074f92"
            ],
            "type": "Script",
            "firstPartyCookies": {},
            "firstPartyCookiesSent": {},
            "exampleSites": [
                "dalechatea.me",
                "meetyou.me",
                "microcontrollerslab.com",
                "militarymarkdown.com",
                "njbeachcams.com",
                "snapsave.app",
                "snaptik.app",
                "sudokus.io",
                "thesurfersview.com",
                "voz.vn",
                "www.bissoy.com",
                "www.jordanthrilla.com",
                "www.medicinesfaq.com",
                "y99.in"
            ]
        },
        {
            "rule": "pubpowerplatform\\.io\\/assets\\/plugins\\/safeframe\\/src\\/js\\/sf_host\\.min\\.js",
            "cookies": 0.0000889,
            "fingerprinting": 1,
            "subdomains": [
                "nc"
            ],
            "apis": {
                "Navigator.prototype.userAgent": 13,
                "Date.prototype.getTime": 13,
                "Document.cookie setter": 13,
                "Document.cookie getter": 13
            },
            "sites": 13,
            "prevalence": 0.0000889,
            "cnames": [],
            "responseHashes": [
                "1916cf4455a526aadafd82710bf7304154905dcdf69dd9e0b516a63cc82e27e0"
            ],
            "type": "Script",
            "firstPartyCookies": {
                "sf_ck_tst": {
                    "ttl": 4,
                    "length": 4,
                    "prevalence": 0.00008893145437132303,
                    "uniqueness": 0.07692307692307693
                }
            },
            "firstPartyCookiesSent": {},
            "exampleSites": [
                "dalechatea.me",
                "meetyou.me",
                "microcontrollerslab.com",
                "militarymarkdown.com",
                "njbeachcams.com",
                "snapsave.app",
                "snaptik.app",
                "sudokus.io",
                "thesurfersview.com",
                "voz.vn",
                "www.jordanthrilla.com",
                "www.medicinesfaq.com",
                "y99.in"
            ]
        },
        {
            "rule": "pubpowerplatform\\.io\\/pi\\.jpeg",
            "cookies": 0,
            "fingerprinting": 0,
            "subdomains": [
                "pix"
            ],
            "apis": {},
            "sites": 13,
            "prevalence": 0.0000889,
            "cnames": [],
            "responseHashes": [
                "e3b0c44298fc1c149afbf4c8996fb92427ae41e4649b934ca495991b7852b855"
            ],
            "type": "Image",
            "firstPartyCookies": {},
            "firstPartyCookiesSent": {},
            "exampleSites": [
                "dalechatea.me",
                "meetyou.me",
                "microcontrollerslab.com",
                "militarymarkdown.com",
                "njbeachcams.com",
                "snapsave.app",
                "snaptik.app",
                "thesurfersview.com",
                "voz.vn",
                "www.bissoy.com",
                "www.jordanthrilla.com",
                "www.medicinesfaq.com",
                "y99.in"
            ]
        },
        {
            "rule": "pubpowerplatform\\.io\\/bi-v7\\/cc\\.jpeg",
            "cookies": 0,
            "fingerprinting": 0,
            "subdomains": [
                "pix"
            ],
            "apis": {},
            "sites": 13,
            "prevalence": 0.0000889,
            "cnames": [],
            "responseHashes": [
                "e3b0c44298fc1c149afbf4c8996fb92427ae41e4649b934ca495991b7852b855"
            ],
            "type": "Image",
            "firstPartyCookies": {},
            "firstPartyCookiesSent": {},
            "exampleSites": [
                "dalechatea.me",
                "meetyou.me",
                "microcontrollerslab.com",
                "militarymarkdown.com",
                "njbeachcams.com",
                "snapsave.app",
                "snaptik.app",
                "thesurfersview.com",
                "voz.vn",
                "www.bissoy.com",
                "www.jordanthrilla.com",
                "www.medicinesfaq.com",
                "y99.in"
            ]
        },
        {
            "rule": "pubpowerplatform\\.io\\/tmo-v7\\/cc\\.jpeg",
            "cookies": 0,
            "fingerprinting": 0,
            "subdomains": [
                "pix"
            ],
            "apis": {},
            "sites": 13,
            "prevalence": 0.0000889,
            "cnames": [],
            "responseHashes": [
                "e3b0c44298fc1c149afbf4c8996fb92427ae41e4649b934ca495991b7852b855"
            ],
            "type": "Image",
            "firstPartyCookies": {},
            "firstPartyCookiesSent": {},