{
    "domain": "qrserver.com",
    "owner": {},
    "source": [
        "DuckDuckGo-US"
    ],
    "prevalence": 0.0000889,
    "sites": 13,
    "subdomains": [
        "api"
    ],
    "cnames": [],
    "fingerprinting": 0,
    "resources": [
        {
            "rule": "qrserver\\.com\\/v1\\/create-qr-code\\/",
            "cookies": 0,
            "fingerprinting": 0,
            "subdomains": [
                "api"
            ],
            "apis": {},
            "sites": 12,
            "prevalence": 0.0000821,
            "cnames": [],
            "responseHashes": [
                "b139019f5c451b8b04e0fa8d300146ab85618eb0a185f1a7f00071f3e9a32044",
                "076998db320173d62ea0a90b635e0b3e9ee9dc926912acfd8119ee5c219d6b1a",
                "d4f6d35ecdaf36d64eefa66adc78d4a648734f431ad293309707c96290173b5a",
                "f623956108e637beed51045d287dcbbef3b03bfc7a20a19d04cf44da7e871aaa",
                "e98213cc93490d120456629ce7f024d533753e17a255a5a2f0ecb67fefbc47b7",
                "121359770460e28d4fa1115f10b8d24e9a3e9b7fbabfb9342da06afbabbd2998",
                "8d7488b0533d4767e6f6d4b0ee84af95652984da9117187012dc6443ac51aa01",
                "b5782b479b625e56fc898e6bd36269d212c1d5ecdf4499eebc97f246b7dee9ee",
                "5a8024d501b56e8ee0a1f16c19abb7dc9cbddbff05b9dbad56c0adedb41bc304",
                "3a4d7df225bcb05369b9f3468190ce7555179d5f8b4e8670f31bd3093b3e20e6",
                "573a26fba518594c628114d7c1a639804720b72224fb6b7959d96692d28c9338"
            ],
            "type": "Image",
            "firstPartyCookies": {},
            "firstPartyCookiesSent": {
                "lotame_domain_check": 0.000006840881105486387
            },
            "exampleSites": [
                "umn.edu",
                "crackwatcher.com",
                "extension.umn.edu",
                "frontstretch.com",
                "news.kisspr.com",
                "newswav.com",
                "onlinesound.net",
                "www.hmdb.org",
                "www.ign.es",
                "www.wahoofitness.com",
                "xoxostickers.com",
                "ytdlp.online"
            ]
        }
    ],
    "categories": [],
    "performance": {},
    "cookies": 0,
    "topInitiators": [
        {
            "domain": "first party",
            "prevalence": 0.9285714285714286
        },
        {
            "domain": "jsdelivr.net",
            "prevalence": 0.07142857142857142
        }
    ],
    "types": {
        "Image": 12
    },
    "nameservers": [
        "ns.domrobot.com",
        "ns.domrobot.net",
        "ns.domrobot.org"
    ]
}