{
    "domain": "r-ad.ne.jp",
    "owner": {},
    "source": [
        "DuckDuckGo-US"
    ],
    "prevalence": 0.0000547,
    "sites": 8,
    "subdomains": [
        "s9",
        "tm"
    ],
    "cnames": [],
    "fingerprinting": 1,
    "resources": [
        {
            "rule": "r-ad\\.ne\\.jp\\/json",
            "cookies": 0.0000205,
            "fingerprinting": 0,
            "subdomains": [
                "s9"
            ],
            "apis": {},
            "sites": 3,
            "prevalence": 0.0000205,
            "cnames": [],
            "responseHashes": [
                "4f53cda18c2baa0c0354bb5f9a3ecbe5ed12ab4d8e11ba873c2f11161202b945",
                "f105297ddac3cd52e957f937093017b02e1a2cbcd931a4590fc6d55362b5089b"
            ],
            "type": "XHR",
            "firstPartyCookies": {},
            "firstPartyCookiesSent": {
                "r_ad_token1": 0.000006840881105486387,
                "r_ad_token2": 0.000006840881105486387
            },
            "exampleSites": [
                "hotpepper.jp",
                "shingakunet.com",
                "www.jalan.net"
            ]
        },
        {
            "rule": "r-ad\\.ne\\.jp\\/cv",
            "cookies": 0.0000479,
            "fingerprinting": 0,
            "subdomains": [
                "tm"
            ],
            "apis": {},
            "sites": 7,
            "prevalence": 0.0000479,
            "cnames": [],
            "responseHashes": [
                "3baa8ef24b855396a67e1b090b531fedab194818ee346cbdbf227fac1426ec17",
                "3386dd8b3e8c2ec5f67bc8d38ff2da069d39ebe45be696b92c3074d7b1de5545",
                "b2ba2d8c7661d991e09f2f33a8ec143046c65e78b437a9b6df2110eb968b5fc1",
                "06706ac5a5dbf59e9aa746d67b3972b7e78d4ac9624763c1451b3aa0bb3d1fcd",
                "b2e145d6495128c209b0aaadf234caae9b65865884e8eb3201136323b89b794d",
                "a03bbbebb7b40fe830faca33b6f78bb8394a3317d02f4ecc2f26757e336a4d21"
            ],
            "type": "Script",
            "firstPartyCookies": {},
            "firstPartyCookiesSent": {},
            "exampleSites": [
                "hotpepper.jp",
                "shingakunet.com",
                "www.carsensor.net",
                "www.hotpepper.jp",
                "www.jalan.net",
                "www.workman.co.jp",
                "zexy.net"
            ]
        },
        {
            "rule": "r-ad\\.ne\\.jp\\/45\\/default\\.js",
            "cookies": 0.0000137,
            "fingerprinting": 1,
            "subdomains": [
                "tm"
            ],
            "apis": {
                "Document.cookie getter": 2,
                "Document.cookie setter": 2
            },
            "sites": 2,
            "prevalence": 0.0000137,
            "cnames": [],
            "responseHashes": [
                "2e6cca33f269e3e3753a510f67442d0be536049ebf736f78c80349635e9bb1a1"
            ],
            "type": "Script",
            "firstPartyCookies": {
                "r_ad_token1": {
                    "ttl": 15555609,
                    "length": 20,
                    "prevalence": 0.000013681762210972774,
                    "uniqueness": 1
                },
                "r_ad_token2": {
                    "ttl": 15555609,
                    "length": 20,
                    "prevalence": 0.000013681762210972774,
                    "uniqueness": 1
                }
            },
            "firstPartyCookiesSent": {},
            "exampleSites": [
                "jalan.net",
                "www.jalan.net"
            ]
        }
    ],
    "categories": [],
    "performance": {},
    "cookies": 0.0000547,
    "topInitiators": [
        {
            "domain": "googletagmanager.com",
            "prevalence": 0.4666666666666667
        },
        {
            "domain": "first party",
            "prevalence": 0.3333333333333333
        },
        {
            "domain": "datadoghq-browser-agent.com",
            "prevalence": 0.13333333333333333
        },
        {
            "domain": "hotp.jp",
            "prevalence": 0.06666666666666667
        }
    ],
    "types": {
        "XHR": 3,
        "Script": 9
    },
    "nameservers": [
        "ns-2034.awsdns-62.co.uk",
        "ns-516.awsdns-00.net",
        "ns-380.awsdns-47.com",
        "ns-1211.awsdns-23.org"
    ]
}