{
    "domain": "res-x.com",
    "owner": {
        "name": "Kibo Software, Inc.",
        "displayName": "Kibo Software"
    },
    "source": [
        "DuckDuckGo-US"
    ],
    "prevalence": 0.000274,
    "sites": 40,
    "subdomains": [
        "www"
    ],
    "cnames": [],
    "fingerprinting": 0,
    "resources": [
        {
            "rule": "res-x\\.com\\/ws\\/r2\\/Resonance\\.aspx",
            "cookies": 0,
            "fingerprinting": 0,
            "subdomains": [
                "www"
            ],
            "apis": {},
            "sites": 30,
            "prevalence": 0.000205,
            "cnames": [],
            "responseHashes": [
                "9587082cdd57c60e54ec73e2d2fab24dd2fddb99c0787312372eb86f0dbfc352",
                "e3b0c44298fc1c149afbf4c8996fb92427ae41e4649b934ca495991b7852b855",
                "73b7dbfb61badbd6f0025a220a566127a27f88d9d5e09169664ddd9fe02219e7",
                "0a9041687abfe5db90c3bd8ae7a3b53fd7a6cba4327f3eb5057771b66c317473",
                "4f04dbd32fa0d61b0106bcf40a22694b37d53093be7890a0ad03839fa5723c5e",
                "0b7bce15e309c35475641a2f26baf304ac4ca45a5e9cd010b26903724f4bf9a0",
                "b974ca12b3b4125bbeadaceb65e98a02e8c891da31cb0423113dd2630838c68f",
                "b98460338ea651123250eb80bf3976c51425a6709c5666eec7cc725e1e206289",
                "9b7c99b26437f120d872caca442261de424be029f1ff3d10e0a0199a5314e452",
                "5fbf301b436c6bd956a74b4ac356f49e0b2ac57911dc9584c1e4dc917157f915",
                "b52e94b8eca6f2f128fb6f911aabe66f2d88a04231682802a94a1c3e86520006",
                "8423cf13d1dbbfdf0cf4b381945600323a2274aab2a66e665d28e11d80471d0d",
                "36a98e7a38abe0cf2dedb052749c857ab69a205b221a1b5326167152ae078dfd",
                "9a654a032ac7a6b689b0efdf6bbb2c7137bd8d832ecfc61228e76ca3e8b8eed3",
                "eff115b8bde37418c6c42b918ade36e05870685a71d89c5a56105fe2b633fe43",
                "57b9854133004e0d02ee0d0c87300e0a09246acd5e21c32d81c8ef4810a1e217",
                "8a292b4fbbf8a3623bf7b934ed2555afdea660f7f9ce050996b63f682ad43763",
                "267bb4d4160853823f3f123ecdfdbcacff2361a23e3aa5438d5b04178a5c19cd"
            ],
            "type": "Script",
            "firstPartyCookies": {},
            "firstPartyCookiesSent": {
                "utag_main_vapi_domain": 0.00007524969216035026,
                "_li_dcdm_c": 0.000047886167738404704,
                "RES_TRACKINGID": 0.00010945409768778219,
                "IR_gbd": 0.00002052264331645916
            },
            "exampleSites": [
                "bananarepublicfactory.gapfactory.com",
                "www.gap.com",
                "gapfactory.com",
                "www.calendars.com",
                "garnethill.com",
                "gap.com",
                "www.marks.com",
                "www.pattersonvet.com",
                "www.frontgate.com",
                "www.sportchek.ca",
                "www.gapfactory.com",
                "grandinroad.com",
                "www.jtv.com",
                "www.canadiantire.ca",
                "www.pattersondental.com",
                "ballarddesigns.com",
                "www.garnethill.com",
                "www.supplyworks.com",
                "oldnavy.gap.com",
                "athleta.gap.com"
            ]
        }
    ],
    "categories": [],
    "performance": {},
    "cookies": 0,
    "topInitiators": [
        {
            "domain": "first party",
            "prevalence": 0.7777777777777778
        },
        {
            "domain": "certona.net",
            "prevalence": 0.17777777777777778
        },
        {
            "domain": "jscrambler.com",
            "prevalence": 0.044444444444444446
        }
    ],
    "types": {
        "Script": 30
    },
    "nameservers": [
        "edns1.ultradns.com",
        "edns1.ultradns.net",
        "edns1.ultradns.biz",
        "edns1.ultradns.org"
    ]
}