{
    "domain": "ringpublishing.com",
    "owner": {},
    "source": [
        "DuckDuckGo-US"
    ],
    "prevalence": 0.000137,
    "sites": 20,
    "subdomains": [
        "cmp",
        "embed.videos",
        "recommendations-onet.aureus"
    ],
    "cnames": [],
    "fingerprinting": 1,
    "resources": [
        {
            "rule": "ringpublishing\\.com\\/1746213\\/get-config",
            "cookies": 0.000123,
            "fingerprinting": 0,
            "subdomains": [
                "cmp"
            ],
            "apis": {},
            "sites": 18,
            "prevalence": 0.000123,
            "cnames": [],
            "responseHashes": [
                "e3b0c44298fc1c149afbf4c8996fb92427ae41e4649b934ca495991b7852b855",
                "df49a47f744ffeca7bd879679dab486791d50071121fc34576b0129f7bb9969f",
                "2a29ceb8499a52e08804c5d65cc5e77c2d149843855db72d638117aef6fffa7c",
                "ea850928269fed5aee10b489730a84340877cfc709b75cd8d87bd4f38b45c128",
                "97de6c4b985ef8ac88dbfd037581db5c49c921898d4ad9a8e6d9a37bac3b96f7",
                "3642a166a9b77865d36d6938743fa4930e16ebcc5f0c7cf2111c1dfc887fa9fa",
                "a51e6cfbd3f7e9ba0620357a8e91d06f1406ccff2c728c681d8b92a8336f6f8d",
                "d7cb228732abc74f746e0430652685ef39fe050497991dd8d637f97957d73aac",
                "0810716f0a99441be250b2c106639b467d9423fbaf3833b7ca574ffbf41d6436",
                "4e25823bae1daf05052128400f04b694790f712279a91be4311cde271e28e5b5",
                "229fb148769121e6bb52114ba81a1943c122a78f6adb5896f0acf586705a1a72",
                "7c52ff9f0f90949657a299e5ab2007cec40f541581a32a2576e1ad701f8c3e50",
                "98bf22104b0b1b1f0be786ca3b206465ffd954ba2bead495f075c504319cb4b4"
            ],
            "type": "Fetch",
            "firstPartyCookies": {},
            "firstPartyCookiesSent": {},
            "exampleSites": [
                "businessinsider.com.pl",
                "jakdojade.pl",
                "kobieta.onet.pl",
                "kultura.onet.pl",
                "plejada.pl",
                "poczta.onet.pl",
                "podroze.onet.pl",
                "pogoda.onet.pl",
                "przegladsportowy.onet.pl",
                "wiadomosci.onet.pl",
                "www.auto-swiat.pl",
                "www.fakt.pl",
                "www.komputerswiat.pl",
                "www.medonet.pl",
                "www.ofeminin.pl",
                "www.onet.pl",
                "www.skapiec.pl",
                "zapytaj.onet.pl"
            ]
        },
        {
            "rule": "ringpublishing\\.com\\/scripts\\/embedCreator\\.js",
            "cookies": 0.0000137,
            "fingerprinting": 1,
            "subdomains": [
                "embed.videos"
            ],
            "apis": {
                "Navigator.prototype.product": 2,
                "Navigator.prototype.userAgent": 2,
                "Date.prototype.getTime": 1
            },
            "sites": 2,
            "prevalence": 0.0000137,
            "cnames": [],
            "responseHashes": [
                "0f927f3e6067d15274773e4784afeccf2df66f20da42e215d8b24f323d6e1c7b"
            ],
            "type": "Script",
            "firstPartyCookies": {},
            "firstPartyCookiesSent": {},
            "exampleSites": [
                "fakt.pl",
                "www.onet.pl"
            ]
        },
        {
            "rule": "ringpublishing\\.com\\/v1\\/recommend",
            "cookies": 0.0000137,
            "fingerprinting": 0,
            "subdomains": [
                "recommendations-onet.aureus"
            ],
            "apis": {},
            "sites": 2,
            "prevalence": 0.0000137,
            "cnames": [],
            "responseHashes": [
                "d88bfd924a12438398daf3fe9cf2eb21579b4465cff98ae105faf0128709ca29"
            ],
            "type": "Fetch",
            "firstPartyCookies": {},
            "firstPartyCookiesSent": {},
            "exampleSites": [
                "onet.pl",
                "www.onet.pl"
            ]
        },
        {
            "rule": "ringpublishing\\.com\\/v1\\/recommend",
            "cookies": 0.0000137,
            "fingerprinting": 0,
            "subdomains": [
                "recommendations-onet.aureus"
            ],
            "apis": {},
            "sites": 2,
            "prevalence": 0.0000137,
            "cnames": [],
            "responseHashes": [],
            "type": "Preflight",
            "firstPartyCookies": {},
            "firstPartyCookiesSent": {},
            "exampleSites": [
                "onet.pl",
                "www.onet.pl"
            ]
        }
    ],
    "categories": [],
    "performance": {},
    "cookies": 0.000137,
    "topInitiators": [
        {
            "domain": "first party",
            "prevalence": 0.6388888888888888
        },
        {
            "domain": "onet.pl",
            "prevalence": 0.2777777777777778
        },
        {
            "domain": "pulsembed.eu",
            "prevalence": 0.08333333333333333
        }
    ],
    "types": {
        "Fetch": 20,
        "Script": 2,
        "Preflight": 2
    },
    "nameservers": [
        "ns49.ringpublishing.net",
        "ns52.ringpublishing.net",
        "ns50.ringpublishing.net",
        "ns51.ringpublishing.net"
    ]
}