{
    "domain": "rtbrenab.net",
    "owner": {},
    "source": [
        "DuckDuckGo-US"
    ],
    "prevalence": 0.000287,
    "sites": 42,
    "subdomains": [],
    "cnames": [],
    "fingerprinting": 0,
    "resources": [
        {
            "rule": "rtbrenab\\.net\\/get\\/",
            "cookies": 0,
            "fingerprinting": 0,
            "subdomains": [],
            "apis": {},
            "sites": 35,
            "prevalence": 0.000239,
            "cnames": [],
            "responseHashes": [
                "88083b252c563edb02564d2056b245f4db7ed2e166c195a2a775f1b149a6b451",
                "928f3c63597d157d35a1c8ef93f3157d4054daf48b0e01b1936dbab990fb4dcc",
                "19b53ee2545bb19387aec53ab22a599fa97ed5aa0a630d9aa7fa991fb9cfa87f",
                "1719a488a5822af9622023812d7e11ee5365f5db9f0bc73bb89a99d490b3ee86",
                "1ae8ba905999b01b7f0f0f2f9fa70233727a378fa7e9eb1f1f99eb30c41ddf6a",
                "29060e9781bf83ad433f5943a2973c1f5d6751eaba288a8d2dced662077683f3",
                "dae5baefdbcc2bd6ec4a2a4d8d686f79bc80d52fc107b8bd100a505e9d870b75",
                "06cfdee07377d4245fef79ad260d2ab9b35b98bf8aa825493887ad4652b5082b",
                "3dfd3d38d94b2c92ef4ec9d016708bc0ff24bf1b70eff2485680cc0cfdfc90e4",
                "e11e7aab8bc1944f701878045e05027d374dde6a36d3d5f018c31dc96eef94d1",
                "2ad33d820e7d337b89595ed0c1129999bc084aa7d4b9a676d108bf7f0de6176a",
                "0bb8e3955f192e19903945af97dc905dcb4995492cc9b15047a252a5301f12c4",
                "3c4c082715423b3f17ae57bdc9a6706559b46cb649ea6479e3197c43559e9479",
                "9263666c4f52d9ea57897b432fd223b8fab1b406a52663c94aa4ae96aac189e5",
                "81d5984a86f7ce71865ecfef99027b8a330d2ede13dd5a2d13e8e03bf9adbc09",
                "6fe762aea1a381f1eb8c4a3ee41a5578b6248b4173316848ecf3755a5cd3ac03",
                "be4045696c2e79db173f00948f682786b54719e2afae9a350435b56a755b9515",
                "43ae2d1bc2444e5fc46c5e1853d854dc4908abfbde979c89b68082c4153e220e",
                "3721c32634c2eca11b6ed0b5c91de58b58988adc58582de63ef0618fef278c70",
                "d88f0405feee3ac52e9321c2db940afe0520a206abd3b1dea1e355d6fae9abe5",
                "f279fe31db1e206b9ab9d2f29bb03d34972950b5014f06f2ea1f8a3261e5bde0",
                "a0c696590e6e03012a1697a05b5095f69077800bee48072fc617e9047c9f5814",
                "060db7c1a74a64ef85419b33ba4beb0272991c00c7b214f5fd601a19f2dab30e",
                "1ab6387c276a4e1cf8dee23ba46fb736fa447dbc1a1a6c5f9f8aae64dfaea0b5",
                "3774b930b82a6b2bd5356ee2caec1f48849fcf935da3e38e6522da84f1343e8b",
                "8ff63fb22539c56879f2e1b1a1c15949a840c01240c83e00179949750b55adfb",
                "31d4372ca6784881a0c481b1870413f0ff1f31ee1bfeaa4f8b19b5fdb12474e3",
                "c46d4d598632ad22f9edad8167d61c7b0a5e77d675f5c76d5c0e46f1895c425f",
                "aa34f77b763a0c8bf6d92519a9a7eab20bca3c841ecd2af8ca532cbb1bacfc1c",
                "9d1b8b24092d3cc318661a6952814f0c70978183fde9716d3472b947973b0de4",
                "0e85242fc98ab5509243dc24d06fbd2f8ffb514cc9e97bb09032f74e4260c046",
                "cc7ebacf3c4292f48652a332ed8504362c780e6066b11fdc9ef51bafef4d58c3",
                "41f885fad403639fdf8b544788a495757f518c481a31665fa917721ed0b9e41d",
                "2878230dde0b8b7427ad88d6dfa14d46ed340cdbe46d26ee46f4649fb645183e"
            ],
            "type": "Document",
            "firstPartyCookies": {},
            "firstPartyCookiesSent": {},
            "exampleSites": [
                "geseksedikit.site",
                "motherlesspics.com",
                "dirtysextales.com",
                "justthegays.com",
                "chop.one",
                "ruleporn.com",
                "girlshdsex.com",
                "www.18asiansex.com",
                "boobsphoto.name",
                "brutaljav.com",
                "ddeva.info",
                "www.hentaisaturn.tv",
                "sadovids.com",
                "www.bgmringtones.com",
                "www.hentaiworld.me",
                "indianpornpictures.com",
                "allsex.xxx",
                "heavyfetish.com",
                "www.18asiantube.com",
                "hispajav.com"
            ]
        },
        {
            "rule": "rtbrenab\\.net\\/banner\\/in\\/show\\/",
            "cookies": 0,
            "fingerprinting": 0,
            "subdomains": [],
            "apis": {},
            "sites": 35,
            "prevalence": 0.000239,
            "cnames": [],
            "responseHashes": [
                "1866961a029c65376fefb7f2ba1e6187e09ff50ea58d97dedfd72c197947d002"
            ],
            "type": "Image",
            "firstPartyCookies": {},
            "firstPartyCookiesSent": {
                "ref_url": 0.000013681762210972774,
                "_ym_d": 0.000013681762210972774
            },
            "exampleSites": [
                "young-sex-tube.com",
                "www.pornfd.com",
                "allsex.xxx",
                "hentai-for.net",
                "eropic.cc",
                "www.hentaisaturn.tv",
                "www.hentai-acg.com",
                "boobsphoto.name",
                "brutaljav.com",
                "www.bgmringtones.com",
                "www.lokepub.com",
                "www.hentaiworld.me",
                "www.18asiansex.com",
                "epornerpics.com",
                "indianpornpictures.com",
                "sadovids.com",
                "www.18asiantube.com",
                "ddeva.info",
                "www.sextu.com",
                "xphoto.name"
            ]
        },
        {
            "rule": "rtbrenab\\.net\\/banner\\/in\\/view\\/",
            "cookies": 0,
            "fingerprinting": 0,
            "subdomains": [],
            "apis": {},
            "sites": 11,
            "prevalence": 0.0000752,
            "cnames": [],
            "responseHashes": [
                "e3b0c44298fc1c149afbf4c8996fb92427ae41e4649b934ca495991b7852b855"
            ],
            "type": "XHR",
            "firstPartyCookies": {},
            "firstPartyCookiesSent": {
                "ref_url": 0.000013681762210972774,
                "_ym_d": 0.000006840881105486387
            },
            "exampleSites": [
                "chop.one",
                "dirtysextales.com",
                "hentai-for.net",
                "hispajav.com",
                "justthegays.com",
                "moredesi.com",
                "www.18asiantube.com",
                "www.hentai-acg.com",
                "www.hentaiworld.me",
                "www.porn-comic.com",
                "www.pornhits.com"
            ]
        }
    ],
    "categories": [],
    "performance": {},
    "cookies": 0,
    "topInitiators": [
        {
            "domain": "cabnnr.com",
            "prevalence": 0.8783783783783784
        },
        {
            "domain": "first party",
            "prevalence": 0.12162162162162163
        }
    ],
    "types": {
        "Document": 35,
        "Image": 35,
        "XHR": 11
    },
    "nameservers": [
        "ns1.digitalocean.com",
        "ns2.digitalocean.com",
        "ns3.digitalocean.com"
    ]
}