{
    "domain": "s18a.biz",
    "owner": {},
    "source": [
        "DuckDuckGo-US"
    ],
    "prevalence": 0.000109,
    "sites": 16,
    "subdomains": [],
    "cnames": [],
    "fingerprinting": 1,
    "resources": [
        {
            "rule": "s18a\\.biz\\/",
            "cookies": 0.0000616,
            "fingerprinting": 1,
            "subdomains": [],
            "apis": {
                "Notification.permission": 4
            },
            "sites": 9,
            "prevalence": 0.0000616,
            "cnames": [],
            "responseHashes": [
                "f81c833d81df762c0065e642a6a70f520cf2a5d55391a0a13d492e9a3230fb8d",
                "48888a80d3903d7fdfadc91c78cda1da27933149c2d9b8ab9691276f696aa0b6",
                "a291e546823a17fc5db98b6987becaf765af789f5996833057396786c7de28ba",
                "3c41ec347bb9bddae595f5047253f744f8adeab57f042de85e106091e8f6caca",
                "5c5da0d4736476b9f015553ab0c86a4923e8cd7b54edc8bb36fa6fa2149bd93a",
                "7ea96c628acbcede31c516cb9499e55009090678f2ed2bcd2ab685061136f50f",
                "1a6ce063a07b0f2d6fce82988fbbef5764570a25b7e622321855808237860e9e",
                "758fd94d1f25f475b18e458a6942053d3973dec29a7f97f7b9842d0107783764"
            ],
            "type": "Script",
            "firstPartyCookies": {},
            "firstPartyCookiesSent": {},
            "exampleSites": [
                "biblewisdomhub.org",
                "eternalbible.org",
                "examples-of.net",
                "examplesweb.net",
                "informaticacero.com",
                "www.a4fitness.com",
                "www.barefootfarmbyron.com",
                "www.escritosdepsicologia.es",
                "www.thenarratologist.com"
            ]
        }
    ],
    "categories": [],
    "performance": {},
    "cookies": 0.000109,
    "topInitiators": [
        {
            "domain": "first party",
            "prevalence": 1
        }
    ],
    "types": {
        "Script": 9
    },
    "nameservers": [
        "sullivan.ns.cloudflare.com",
        "sunny.ns.cloudflare.com"
    ]
}