{
    "domain": "safevisit.online",
    "owner": {},
    "source": [
        "DuckDuckGo-US"
    ],
    "prevalence": 0.0013,
    "sites": 190,
    "subdomains": [
        "ghs4"
    ],
    "cnames": [],
    "fingerprinting": 1,
    "resources": [
        {
            "rule": "safevisit\\.online\\/",
            "cookies": 0.000828,
            "fingerprinting": 1,
            "subdomains": [],
            "apis": {
                "Document.cookie getter": 122,
                "Date.prototype.getTime": 129,
                "Document.cookie setter": 121,
                "Navigator.prototype.language": 128
            },
            "sites": 133,
            "prevalence": 0.00091,
            "cnames": [],
            "responseHashes": [
                "d91227ca5462b99f35b427484549829f92d7b35a2a12cf28e61f7a380faa41e1",
                "3686e29d01df938844367b2accb325c8609a3209a2e9dea71962e166372a9373",
                "36d32805355b04c8529d5f8e2c378ad8e4d6c3d9b8d00a4dc6f97fb71aa06929",
                "46c1c0b13eef4d70b868d335520246c722efcf92e2d8ef410be1e72f6363ddf0",
                "54f60e65623611f525b216c28c6df9c5193044db46fdf0673dd33a7cced6ce36",
                "e62c4909cef16c31893dd22b27f82df69f2dbdc2df26edecb56371e55962f98d",
                "a14add287bac342d8b6596dddf903cb05a49d368efc010ef4c2b4d2dbcd708fc",
                "f742469feda8fae96b48327f2c5ecea1da4e9b7418d8b945673edd75ea0564ae",
                "28b35750e74c2c75e42bedf5f6d3f88905bc83c0a49e52d5b0deff16ed70a455",
                "8a42c351fa83f1ed59e3328c08c6ad7b0eb3c8140f705299b7d9e256eeb700e5",
                "9a9a3a1294e82d367f5d3e9a46664e9aaeb4042f4a4f14cd882e01a96b13dbd4",
                "6763efc03da4b1334f34f47e13bc196e7d0f1c0bac47f2f8cfeff5455776f3c7",
                "2eaccf8c965fd59f4e3b5c9bd89fd3f61ba5c0d8a430cdf17a64300bf3b20a91",
                "d0bcceb2c44281a22e533aca945dcf5c5630eaec28e2f969a54b1d08ab029c8d",
                "e58acdd92505fa63390d80c822e9fec7a008a5da031d2f8805888e719d5ab2b1",
                "e940af615020cfdd5ad7a6b616ff6bd5766625ed1bdba6c3b13e7ec386ce925c",
                "6bfba735e3ce56eed4f4dc5ee010b40c6a7a8a9af26718bd56fe4239446ecd5d",
                "49827a22c8e0e43121a6a5b68b53ec8838d1914c4a8a78fcfe241a6cc3e0c82f",
                "bb75b35278499028d51f24c9e31b1542292b29916e71ca9b6d9ff6fa9477d6bb",
                "293c4f50a2a3b1d06761169fd2060b2701afceb53a961eaa93c342b99fd8b3fa",
                "e3a277ade6f3c46431a8e87c315b50e8a95a928377f66fbe9d14c9c5da57dbe8",
                "c80347e942a7d0c4914175b6a217315a23a2493d5b2c3ae1ef7cd907ae8e0b11",
                "a0409d16c5a6b060373246869f9c59486c79effe24da1162d6874f8d55863194",
                "c9e5062a01ca73d42424fe4bfe6653f1d649346556ea4f5d8aca35c2c56f10e7",
                "d8b5dee7e5baaf03abe1a7359d0faff7a4d32d27d7431506b01cd9b78edfd5c3",
                "cfcc7a368de6949259638e5c4a8db94063e8f2bbff6dda613850496078f88d27",
                "d0c26d74960ace9e37949fa2fea5094b43d0dbcd9024eedce29346b318127a38",
                "79350310118fe8842acc1a3bf54c096d8fe4440224d2a3501db632051a837d0f",
                "b073eff16ee6d033271de94625d98e95198bd0d8bf7032d32221c89848d4f859",
                "c3027d418cdd91d6e4e133f5afbf9477a25c681466e1246aaf5f3bbf52245cf3",
                "a426fb44bb00576472c19aa21a6539b830f5384e2019d7dd1270ac0d8112c59c",
                "46ff43e8a93671f7f82979b9ceffb896b6aa7485fe27fb1a602d5f96e0ed0ab1",
                "59b13b6ed5d78cee85965df3d9d6254717e724d47989057a8ac9cb1860666c0f",
                "79cf90e94ad922c30c36b089f237d510d2d0357de9409016fd1e8576f53525fb",
                "c929343823e1762680a94debc533ea26deb5202ce356d2da0c8beb9e0503930a",
                "1995ab015064077dbbf3f5f5d933f4a3b51124ca55fe9533fc7cb1282d4ce273",
                "915f135ab7113aff852e53672efab4102dae39aaedb26d39439bc0ab05917849",
                "a5fac5530a1f5f7503f2ae78d9bf95457a0fe392bf4510e053d8e783e4f4a27d",
                "714ef17a2e9317f221d3d3d30e3e04f530b0e5c8d08e46863547940138611c52",
                "93dce17bf59da9c0dc4881c307c789f0553e6065eb0c69ad51ae83711be82bb0",
                "2bf2f162cea3569d45b663d579affe8d40b554df30dae84cbbb2f68881cc5a69",
                "4f6037b4af4d68900dbd384c4a75604f44e79f966f9c1de3cae65123732a6e3a",
                "dd3eb9c12577030e091be72fc3073dce1fea5635d546e1bfbbe685c775c79b49",
                "c5b5dc4a4f71cad403fad0579334bc491ce4d0889832a5083d058e13a9e003fd",
                "7ed952fa65a904a7d45eaaac09ccaecc6748f57e3a23e5f9a06b86617ee7186d",
                "be4deb7b3b225b164140408d14a5a3d9110b316a61d50070364da5f956ca2a00",
                "117c2bd46105356142f55ab9a3ca91b7e507d9151ba520b2a34d46090d8c77e2",
                "d1f932bb2f78b9b002d2ea63c4cbe90ce4befbf413f4fafa8aea1501e969d621",
                "eda533e2f511500c85f10de262925daee20602f6e9498d8373b608caa88d74f2",
                "466d873fb208793da04a4856c38960e53d9be3698e857ed84be26c1210cc272a",
                "001b9df6c1da2746122063c2fe4cd757d56dad87a5898efcd24e0f2e74683e66",
                "92acc72e27b0dfd4e710dd0b215c5f271ba0fa1ff747c534ec82c16a73b9dd84",
                "4cc7ce2379dba15a804eed84d6de2b729c2d502bbfcc59b4d0835c2cea667c23",
                "98c9ce6b04134f773ea3b8271be5ee491aa48323f0c532f5d2021f8902f2ccbe",
                "5ea85355097d821b3b108b7bea9b1de8dff3b5ad7214e4052b1a007ffb6de03f",
                "492c1dada56efa9e2a0e187e50c618950c20aec07541a6946a9342d1bbeb3578",
                "216e468de0298f3a16dd2eef1ba914966654e70b1c3a32eaa3da95d2bfc65942",
                "8201a1aaabb9c1ee68368e1b4744339e12558c81a5853f6fa113c8f33b3569ba",
                "400d3f504a47946718ed6b78a98dcc13bba16ffe7e015cd5f444e1f599cfc745",
                "d59dc0933c6d186c749067501968b550d1757526d29f4bf299f26955bdcbbb1d",
                "325b0ef8aca985da804125a51c8f3a7ba784e345474a252313f8b402a086b90a",
                "e6cfc44c1ecfc8656f8e3849f2ac911637ec848cf9d68f8a9fe8cb9b2b2c58f3",
                "0843b3aeb3ec7aa0848760a611d0d14b4e36ffe867ffc6cadd9066546c38d6c9",
                "3b346c7535237c20bf334cd07d52f5228142bcc1548c1c044a3feaa9e9c8fbe1",
                "398dbb512c85c922c50768fc6e6bc2f8515ac20394b9a1ee2b431fff35965458",
                "4fcae8929477f1a2e2ddfcedfea3892fc40b05cb747e479eef079ed9c2055e3b",
                "f0c06483ac02ebaa699ca680e89e40cf1a0a8a1a4786327041e27745ef977423",
                "63435a4bc73122b481e252e7f31f024e35dbd2aafc57aec9e23a9178240ed695",
                "0ebeef2c3eb7119f879f66bd84d71d36fac5f6d288f1b2c3b361398d43dd631c",
                "0d15893b64809c9ec0a8b2e86cfe57fc60618a507faf5801ec65428279d414b3",
                "2700e2b8ba2d0355683f8e9c2fbb519d7a55a22a2e4f61d780c6b0bee6a4165c",
                "d01500f9fa9d51c812dec16d3d9a28b6c5494828660c49e43145d055f81f5dc6",
                "9ef43fe543631673b1655c56cdc8a11964b336ec9b55ba167e2a78d90863a00a",
                "1aba87aa4c566804ede2a1e26069b040c94431fcb6cd8113f53c6a8767ed161f",
                "720fc2df00c5644a97aeff443d96299944d2d4737921d3773fea219047af3aea",
                "6390bd384a6ae2df5467d9b89dfd90fb9816fc888fe7807c43dc21664c0863b6",
                "c050cf374a81430805e96a631588a8eb331a9efaddf4fc736e343c52c4e1d5e9",
                "bdfc349b5588b9e1b158b1087ab54d8338adad92e728a857e53901c85f542046",
                "578869843fd9887a47403ac6fade5a6e546da7f9968ae61149e4fbb2aff13dc5",
                "1f43e778b29c3a14ce17d1e86786c9e919abaeb1ad7b1e6355e4c1fdeed51a84",
                "a3aa4dd8609008ac67582c204248cd05681bd4c1ae2038b66eb3c5dbe1600274",
                "bf6833aa3988350ee7d8b141a2d9ad91f3e6325ab07745e3f1bfcf73e257beef",
                "f573b9419e88e4ce22fad0346395acb2e6ad56e5dc3438a7e133b98c00131a5c",
                "d2edec7ba429f6928d4dccc6517809ab16a0e29b358294ed62d20e823652daa4",
                "0ab7ca35d9438bfd634324f522d6233120dd9a6dc097bf1e63cf945e7ca766c2",
                "ab7858cdc15419a58492fa8522d8fea2a352fa31ee2bba085965df14201a1f15",
