{
    "domain": "salesreps.io",
    "owner": {},
    "source": [
        "DuckDuckGo-US"
    ],
    "prevalence": 0.0000889,
    "sites": 13,
    "subdomains": [
        "api"
    ],
    "cnames": [],
    "fingerprinting": 1,
    "resources": [
        {
            "rule": "salesreps\\.io\\/shopify\\.js",
            "cookies": 0.0000616,
            "fingerprinting": 1,
            "subdomains": [
                "api"
            ],
            "apis": {
                "Document.cookie getter": 9,
                "Date.prototype.getTime": 9,
                "Document.cookie setter": 9
            },
            "sites": 10,
            "prevalence": 0.0000684,
            "cnames": [],
            "responseHashes": [
                "fd559ec3e23b97b6433703cd631298673492e93e2292aa375317ed264d668f66",
                "93736b6a75351cbeb5e21055199ae79b7ff52bc46aed89aa2840673f4f357a25",
                "8bfd5affc6c098d5513f1db33ff987ac532dd6255b78644eed52599ba382816a",
                "8ca935d878266cf3ae7407524d9f2e8179684f8237b9c2257ee89b227d84bea9",
                "d5af9aa3dcee0971155abfd770a010029c5386e2a80e020a67f6081d7904b2fb",
                "4b16a17fe4956f05dc67e9abe5be2c3a11ae6f3cee73267961f59bc35649394a",
                "2ea215ee096e39ccb9ec6797a7c308b9e81bdafc0ad75da7324055dc16d18609",
                "dc3b3d1c2cf971ebe0ecf80b66fc781d07c7dbe244362ad00bb2a05a59f1c940",
                "9664990e499d5498bb5fb82fef039a64b07e929c327e63023b93ea2373e6994c"
            ],
            "type": "Script",
            "firstPartyCookies": {
                "SALESREPS_STATE": {
                    "ttl": 31536015,
                    "length": 13,
                    "prevalence": 0.00006156792994937747,
                    "uniqueness": 1
                },
                "SALESREPS_CART_TOKEN": {
                    "ttl": 31536022,
                    "length": 24,
                    "prevalence": 0.00002052264331645916,
                    "uniqueness": 1
                }
            },
            "firstPartyCookiesSent": {},
            "exampleSites": [
                "monsterscooterparts.com",
                "northspore.com",
                "stopboxusa.com",
                "thedresswarehouse.com",
                "www.360cookware.com",
                "www.newyorkdress.com",
                "www.ritfitsports.com",
                "www.saunaplace.com",
                "www.urotuning.com",
                "www.uvskinz.com"
            ]
        }
    ],
    "categories": [],
    "performance": {},
    "cookies": 0.0000821,
    "topInitiators": [
        {
            "domain": "first party",
            "prevalence": 0.8461538461538461
        },
        {
            "domain": "reamaze.com",
            "prevalence": 0.15384615384615385
        }
    ],
    "types": {
        "Script": 10
    },
    "nameservers": [
        "ns2.digitalocean.com",
        "ns1.digitalocean.com",
        "ns3.digitalocean.com"
    ]
}