{
    "domain": "secureaddisplay.com",
    "owner": {},
    "source": [
        "DuckDuckGo-US"
    ],
    "prevalence": 0.000451,
    "sites": 66,
    "subdomains": [],
    "cnames": [],
    "fingerprinting": 1,
    "resources": [
        {
            "rule": "secureaddisplay\\.com\\/au\\/bmd\\/",
            "cookies": 0.000171,
            "fingerprinting": 0,
            "subdomains": [],
            "apis": {},
            "sites": 25,
            "prevalence": 0.000171,
            "cnames": [],
            "responseHashes": [
                "99125875df0156c28b593804f328e763a64c111c0505fadcfc02bc4f51e5b2a8",
                "5af346d09b6ec981fac4fef6c10134bf372d82bbbee775ac170074714ffc1d1a",
                "7ed29ac65f569d84f9af9ccfb8bfb43c2edbb10d85145cc6d03bfef7d5dd1aac",
                "4e55c8770285c00cab7ba4eed5a6fff39d04b050571aa890a29258fdc1d5cd31",
                "05672ac8d99c71e71b8a41342e2cf1d6a43fec3cd3738a9ab61ebb09f3ae67bf",
                "6335427d7538946bdea321e13e8fcb2f2505afd84e2d4f764deba9c535da03cf",
                "d32c6141a9c8a26a4ff28f36801b59c6b5c1d32cc01d97c9d51c225dc645d823",
                "4d3a7ca6ffe5f760a30105e4af14627f81f52c2b252b5ff52e8ff494b3638dbe",
                "f7de200d84d654695cf4bce542e5fc50d6870353d5cc8f4332fc629a238e17f7",
                "3b776742334c1666e8a423742649e61453817a4e17c7808e1d4e693c2cf12ef4",
                "91dc722fff862542a150060c18c6eeca17d78470383d1f1677e4390445c7db1e",
                "50a460f5cf7d55912e85e3cdfa41e0d8c77833d26c0aa0291f666366ed088fdb",
                "78b3f2d0fb13e806ae2548e929f85d5161ba2806601e2805612013f4d2722c1e",
                "d657db9405de1ac93a97592b8688c3a40b36633435cdf127efc8b703fceaca0d",
                "31a005304f36a86bcb635e230d94c746d5574df5d4cee98c61d3cb51bce57d57",
                "d5da7d1904bc07114c68ad538eb1646da1259416743e89109666c4d188ab0d81",
                "f8abf8c140ed10c17e7216067898e2b577abe848e1f9d8c299369eaa0eb808e0",
                "e46b8d2982f10eff130bebe391fb87c26002af5241d775f3dc10ed33a4ad5a9e",
                "8e4fdae8e3197ac12a5316b94680655c0a0c0cacd774fc3725b4442feaec0c48",
                "baa35a23e2b4bcd73027f1f37860c952c5f4ac56a3649b9b2ac598de104a38da",
                "e7a0043f8f2b8c4f17e2243d027050af97ee8f0e8b180a733e19e1660c53c097",
                "1e593278497ca95d5a3921c40e32196ebadbda47a647b3ab56efadebc714eefd",
                "3f8dce3a32dc2fac61d57e6d04631d6d8911528631ffdb5109fad53779a493f0",
                "d833b1b117acb5c751e7c9808aa14b2b819412918475070f2a01602dac6cdcd0"
            ],
            "type": "Script",
            "firstPartyCookies": {},
            "firstPartyCookiesSent": {},
            "exampleSites": [
                "www.ourcatholicprayers.com",
                "epicpew.com",
                "catholicvote.org",
                "www.spiritdaily.com",
                "www.morningoffering.com",
                "www.catholicworldreport.com",
                "wdtprs.com",
                "bible.org",
                "www.askacatholic.com",
                "catholicstand.com",
                "crisismagazine.com",
                "clinique-bonus.com",
                "www.churchpop.com",
                "rorate-caeli.blogspot.com",
                "catholic-hierarchy.org",
                "disntr.com",
                "protestia.com",
                "www.newadvent.org",
                "www.catholic365.com",
                "catholicexchange.com"
            ]
        },
        {
            "rule": "secureaddisplay\\.com\\/au\\/",
            "cookies": 0.000178,
            "fingerprinting": 0,
            "subdomains": [],
            "apis": {},
            "sites": 27,
            "prevalence": 0.000185,
            "cnames": [],
            "responseHashes": [
                "1b41d0f730e3eece883299489df447bf4accfcf4b78b3ef257207fc8b8f47148",
                "a1f2360b92450404bccef0a31e445e27806ba35397d24e86d2cfe9011fd2e731",
                "8bc49f46cb896eba847c80ff980abce536071eb039a87471edce710471ee8d0b",
                "728bc37139fbde7a80ed83d6f5cd7aa46d2d11795058db90f4578aa5da808c0a",
                "7db0ee6e7a3fd85842e76f12f5882a68bf4b97d56af40faf4de1b6efbab2f675",
                "c1244b0d1646c4bc7c1eecca6e6b502dce65f305454d905f47bf318452298e3f",
                "ba44c04f46d93f6ae7e23ad3772ca4222fb2dc8bd6e5595199079b5725015baf",
                "4440da89b0e5167047bc67bda022de75f174d034a81a186b4faf8f918fd7527c",
                "0e4938a3ebc615f5f7c404151537410a27ca6cdd76fe3ee2d54ad48bf779a4a5",
                "dd4706ea3b6381d4bef1e381f3fa951079252d5c523f6fe26b7f8011eac96248",
                "c29c98217d7e80359682110375a4ffd0a0239964ac7255959f5844e95a8aae60",
                "00ecf3bf119a2c7adf2f7d4e035ea49227127bdae67d7908118c51edbd05d41b",
                "03e8d2fd2ed7333e3734b5c34edfdcfde8cd94fd4c83f109c7b6e1c81900826a",
                "04d8395e041502bb7dc00f693b6f3e19e9e1ddd4338f6762a1f45dc0ca9d68d6",
                "245b6e280eedf9d37a4c45d8661ca66a655485542e0aae6ff6e77f16e236c08c",
                "207ca119c61d53b08956f44fa9c73c0f917e9114b2d3ea408edea2ff9424010d",
                "46085e8dd926720f4033f7d6ba4d2322826b8169478ccf6bfeeabd06a13b21dd",
                "220a0fec4863575f50d01606a6b2b66c05deccd3d09eaa0e612f8680aa12c418",
                "f1ad5eb05528e253f3a0901a422b2e05b2fb456ee302be3019430924cdf5e199",
                "5379375ff112f29285e9ea068ccd25a754f08f4079d15200e4ef0ef277be425d",
                "c664d7f5e987fab6778e3c301cbc53f74fad9fafe5577b355eec69f3adf893a7",
                "b03334b038c3f72f2263a2d147983f608db9067584b62a810b41e857082ec564",
                "b65f57fb6895f95cdac1279a7f483f90c7f90aed89dc9ec46118e9d7388dc4f9",
                "62b9303fb2c091391d00f293ecc4a14e82a1d0a8df6d327541dae1de119b4c18",
                "f812ef7711d837e8d77be875503d5a602a3b89eb4dfc63b031b22390e81aa8e1"
            ],
            "type": "Script",
            "firstPartyCookies": {},
            "firstPartyCookiesSent": {},
            "exampleSites": [
                "thecatholictravelguide.com",
                "uscatholic.org",
                "catholicchurch.directory",
                "www.ncronline.org",
                "www.ourcatholicprayers.com",
                "www.catholicnewsworld.com",
                "www.catholicworldreport.com",
                "www.catholic.org",
                "thecatholiccrusade.com",
                "news.radio-online.com",
                "mycatholic.life",
                "www.catholicherald.com",
                "ratings.radio-online.com",
                "www.simplycatholic.com",
                "www.catholicnewsagency.com",
                "acatholiclife.blogspot.com",
                "www.catholicdoors.com",
                "protestia.com",
                "www.verseoftheday.com",
                "www.askacatholic.com"
            ]
        },
        {
            "rule": "secureaddisplay\\.com\\/ctp\\/js\\/lp\\/",
            "cookies": 0,
            "fingerprinting": 0,
            "subdomains": [],
            "apis": {},
            "sites": 2,
            "prevalence": 0.0000137,
            "cnames": [],
            "responseHashes": [
                "d73be84a750a23f1820326d8d080352442bcf6f491f1c54a4246ae500d5183fd"
            ],
            "type": "Script",
            "firstPartyCookies": {},
            "firstPartyCookiesSent": {},
            "exampleSites": [
                "cruxnow.com",
                "www.augustineinstitute.org"
            ]
        },
        {
            "rule": "secureaddisplay\\.com\\/au\\/vid\\/",
            "cookies": 0.0000137,
            "fingerprinting": 0,
            "subdomains": [],
            "apis": {},
            "sites": 2,
            "prevalence": 0.0000137,
            "cnames": [],
            "responseHashes": [
                "8cb855c9d6839cc53830dc8601234c8a6e174e1a096e80363ace68b508e55a6f"
            ],
            "type": "Script",