{
    "domain": "seondfresolver.com",
    "owner": {},
    "source": [
        "DuckDuckGo-US"
    ],
    "prevalence": 0.0000684,
    "sites": 10,
    "subdomains": [
        "eb6a7d55b667d9b6e52e2ebe363274d7b395eb78",
        "d350c24f28d8b4347e5e0115b9a5ad72",
        "5e2926e8-b244-4f52-9425-bc749eaab7cb",
        "e66a1e8a-8783-43c1-83f1-cd55e41cdc8c"
    ],
    "cnames": [],
    "fingerprinting": 0,
    "resources": [
        {
            "rule": "seondfresolver\\.com\\/",
            "cookies": 0,
            "fingerprinting": 0,
            "subdomains": [
                "eb6a7d55b667d9b6e52e2ebe363274d7b395eb78",
                "d350c24f28d8b4347e5e0115b9a5ad72",
                "5e2926e8-b244-4f52-9425-bc749eaab7cb",
                "e66a1e8a-8783-43c1-83f1-cd55e41cdc8c"
            ],
            "apis": {},
            "sites": 9,
            "prevalence": 0.0000616,
            "cnames": [],
            "responseHashes": [
                "69c3e3fede701611a7552edfe42db2eec5aaf08a8e5c5815604cacad642b4b28",
                "2d7a270c1928be61476bfe7e9a662b5d23101783e646e0b241b3955ad5ee786f",
                "b4a4e27ef1495837b94e57a897576cc555ba210223eee3932f83a82ca0df2eae",
                "80ce33b49d180e5c164080ef17aaed6be0fc63526cfaa44c22966f1c774e997d",
                "46be747cc97715c5a57895c13df5502e857e622f2f1870a531bbf10326fb2596",
                "0fca377205d95b64d3590623551c2d7077ca67f22b1601e44dab9e2078c8cb8e",
                "edb2e0ac2aabc8646f1b92dda60d58fcadac2507ceed15d3b22c709c8ab5941b"
            ],
            "type": "XHR",
            "firstPartyCookies": {},
            "firstPartyCookiesSent": {},
            "exampleSites": [
                "michiganmotorz.com",
                "selectfitness.com",
                "www.betflag.it",
                "www.fabletics.com",
                "www.gopowersports.com",
                "www.savagex.com",
                "www.tiremart.com",
                "www.wheelsetgo.com",
                "wyverncreations.com"
            ]
        }
    ],
    "categories": [],
    "performance": {},
    "cookies": 0,
    "topInitiators": [
        {
            "domain": "seondf.com",
            "prevalence": 0.625
        },
        {
            "domain": "paytomorrow.com",
            "prevalence": 0.1875
        },
        {
            "domain": "sentry-cdn.com",
            "prevalence": 0.1875
        }
    ],
    "types": {
        "XHR": 9
    },
    "nameservers": [
        "ns-152.awsdns-19.com",
        "ns-1104.awsdns-10.org",
        "ns-584.awsdns-09.net",
        "ns-1795.awsdns-32.co.uk"
    ]
}