{
    "domain": "sexad.net",
    "owner": {
        "name": "ICF Technology, Inc",
        "displayName": "ICF"
    },
    "source": [
        "DuckDuckGo-US"
    ],
    "prevalence": 0.000322,
    "sites": 47,
    "subdomains": [
        "as"
    ],
    "cnames": [],
    "fingerprinting": 1,
    "resources": [
        {
            "rule": "sexad\\.net\\/as\\/if",
            "cookies": 0.000212,
            "fingerprinting": 1,
            "subdomains": [
                "as"
            ],
            "apis": {
                "Date.prototype.getTime": 29
            },
            "sites": 31,
            "prevalence": 0.000212,
            "cnames": [],
            "responseHashes": [
                "83b3b9e5297a14a0f25657c319315278e91e0d4ccaaa2442ea35bd693a2b6bea",
                "15de3c58fae25b2f4a95bc1c582e5f4fceaa01e843e92ba3bc48a602919a4ce6",
                "2eb85f2e62f2b16ea4d21209e470ffc1c290cb2f69970c4d55fd206056323316",
                "16a86d839049ce1bc17d37568e05f6d09db1b221d3ba7eda50a7ff1b7e788b57",
                "d490c678acead258008ed50eee1ab7affaf51701a847a19a8453cf3de1fe8df8",
                "33667869e5e7095f2d14643cc9164f80d8dd7e3c264caeacd3d9945f75e60341",
                "20bd64f13a4b7837d397e4e8287e12b34b99265a13dfd21a24f9a23db6d12fef",
                "258fc86d941332d27813c36a35b44179364db5390fe01e03ecccd9f0db9f720c",
                "26bdd65760582158365a2215df3a327f7f3fd4a61d6c07bcb057f98750a7f5f0",
                "2cffe4a3dad8adcff7d3d3e20da615cfc178f3b876a274aafb86f7aec6135196",
                "0e5fe32a4270933818504bcebdcb4138859fafb2e48275a2f6cf14464b8452d1",
                "67b320afd9ca683ed9d1abd239d60adb0e05c07872f2750307a9b444238818d2",
                "41d90b1749098ad15fc26aa02a57ea1f55337991423269dee79b920794079fc0",
                "351e9dcb13399f25b735178e346b30f32d4a3db74b38ebf1eb10faa1a4926cdd",
                "4373ec86c4f263fcaddf1e31ee98a5d8766a96f83206650052ebdef0f5a45f5b",
                "bcef07ee4080a2a7deeb5872596890018a910c983f7f6693c77642c93c79a1bb",
                "07c01e64f4d3d1fe7a428e782cfefa96a5219b19bbd6f7555e1d2c4512bc78ab",
                "3b965ad85a6248235d327117b2f7c35673c5dc79403845c38eaf2d0647b3fdfd",
                "b5d3afa2cd14e08f4c8f0f237bb45918d48e4ade8e8e78f872318962ac91f597",
                "2aba0db5f84310f286fe75e65e53d96ae35eb6e9a0a1a14c098febfe208a3a2f",
                "808613880664ca61b095b9920b852073eab7547305ba937a3e3581f8cc306197",
                "6b7cfdbd807bf5a4c962773299b0bd3284abce818d2af69bacda9e134e320aa4",
                "0d574599bf7b104b304d4563ac802d2068fc1ec0abf236857ae023e457881186",
                "57bf6dd08d04152c86e6216a014382c62855d34dbc02f9bb81ccd5b6e304afc6",
                "3c2e47d09bffb427e30bbdc3c934ed25133a6b649eac326b6da51e69ac3b67a4",
                "6f5a72e68cc23f5865fcf04d6fd07d089cf9f0038db4f98f874f0dfd80897ee9",
                "560f5890f38ef7b2d18c12a872b7c2a342e6e00fbf014a43c74c2f4d4cbb6886",
                "b5c2eb4c5d80f01649c56a64ee5e4c0c799848287f02aa1dd2a916f270cb972a",
                "c1d44f3a114e5af50fef2c2a855392c86820bb2dc13f413d4a05b5f488011d6c",
                "b262f92875ab6ba4998963a4f4ca90b9b8c4878d04e4763c5d219c3bf7e41524"
            ],
            "type": "Document",
            "firstPartyCookies": {},
            "firstPartyCookiesSent": {},
            "exampleSites": [
                "de.pornhub.com",
                "www.youjizz.com",
                "cliphunter.com",
                "handjobhub.com",
                "xnx.icu",
                "www.fsiblog.video",
                "jp.pornhub.com",
                "usgaytube.com",
                "www.povaddict.net",
                "www.lesbian8.com",
                "castingporntube.com",
                "www.xxnx.icu",
                "tmohentai.com",
                "de.pornhub.org",
                "www.primecurves.com",
                "eroticmv.com",
                "xnxxhd.tv",
                "pornobae.net",
                "www.curvyerotic.com",
                "www.pornolargo.com"
            ]
        },
        {
            "rule": "sexad\\.net\\/px\\.gif",
            "cookies": 0.000226,
            "fingerprinting": 0,
            "subdomains": [
                "as"
            ],
            "apis": {},
            "sites": 33,
            "prevalence": 0.000226,
            "cnames": [],
            "responseHashes": [
                "dcdf6c37f5caf6a54f0c7f2238d669e015901b674c7fc55099acc7fe629db356"
            ],
            "type": "Image",
            "firstPartyCookies": {},
            "firstPartyCookiesSent": {},
            "exampleSites": [
                "de.pornhub.com",
                "www.youjizz.com",
                "www.xnx.icu",
                "bokepaviva.pro",
                "www.xxnx.icu",
                "netfapx.net",
                "jp.pornhub.com",
                "xnxxhd.tv",
                "www.shesfreaky.com",
                "www.lesbian8.com",
                "www.amateur8.com",
                "www.fsiblog.video",
                "www.curvyerotic.com",
                "usgaytube.com",
                "fleshbot.com",
                "hqbang.com",
                "www.cherrynudes.com",
                "gay.fleshbot.com",
                "cliphunter.com",
                "eroticmv.com"
            ]
        },
        {
            "rule": "sexad\\.net\\/as\\/pu",
            "cookies": 0.0000137,
            "fingerprinting": 0,
            "subdomains": [
                "as"
            ],
            "apis": {},
            "sites": 2,
            "prevalence": 0.0000137,
            "cnames": [],
            "responseHashes": [
                "86ffd6fbc82283edf6719802125d236281f33ec65679903d73ba8495fb42d6e6"
            ],
            "type": "Document",
            "firstPartyCookies": {},
            "firstPartyCookiesSent": {},
            "exampleSites": [
                "hqbang.com",
                "www.fapnado.com"
            ]
        }
    ],
    "categories": [],
    "performance": {},
    "cookies": 0.000322,
    "topInitiators": [
        {
            "domain": "first party",
            "prevalence": 0.40540540540540543
        },
        {
            "domain": "camschat.net",
            "prevalence": 0.22972972972972974
        },
        {
            "domain": "sancdn.net",
            "prevalence": 0.13513513513513514
        },
        {
            "domain": "hotfree123.com",
            "prevalence": 0.10810810810810811
        },
        {
            "domain": "army.delivery",
            "prevalence": 0.0945945945945946
        },
        {
            "domain": "exoclick.com",
            "prevalence": 0.013513513513513514
        },
        {
            "domain": "adasgsts.cc",
            "prevalence": 0.013513513513513514
        }
    ],
    "types": {
        "Document": 33,
        "Image": 33
    },
    "nameservers": [
        "ns2.flyingcroc.net",
        "ns1.flyingcroc.net"
    ]
}