{
    "domain": "sf-syn.com",
    "owner": {},
    "source": [
        "DuckDuckGo-US"
    ],
    "prevalence": 0.0000889,
    "sites": 13,
    "subdomains": [
        "b"
    ],
    "cnames": [],
    "fingerprinting": 0,
    "resources": [
        {
            "rule": "sf-syn\\.com\\/badge_js",
            "cookies": 0,
            "fingerprinting": 0,
            "subdomains": [
                "b"
            ],
            "apis": {},
            "sites": 11,
            "prevalence": 0.0000752,
            "cnames": [],
            "responseHashes": [
                "1ac8de6b0db70385843f32e4345a7999b635dd7afa46ebcee38568cd1aa591ab",
                "97c0641d232931f7ae6defc3429ade5350d3010b9e836de4fb540bbb35c259fd",
                "88ed9c26b300d739f0f1392c363bd649da50eeaf59990a3393714c343e7146b5",
                "a08c8e094dd8fbc1036c05a5ce27dd0237826b5848d01944a0b7e3f70dcc02e7",
                "c2b753d0bf0397c5bd57be95528b7773cdabb11b135206b7736e3b61d25babb7",
                "5538b47da25d4931b5ce220bdbf216691fb23e88dd488d66ebba2c9e63acb264",
                "500712a9f5478bf7fdb50b02f824222389e90bf5e011e2c595342694d5424151",
                "f624748b9a11b2d857f1ed9131fce2f44e008435ba5dfdb9e93f7bd942f2c554",
                "7febe517c65ec9d0301beb7c39fc487611a054ee9319901ce666c8835fc32769",
                "6ff03933c7e4e3a753c77ee3078eb0ab5137c21fe85f4698069bf596bc3b55a8"
            ],
            "type": "Script",
            "firstPartyCookies": {},
            "firstPartyCookiesSent": {},
            "exampleSites": [
                "aichattings.com",
                "atomicwallet.io",
                "hearham.com",
                "saturncloud.io",
                "www.coohom.com",
                "www.emclient.com",
                "www.getguru.com",
                "www.helpwire.app",
                "www.numberanalytics.com",
                "www.scrapehero.com",
                "www.visualvisitor.com"
            ]
        },
        {
            "rule": "sf-syn\\.com\\/badge_img\\/2983547\\/users-love-us-new-white",
            "cookies": 0,
            "fingerprinting": 0,
            "subdomains": [
                "b"
            ],
            "apis": {},
            "sites": 2,
            "prevalence": 0.0000137,
            "cnames": [],
            "responseHashes": [
                "d847caa17bc2264aec8098ba687152ed10a3781acf226cfe8c2e27038ca5f0ce"
            ],
            "type": "Image",
            "firstPartyCookies": {},
            "firstPartyCookiesSent": {
                "_li_dcdm_c": 0.000006840881105486387
            },
            "exampleSites": [
                "getguru.com",
                "www.getguru.com"
            ]
        },
        {
            "rule": "sf-syn\\.com\\/badge_img\\/2979424\\/users-love-us-new-white",
            "cookies": 0,
            "fingerprinting": 0,
            "subdomains": [
                "b"
            ],
            "apis": {},
            "sites": 2,
            "prevalence": 0.0000137,
            "cnames": [],
            "responseHashes": [
                "d847caa17bc2264aec8098ba687152ed10a3781acf226cfe8c2e27038ca5f0ce"
            ],
            "type": "Image",
            "firstPartyCookies": {},
            "firstPartyCookiesSent": {},
            "exampleSites": [
                "scrapehero.com",
                "www.scrapehero.com"
            ]
        },
        {
            "rule": "sf-syn\\.com\\/badge_img\\/2979424\\/customers-love-us-white",
            "cookies": 0,
            "fingerprinting": 0,
            "subdomains": [
                "b"
            ],
            "apis": {},
            "sites": 2,
            "prevalence": 0.0000137,
            "cnames": [],
            "responseHashes": [
                "76061b044c000de0aa50fbcf042bf57ffd6b0c34f681e9ce6a8da7bdb4e5b6c4"
            ],
            "type": "Image",
            "firstPartyCookies": {},
            "firstPartyCookiesSent": {},
            "exampleSites": [
                "scrapehero.com",
                "www.scrapehero.com"
            ]
        },
        {
            "rule": "sf-syn\\.com\\/badge_img\\/2949973\\/light-default",
            "cookies": 0,
            "fingerprinting": 0,
            "subdomains": [
                "b"
            ],
            "apis": {},
            "sites": 2,
            "prevalence": 0.0000137,
            "cnames": [],
            "responseHashes": [
                "c234e29fb0c5d1e7b57c7fa16ecf76cf6174322b9b9de68f05c9b46a521e6dd0"
            ],
            "type": "Image",
            "firstPartyCookies": {},
            "firstPartyCookiesSent": {
                "_li_dcdm_c": 0.000013681762210972774,
                "fcd_li_attempted_whitelist_domain": 0.000013681762210972774
            },
            "exampleSites": [
                "visualvisitor.com",
                "www.visualvisitor.com"
            ]
        },
        {
            "rule": "sf-syn\\.com\\/badge_img\\/2949973\\/leader-fall-white",
            "cookies": 0,
            "fingerprinting": 0,
            "subdomains": [
                "b"
            ],
            "apis": {},
            "sites": 2,
            "prevalence": 0.0000137,
            "cnames": [],
            "responseHashes": [
                "15098897f80dbaaad236f836fd17deeda68812191e88aa429538718fecbbd360"
            ],
            "type": "Image",
            "firstPartyCookies": {},
            "firstPartyCookiesSent": {
                "_li_dcdm_c": 0.000013681762210972774,
                "fcd_li_attempted_whitelist_domain": 0.000013681762210972774
            },
            "exampleSites": [
                "visualvisitor.com",
                "www.visualvisitor.com"
            ]
        },
        {
            "rule": "sf-syn\\.com\\/badge_img\\/2949973\\/leader-summer-white",
            "cookies": 0,
            "fingerprinting": 0,
            "subdomains": [
                "b"
            ],
            "apis": {},
            "sites": 2,
            "prevalence": 0.0000137,
            "cnames": [],
            "responseHashes": [
                "5d7e366811c61210d989557bc29f5018eaeb9103022c9b6214538d590865c0f2"
            ],
            "type": "Image",
            "firstPartyCookies": {},
            "firstPartyCookiesSent": {
                "_li_dcdm_c": 0.000013681762210972774,
                "fcd_li_attempted_whitelist_domain": 0.000013681762210972774
            },
            "exampleSites": [
                "visualvisitor.com",
                "www.visualvisitor.com"
            ]
        },
        {
            "rule": "sf-syn\\.com\\/badge_img\\/2949973\\/leader-spring-white",
            "cookies": 0,
            "fingerprinting": 0,
            "subdomains": [
                "b"
            ],
            "apis": {},
            "sites": 2,
            "prevalence": 0.0000137,
            "cnames": [],
            "responseHashes": [
                "f49aaa60a358205889e25aec8872ecafb7c5bc473d8e146daecfc23a0aa48273"
            ],
            "type": "Image",
            "firstPartyCookies": {},
            "firstPartyCookiesSent": {
                "_li_dcdm_c": 0.000013681762210972774,
                "fcd_li_attempted_whitelist_domain": 0.000013681762210972774
            },
            "exampleSites": [
                "visualvisitor.com",
                "www.visualvisitor.com"
            ]
        },
        {
            "rule": "sf-syn\\.com\\/badge_img\\/2949973\\/leader-winter-white",
            "cookies": 0,
            "fingerprinting": 0,
            "subdomains": [
                "b"
            ],
            "apis": {},
            "sites": 2,
            "prevalence": 0.0000137,
            "cnames": [],
            "responseHashes": [
                "b9ecdddf71d9222a3bc32e12319b9e7bb92c444fdde208f3e2eafeb2947aff70"
            ],
            "type": "Image",
            "firstPartyCookies": {},