{
    "domain": "shemediax.com",
    "owner": {},
    "source": [
        "DuckDuckGo-US"
    ],
    "prevalence": 0.000144,
    "sites": 21,
    "subdomains": [
        "hb"
    ],
    "cnames": [],
    "fingerprinting": 0,
    "resources": [
        {
            "rule": "shemediax\\.com\\/hb-multi",
            "cookies": 0,
            "fingerprinting": 0,
            "subdomains": [
                "hb"
            ],
            "apis": {},
            "sites": 17,
            "prevalence": 0.000116,
            "cnames": [],
            "responseHashes": [
                "082ac939236f9d1427804ac1a012d965a2fe6d1fd4079061e42f6e4f377c3871",
                "52423dbb519531d6acfe451457bc15a544cd2bdf62a85b6f94719e46265fa71a",
                "974c70920317f343e2da98a89b1bb344a181ec9905715a18c2e28f4a359f05fd",
                "0f87703b1abf213238b4df432377c7bf120b6a5a609d506c1c1826b980c53db5",
                "3699610a223aee7de0c4ab8282ba44051461d350e29c2094834cff73ac16a113",
                "ebeb52eff27c8fb9cb65b9b65bb27106929cd0fb563a0817aa8d756a697d6dd7",
                "d6672c1c1ffcc0966ede954447e28540b8f0e82ce2d1b9560e441b0780dc0d3f",
                "3e968ee2d704d61f90c9f0e682a2c98ea02ed7472647e1f993bce8f2551a5a93",
                "bcdd6bd9922115eaec0e1f4ddb9c72df57180a33e9fce42d324b8afa2bf7c949",
                "195bcc12dad9449d918dc6c68280ff629c026269c55cabc62f132b9de04356dc",
                "be443008e15c8b591e7f1e775d58540842abdece8fc96fca616a3a55db273b9a",
                "fa0d0ba1eed6163f8a1caa622d22d2268e788644b1d2b073ce1fae59d590f5c9",
                "1a47d4ac7f81fe85d194b4ab09f61e5943b4b029cc7d71575e9bef39cc04d0f9"
            ],
            "type": "Fetch",
            "firstPartyCookies": {},
            "firstPartyCookiesSent": {},
            "exampleSites": [
                "suntimes.com",
                "notices.nzherald.co.nz",
                "obits.al.com",
                "obits.cleveland.com",
                "obits.columbian.com",
                "obits.dallasnews.com",
                "obits.gazette.com",
                "obits.lehighvalleylive.com",
                "obits.masslive.com",
                "obits.mlive.com",
                "obits.nj.com",
                "obits.pennlive.com",
                "obits.postandcourier.com",
                "obits.syracuse.com",
                "soaps.sheknows.com",
                "stylecaster.com",
                "www.legacy.com"
            ]
        }
    ],
    "categories": [],
    "performance": {},
    "cookies": 0,
    "topInitiators": [
        {
            "domain": "rubiconproject.com",
            "prevalence": 0.7727272727272727
        },
        {
            "domain": "blogherads.com",
            "prevalence": 0.22727272727272727
        }
    ],
    "types": {
        "Fetch": 17
    },
    "nameservers": [
        "ns-1723.awsdns-23.co.uk",
        "ns-650.awsdns-17.net",
        "ns-436.awsdns-54.com",
        "ns-1192.awsdns-21.org"
    ]
}