{
    "domain": "shgapi.com",
    "owner": {},
    "source": [
        "DuckDuckGo-US"
    ],
    "prevalence": 0.0000752,
    "sites": 11,
    "subdomains": [],
    "cnames": [],
    "fingerprinting": 0,
    "resources": [
        {
            "rule": "shgapi\\.com\\/api\\/products",
            "cookies": 0,
            "fingerprinting": 0,
            "subdomains": [],
            "apis": {},
            "sites": 10,
            "prevalence": 0.0000684,
            "cnames": [],
            "responseHashes": [],
            "type": "Preflight",
            "firstPartyCookies": {},
            "firstPartyCookiesSent": {},
            "exampleSites": [
                "alfreddunner.com",
                "artistcraftsman.com",
                "saddlebackleather.com",
                "simplicity.com",
                "store.focusonthefamily.com",
                "true-precision.com",
                "www.delallo.com",
                "www.multipure.com",
                "www.tastefullysimple.com",
                "www.thewoodturningstore.com"
            ]
        },
        {
            "rule": "shgapi\\.com\\/api\\/products",
            "cookies": 0.0000684,
            "fingerprinting": 0,
            "subdomains": [],
            "apis": {},
            "sites": 10,
            "prevalence": 0.0000684,
            "cnames": [],
            "responseHashes": [
                "ccbe34259b869914c1a0c961332448daa7454d7722ae69e12c2d21ad3fa2f05f",
                "bbc90432fe420812f4b2e3e3b98a444cca255cd36ff70a8dd380d2bc0735ea94",
                "95f90d553ae06ced0aef30123e0dc02ac71a93d3ed5184b76fcdd20d48d365e1",
                "07aa63dbab7c4807c95e865900e6f3cd4f2b91273d904f671c58cb3e44ffa2e7",
                "ebb84fad9a48c4080409c80de39bb10a4a7afe0c201455abdff83b59bd745a37",
                "a602e091ef08947d3ced208d6b4ac31f85c43126a1b358bf045d199ca6087c49",
                "2e02e078265377dc34bb635750b7e4e0d1b7d6940986e8e3699eacbb301b75a5",
                "591f0c03f696d038040243ac925bb5184f611671dc29a703c8623a6d6d47d60a",
                "a3500a5cf33f22fb8bd89150fb9344b5727145fc5deaf4007f6b732d4e5bfb8c"
            ],
            "type": "XHR",
            "firstPartyCookies": {},
            "firstPartyCookiesSent": {},
            "exampleSites": [
                "alfreddunner.com",
                "artistcraftsman.com",
                "saddlebackleather.com",
                "simplicity.com",
                "store.focusonthefamily.com",
                "true-precision.com",
                "www.delallo.com",
                "www.multipure.com",
                "www.tastefullysimple.com",
                "www.thewoodturningstore.com"
            ]
        }
    ],
    "categories": [],
    "performance": {},
    "cookies": 0.0000752,
    "topInitiators": [
        {
            "domain": "bigcommerce.com",
            "prevalence": 0.9743589743589743
        },
        {
            "domain": "noibu.com",
            "prevalence": 0.02564102564102564
        }
    ],
    "types": {
        "Preflight": 10,
        "XHR": 10
    },
    "nameservers": [
        "nina.ns.cloudflare.com",
        "wesley.ns.cloudflare.com"
    ]
}