{
    "domain": "shopiapps.in",
    "owner": {},
    "source": [
        "DuckDuckGo-US"
    ],
    "prevalence": 0.000109,
    "sites": 16,
    "subdomains": [],
    "cnames": [],
    "fingerprinting": 1,
    "resources": [
        {
            "rule": "shopiapps\\.in\\/compare_product\\/cmp_widget\\/sp_cmp_css\\.php",
            "cookies": 0,
            "fingerprinting": 0,
            "subdomains": [],
            "apis": {},
            "sites": 12,
            "prevalence": 0.0000821,
            "cnames": [],
            "responseHashes": [
                "090aa709607fb2dcadec9af9aa40d44a5034a8e31f8b5a3f1d9ac22d16376a60",
                "bd58bb0081401979f5315abc418c0b0eab9783d885ca49603b207e67f160dc26",
                "75a0c725c296a8f88a14ff78a0f60b50895d17c14b9c83c303e7afab57c90d12",
                "58ebd07eedf72dbdd25e8f2710574dc522beb29802d035f94742e23db28c6439",
                "30ca90d530a42befabb7dac2770924f5f92c6e35cf36fd0258fd991b42896fdf",
                "d313d022d1fae369cda80f1a0bafb770933a2a26fedd12e33391d676b98b5d2d",
                "4cf96842322075f42d9cacbc0028c7afb2b46bab19ee59e92033df920d368dcd",
                "8bb9f976ca994ffbe5052aaab088d64e8537702fbe7764283a8b4c8c355bc5c1",
                "375aae5d3702b37a920473d4eefc49b6ff19147916bb54b3308424d19f03b2ac",
                "333abcdc9afc5258f2f7e12a07ab845afe10b1aa26c2203c078b93a8b39efb74",
                "4894701b82230f695ab18c1e96c90c8bb9d91de983a82ccaaf9fc238b22fe241"
            ],
            "type": "Stylesheet",
            "firstPartyCookies": {},
            "firstPartyCookiesSent": {},
            "exampleSites": [
                "fineleatherfurniture.com",
                "mikesbikes.com",
                "onlineoutboards.com",
                "sightmark.com",
                "us.targus.com",
                "vanness1938.com",
                "www.gloomis.com",
                "www.headphonezone.in",
                "www.luglife.com",
                "www.thehonestkitchen.com",
                "www.thinktankphoto.com",
                "www.truecable.com"
            ]
        },
        {
            "rule": "shopiapps\\.in\\/compare_product\\/cmp_widget\\/slide\\.css",
            "cookies": 0,
            "fingerprinting": 0,
            "subdomains": [],
            "apis": {},
            "sites": 5,
            "prevalence": 0.0000342,
            "cnames": [],
            "responseHashes": [
                "b185f8c7bf15885b4d58775d67fb509d7179037e5e59b5fafcbf335cce548e2c"
            ],
            "type": "Stylesheet",
            "firstPartyCookies": {},
            "firstPartyCookiesSent": {},
            "exampleSites": [
                "fineleatherfurniture.com",
                "sightmark.com",
                "www.luglife.com",
                "www.thehonestkitchen.com",
                "www.truecable.com"
            ]
        },
        {
            "rule": "shopiapps\\.in\\/compare_product\\/cmp_widget\\/sp_cmp_js\\.php",
            "cookies": 0,
            "fingerprinting": 1,
            "subdomains": [],
            "apis": {
                "Document.cookie getter": 7
            },
            "sites": 7,
            "prevalence": 0.0000479,
            "cnames": [],
            "responseHashes": [
                "290d27037a1227941c26c5242d8d743b65a89b20fd37519c073c3f4a1b9a12c0",
                "6acfcabad57da4fdbe03cab00a955bef860ae4de0e7f34d5eadf0fa93cf0208d",
                "5471ddc78c9d256c6c726de1ddf5c44ce4b2a9abd19a3644b8016cf774f720ff",
                "efd1c205674f5adad4932287be5ed0268a636a0e5cafed23d2c576d496ac9902",
                "be72f9c048b8302f1658227712101fffa8ba3b2dfc4e8b6e88985c5cab3cbe0f",
                "a0fb4f58aa29319b1f0ba1b066ddfa398393297b611f1c363704b1694a441752"
            ],
            "type": "Script",
            "firstPartyCookies": {},
            "firstPartyCookiesSent": {},
            "exampleSites": [
                "mikesbikes.com",
                "onlineoutboards.com",
                "us.targus.com",
                "vanness1938.com",
                "www.gloomis.com",
                "www.headphonezone.in",
                "www.thinktankphoto.com"
            ]
        },
        {
            "rule": "shopiapps\\.in\\/compare_product\\/cmp_widget\\/sp_cmp_init\\.js",
            "cookies": 0,
            "fingerprinting": 0,
            "subdomains": [],
            "apis": {},
            "sites": 3,
            "prevalence": 0.0000205,
            "cnames": [],
            "responseHashes": [
                "174ee86eebe3bbf7abfdda7347914e58bacadbd3386bf86f598aba5c12dad68d"
            ],
            "type": "Script",
            "firstPartyCookies": {},
            "firstPartyCookiesSent": {},
            "exampleSites": [
                "luglife.com",
                "www.thehonestkitchen.com",
                "www.truecable.com"
            ]
        },
        {
            "rule": "shopiapps\\.in\\/compare_product\\/cmp_widget\\/sp_product_compare\\.js",
            "cookies": 0,
            "fingerprinting": 1,
            "subdomains": [],
            "apis": {
                "Document.cookie getter": 3
            },
            "sites": 3,
            "prevalence": 0.0000205,
            "cnames": [],
            "responseHashes": [
                "32270ab5334f330519d35b70170c5da1142c51987b5b9b28ef23ceea7d05796d"
            ],
            "type": "Script",
            "firstPartyCookies": {},
            "firstPartyCookiesSent": {},
            "exampleSites": [
                "luglife.com",
                "www.thehonestkitchen.com",
                "www.truecable.com"
            ]
        },
        {
            "rule": "shopiapps\\.in\\/compare_product\\/settings\\/the_honest_kitchen_myshopify_com\\.json",
            "cookies": 0,
            "fingerprinting": 0,
            "subdomains": [],
            "apis": {},
            "sites": 2,
            "prevalence": 0.0000137,
            "cnames": [],
            "responseHashes": [
                "b8c3d1bb88f3d29a037c8565ed47a2bf4961fb6ace8b313ce40b7a990d3cd7d4"
            ],
            "type": "XHR",
            "firstPartyCookies": {},
            "firstPartyCookiesSent": {},
            "exampleSites": [
                "thehonestkitchen.com",
                "www.thehonestkitchen.com"
            ]
        },
        {
            "rule": "shopiapps\\.in\\/compare_product\\/language\\/the_honest_kitchen_myshopify_com\\.json",
            "cookies": 0,
            "fingerprinting": 0,
            "subdomains": [],
            "apis": {},
            "sites": 2,
            "prevalence": 0.0000137,
            "cnames": [],
            "responseHashes": [
                "445199e9829019971168f214871a8b3222b1cc099e35f989d768bd8a4cc7bc75"
            ],
            "type": "XHR",
            "firstPartyCookies": {},
            "firstPartyCookiesSent": {},
            "exampleSites": [
                "thehonestkitchen.com",
                "www.thehonestkitchen.com"
            ]
        },
        {
            "rule": "shopiapps\\.in\\/compare_product\\/settings\\/truecable_usd_myshopify_com\\.json",
            "cookies": 0,
            "fingerprinting": 0,
            "subdomains": [],
            "apis": {},
            "sites": 2,
            "prevalence": 0.0000137,
            "cnames": [],
            "responseHashes": [
                "b854cb6e24aeac840214ab178810a4cbada0cde6642cd1a63686319873bcfaf7"
            ],
            "type": "XHR",
            "firstPartyCookies": {},
            "firstPartyCookiesSent": {},
            "exampleSites": [
                "truecable.com",
                "www.truecable.com"
            ]
        },
        {
            "rule": "shopiapps\\.in\\/compare_product\\/language\\/truecable_usd_myshopify_com\\.json",
            "cookies": 0,
            "fingerprinting": 0,
            "subdomains": [],
            "apis": {},
            "sites": 2,