{
    "domain": "sibautomation.com",
    "owner": {
        "name": "Dual Technologies Services",
        "displayName": "Dual Technologies Services"
    },
    "source": [
        "DuckDuckGo-US"
    ],
    "prevalence": 0.00162,
    "sites": 237,
    "subdomains": [],
    "cnames": [],
    "fingerprinting": 1,
    "resources": [
        {
            "rule": "sibautomation\\.com\\/sa\\.js",
            "cookies": 0.00112,
            "fingerprinting": 1,
            "subdomains": [],
            "apis": {
                "Document.cookie getter": 167,
                "Date.prototype.getTime": 168,
                "Document.cookie setter": 163
            },
            "sites": 176,
            "prevalence": 0.0012,
            "cnames": [],
            "responseHashes": [
                "42629302ed397ee7527e1172c0001049bf8be334820f2a4d3bc60828dd923a36",
                "b1ce4af148ed3270c7fb59d13b41e8ad21bea1a9b8a0e882a57d527c0bb67191",
                "5e94f3df3c5390fd5d514be69bc23cad981e78eca59d495c9ef3b7a0620d3633",
                "72ac5eab9e3e54fc592ad33b90618a04fb606a4a0862c6396947b7de9d9af4b2",
                "0f0a0ff859fbcb0c72f50d8d025c1681d019486afa3fc1c9ef9f73243a550ef5",
                "fbb849ee46f42c3037ecdfc485fba8d4c4826dca188bb86642e38c0c0f3669ff",
                "95e043a07e84e3f92ec8a118f9e82526fc456e450bdb7fa19e6e81798d46d35f",
                "c018ff9751fd776a3a4eb0105d14a509cfa3ef04d8d72f68cd124a686851b92d",
                "e123c57c0857965f55b980cc990a0eef398b730529e2d7f7351e5a440330d513",
                "188c1c8a8250c2cdbe661aa326e979c79dd3cc904b3ce733d9d429de845e9349",
                "6f67fd76276fd702fc3faa0f4c1c3308d07423a9da1d5a52e59bb9da916f24e7",
                "4cf65d8d86e9caa3edc68dd81ea81b3310d59c6133edc52c2029d55f1e7f870a",
                "e3b0c44298fc1c149afbf4c8996fb92427ae41e4649b934ca495991b7852b855",
                "d1ab187cacd709f86e5f5f91621aedcff3686a66fafdb6836d4b98cdb78007d9",
                "baf5b8bd600347d459a1c59cf7ae7a6935774ef7d73bea0bd402ddca93dffe4c",
                "2766db6adfcbb4a7b6f9d4c41110b7893485388774a815fa2c2dc5d9eb395f8f",
                "35142c3fef122a294a5ae62bdec394932e8c6f1af6a8e97392651ed9196da431",
                "b3ddd74a5dec7599e3e79c82053b5cbe51da50a371f454d16a9033c96f1e95d1",
                "b1ff35ea810058dda49e3ff35e785f3a1c48236f20f27b65221b961d67e8f43e",
                "edc017fa8d0dd5fb1b06c77714add438627e9debec6409424c6f44df4ea2c6e6",
                "ce39199e02909eee62d9a3531c71ca62e926ed99ebe35543cca29536368ea290",
                "40064ccdcd4644757a32808bf9525eb7d3011fffd647dde2b5e4b0773c0c9641",
                "2d003d761a5e3f9846efade508e6ebc1b0d2991365abd008f862a65a50b970d5",
                "e8306bdfe1b04e991c6ace3a2dd397a5a832060ffb8d9447f3f7e48558993cd8",
                "6b100954d9379ed675f7a6ab5766bc6acd75e55eb0e628b0aeaa9d566e606a4e",
                "7381379addcfd53ea620947b44826ba659623d3fe5e623dcea4cc60f8f0a7a2b",
                "c2ca89483a0a39dcb7e53ffef298e88c54fe27ecf7cc36aa8e3e9d1057d01601",
                "2b3cb36118ef8b3af3d38a31658a8377d8b00c1606c358e27ca14f80b9d20635",
                "dd0dca4d8f0cfbd7edeeeed2678cdb6d7ac2046524d0d5f73778b99f0991e53d",
                "a8609fd3155ea55a88c544b9b37dbeec2bcd0fb342abcae5436b81c866ac595f",
                "5fee8d1ef563d86bb2b756a72ccc44949d0a137ac772e11243978e04f9028e06",
                "89b304f3071c86c2c76a8cd35796ad9b2f55609ea3a08887b766215291354dfc"
            ],
            "type": "Script",
            "firstPartyCookies": {
                "sib_cuid": {
                    "ttl": 15699603,
                    "length": 36,
                    "prevalence": 0.0011082227390887946,
                    "uniqueness": 1
                }
            },
            "firstPartyCookiesSent": {},
            "exampleSites": [
                "patient.info",
                "www.railadvent.co.uk",
                "lavinialingerie.com",
                "andrewskurka.com",
                "classicalpoets.org",
                "www.ibreviary.com",
                "immobilier.lefigaro.fr",
                "deluxeastrology.com",
                "www.trustguide.ai",
                "cleversolarpower.com",
                "monsterbolts.com",
                "www.wunschgutschein.de",
                "www.gerbeaud.com",
                "rivalskins.com",
                "certifieddownloadcenter.com",
                "www.umarexusa.com",
                "www.toi-health.com",
                "www.discovercars.com",
                "www.conexdepot.com",
                "www.puky.de"
            ]
        }
    ],
    "categories": [],
    "performance": {},
    "cookies": 0.00151,
    "topInitiators": [
        {
            "domain": "brevo.com",
            "prevalence": 0.5487804878048781
        },
        {
            "domain": "first party",
            "prevalence": 0.24390243902439024
        },
        {
            "domain": "googletagmanager.com",
            "prevalence": 0.17073170731707318
        },
        {
            "domain": "reamaze.com",
            "prevalence": 0.02032520325203252
        },
        {
            "domain": "yottaa.com",
            "prevalence": 0.0040650406504065045
        },
        {
            "domain": "bwt.dk",
            "prevalence": 0.0040650406504065045
        },
        {
            "domain": "actiview.de",
            "prevalence": 0.0040650406504065045
        },
        {
            "domain": "ibreviary.org",
            "prevalence": 0.0040650406504065045
        }
    ],
    "types": {
        "Script": 176
    },
    "nameservers": [
        "josh.ns.cloudflare.com",
        "mary.ns.cloudflare.com"
    ]
}