{
    "domain": "smct.co",
    "owner": {
        "name": "SMARTER CLICK TECHNOLOGY LTD",
        "displayName": "SMARTER CLICK"
    },
    "source": [
        "DuckDuckGo-US"
    ],
    "prevalence": 0.000773,
    "sites": 113,
    "subdomains": [
        "events",
        "ep"
    ],
    "cnames": [],
    "fingerprinting": 1,
    "resources": [
        {
            "rule": "smct\\.co\\/tm",
            "cookies": 0,
            "fingerprinting": 1,
            "subdomains": [],
            "apis": {
                "window.sessionStorage": 20,
                "window.innerHeight": 1,
                "window.innerWidth": 1,
                "window.localStorage": 4,
                "window.name": 1
            },
            "sites": 30,
            "prevalence": 0.000205,
            "cnames": [],
            "responseHashes": [
                "e9168bc629c51a05927bac3de9670c2a794669b805635d7204fe4c946b506bc7",
                "35f821bc57680410719dbb11647917595152881ad4a4803a445e0ce62045fa25",
                "00aa60f9699f437f0acd3bd42a56e4bbbf4405cd8f3e1c80b135a8da1e0b0157",
                "a4327d713db82742b47fcadea11edcb98e6cc605cee822bbe395477099c43f81",
                "d121a21882a2bc57a0e1655beba06e652c62e0746bcd17f7df76e5358e9a785a",
                "a3d299df72a114ff16dcc898ac15ce294553415aa5310ddaad11fee965bfcbf8",
                "91daeaf161e8a8df046b714ab6be2bcf53b60a762e066d6c3b43550e05e8deec",
                "7ad40e4a76710a049945ac312b6688b78e85a4d650556ce61bb81a9da2c1522e",
                "fbfe41e08cf6361eeedf34be3aca8ef36ecccb90b977ae5924bccd6ecd4f28a4",
                "f799c96d0588d53ee768b7ca0ea0ea49c784fca27e47acd6dea5461e1c384f19",
                "e6b00d00ea4e40886873297204e835c024402e834b20cec72782e510f3932ee0",
                "e3b0c44298fc1c149afbf4c8996fb92427ae41e4649b934ca495991b7852b855",
                "e1b872d722682e29539ba39382104d3f70112cbabd0c03a0320c89fc857cb616",
                "c8b0736dc6d0411e1a629ebf7d20dabebf5ed0b7df698d2dc9acbae84f79c87d",
                "7faa52168726a134915b4aa63e6a296fc68dfd679111d3c9e059d0cf6af5d60d",
                "6dc0f8fe0a8c96b096d4b4ebf48ca6f48e08196126fb58c81e32e639f90eb897",
                "0e04367473da717ba4eb33ea9ab8ad09d6f27c0f382e92e0d6b1bb0f46bf7e3e",
                "4dd3deeff0e778049c829de43c9051e84d0e3f33ae1ffb4eb733d867ffd374c5",
                "72177c10dc9d7ce3a76736972063828a02a6d18138d899f0b5d8f6c1d5a525bc",
                "bdadbac1d6e5f9e5d286a03fac2b2340873eb458b6dcc5a5fe3f422a1ed0f46e",
                "f1ff5b899cef964cdf65829ef1d19af03533fbbe976fd388b1c11e96b3778503",
                "9cf1df2ec7657eb11692b7aa12e81ba7ac8125537691653327201b9b19937889",
                "e1f2b6a6a51d6f3bf3bd6f18bb782aa21935f74abab61bffbddd30e59e6e095a",
                "3458972a58dc1da1517c5cd5bed8f0332a85a8d9643cfa83790a6c5be1efa32a",
                "04806b32c44842376b5b099e7ab5a7e561daede664d3c34b277930399db52d9d",
                "a73a0880ef4d13000bb04a5cfefb90ca91fa013fb860ec590ca3a3949d67a4b0"
            ],
            "type": "Script",
            "firstPartyCookies": {},
            "firstPartyCookiesSent": {},
            "exampleSites": [
                "www.trivago.com",
                "www.arrowvideo.com",
                "www.esrtech.com",
                "www.hollandandbarrett.nl",
                "www.qunol.com",
                "www.e-firstaidsupplies.com",
                "www.kabum.com.br",
                "fanttik.com",
                "www.gtech.co.uk",
                "www.protyre.co.uk",
                "www.pdsa.org.uk",
                "www.wexphotovideo.com",
                "www.trivago.com.au",
                "www.arrowfilms.com",
                "www.trivago.ca",
                "de.myprotein.com",
                "ver.movistarplus.es",
                "www.wmf.com",
                "wexphotovideo.com",
                "www.ninjakitchen.de"
            ]
        },
        {
            "rule": "smct\\.co\\/tm\\/",
            "cookies": 0,
            "fingerprinting": 1,
            "subdomains": [],
            "apis": {
                "window.sessionStorage": 50,
                "Date.prototype.getTime": 1,
                "window.innerHeight": 1,
                "window.innerWidth": 1,
                "window.localStorage": 2,
                "Document.cookie getter": 1
            },
            "sites": 62,
            "prevalence": 0.000424,
            "cnames": [],