{
    "domain": "snuffilm.com",
    "owner": {},
    "source": [
        "DuckDuckGo-US"
    ],
    "prevalence": 0.000171,
    "sites": 25,
    "subdomains": [
        "asg"
    ],
    "cnames": [],
    "fingerprinting": 3,
    "resources": [
        {
            "rule": "snuffilm\\.com\\/api\\/spots\\/56334",
            "cookies": 0.000137,
            "fingerprinting": 1,
            "subdomains": [
                "asg"
            ],
            "apis": {
                "Document.cookie setter": 1,
                "Document.cookie getter": 1
            },
            "sites": 20,
            "prevalence": 0.000137,
            "cnames": [],
            "responseHashes": [
                "8e628a3e7968e52adeb3d37f0feb14062be9df17acc0e34f0351c471768542a1",
                "b6b6a5739540ed8e612f4a91780253284781a57b8eff68ff4b672097cdb3f292",
                "0f0f903804c9cd3840c0693fba28aa845b04a0dc2306b796066d030affa04faf",
                "ee91197ce4055487fcb7eec7cce500540024dfb3b8b1f5fc6843453d3dd597b7",
                "6cda5f5b0923b6abdb861b279787784c1a57e3fe774c199998729824cfd2eaf6",
                "39c14454066652a68c6626556ee06c5db8a5345d0ddda7aa7d92aeb10a4d15a9",
                "26d432f796fd40208f9bfe2fea683550563f83b2c6189b20eedcbff25b796307",
                "b3df4fa0fb0922839e57617907ad3cea49d51d8e334502eb4fd0ac7d42283520",
                "d1a76d78c3f8b5775e4c20680d0a85f9c20f28dcb7d4c7e4d89f32d91afee573",
                "895b627eeb1bdbddf05efb62348fa486c85d5871ade1e4f585118cdc8c385db8",
                "bc895ec9b50a8e7ce5b1cd2ea45d9d2a4bf86b9aa9aac45cd692748100204175",
                "562a216490cb097a618c401fc28a6ccbbdb024dc8982603c85dddb7e143c165a",
                "706474e06f67adcdb7539d7ee0234f24b06e403a4e1ca482a40fef1d42f59570",
                "7574ce4cbcddb1ac5d3bde81ead863ef087a48146dcd4a718e21fc573b2303c5",
                "07196fd91febf40dae7819aad63ff2f8c1f1b32ed85413a3d89304bbceca5eb5",
                "61ca880f09762b5f2c3cc3c970ff9a9b5abed6bf43e82cdb8509c51e3b16665d",
                "98ea55572d5ea3f4d4790bd70a25478fee9d0e262d2edb33935001a957189056",
                "fb0ae1bcaeee664d86bb862b806fd888baefe97144088a530114cc3a62d8b648",
                "58562745ba4beaa0affa17dbbc70a3201539b6a9644dc6a6a6f64b44ccc77af8"
            ],
            "type": "Document",
            "firstPartyCookies": {
                "asgfp": {
                    "ttl": 31536002,
                    "length": 32,
                    "prevalence": 0.000006840881105486387,
                    "uniqueness": 1
                }
            },
            "firstPartyCookiesSent": {},
            "exampleSites": [
                "aporn.pro",
                "bollywoodxxx.pro",
                "desi-xnxx.pro",
                "desi-xxx.pro",
                "hindi-porn.pro",
                "hindixnxx.pro",
                "japaninporn.com",
                "naked-asian-porn.com",
                "ohsex.pro",
                "old-mama.com",
                "pabporn.com",
                "porn-hab.com",
                "porn-xnxx.com",
                "tokyo-idols.com",
                "urpussy.com",
                "vietnamporn.net",
                "x-n-x-x.pro",
                "x-xx.pro",
                "xnxx.club",
                "xxx-porn-hub.com"
            ]
        },
        {
            "rule": "snuffilm\\.com\\/api\\/spots\\/56335",
            "cookies": 0.000137,
            "fingerprinting": 1,
            "subdomains": [
                "asg"
            ],
            "apis": {
                "Document.cookie setter": 1,
                "Document.cookie getter": 1
            },
            "sites": 20,
            "prevalence": 0.000137,
            "cnames": [],
            "responseHashes": [
                "80ed3137bb36c7aa472d4783c0e23e421714d598ead46b25b7aedb4c53eea17e",
                "fbf9b981654473c2184b4f4a2441e01a2afb312b029141a4b801e5998e2f23bc",
                "29e0ab90c2da2cb5a20fe880b8a4ccbb7ee14db7d30e2fcde39244b862010a9a",
                "adbbdd93789bb0d69025ae72713c46d80b5cb13037cad1c6ca126195f77866c9",
                "adb37756b6f274126d647c95947eff6349a20a42af58f4ee02d7ba251a117998",
                "e56c560c0ce15e04b87d83b5fc2d3e67360b5b146108f54ce6c948693fab3679",
                "ab63bcc469d670eb9066b4b57e84d1991d923cc236aea28e643c1c1ab1239baa",
                "fe5e53ea3c486a36e7c4abec9cda242a787bcf7b3a26077e0d8cc7aa9b8acec9",
                "f928a9cbe2cf6cab8435b6fa2331c6c3561fd84218661051821ef9bbd0408571",
                "3d7ae15b583c3cbb503474dd251e767e095d97ca832a288f54f0f589d2fe72f7",
                "33d8d59dbd6d077be88fd7d61e4920acc3a42f642ee8e61969275fafff641b11",
                "89efa35c725a82ff83d051c42cc32e7d8634af17eb651d376b09a111c00db37b",
                "70010c23d013dd740e3b01adcb29307a897c336bbc682116f7b8bccc99bb6dda",
                "6bcb22d00fdd64f572b4d8fb009f263664efea85588f2206d323dd07e5e77940",
                "73168c684a4f47164d91e1f9f86b5d9bd74380bac243980485af4acada71dbf6",
                "f76f528ff1bec567e19449f91634a5b5cc559961057771163acc16829da10962",
                "644258d1ccbb1a66343420f160260da2e7d4cc63897900abc15d7948b9fd1341",
                "f9a8503c9f1cfb5ed0f03d5c839d9e68c1242cd95a5247c39ba3a6a624ac82f6",
                "2c0d2012ad048e6db8d27831d278387e098337ef0d34f5b4ba25952212a5dfbf"
            ],
            "type": "Document",
            "firstPartyCookies": {
                "asgfp": {
                    "ttl": 31536002,
                    "length": 32,
                    "prevalence": 0.000006840881105486387,
                    "uniqueness": 1
                }
            },
            "firstPartyCookiesSent": {},
            "exampleSites": [
                "aporn.pro",
                "bollywoodxxx.pro",
                "desi-xnxx.pro",
                "desi-xxx.pro",
                "hindi-porn.pro",
                "hindixnxx.pro",
                "japaninporn.com",
                "naked-asian-porn.com",
                "ohsex.pro",
                "old-mama.com",
                "pabporn.com",
                "porn-hab.com",
                "porn-xnxx.com",
                "tokyo-idols.com",
                "urpussy.com",
                "vietnamporn.net",
                "x-n-x-x.pro",
                "x-xx.pro",
                "xnxx.club",
                "xxx-porn-hub.com"
            ]
        },
        {
            "rule": "snuffilm\\.com\\/api\\/spots\\/56336",
            "cookies": 0.000137,
            "fingerprinting": 1,
            "subdomains": [
                "asg"
            ],
            "apis": {
                "Document.cookie setter": 1,
                "Document.cookie getter": 1
            },
            "sites": 20,
            "prevalence": 0.000137,
            "cnames": [],