{
    "domain": "socy.es",
    "owner": {},
    "source": [
        "DuckDuckGo-US"
    ],
    "prevalence": 0.000335,
    "sites": 49,
    "subdomains": [
        "prra.spxl",
        "prlt.spxl",
        "cord.spxl",
        "uuee.spxl",
        "ax24.spxl",
        "20mi.spxl",
        "joly.spxl",
        "json.spxl",
        "noxv.spxl",
        "epre.spxl",
        "muho.spxl",
        "tvee.spxl",
        "p1",
        "zeco.spxl",
        "ms20.spxl",
        "mzin.spxl"
    ],
    "cnames": [],
    "fingerprinting": 2,
    "resources": [
        {
            "rule": "socy\\.es\\/pixel\\.json",
            "cookies": 0,
            "fingerprinting": 0,
            "subdomains": [
                "prra.spxl",
                "prlt.spxl",
                "cord.spxl",
                "uuee.spxl",
                "ax24.spxl",
                "20mi.spxl",
                "joly.spxl",
                "json.spxl",
                "noxv.spxl",
                "epre.spxl",
                "muho.spxl",
                "tvee.spxl"
            ],
            "apis": {},
            "sites": 35,
            "prevalence": 0.000239,
            "cnames": [],
            "responseHashes": [
                "b92f66deb46fd22d99ce6d61a2f65b26870866116a41496e899e964d4cfdc23a",
                "f31323c9e5fd636215c366b3e24fba22575b2369256252ff58716f22d19a403d",
                "1de939044f706f638e45423451b3b077c52c47c71edfe8ed6d42e8902fc87d3f",
                "ff2b507ee365e69f3c31fd31080fda2a1d0bf56b51e3dc1bc79bb62260b38c1e",
                "9215f809679dea25f0d867c1ceef95f2c665149b2452d7f5da01c33364381354",
                "901c2a0f95b9497eb6dddb0dab2ad1f6362936ab2f2f133d120532ec8031f4f5",
                "c45d3bc4e84c6c30ab74e3d82a35ea5fd9b86a418994097f765144ebd60b014f",
                "cdd5d0336b73c4a5caf93fcb1a9dafe2fc4daa85cd97754c4678e41a60798c72",
                "0668ed5c5b538ccd60c8da23db15207eabfd23048926ef0d7ead9849f4967a8d",
                "623f97341ebd2aeaaab3c60f34b13aa290b5ae853f35004a266c16555faba4d5",
                "6a64c1b55661b957c47cf0e3e63765f22abb8613e61570f4f706537c263c6ab7",
                "15a1ae8662a2aea12e5bcda2675722444e7017d6974d707f268bcdbf2586b34c",
                "616df3c4e522ba1cd85e6851b9213f4d90f2910fc0eebe46861371fbdcc6de79",
                "9e3e503f1ee73c75e1739edca038a44c2e67f0038823ee014c2037f1999750ba",
                "a356b2284768dd43d74ba78b6727c952e30501f303ea4d2fd9a8640a53dc9b17",
                "e13748929a29882f66ce0b2330b1f37323f1f53a66ba8ac8e54865720edab1c2",
                "9321ebae1d0adf320be8f56267d81a4bda40d1a3efbf52a2690d1b36f4e0e762",
                "edab98fae4ef51e95fc93b60c72a4480a2ffc655663933b14067f9a55d94c2f2",
                "66ac50716a5c92f4105de26397c74065ac1819557ffe161393fc7e7443671ad2",
                "d4526d9cd337758528afd223c6e384b53b0bfea1bfb56f334156d49319cb4869",
                "ed34f8a19691ddade35eaa6e4982128232cdd448d1b35c2581ed9c66d6eea773",
                "00d2e4074bb410d1f990f1b37c53d30f975794e36eff859af5b205e5114a0b2d",
                "b92669fe5a32456d264dfdf25d7bcc6e04b54106d1595c735a43ed83d5a99b23",
                "486b0a839ff834c6c310bcbbbc729858e14073498b0233fdd2bd194ef639ffa2",
                "329cbdf34a267f54da35d9b0dda558f0501ec93730ba800a576ac5f1025c847a",
                "4706f72f600b5687ec7a3ebe96d8a804a0bbf4e3866c490d535fc43ab219bfed",
                "880eccde0fdb133bc8d487c70c3e767aa7bc8f6e6ca3238ed2f859f1007efe90",
                "36c2308445b2906b78a2c02b8cb3cdbc0ba62ffe6214b865b7804b41173c3132"
            ],
            "type": "XHR",
            "firstPartyCookies": {},
            "firstPartyCookiesSent": {
                "__bs_id": 0.00023943083869202352,
                "_ga": 0.00010945409768778219,
                "lotame_domain_check": 0.00006156792994937747,
                "ueamp_ga": 0.000006840881105486387,
                "be_product_subsection_conversion": 0.00002052264331645916,
                "_gid": 0.00002052264331645916,
                "vocuser_nfryl_volver_al_origen": 0.00007524969216035026,
                "be_product_section_conversion": 0.000013681762210972774,
                "be_product_newsid_conversion": 0.000006840881105486387
            },
            "exampleSites": [
                "www.ideal.es",
                "www.elcorreo.com",
                "www.mujerhoy.com",
                "www.granadahoy.com",
                "www.huelvainformacion.es",
                "cuidateplus.marca.com",
                "www.larioja.com",
                "www.elnortedecastilla.es",
                "cordopolis.eldiario.es",
                "www.autobild.es",
                "caracol.com.co",
                "www.ecartelera.com",
                "www.telva.com",
                "www.hoy.es",
                "datosmacro.expansion.com",
                "www.laverdad.es",
                "www.elcomercio.es",
                "www.malagahoy.es",
                "cadenaser.com",
                "www.diariosur.es"
            ]
        },
        {
            "rule": "socy\\.es\\/pixel\\/js\\/PRLT_095_058_701\\/",
            "cookies": 0.0000137,
            "fingerprinting": 2,
            "subdomains": [
                "prlt.spxl"
            ],
            "apis": {
                "Document.cookie getter": 2,
                "Screen.prototype.availWidth": 2,
                "Screen.prototype.width": 2,
                "window.innerWidth": 2,
                "Screen.prototype.availHeight": 2,
                "Screen.prototype.height": 2,
                "window.innerHeight": 2,
                "Date.prototype.getTime": 2,
                "Document.cookie setter": 2,
                "window.sessionStorage": 2,
                "window.localStorage": 2,
                "Navigator.prototype.userAgent": 2
            },
            "sites": 2,
            "prevalence": 0.0000137,
            "cnames": [],
            "responseHashes": [
                "7b927c90927ec54ad35d244c51abb555790e0f559faff51cfb9eafcc6bc3dc2c"
            ],
            "type": "Script",
            "firstPartyCookies": {
                "__bs_id": {
                    "ttl": 31536004,
                    "length": 19,
                    "prevalence": 0.000013681762210972774,
                    "uniqueness": 1
                },
                "_MAT_RNG_": {
                    "ttl": 2592005,
                    "length": 7,
                    "prevalence": 0.000013681762210972774,
                    "uniqueness": 0.5
                },
                "_MAT_TK_": {
                    "ttl": 906,
                    "length": 34,
                    "prevalence": 0.000013681762210972774,
                    "uniqueness": 1
                },
                "_MAT_XUM_": {
                    "ttl": 15552010,
                    "length": 19,
                    "prevalence": 0.000013681762210972774,
                    "uniqueness": 1
                },
                "SPC_XUM": {
                    "ttl": 15552010,
                    "length": 19,
                    "prevalence": 0.000013681762210972774,
                    "uniqueness": 1
                },
                "matSessionID": {
                    "ttl": 3610,
                    "length": 32,
                    "prevalence": 0.000013681762210972774,
                    "uniqueness": 1
                }
            },
            "firstPartyCookiesSent": {},
            "exampleSites": [
                "caracol.com.co",
                "www.wradio.com.co"
            ]
        },
        {
            "rule": "socy\\.es\\/p1\\.json",
            "cookies": 0,
            "fingerprinting": 0,
            "subdomains": [
                "p1"
            ],
            "apis": {},
            "sites": 3,
            "prevalence": 0.0000205,
            "cnames": [],
            "responseHashes": [],
            "type": "Fetch",
            "firstPartyCookies": {},