{
    "domain": "solidlypall.shop",
    "owner": {},
    "source": [
        "DuckDuckGo-US"
    ],
    "prevalence": 0.0000684,
    "sites": 10,
    "subdomains": [],
    "cnames": [],
    "fingerprinting": 0,
    "resources": [
        {
            "rule": "solidlypall\\.shop\\/cuid\\/",
            "cookies": 0.0000684,
            "fingerprinting": 0,
            "subdomains": [],
            "apis": {},
            "sites": 10,
            "prevalence": 0.0000684,
            "cnames": [],
            "responseHashes": [
                "64e7a34b2202972ee8e166de0091a871cbab1a214f05cd9482a4996753e221da",
                "5e9566cd49d08c1b26648d1e1011ac8cb4e2912b810f260f81db711cfc6714db",
                "380ec154854ab091d0100c112635bd0dbd3f11cb6a919ab7f9ac377babc94727",
                "7995c2b07cc562363f24c2b66b9982c09161049104bd0720923e1e4ff2ae2ec0",
                "82c8f95cda5d840e3a01faa47155cfe2873c43255028cc14a5840485122bd8c0",
                "ef4329dcf8b7f76080946063d416fb863b6e76ebd41d45e4dadcee1666aa3d4d",
                "64c83991fc634a9dda7aa7327a877878e2260d8230c6fc2555ab033f74470693",
                "cca6f3bd9b2a7a58abe01c8100aefe002b1a939890c63b41b888dcd36ca748a7",
                "b2b6fb00eb8686deae71d2cbd23e5f35d117f4be72324539d681361b842617e8"
            ],
            "type": "Fetch",
            "firstPartyCookies": {},
            "firstPartyCookiesSent": {},
            "exampleSites": [
                "klimaxxi.net",
                "lovingsiren.net",
                "memektembem.cfd",
                "nangiphotos.com",
                "ruangbokep.rest",
                "vokeptube.blogspot.com",
                "webcamrips.to"
            ]
        },
        {
            "rule": "solidlypall\\.shop\\/cuid\\/",
            "cookies": 0,
            "fingerprinting": 0,
            "subdomains": [],
            "apis": {},
            "sites": 10,
            "prevalence": 0.0000684,
            "cnames": [],
            "responseHashes": [],
            "type": "Preflight",
            "firstPartyCookies": {},
            "firstPartyCookiesSent": {},
            "exampleSites": [
                "klimaxxi.net",
                "lovingsiren.net",
                "memektembem.cfd",
                "nangiphotos.com",
                "ruangbokep.rest",
                "vokeptube.blogspot.com",
                "webcamrips.to"
            ]
        }
    ],
    "categories": [],
    "performance": {},
    "cookies": 0.0000684,
    "topInitiators": [
        {
            "domain": "faqirsgoliard.top",
            "prevalence": 0.7692307692307693
        },
        {
            "domain": "first party",
            "prevalence": 0.23076923076923078
        }
    ],
    "types": {
        "Fetch": 10,
        "Preflight": 10
    },
    "nameservers": []
}