{
    "domain": "spbx.app",
    "owner": {},
    "source": [
        "DuckDuckGo-US"
    ],
    "prevalence": 0.0000821,
    "sites": 12,
    "subdomains": [
        "api.wire"
    ],
    "cnames": [],
    "fingerprinting": 0,
    "resources": [
        {
            "rule": "spbx\\.app\\/wire\\.js",
            "cookies": 0,
            "fingerprinting": 0,
            "subdomains": [
                "api.wire"
            ],
            "apis": {},
            "sites": 10,
            "prevalence": 0.0000684,
            "cnames": [],
            "responseHashes": [
                "00ea3436f39303270d28ac338686257a1eded3355d602396e3ca084393d6beb5",
                "3098f615b62ab502f0119d6fca10fb8800b38f29b4fe7ae64d7f4071adbb4fc9",
                "9d87e77e7f8b7ed52aabd6b568d64ebdd650f9a8ab4099c5580ef075ce553522",
                "ccc8eeaeb43f32dac79244945e8fcd58531edc6f2da72b6cda191b0b79a63e02",
                "f1c3194af807ac4dc37ea5af3bead7490b00434cab55e40a1ae3abbc377c708b",
                "73980d72c7913239dcf70549cf2e8525b986347146c5800433681beae2f49405",
                "99834bdce2f4025f1e51e4a2cc2cfab65ca57c86bc798605e7f812b0803ad039",
                "182436406401b091b20da2b1b8b811b1f628bba3ed6e29c734df748b30a9b6cc",
                "40f2d690493efe106be975fbce667dc3cdc4e92f4a941bc23a62e89c5b7bcab7"
            ],
            "type": "Script",
            "firstPartyCookies": {},
            "firstPartyCookiesSent": {},
            "exampleSites": [
                "satellitephonestore.com",
                "www.amli.com",
                "www.elcaminohealth.org",
                "www.firstcommunitybank.com",
                "www.getcare.elcaminohealth.org",
                "www.moffitt.org",
                "www.njpbs.org",
                "www.su.edu",
                "www.thirteen.org",
                "www.wliw.org"
            ]
        },
        {
            "rule": "spbx\\.app\\/wire",
            "cookies": 0,
            "fingerprinting": 0,
            "subdomains": [
                "api.wire"
            ],
            "apis": {},
            "sites": 7,
            "prevalence": 0.0000479,
            "cnames": [],
            "responseHashes": [
                "cabd3794891ab0cdcb9fde329dac37980d9b6f944169ac838eb3068e5da17748"
            ],
            "type": "Image",
            "firstPartyCookies": {},
            "firstPartyCookiesSent": {},
            "exampleSites": [
                "satellitephonestore.com",
                "www.elcaminohealth.org",
                "www.firstcommunitybank.com",
                "www.getcare.elcaminohealth.org",
                "www.moffitt.org",
                "www.su.edu",
                "www.thirteen.org"
            ]
        }
    ],
    "categories": [],
    "performance": {},
    "cookies": 0,
    "topInitiators": [
        {
            "domain": "googletagmanager.com",
            "prevalence": 0.6666666666666666
        },
        {
            "domain": "first party",
            "prevalence": 0.16666666666666666
        },
        {
            "domain": "tiqcdn.com",
            "prevalence": 0.16666666666666666
        }
    ],
    "types": {
        "Script": 10,
        "Image": 7
    },
    "nameservers": [
        "ns-27.awsdns-03.com",
        "ns-1872.awsdns-42.co.uk",
        "ns-1198.awsdns-21.org",
        "ns-692.awsdns-22.net"
    ]
}