{
    "domain": "spreaker.com",
    "owner": {},
    "source": [
        "DuckDuckGo-US"
    ],
    "prevalence": 0.000185,
    "sites": 27,
    "subdomains": [
        "widget"
    ],
    "cnames": [],
    "fingerprinting": 2,
    "resources": [
        {
            "rule": "spreaker\\.com\\/player",
            "cookies": 0,
            "fingerprinting": 0,
            "subdomains": [
                "widget"
            ],
            "apis": {},
            "sites": 17,
            "prevalence": 0.000116,
            "cnames": [],
            "responseHashes": [
                "07d27e2307d664cb439fdf9bb1eb62e51e3cd15f293ca989bec67f3a4f758f0d",
                "fc311e3eb7293529d4d5028bff98eecd055623cc65536aa771eaff205757996c",
                "f7aa474f2394b629eddeb524dfcb3b60eaf1426522dbb8c6b49616215e9bae68",
                "3d8e5400565b8b2056798b49470fc016a642b1eb1378c446b0e4cd91760069ac",
                "8678d14d02df365248f2a5f804d1cc89cbf361c7f9c93a76be1f07630a5a22a6",
                "267b3dcfd6db58cbcc1681c30c15bb9e2c26814c810244e3c77b65eeeb4d9e90",
                "1aef4915dae624af4d125f94d0fd5dc443e40f67ae24f8e922926311d234c11e",
                "077bec8bef3bfefac7927ff459d28f6ccebcffe0f410fab3953ea5a97359e70d",
                "95a2ca333211fc49efd564bd053aa4ecbc334a1e494d92ab26055baf98e1bd5f",
                "f4165e0249cc2f26d972a56812958f93555939697a7922b02dd3eff8302ff69c",
                "c09f72e625b96ae3d3e14fa20d456d8b728770eebce85513758a3fbecca3124b",
                "86f7b999786efe9557597149b044dd9074eb820f02a2525e2f9196b79fa16369",
                "8f4a7479567213a0d23dae92ed02da26ee1dada100d640fac488409fbf8c04ab",
                "1f44b5665a166e9a0fb607e2d47a331e86c419c395def769c221ee6ab3323aa1"
            ],
            "type": "Document",
            "firstPartyCookies": {},
            "firstPartyCookiesSent": {},
            "exampleSites": [
                "corriere.it",
                "ktrh.iheart.com",
                "mythlok.com",
                "simplegardenlife.com",
                "thisismygarden.com",
                "thumbwind.com",
                "tomluongo.me",
                "uclabruins.com",
                "www.celticquicknews.co.uk",
                "www.greenfieldpuppies.com",
                "www.guntalk.com",
                "www.ilriformista.it",
                "www.itv.com",
                "www.juventusnews24.com",
                "www.milannews24.com",
                "www.nowtheendbegins.com",
                "www.targatocn.it"
            ]
        },
        {
            "rule": "spreaker\\.com\\/player-base-ec96c00cb576aea545bd\\.js",
            "cookies": 0,
            "fingerprinting": 2,
            "subdomains": [
                "widget"
            ],
            "apis": {
                "Navigator.prototype.userAgent": 16,
                "Navigator.prototype.plugins": 13,
                "Navigator.prototype.mimeTypes": 16,
                "Navigator.prototype.product": 16,
                "window.sessionStorage": 15,
                "Navigator.prototype.languages": 16,
                "Document.cookie getter": 15,
                "window.innerWidth": 15,
                "window.innerHeight": 15,
                "BroadcastChannel.prototype.constructor": 15,
                "window.devicePixelRatio": 15,
                "HTMLMediaElement.prototype.canPlayType": 15,
                "Event.prototype.timeStamp": 15
            },
            "sites": 17,
            "prevalence": 0.000116,
            "cnames": [],
            "responseHashes": [
                "381df5bf7600a53679b5bbf3cb37f75e5061a767507fd5dbfe48769b9237826d"
            ],
            "type": "Script",
            "firstPartyCookies": {},
            "firstPartyCookiesSent": {},
            "exampleSites": [
                "corriere.it",
                "ktrh.iheart.com",
                "mythlok.com",
                "simplegardenlife.com",
                "thisismygarden.com",
                "thumbwind.com",
                "tomluongo.me",
                "uclabruins.com",
                "www.celticquicknews.co.uk",
                "www.greenfieldpuppies.com",
                "www.guntalk.com",
                "www.ilriformista.it",
                "www.itv.com",
                "www.juventusnews24.com",
                "www.milannews24.com",
                "www.nowtheendbegins.com",
                "www.targatocn.it"
            ]
        },
        {
            "rule": "spreaker\\.com\\/3fc945b8060c503f649871b37b67cfc2\\.svg",
            "cookies": 0,
            "fingerprinting": 0,
            "subdomains": [
                "widget"
            ],
            "apis": {},
            "sites": 3,
            "prevalence": 0.0000205,
            "cnames": [],
            "responseHashes": [
                "36804d03bb688b57467677d890460d493cabd70bde8bd22d0708b47f4dc421e0"
            ],
            "type": "Image",
            "firstPartyCookies": {},
            "firstPartyCookiesSent": {},
            "exampleSites": [
                "corriere.it",
                "thumbwind.com",
                "www.targatocn.it"
            ]
        },
        {
            "rule": "spreaker\\.com\\/fdc0348b193efd5cebd356bcbdf0dfd4\\.svg",
            "cookies": 0,
            "fingerprinting": 0,
            "subdomains": [
                "widget"
            ],
            "apis": {},
            "sites": 17,
            "prevalence": 0.000116,
            "cnames": [],
            "responseHashes": [
                "70ab63ebcebb4de14e0d4d07af1c0ce13037dd1001654d422f667acc6e80db38"
            ],
            "type": "XHR",
            "firstPartyCookies": {},
            "firstPartyCookiesSent": {},
            "exampleSites": [
                "corriere.it",
                "ktrh.iheart.com",
                "mythlok.com",
                "simplegardenlife.com",
                "thisismygarden.com",
                "thumbwind.com",
                "tomluongo.me",
                "uclabruins.com",
                "www.celticquicknews.co.uk",
                "www.greenfieldpuppies.com",
                "www.guntalk.com",
                "www.ilriformista.it",
                "www.itv.com",
                "www.juventusnews24.com",
                "www.milannews24.com",
                "www.nowtheendbegins.com",
                "www.targatocn.it"
            ]
        },
        {
            "rule": "spreaker\\.com\\/widgets\\.js",
            "cookies": 0,
            "fingerprinting": 1,
            "subdomains": [
                "widget"
            ],
            "apis": {
                "Navigator.prototype.userAgent": 9
            },
            "sites": 9,
            "prevalence": 0.0000616,
            "cnames": [],
            "responseHashes": [
                "f08d2f74a9e0b4793785fcf65f2d48328816f7154d4c13c46f2b021560e67ae0"
            ],
            "type": "Script",
            "firstPartyCookies": {},
            "firstPartyCookiesSent": {},
            "exampleSites": [
                "gratis-sexnoveller.dk",
                "radioink.com",
                "www.9marks.org",
                "www.assh.org",
                "www.ilriformista.it",
                "www.lawsociety.org.uk",
                "www.pazienti.it",
                "www.targatocn.it",
                "www.theautochannel.com"
            ]
        },
        {
            "rule": "spreaker\\.com\\/60d86a1e079b0cc122db05d66e02be1a\\.svg",
            "cookies": 0,
            "fingerprinting": 0,
            "subdomains": [
                "widget"
            ],
            "apis": {},
            "sites": 2,
            "prevalence": 0.0000137,
            "cnames": [],
            "responseHashes": [
                "17c5b930c134a637e60f870f99c45ff682a19221282f9913887976a2ef713244"
            ],
            "type": "Image",
            "firstPartyCookies": {},
            "firstPartyCookiesSent": {},