{
    "domain": "sskzlabs.com",
    "owner": {},
    "source": [
        "DuckDuckGo-US"
    ],
    "prevalence": 0.000335,
    "sites": 49,
    "subdomains": [
        "pbjs"
    ],
    "cnames": [],
    "fingerprinting": 0,
    "resources": [
        {
            "rule": "sskzlabs\\.com\\/bid",
            "cookies": 0,
            "fingerprinting": 0,
            "subdomains": [
                "pbjs"
            ],
            "apis": {},
            "sites": 28,
            "prevalence": 0.000192,
            "cnames": [],
            "responseHashes": [
                "b7e466a43ebc47c42c26b7f217660759870f5c03579c2b9e685d5b2dcef901b9",
                "ef2f5d83c0864e824e3c71887189da5b2d656c13f8f7503a6b1720fbec6f1e29",
                "75ffe319ec6b201271f9e311f5b43bf22dc6732d955d05a4e07c836aa4753494",
                "00fb644663396201c84a8f75fd1d4c74be1910b43c03e7dc1713328d76868e62",
                "c953589bc891fccd3dda05773506b3ab616342294ecbb0cc31e7a6b3c6d7d9c5",
                "943b86ac42c8a03dc6dac3d2234dd594bca1465c3c5b24ac750e73333afa2049",
                "1af9d820b09454e1b5e6c312f6989da158c602450d101b5afe6a674611b12c1e",
                "9c5a6014bbf949ad28ac058f3f9c7a5592ae252860c187959d96bdb4d8c4a140",
                "9e330221ef09c35465c436ea18ee0d19738e9b65763a2ae8ca32cee07f45f571",
                "2ff3be15232a705859b85edd9232fa193a658e474d52feb21b72943f306a8ae1",
                "1e86ddabe31a7327b9806efb31413699585614aca173389d3c997546ae879798",
                "f34d06ad5446a4885297fb8d005aeaa8523368585135b50d352054d2ffbc6039",
                "448a13a03285be91cd7d2ad5cd6b53a8e5fe3da886fd59bfea7f8bf2191ff85c",
                "9b4d412b5652345cbe7fef7e4ef4247928cfd328bdd74fb0c2a7db40eae0c3d5",
                "ee830fb5c7a1f7eee64a49a11f5aa3346a44d4b9b4525eed08a41da2bbb08a86",
                "75dc9b52eff4ebe5806b723a4755bfc26d74794839d7ce203fe3fbca96338670",
                "15cbcc044cb733a55f0431a79bfca737fbc8da502c0b8fafb2fdf93d8ca0e5c7",
                "db7264b934aac2f567d312db00c3b4ab6917ebfe8a6eceb88213835226947768",
                "389042a5c3fe1d47880fe12ee7323949ee18e81da4ca7be87d878668f6b752ec",
                "dd6461bc1de83d1616fb27bcc3eb62ade0df7edbc20892b64605bb05c7d448ad",
                "abb4cde7a626c019042701c2c8b1e4bd079ba846e5c94ea9c29cdcb144d66023",
                "746bda0e2a020d85439402ade75ee5f8f950b48414b9a61d74134c4c19a22e21",
                "4a30d7517c1e2994a1ecdd06c41686c8d1e64fdfa672d3fa85ecd7dde241d82b",
                "1ea99ae76c5278cd7f70ead6803c022cff111f57eeec9274188787f306cdcb06",
                "a95ea96bd177d5ab7bb29f716d50c1e099d0b74b7db8d9ef647fff078c4441df"
            ],
            "type": "Fetch",
            "firstPartyCookies": {},
            "firstPartyCookiesSent": {},
            "exampleSites": [
                "www.followfollow.com",
                "www.filmtv.it",
                "es.ccm.net",
                "tennisuptodate.com",
                "ccm.net",
                "sante.journaldesfemmes.fr",
                "linternaute.com",
                "www.linternaute.com",
                "www.footballtransfers.com",
                "deco.journaldesfemmes.fr",
                "www.celticquicknews.co.uk",
                "www.linternaute.fr",
                "www.fcinternews.it",
                "copainsdavant.linternaute.com",
                "www.programme-tv.com",
                "forums.commentcamarche.net",
                "www.zwischengas.com",
                "de.ccm.net",
                "thetab.com",
                "countryeconomy.com"
            ]
        },
        {
            "rule": "sskzlabs\\.com\\/notify",
            "cookies": 0,
            "fingerprinting": 0,
            "subdomains": [
                "pbjs"
            ],
            "apis": {},
            "sites": 38,
            "prevalence": 0.00026,
            "cnames": [],
            "responseHashes": [
                "b7e466a43ebc47c42c26b7f217660759870f5c03579c2b9e685d5b2dcef901b9",
                "35443962a3ab2889956753c8045e823378d9e92ce4e0235371cdac61fb4a88e8",
                "37efaae1aca279e2e4b374acf3b157fb3a4651b425f0fc343a9f8609ad325294",
                "f9bfc8e10028d5381199f2968df87de159fdebfd89ba946672fbb3d426c0e838",
                "00fb644663396201c84a8f75fd1d4c74be1910b43c03e7dc1713328d76868e62",
                "c5bbf72e22f00ce7808c0fe437b73e074cf247c0c7644c274fcf177d5a7cf941",
                "95ef2228bebd7b9981a75be659ebcb0579f78ecda0834dc8242e9dc4d261de61",
                "1af9d820b09454e1b5e6c312f6989da158c602450d101b5afe6a674611b12c1e",
                "e670b590e643933bee8b682ab28437f7bb75c650ab0d83a93c428a45ccfe08a8",
                "0f8c5c36deb6af491a5f0e25803ccb1dc981ab04d8588ca497869af4fc566ffb",
                "db9fca22033cae0b41a3940e772475cf65adddb781800e61fa4d12f6a93cb433",
                "d902b8d851cd4b7e8f98e222de3e423c923212abe6032c7c2e4d2cfa1a0cb6e1",
                "1e86ddabe31a7327b9806efb31413699585614aca173389d3c997546ae879798",
                "0df6f9006b7286ad23978eae81bdbd6df8df52a81081b782ea03ace578e30496",
                "1aeb1078e701d955b1a66e380f44de065cf030683d3d53887613e231cbd91c82",
                "50d7c14c759e0eeddde7b9f549955b7976b23f5ec1263596ad1dc5ff408a33ff",
                "6da9b037347f7f6c0565c526b35bef20ab43c17ce9f134306a03edc66b055c47",
                "7b6b9cc64378f9189fec5cf96b76c885a95e9fdf09957ad40f33da913a146bb7",
                "28c0202892303d6e7e1243b8dc34d06a2712e511e483571cdec707e2ee7e186a",
                "2554702b29e0059838e7169f7bf62bf03fa4b0c04ed8bea1050887cb78e7d332",
                "c3de89c395a753f3cdcc794e396c04baff1a9bbb4d54ba4bf27e66891a3135e4",
                "fbac6d2a809a29a555b4ce1aeff2b949767109e3e589efa7b17b08aab62ac5a9",
                "d1a9b3c2de35065c4872b632bee7457e00dcf1516601bf61a55054ecd85a64e2",
                "bf732da76c5c3b6c88d537628273cdd421bc2eb147065e96c1d0d16dfe68451b",
                "1baef5a2a7d516fcd27417ea0318db5b27b129aa0a6f1424d10a67bfe97d7486",
                "15155528488369f4645393c2ce2d2119863b6d042378bb401b51c33b8981f142",
                "2b5c5729406fa81559cfada11cc7265a82d72a0049f64cbd2894aab48dd51ef7",
                "ab20133fd45f9e827a47fcac2b461c6934d55241fbe8984062a92d51e1dc91d8",
                "929ecf560f11d86b05a215c45d96109170c64c9781bbc1afcf31753f488d8918",
                "2b2b410676de32efa3147d006dde284d0976b21326f19fc72924b17a23635209",
                "af4b8118fb34d3496b662c757e227ed900b5b5dd645f1fb3fc29ef0dfeb4560c",
                "4ae0b200472bd86012091d00fe1ad27f592359efef93102b33b56249a083bf92",
                "1f910f1921ab09d7306e67a8c7583a1ba9990537f1816412724376902991e6f9",
                "04c026cdd6d794493c3c0de76f0b24b18507c448aef6fb0a8445517f01e8a95d",
                "59c50cb0c69917c3054b14f5dfe5ffab90c776816c606dc595aa1d80f92db395",
                "27f04f421e73d87c3be425c8e13b1d7e61afc4dbfe6929814bfdc3efc1459127",
                "9a5578f1481993f213726be0d81077404cb2b2f5358e635cf6597641a4ef1069"
            ],
            "type": "XHR",
            "firstPartyCookies": {},
            "firstPartyCookiesSent": {},
            "exampleSites": [
                "www.fcinternews.it",
                "ccm.net",
                "tennisuptodate.com",
                "deco.journaldesfemmes.fr",
                "wrestlingnews.co",
                "vans.honestjohn.co.uk",
                "forum.pieandbovril.com",
                "www.surlyhorns.com",
                "www.zwischengas.com",
                "mazdas247.com",
                "www.grin.com",
                "www.societe.com",
                "www.lacoccinelle.net",
                "www.honestjohn.co.uk",
                "classics.honestjohn.co.uk",
                "www.programme-tv.com",
                "forums.commentcamarche.net",
                "copainsdavant.linternaute.com",
                "wrestletalk.com",
                "de.ccm.net"
            ]
        }
    ],