{
    "domain": "statstrk01.com",
    "owner": {},
    "source": [
        "DuckDuckGo-US"
    ],
    "prevalence": 0.000192,
    "sites": 28,
    "subdomains": [
        "cdn"
    ],
    "cnames": [],
    "fingerprinting": 1,
    "resources": [
        {
            "rule": "statstrk01\\.com\\/assets\\/javascripts\\/sdk2\\.js",
            "cookies": 0.000116,
            "fingerprinting": 1,
            "subdomains": [
                "cdn"
            ],
            "apis": {
                "window.sessionStorage": 19,
                "Document.cookie getter": 18,
                "window.localStorage": 18,
                "Document.cookie setter": 17
            },
            "sites": 20,
            "prevalence": 0.000137,
            "cnames": [],
            "responseHashes": [
                "16403cc82ca43fd645c0436685810d4596fe735c7580362bff890dc68a4e9002"
            ],
            "type": "Script",
            "firstPartyCookies": {
                "streamstats_anon_id_512139": {
                    "ttl": 31536000,
                    "length": 36,
                    "prevalence": 0.000006840881105486387,
                    "uniqueness": 1
                },
                "streamstats_anon_id_513453": {
                    "ttl": 31536000,
                    "length": 36,
                    "prevalence": 0.000006840881105486387,
                    "uniqueness": 1
                },
                "streamstats_anon_id_513647": {
                    "ttl": 31536000,
                    "length": 36,
                    "prevalence": 0.000006840881105486387,
                    "uniqueness": 1
                },
                "streamstats_anon_id_510551": {
                    "ttl": 31536000,
                    "length": 36,
                    "prevalence": 0.000006840881105486387,
                    "uniqueness": 1
                },
                "streamstats_anon_id_512673": {
                    "ttl": 31536000,
                    "length": 36,
                    "prevalence": 0.000006840881105486387,
                    "uniqueness": 1
                },
                "streamstats_anon_id_513595": {
                    "ttl": 31536000,
                    "length": 36,
                    "prevalence": 0.000006840881105486387,
                    "uniqueness": 1
                },
                "streamstats_anon_id_507849": {
                    "ttl": 31536000,
                    "length": 36,
                    "prevalence": 0.000013681762210972774,
                    "uniqueness": 1
                },
                "streamstats_anon_id_511721": {
                    "ttl": 31536000,
                    "length": 36,
                    "prevalence": 0.000006840881105486387,
                    "uniqueness": 1
                },
                "streamstats_anon_id_513641": {
                    "ttl": 31536000,
                    "length": 36,
                    "prevalence": 0.000006840881105486387,
                    "uniqueness": 1
                },
                "streamstats_anon_id_509899": {
                    "ttl": 31536000,
                    "length": 36,
                    "prevalence": 0.000006840881105486387,
                    "uniqueness": 1
                },
                "streamstats_anon_id_511201": {
                    "ttl": 31536000,
                    "length": 36,
                    "prevalence": 0.000006840881105486387,
                    "uniqueness": 1
                },
                "streamstats_anon_id_510147": {
                    "ttl": 31536000,
                    "length": 36,
                    "prevalence": 0.000006840881105486387,
                    "uniqueness": 1
                },
                "streamstats_anon_id_512437": {
                    "ttl": 31536000,
                    "length": 36,
                    "prevalence": 0.000006840881105486387,
                    "uniqueness": 1
                },
                "streamstats_anon_id_512709": {
                    "ttl": 31536000,
                    "length": 36,
                    "prevalence": 0.000006840881105486387,
                    "uniqueness": 1
                },
                "streamstats_anon_id_504175": {
                    "ttl": 31536000,
                    "length": 36,
                    "prevalence": 0.000006840881105486387,
                    "uniqueness": 1
                },
                "streamstats_anon_id_512981": {
                    "ttl": 31536000,
                    "length": 36,
                    "prevalence": 0.000006840881105486387,
                    "uniqueness": 1
                }
            },
            "firstPartyCookiesSent": {},
            "exampleSites": [
                "bulletproofdiesel.com",
                "ktmtwins.com",
                "leonardusa.com",
                "norwall.com",
                "touratech-usa.com",
                "wingstuff.com",
                "www.anderic.com",
                "www.armynavysales.com",
                "www.budgetheating.com",
                "www.carolinashooterssupply.com",
                "www.dkcustomproducts.com",
                "www.drivetrainamerica.com",
                "www.farmandhomesupply.com",
                "www.fs1inc.com",
                "www.jensales.com",
                "www.playscripts.com",
                "www.redpocket.com",
                "www.replacementremotes.com",
                "www.seattlefabrics.com",
                "www.suncoastparts.com"
            ]
        }
    ],
    "categories": [],
    "performance": {},
    "cookies": 0.000157,
    "topInitiators": [
        {
            "domain": "googletagmanager.com",
            "prevalence": 0.5142857142857142
        },
        {
            "domain": "first party",
            "prevalence": 0.3142857142857143
        },
        {
            "domain": "screenpopper.com",
            "prevalence": 0.17142857142857143
        }
    ],
    "types": {
        "Script": 20
    },
    "nameservers": [
        "ns3.ezpublishing.com",
        "ns2.ezpublishing.com",
        "ns.ezpublishing.com",
        "ns4.ezpublishing.com"
    ]
}