{
    "domain": "tailtarget.com",
    "owner": {},
    "source": [
        "DuckDuckGo-US"
    ],
    "prevalence": 0.000198,
    "sites": 29,
    "subdomains": [
        "d",
        "tags.t",
        "tt-9695-4.seg.t",
        "tt-9964-3.seg.t",
        "tt-10969-0.seg.t",
        "b.t",
        "tt-9892-2.seg.t",
        "t",
        "cm.t"
    ],
    "cnames": [],
    "fingerprinting": 1,
    "resources": [
        {
            "rule": "tailtarget\\.com\\/profiles\\.js",
            "cookies": 0,
            "fingerprinting": 0,
            "subdomains": [
                "d"
            ],
            "apis": {},
            "sites": 2,
            "prevalence": 0.0000137,
            "cnames": [],
            "responseHashes": [],
            "type": "Script",
            "firstPartyCookies": {},
            "firstPartyCookiesSent": {},
            "exampleSites": [
                "canaltech.com.br",
                "www.vagalume.com.br"
            ]
        },
        {
            "rule": "tailtarget\\.com\\/t3m\\.js",
            "cookies": 0,
            "fingerprinting": 1,
            "subdomains": [
                "tags.t"
            ],
            "apis": {
                "Date.prototype.getTime": 22
            },
            "sites": 24,
            "prevalence": 0.000164,
            "cnames": [],
            "responseHashes": [
                "40e4951dffea740356de1c800b47ff35a1fac0756b592a4ff5ea9a316b0119b9",
                "d7f2af1c6b72ef70d18daa3a35d3c4000fd02cd716bf286dbbe1be7db0de28db",
                "58bda2c38e175145ff50c1e3133194be648749a0f819fb1303aab8aa37d1cea0",
                "86e4cc971cf63c353e480c3865cf690ea4424625907eb323085038599290dd90",
                "6fdd4e9b40aca531e10530f776c3fbb6ef8c74d360d93a75a23cb22153fbecbc",
                "91546632ad39b98b95baae5c9867012af871d1f17a2de30fdd9fd24fce74c3fe",
                "19cd1e24c8183d8d8e10cb70791b09a3103613ebec47210f0a380d328d2826bd",
                "19071b0adf38caffdbf2f6ee694bbbdf16b9bcba4b6361daef21da5034875815",
                "eea8a1fb13a4bab031104565ba9fe0d5e318df73cff5c1e70eee79c6a966ffc3"
            ],
            "type": "Script",
            "firstPartyCookies": {},
            "firstPartyCookiesSent": {},
            "exampleSites": [
                "www.cifraclub.com",
                "www.dicionarioinformal.com.br",
                "www.las2orillas.co",
                "www.oliberal.com",
                "www.letras.mus.br",
                "www.climatempo.com.br",
                "www.meutimao.com.br",
                "www.playboy.com.mx",
                "m.horoscopovirtual.com.br",
                "www.tim.com.br",
                "saudelab.com",
                "www.terra.com.br",
                "osegredo.com.br",
                "www.portalinsights.com.br",
                "www.metropoles.com",
                "www.tecmundo.com.br",
                "ndmais.com.br",
                "noticias.r7.com",
                "www.ogol.com.br",
                "www.cifraclub.com.br"
            ]
        },
        {
            "rule": "tailtarget\\.com\\/conversion\\.js",
            "cookies": 0.0000479,
            "fingerprinting": 1,
            "subdomains": [
                "d"
            ],
            "apis": {
                "Document.cookie getter": 7,
                "Date.prototype.getTime": 7,
                "Document.cookie setter": 7
            },
            "sites": 8,
            "prevalence": 0.0000547,
            "cnames": [],
            "responseHashes": [
                "f3d70165d1438b13b94b2aebf55f853777b6f44c8ca0b3473728bfefa90b115f"
            ],
            "type": "Script",
            "firstPartyCookies": {
                "tt_c_vmt": {
                    "ttl": 1819,
                    "length": 10,
                    "prevalence": 0.000047886167738404704,
                    "uniqueness": 1
                },
                "tt_c_c": {
                    "ttl": 1819,
                    "length": 6,
                    "prevalence": 0.000047886167738404704,
                    "uniqueness": 0.14285714285714285
                },
                "tt_c_s": {
                    "ttl": 1819,
                    "length": 6,
                    "prevalence": 0.000047886167738404704,
                    "uniqueness": 0.14285714285714285
                },
                "tt_c_m": {
                    "ttl": 1819,
                    "length": 6,
                    "prevalence": 0.000047886167738404704,
                    "uniqueness": 0.14285714285714285
                }
            },
            "firstPartyCookiesSent": {},
            "exampleSites": [
                "horoscopovirtual.com.br",
                "www.climatempo.com.br",
                "www.dicionarioinformal.com.br",
                "www.metropoles.com",
                "www.meutimao.com.br",
                "www.ogol.com.br",
                "www.terra.com.br",
                "www.tim.com.br"
            ]
        },
        {
            "rule": "tailtarget\\.com\\/base\\.js",
            "cookies": 0.0000479,
            "fingerprinting": 1,
            "subdomains": [
                "d"
            ],
            "apis": {
                "Date.prototype.getTime": 7,
                "window.sessionStorage": 7,
                "Document.cookie getter": 7,
                "Document.cookie setter": 7
            },
            "sites": 8,
            "prevalence": 0.0000547,
            "cnames": [],
            "responseHashes": [
                "54930f8d5930ea73a5643b6e7cd4f3e5142609ed371fd9d1969ad38dba591ab4"
            ],
            "type": "Script",
            "firstPartyCookies": {
                "_ttuu.s": {
                    "ttl": 62208020,
                    "length": 13,
                    "prevalence": 0.000047886167738404704,
                    "uniqueness": 1
                },
                "tt.u": {
                    "ttl": 31536020,
                    "length": 32,
                    "prevalence": 0.000027363524421945548,
                    "uniqueness": 1
                },
                "_ttdmp": {
                    "ttl": 3621,
                    "length": 31,
                    "prevalence": 0.000013681762210972774,
                    "uniqueness": 1
                },
                "_ttqtt_terra_tt.href": {
                    "ttl": 327,
                    "length": 173,
                    "prevalence": 0.000006840881105486387,
                    "uniqueness": 1
                }
            },
            "firstPartyCookiesSent": {},
            "exampleSites": [
                "horoscopovirtual.com.br",
                "www.climatempo.com.br",
                "www.dicionarioinformal.com.br",
                "www.metropoles.com",
                "www.meutimao.com.br",
                "www.ogol.com.br",
                "www.terra.com.br",
                "www.tim.com.br"
            ]
        },
        {
            "rule": "tailtarget\\.com\\/trk",
            "cookies": 0.0000342,
            "fingerprinting": 0,
            "subdomains": [
                "tt-9695-4.seg.t",
                "tt-9964-3.seg.t",
                "tt-10969-0.seg.t"
            ],
            "apis": {},
            "sites": 5,
            "prevalence": 0.0000342,
            "cnames": [],
            "responseHashes": [
                "7d313f32ad7ce382a2df2cd1dcaa8bc48187b20382e323b4369587ec54ae3d64"
            ],
            "type": "Image",
            "firstPartyCookies": {},
            "firstPartyCookiesSent": {
                "tt_c_vmt": 0.000034204405527431934,
                "tt_c_c": 0.000034204405527431934,
                "tt_c_s": 0.000034204405527431934,
                "tt_c_m": 0.000034204405527431934
            },