{
    "domain": "talkdeskapp.eu",
    "owner": {},
    "source": [
        "DuckDuckGo-US"
    ],
    "prevalence": 0.0000547,
    "sites": 8,
    "subdomains": [
        "api"
    ],
    "cnames": [],
    "fingerprinting": 0,
    "resources": [
        {
            "rule": "talkdeskapp\\.eu\\/2019-11\\/pas\\/livechats",
            "cookies": 0.0000547,
            "fingerprinting": 0,
            "subdomains": [
                "api"
            ],
            "apis": {},
            "sites": 8,
            "prevalence": 0.0000547,
            "cnames": [],
            "responseHashes": [
                "bc5ecf0e8a74ca78cdffe013e5990114abbe42f471ed82c8d09654b13c310c6e",
                "19a2919f467a417f9a79e3572cb202ccd7dae8c227118d5c8def3c8b6d32aa4f",
                "764428b229b1cb6a65cd7d9ab2f8a34150759c1ace5d1408f7bf0771d5075232",
                "488b1887539de0e27cb5998d745386e8d0a5baa49865912e135076b2f81c818f",
                "ffa51e889a5a7eaffd100fa807a1439c094a152d5ea95c19a5f0da602d8f516a",
                "47d1567b77d06b3c3f54925107e0e14afb7aa9efc4839aa4a786c18bbd034e43",
                "3633c346e6f237881171257d37e390e6df5ed7f39141a9faa92d29de3d65418f"
            ],
            "type": "XHR",
            "firstPartyCookies": {},
            "firstPartyCookiesSent": {},
            "exampleSites": [
                "dhlparcel.co.uk",
                "www.bergmanclinics.nl",
                "www.eurocampings.de",
                "www.eurocampings.nl",
                "www.flor.com",
                "www.medela.com",
                "www.melia.com",
                "www.transportforireland.ie"
            ]
        }
    ],
    "categories": [],
    "performance": {},
    "cookies": 0.0000547,
    "topInitiators": [
        {
            "domain": "talkdeskapp.com",
            "prevalence": 0.625
        },
        {
            "domain": "first party",
            "prevalence": 0.375
        }
    ],
    "types": {
        "XHR": 8
    },
    "nameservers": [
        "ns-1124.awsdns-12.org",
        "ns-364.awsdns-45.com",
        "ns-996.awsdns-60.net",
        "ns-1931.awsdns-49.co.uk"
    ]
}