{
    "domain": "tangooserver.com",
    "owner": {},
    "source": [
        "DuckDuckGo-US"
    ],
    "prevalence": 0.000144,
    "sites": 21,
    "subdomains": [
        "ban"
    ],
    "cnames": [],
    "fingerprinting": 1,
    "resources": [
        {
            "rule": "tangooserver\\.com\\/rtb\\/google\\/cookiematch\\.aspx",
            "cookies": 0.0000547,
            "fingerprinting": 0,
            "subdomains": [
                "ban"
            ],
            "apis": {},
            "sites": 8,
            "prevalence": 0.0000547,
            "cnames": [],
            "responseHashes": [
                "c404febe665a49db43fee62b7632f645ca012aa50b2f87c4457b19a20e7d8f24"
            ],
            "type": "Document",
            "firstPartyCookies": {},
            "firstPartyCookiesSent": {
                "_li_dcdm_c": 0.000013681762210972774,
                "IR_gbd": 0.000006840881105486387
            },
            "exampleSites": [
                "everlane.com",
                "seatplan.com",
                "support.reolink.com",
                "www.autonomous.ai",
                "www.cityplumbing.co.uk",
                "www.everlane.com",
                "www.uksoccershop.com",
                "www.wish.com"
            ]
        },
        {
            "rule": "tangooserver\\.com\\/audit\\.aspx",
            "cookies": 0,
            "fingerprinting": 1,
            "subdomains": [
                "ban"
            ],
            "apis": {
                "window.localStorage": 4
            },
            "sites": 11,
            "prevalence": 0.0000752,
            "cnames": [],
            "responseHashes": [
                "022d81b0a00ea3889852b8d981192278cccabde230d88da26a1a4b4d04862ce1",
                "8148673d08284375cf1d4a14b479dd87822b506154fb74e18eda4c9b850be08a",
                "eaa3b5392f338b472666107e22227228c4b188bca4947e390f8fb901f0cc70d7",
                "e3cadfff7d3ebe4d4fca70bb405a7dff00cc59fd52d80b366f0c96cb8f3d5726",
                "0d7fc301e9260e776e610934085d6e580c1d86b6449693f83be9b639812aed20",
                "ff92353583d76b525ce101332c3f5f2b30826eae7d277dd90f8fed9d0217ed3a",
                "8480ce3470f658853a1044db6f0408c06f8528a76680fdd2d13322e3051f5126",
                "938aee906577c7aedfe33650896ea57d90a1ad6760d28eeaba2538bd9ce74cba",
                "2e6ca34f66659af8585523fab661236f1a33d3bc102a0205991b3964cb048130",
                "34e14114f24e6f8dca52fe9553085f40f55c881f3a87faed02d8443f4f055a76"
            ],
            "type": "Script",
            "firstPartyCookies": {},
            "firstPartyCookiesSent": {},
            "exampleSites": [
                "farmacialoreto.it",
                "m.reolink.com",
                "reolink.com",
                "reverb.com",
                "support.reolink.com",
                "www.autonomous.ai",
                "www.cityplumbing.co.uk",
                "www.ginza.se",
                "www.head.com",
                "www.trivago.com.au",
                "www.vivaticket.com"
            ]
        }
    ],
    "categories": [],
    "performance": {},
    "cookies": 0.0000684,
    "topInitiators": [
        {
            "domain": "mainadv.com",
            "prevalence": 0.52
        },
        {
            "domain": "tangoo.it",
            "prevalence": 0.44
        },
        {
            "domain": "first party",
            "prevalence": 0.04
        }
    ],
    "types": {
        "Document": 8,
        "Script": 11
    },
    "nameservers": [
        "liz.ns.cloudflare.com",
        "rob.ns.cloudflare.com"
    ]
}