{
    "domain": "tapc.art",
    "owner": {},
    "source": [
        "DuckDuckGo-US"
    ],
    "prevalence": 0.000958,
    "sites": 140,
    "subdomains": [
        "api"
    ],
    "cnames": [],
    "fingerprinting": 0,
    "resources": [
        {
            "rule": "tapc\\.art\\/capture-kit\\/",
            "cookies": 0,
            "fingerprinting": 0,
            "subdomains": [
                "api"
            ],
            "apis": {},
            "sites": 93,
            "prevalence": 0.000636,
            "cnames": [],
            "responseHashes": [
                "b86851fe85765c4d90e9af04bdd726f9f58002a0130e81f907b65dc88a25218f",
                "d732c905014c1d4d4ec089f3f08d8a11eb5b24f15abbf140045bdefe074ad3d4",
                "f205ebf7d7f9cf4bc541d516e90aaa74ec0ce0bb136e8f29266ac2751e22894c",
                "8a3ec2c162d3fee962bfd91541800c4c22f1a910705772cc093fc835aa0883b6",
                "077668355c3945a3d33510678a8e4a2749b27b099f31d5932a4eb98849fac722",
                "4106b56e9de8b06a6c4b885438347f8fd0d4f871f0a688893dbd08888f18e7ce",
                "eaafc7772ceafcc283fc0a89bb698d84e9ad88ddb2394159b1a603165b5aadd3",
                "6000ebc1351afe410621a186ef13261f8c7dfb1e4c9f65b67d8d4c5a65a3b5d3",
                "ab74a5bc2f0ce579069c0fcb28328f784434cec23da615acfbf44cf3c21c1fa3",
                "ce4c1e010f89ac33f114b6047750f44548ceb324ffc0c442c8658b2eb86ec039",
                "f41acd559c2d1e1c2e1b2ab475dc42aac395a7b3abe82debc56188d913e62b08",
                "9b25a37983236a6bd8353c222c16a0236572f98d82dd57da41c53a36795d1ec0",
                "fbbae108eeac65d5f384c2d6f28c15d5b6c494a956fdeea1e61175041badf3d9",
                "3553cfdda35c13306830e66adc767ae0ddf870d1773fe51e29dd7046141d8462",
                "6af237cd078ede59f48413e7d0e7691f5a45f5613ae7ba6408215c182bc67b42",
                "591958b6eceaef8e9c1e8a776ce1e5ed4d3d0a842fcdb68e1c3f320767fa0d33",
                "0aa134507a4a9f696511c82e469702ef514c6af522c3758969bd37a6ad7a8484",
                "39e2f46fe4ef43503b1adf1807db79f9306cc0e517ef1c3f5e0d7b497aa6bba0",
                "556546c5af8987249912daaa6f7e62282e4f09d44b71441824fc37402c068424",
                "5137ad7d0b0c565f96673b03793fb3673166d13f9708045b377dec50b170c714",
                "705df94cf58ddcf7113d4024feb22907b7c6f763cb6d9445d1e5e45c003f5744",
                "bc6432449fdb38a060a407e0cc9fae88a1fdd9ffb815e8b243eaba7d269eba33",
                "89d0740110871b79e00bd7037721ee34742a4a658a9747cc3b60687b554194f3",
                "399dfaa284a5c2286e5cb809d5a981ee36d147b38dd29572e1379de6f9d9e2d1",
                "4cce091dd8bf763831c9c6fbad3276aa59f32be0526c8277eef4261dcc0bcd4f",
                "a7ae5a4580ef7569fd13502eec9f229b9c45be81c09cc4545853d73971f71182",
                "735397f1d678454e91b75852ee36339e35ae3e4eccc5523d388d9ab27b39e733",
                "bc975397f31facdf6c4d5fb67e3e48a725a4be3ab9c2bf279369cdc62352064d",
                "5a0fa3d433cc3b3733cd9d89deefd58281b2643d8f0078caa1f7bc041487d796",
                "12207e88260609981d49c897d65bb4c0812a671527a84c895311ad35c29d64f5",
                "1e773ca7f9999b41bd52c468ce321692f5a4f5a6d713894e917bac2e84d92922",
                "58fcb1727d5f316795c74f0fa6a897e19e88c86060befd8120dbc811b106cb57",
                "a1b04474b8f2c0448503b871ea098ad664fd83cb8158adec2b3412bd3263a491",
                "03087f91cda3ac9e027679a4cbb5c5df200b8dce71b57e20514238ae846b63d0",
                "d6026487d731a063d1accbe8c585651e45cc568bd4a8330b7c82b597e4282997",
                "60268f8d48800fbc4f112dc87046a42d838674b5de64647f057259ddfe671b17",
                "392a8ddec4806cdf4c0cd3017495180088a68b0c9c0e5576aa9f2c4bcd3c7a99",
                "6510bc0bd480c4f3a90d1f1f3f246d2329e41ae23aa67be79adf986ac0353281",
                "45e8243bd2eaa3072ddd82f93f971fa0e2a5070fad47c2e0763683ecb8ef53cf",
                "d4609e737354861f756a537ce4305a7c45bc3607c05424797125c11dc6e2c892",
                "62c354e5ecf11e0f787cd76163f27cf618a57121d8a73b2c26b1b4053a29d787",
                "e7d59d28123570c16202562c92cbd2f4653a4aaa9dca1262271fe18f80a28b6b",
                "aa430adca2e3da81871471056a42756717babc9069470adfc24630cdeb3b2ad0",
                "57a2c26fd7b2590cb7db31110c5ff610ffb881aa9f4c5048dd5a6d17524bcd2a",
                "362208394b93d2826483d07d6af639e70cc5228afd0658b45b6f7ac41b14c91e",
                "7937aa530c90cb6d9f728d344a52ab14e02d7973e3c88ed3d9b5e298d3aa2682",
                "54dfc54dd6a41690f3b9913d60558827ecaebf916a01a278fae8098153bacf4b"
            ],
            "type": "Fetch",
            "firstPartyCookies": {},
            "firstPartyCookiesSent": {
                "_foxify_shop": 0.000006840881105486387
            },
            "exampleSites": [
                "overstock.com",
                "everythingfor420.com",
                "buceplant.com",
                "petalandpup.com",
                "naturallife.com",
                "www.thehydrojug.com",
                "blade-city.com",
                "www.stanley1913.com",
                "seelbachs.com",
                "whitefoxboutique.com",
                "www.cpap.com",
                "us.brandymelville.com",
                "portlandgear.com",
                "www.forever21.com",
                "greysonclothiers.com",
                "brickhousenutrition.com",
                "www.wob.com",
                "www.loveinfaith.life",
                "athleticbrewing.com",
                "wellspringmeds.com"
            ]
        }
    ],
    "categories": [],
    "performance": {},
    "cookies": 0,
    "topInitiators": [
        {
            "domain": "first party",
            "prevalence": 0.8714285714285714
        },
        {
            "domain": "minmaxify.com",
            "prevalence": 0.05714285714285714
        },
        {
            "domain": "shopify.com",
            "prevalence": 0.014285714285714285
        },
        {
            "domain": "skio.com",
            "prevalence": 0.007142857142857143
        },
        {
            "domain": "bigsur.ai",
            "prevalence": 0.007142857142857143
        },
        {
            "domain": "netcoresmartech.com",
            "prevalence": 0.007142857142857143
        },
        {
            "domain": "visually-io.com",
            "prevalence": 0.007142857142857143
        },
        {
            "domain": "merchantyard.com",
            "prevalence": 0.007142857142857143
        },
        {
            "domain": "unpkg.com",
            "prevalence": 0.007142857142857143
        },
        {
            "domain": "getfondue.com",
            "prevalence": 0.007142857142857143
        }
    ],
    "types": {
        "Fetch": 93
    },
    "nameservers": [
        "georgia.ns.cloudflare.com",
        "sean.ns.cloudflare.com"
    ]
}