{
    "domain": "tatadigital.com",
    "owner": {},
    "source": [
        "DuckDuckGo-US"
    ],
    "prevalence": 0.0000616,
    "sites": 9,
    "subdomains": [
        "accounts",
        "api"
    ],
    "cnames": [],
    "fingerprinting": 1,
    "resources": [
        {
            "rule": "tatadigital\\.com\\/v2\\/tdl-sso-auth\\.js",
            "cookies": 0.0000479,
            "fingerprinting": 1,
            "subdomains": [
                "accounts"
            ],
            "apis": {
                "Navigator.prototype.userAgent": 8,
                "window.localStorage": 8,
                "Document.cookie getter": 7,
                "window.sessionStorage": 7,
                "Document.cookie setter": 7
            },
            "sites": 8,
            "prevalence": 0.0000547,
            "cnames": [],
            "responseHashes": [
                "e671983bd05e65107fd38dfde9c54ad3ca90280a0e83a05c94d02d91383b734f"
            ],
            "type": "Script",
            "firstPartyCookies": {
                "jarvis-id": {
                    "ttl": 34560000,
                    "length": 36,
                    "prevalence": 0.000047886167738404704,
                    "uniqueness": 1
                }
            },
            "firstPartyCookiesSent": {},
            "exampleSites": [
                "1mg.com",
                "www.1mg.com",
                "www.airindiaexpress.com",
                "www.bigbasket.com",
                "www.croma.com",
                "www.tajhotels.com",
                "www.tanishq.co.in",
                "www.titan.co.in"
            ]
        },
        {
            "rule": "tatadigital\\.com\\/analytics-engine\\/config\\/v2",
            "cookies": 0.0000547,
            "fingerprinting": 0,
            "subdomains": [
                "api"
            ],
            "apis": {},
            "sites": 8,
            "prevalence": 0.0000547,
            "cnames": [],
            "responseHashes": [
                "bfb6cb468ae8e56b43b133a09fe63709088950a464f13da3d089875b3ab2ac81",
                "6a8878bc387a3b7746a17a82fbdbc0f4377d88ef306c9d7985108f1b66e20dcb",
                "bf67f586e519fb32b5b02f7663747fcbd08743064afc1eb427b7f9cf1d6056ea",
                "cb0e82b64f98fc6ecc7c0030e4b5379fbed37eb428ed4f86c8b11c10208bada1",
                "8586297e64126c1d07125e29b788e0747d93ff648ae21280c3be2e6664da422a",
                "504c523cb7ec677c737ac4a6cb7b652281eb86fdd94d895ba80086597226d7d8",
                "d610fb5430ce9c70e871af931debba6bdefae1765d9d0bcfcd7d21dded38f5c1"
            ],
            "type": "Fetch",
            "firstPartyCookies": {},
            "firstPartyCookiesSent": {},
            "exampleSites": [
                "1mg.com",
                "www.1mg.com",
                "www.airindiaexpress.com",
                "www.bigbasket.com",
                "www.croma.com",
                "www.tajhotels.com",
                "www.tanishq.co.in",
                "www.titan.co.in"
            ]
        },
        {
            "rule": "tatadigital\\.com\\/analytics-engine\\/config\\/v2",
            "cookies": 0,
            "fingerprinting": 0,
            "subdomains": [
                "api"
            ],
            "apis": {},
            "sites": 8,
            "prevalence": 0.0000547,
            "cnames": [],
            "responseHashes": [],
            "type": "Preflight",
            "firstPartyCookies": {},
            "firstPartyCookiesSent": {},
            "exampleSites": [
                "1mg.com",
                "www.1mg.com",
                "www.airindiaexpress.com",
                "www.bigbasket.com",
                "www.croma.com",
                "www.tajhotels.com",
                "www.tanishq.co.in",
                "www.titan.co.in"
            ]
        },
        {
            "rule": "tatadigital\\.com\\/api\\/v2\\/sso\\/check-session",
            "cookies": 0,
            "fingerprinting": 0,
            "subdomains": [
                "api"
            ],
            "apis": {},
            "sites": 5,
            "prevalence": 0.0000342,
            "cnames": [],
            "responseHashes": [],
            "type": "Preflight",
            "firstPartyCookies": {},
            "firstPartyCookiesSent": {},
            "exampleSites": [
                "1mg.com",
                "www.1mg.com",
                "www.airindiaexpress.com",
                "www.bigbasket.com",
                "www.croma.com"
            ]
        },
        {
            "rule": "tatadigital\\.com\\/api\\/v2\\/sso\\/check-session",
            "cookies": 0.0000342,
            "fingerprinting": 0,
            "subdomains": [
                "api"
            ],
            "apis": {},
            "sites": 5,
            "prevalence": 0.0000342,
            "cnames": [],
            "responseHashes": [
                "9da6d60f26021b436954792d57ed77ea0658b3199654b60a8624983b8ca4f9bc",
                "0f35997fc224fdb90ffe870d1bc9fb51f738e8f5d394b4005ed562db7c4995c5",
                "0998f729fd8d005ba03cabb763a89aa5fa01064d40bb614649b6d330d616772d"
            ],
            "type": "Fetch",
            "firstPartyCookies": {},
            "firstPartyCookiesSent": {},
            "exampleSites": [
                "1mg.com",
                "www.1mg.com",
                "www.airindiaexpress.com",
                "www.bigbasket.com",
                "www.croma.com"
            ]
        },
        {
            "rule": "tatadigital\\.com\\/analytics-engine\\/events\\/v1",
            "cookies": 0,
            "fingerprinting": 0,
            "subdomains": [
                "api"
            ],
            "apis": {},
            "sites": 7,
            "prevalence": 0.0000479,
            "cnames": [],
            "responseHashes": [],
            "type": "Preflight",
            "firstPartyCookies": {},
            "firstPartyCookiesSent": {},
            "exampleSites": [
                "1mg.com",
                "www.1mg.com",
                "www.bigbasket.com",
                "www.croma.com",
                "www.tajhotels.com",
                "www.tanishq.co.in",
                "www.titan.co.in"
            ]
        },
        {
            "rule": "tatadigital\\.com\\/analytics-engine\\/events\\/v1",
            "cookies": 0.000041,
            "fingerprinting": 0,
            "subdomains": [
                "api"
            ],
            "apis": {},
            "sites": 7,
            "prevalence": 0.0000479,
            "cnames": [],
            "responseHashes": [
                "fa5c91905c6fea2b045d5009bb3a06ad63ab76ff1effb6e3bf5064879bd7c1fd"
            ],
            "type": "Fetch",
            "firstPartyCookies": {},
            "firstPartyCookiesSent": {},
            "exampleSites": [
                "1mg.com",
                "www.1mg.com",
                "www.bigbasket.com",
                "www.croma.com",
                "www.tajhotels.com",
                "www.tanishq.co.in",
                "www.titan.co.in"
            ]
        }
    ],
    "categories": [],
    "performance": {},
    "cookies": 0.0000616,
    "topInitiators": [
        {
            "domain": "first party",
            "prevalence": 0.5348837209302325
        },
        {
            "domain": "sentry-cdn.com",
            "prevalence": 0.27906976744186046
        },
        {
            "domain": "bbassets.com",
            "prevalence": 0.09302325581395349
        },
        {
            "domain": "figpii.com",
            "prevalence": 0.09302325581395349
        }
    ],
    "types": {
        "Script": 8,
        "Fetch": 20,
        "Preflight": 20
    },
    "nameservers": [
        "ns3-05.azure-dns.org",
        "ns4-05.azure-dns.info",
        "ns1-05.azure-dns.com",
        "ns2-05.azure-dns.net"
    ]
}