{
    "domain": "tncapp.com",
    "owner": {},
    "source": [
        "DuckDuckGo-US"
    ],
    "prevalence": 0.000198,
    "sites": 29,
    "subdomains": [
        "app"
    ],
    "cnames": [],
    "fingerprinting": 1,
    "resources": [
        {
            "rule": "tncapp\\.com\\/get_script\\/",
            "cookies": 0,
            "fingerprinting": 1,
            "subdomains": [
                "app"
            ],
            "apis": {
                "Element.prototype.getClientRects": 2
            },
            "sites": 21,
            "prevalence": 0.000144,
            "cnames": [],
            "responseHashes": [
                "fc780b6ef71d3f800d1763120c297ef188286a91b4af997cdd0ced934f6eef82",
                "facfc96756e4e618ce576e0686df0b4719594552aa9d5df9bc27c624cd9e7249",
                "43a0c5c38cc6a61e5fa31399561ca3770683b3e1bdc4fc80a5ad8d2475293a28",
                "e3b0c44298fc1c149afbf4c8996fb92427ae41e4649b934ca495991b7852b855",
                "2e480c5d1cda5a6c946da1af552b13dffb19395e1ee45452e706a0fe872e82ec",
                "554dfdb5d875546fedd8b2a6f7a541f4dfd324811ffc8a2a8b1740e16f6379f7",
                "bcadee0dd237ceed088d92692b805ea45febaa4048018dc8d70df01cbc19f702",
                "7509f670ef3a4df3c68c7443dfc1de1dd3f2b56162397ec7575a60e5a67e1ea6",
                "89d0ef42a4193f4a2e7848ebd24ded03dc43f52a304c60c039c2eaff5aed62f7",
                "785b0ef227b4bb8f04f9ef91343412dd8e3414939501adfe5e6617d76c4070fb",
                "56ceceb976386031b896baffa6cb7c33f715991c458f5dd94ccb19b97437428d",
                "f39b7e43281e50d7bfb29c16d30c268f2547c94da77e42b7f9bb7a93208a905e",
                "186e5e3d0a7ebb30d7b97f12bcb8f306b68d2403fc8af9a879849b220d054c57",
                "5f2b72ddb94f4250c1704128e84e55b552244dc8afc8131b6eb21aad4e0487be",
                "3bb0b9edfde6b7c152d86e86e43f4124944c50bb6b2eacb066020302f9dfcce1",
                "4b5556a62a821e612299802c396c4ddb003404075cf38949797e0dbf56ba21a5",
                "da46a11be585bb31fc129611e8247f0f2be0f23d1366005f938b252a902dcbed"
            ],
            "type": "Script",
            "firstPartyCookies": {},
            "firstPartyCookiesSent": {},
            "exampleSites": [
                "wiredebikes.com",
                "www.koreessentials.com",
                "sterling-ink.com",
                "countycomm.com",
                "store.401games.ca",
                "closetcorepatterns.com",
                "built.com",
                "sunjoyshop.com",
                "www.obsessedgarage.com",
                "tesbros.com",
                "fineleatherfurniture.com",
                "makerpipe.com",
                "www.thepelletshop.com",
                "www.trailcampro.com",
                "www.blackbirdfabrics.com",
                "www.arbor-home.com",
                "ussolarsupplier.com",
                "www.earthing.com",
                "drjudymorgan.com",
                "cyclingfrog.com"
            ]
        },
        {
            "rule": "tncapp\\.com\\/get_script\\/a0e604ae2a2011eda3a1bab8df134336\\.js",
            "cookies": 0,
            "fingerprinting": 0,
            "subdomains": [
                "app"
            ],
            "apis": {},
            "sites": 2,
            "prevalence": 0.0000137,
            "cnames": [],
            "responseHashes": [
                "9285e30bd4067b759cd6641c5a02b81477ede39ccb1f4e9eebff2a88dcae1279"
            ],
            "type": "Script",
            "firstPartyCookies": {},
            "firstPartyCookiesSent": {},
            "exampleSites": [
                "ironaccents.com",
                "www.ironaccents.com"
            ]
        }
    ],
    "categories": [],
    "performance": {},
    "cookies": 0,
    "topInitiators": [
        {
            "domain": "first party",
            "prevalence": 1
        }
    ],
    "types": {
        "Script": 23
    },
    "nameservers": [
        "aragorn.ns.cloudflare.com",
        "roxy.ns.cloudflare.com"
    ]
}