{
    "domain": "tonemedia.com",
    "owner": {},
    "source": [
        "DuckDuckGo-US"
    ],
    "prevalence": 0.000253,
    "sites": 37,
    "subdomains": [
        "srv"
    ],
    "cnames": [],
    "fingerprinting": 1,
    "resources": [
        {
            "rule": "tonemedia\\.com\\/showads\\/adunit\\.php",
            "cookies": 0.000239,
            "fingerprinting": 0,
            "subdomains": [
                "srv"
            ],
            "apis": {},
            "sites": 35,
            "prevalence": 0.000239,
            "cnames": [],
            "responseHashes": [
                "1ee5576ff0421818dcdfddda6692eed0cedd4d51401c7b0d12685b8c58272831",
                "035e7a9a952ac7051b538e900102361bb205d2e049dccbdcf874e53abbacfbbb",
                "a5f72653bb6f1d7e4af53dbce908c6253b51df02c1616b6f74d9d8ebe2d92513",
                "fc49776719a3306614506de6e933085a8e7b5180e39120ec054013d228f7d832",
                "9e746c936fedcd48f8373f91bab7decaac6fb9e262ed99fedffdde9d0db2b79d",
                "642ace8867565c5b3cc997128dad88c7c8134c52376afbc7c3a887e4bbf15407",
                "048502ab3cf7317d163da70beb8ea0cabba6a3ebcbe99672797fc06fdf29dd86",
                "ed2cdc6bf736607e69fb2bccc818221bf600bbbe22df074805c10acc46d8b393",
                "14a9905490c2c86ad3c73eff1981251019face33fccc1411caa0386b8974ab80",
                "e60737c2b7e01d4496026cd5c8dad702971ab1ae37e43a9a7d8fa13be501056c",
                "4d21830e048af5c548659e4e742ba80465fe90b503cd020328d320f710feca78",
                "2d09129b47f98b39190e34eb9445cad019392c496def1d6bed1dfe51f856018b",
                "58c87e3b4bd0cfbf4b40eb2c01b99da1ad15e7269a299cc91b79ebe8093bf410",
                "eda442e486ef06a4b25f53fbd5f0f4910e0ffca4588fa9842c0464077343e877",
                "cfd8c69e709c7e4c8e165f2ea08423e90def4b2726fcb846764971399e0d5b62",
                "232b8ebbc52f4bc769e7b2d07ccb05fea593b8fb2e110db5d74b9071e018b4cb",
                "a89063ba2b9c95fa378050351472cb85f3b0f3c8a0ed280b7b5000b4732b549f",
                "cb9e5bfa805fa1367b5af12caf0b1dcdefb523d3eeb966f97c3fe8ba81c88663",
                "27d2c1609542d2945c86e1b53e26c8bbaba765d3c523be7b9dff46347bc5e49e",
                "f790723cff6d4071021e632c7ad281d29725fa60075ad8f2734397c8bbc206e6",
                "aeff97e24b5894f4caf5dd6338bfab1681b8cd2509ce06826071d7ecbf379421",
                "8cbcbb3e2491c4f97f3d3658d41cb8c8608ad43b7b8b491febc5c2d1cde77da2",
                "20b7966b64f1c09d4a1ca568cb6a764e5236171a09c036e7ea698679b9426227",
                "23976bdbdfad5e8dab0401e99fb58a4cccbb425e66a35aa8a8c8a5316a79b43a",
                "aea04e8cf1ac3f0d9b2f49f555f292de944e5ec25d6afcca4c08086e33a13cd0",
                "d0c3560f43b9981f4e2cbcc5d0860534f7cc3cfcfcef2b99524bf57106b1e927",
                "68024afbb50d07fec4596cde5f4343705e297c153da81a1b24ac784bd2a5e3c2",
                "59ee47a2b19de0d49029974650ced0d342c53c1f5bfb77dc8fa9c888870f7d1b",
                "e150e94e69848b5762d24b95fe2af2506be1d3125834093fc358364cbb42b886",
                "2a0de7649e8ad4b635d26834ca47cba428e5b8cf56b2fb1baa8517ed8a4dd97f",
                "7ba2275d385bb5cf0d38f496ce0a7f6779982a45066f3413694309294a99e2c3",
                "3135ac2da527ca255741f6ced71a6215e31b8fb39ee5f488bbbcb13a58e91c96",
                "42569e79a20b545af3b1a1ee5991148090dc4b38614236408ae22ed9ad9a0cfa",
                "725a85ab474aa75f27cd880a98e7a17dee3d40a58d6d55d4fbac09cd2613b33e"
            ],
            "type": "Script",
            "firstPartyCookies": {},
            "firstPartyCookiesSent": {
                "_li_dcdm_c": 0.000006840881105486387,
                "lotame_domain_check": 0.000027363524421945548
            },
            "exampleSites": [
                "www.amchords.com",
                "societyofrock.com",
                "www.songtextemania.com",
                "www.lyrics.com",
                "allhiphop.com",
                "www.allmusicals.com",
                "www.azchords.com",
                "www.infoconcert.com",
                "www.animesonglyrics.com",
                "www.themusicallyrics.com",
                "www.khmerchords.com",
                "iloveclassicrock.com",
                "azlyrics.biz",
                "getsongbpm.com",
                "www.paroles-musique.com",
                "classiccountrymusic.com",
                "www.lyricsbogie.com",
                "countrymusicnation.com",
                "flowlez.com",
                "www.metalsucks.net"
            ]
        },
        {
            "rule": "tonemedia\\.com\\/showads\\/track\\/imp\\.php",
            "cookies": 0.000239,
            "fingerprinting": 0,
            "subdomains": [
                "srv"
            ],
            "apis": {},
            "sites": 35,
            "prevalence": 0.000239,
            "cnames": [],
            "responseHashes": [
                "d7ab624e35474d9dbf26c9c23803236fab443c4ecc277d374d3b15455c9fe104"
            ],
            "type": "XHR",
            "firstPartyCookies": {},
            "firstPartyCookiesSent": {
                "ezovuuidtime_25904": 0.000006840881105486387,
                "_li_dcdm_c": 0.000006840881105486387,
                "lotame_domain_check": 0.000027363524421945548
            },
            "exampleSites": [
                "www.lacoccinelle.net",
                "www.vagalume.com.br",
                "countrymusicnation.com",
                "www.songtextemania.com",
                "www.paroles.net",
                "lyricsworldyou.com",
                "www.themusicallyrics.com",
                "societyofrock.com",
                "flowlez.com",
                "www.morecore.de",
                "metalinjection.net",
                "www.buenamusica.com",
                "www.oldielyrics.com",
                "www.infoconcert.com",
                "www.lyricsbogie.com",
                "allhiphop.com",
                "www.animesonglyrics.com",
                "www.accordiespartiti.it",
                "jambands.com",
                "getsongbpm.com"
            ]
        },
        {
            "rule": "tonemedia\\.com\\/showads\\/showad\\.js",
            "cookies": 0,
            "fingerprinting": 2,
            "subdomains": [
                "srv"
            ],
            "apis": {
                "Navigator.prototype.product": 2,
                "Navigator.prototype.userAgent": 2,
                "Date.prototype.getTime": 2,
                "window.innerHeight": 2,
                "window.innerWidth": 2,
                "Navigator.prototype.cookieEnabled": 2
            },
            "sites": 2,
            "prevalence": 0.0000137,
            "cnames": [],
            "responseHashes": [
                "06c1e14b747045a09b8dc100e3b75c75342fa4d45e7ed2ac7d2f7a9a57767ba8"
            ],
            "type": "Script",
            "firstPartyCookies": {},
            "firstPartyCookiesSent": {},
            "exampleSites": [
                "vagalume.com.br",
                "www.vagalume.com.br"
            ]
        }
    ],
    "categories": [],
    "performance": {},
    "cookies": 0.000253,
    "topInitiators": [
        {
            "domain": "clickfuse.com",
            "prevalence": 0.9516129032258065
        },
        {
            "domain": "first party",
            "prevalence": 0.04838709677419355
        }
    ],
    "types": {
        "Script": 37,
        "XHR": 35
    },
    "nameservers": [
        "ns-259.awsdns-32.com",
        "ns-972.awsdns-57.net",
        "ns-1689.awsdns-19.co.uk",
        "ns-1028.awsdns-00.org"
    ]
}