{
    "domain": "tubecup.net",
    "owner": {},
    "source": [
        "DuckDuckGo-US"
    ],
    "prevalence": 0.00116,
    "sites": 170,
    "subdomains": [
        "notification"
    ],
    "cnames": [],
    "fingerprinting": 0,
    "resources": [
        {
            "rule": "tubecup\\.net\\/in\\/subscription-offers",
            "cookies": 0,
            "fingerprinting": 0,
            "subdomains": [
                "notification"
            ],
            "apis": {},
            "sites": 73,
            "prevalence": 0.000499,
            "cnames": [],
            "responseHashes": [
                "e3b0c44298fc1c149afbf4c8996fb92427ae41e4649b934ca495991b7852b855"
            ],
            "type": "Image",
            "firstPartyCookies": {},
            "firstPartyCookiesSent": {
                "lotame_domain_check": 0.00007524969216035026,
                "c_ref_3651699": 0.000006840881105486387
            },
            "exampleSites": [
                "aivt.fr",
                "hotmovs.com",
                "young-xxx.net",
                "www.xxxvideoindian2.com",
                "www.gig.sex",
                "transtxxx.com",
                "txxx.com",
                "desi-porn.tube",
                "teencunt.net",
                "www.ebooxa.com",
                "txxx.tube",
                "fsiblog.info",
                "jilkatha.com",
                "javhub.net",
                "www.xasiat.com",
                "fuckjapan.pro",
                "bokepporno.co",
                "topatelier.be",
                "www.sextu.com",
                "tubepornclassic.com"
            ]
        },
        {
            "rule": "tubecup\\.net\\/tags",
            "cookies": 0,
            "fingerprinting": 0,
            "subdomains": [
                "notification"
            ],
            "apis": {},
            "sites": 68,
            "prevalence": 0.000465,
            "cnames": [],
            "responseHashes": [
                "cb0be751fd714a6866ae648260e4b882ef0867418420dd7d996c9d6845dc698a",
                "b144b737f556745edf95365da8aefaaec341d1352d3f5e4b22ac7d45f09d261c",
                "d2f15e53fbb069694d51bd3b4601aa4e0f46c4408b0a9488b29741f767b7bca9",
                "c4cef636d655bad3c4cbf30ec9f939311656ad4de5e00db2b599db9e3c87e53a",
                "419740351554943977802b17a650c11e78de8e3e6779cc2bd394091b457b0df3",
                "066edd56bb7a5a93323bd26cb8dcf0100f98bfa142b82b2a4073e622fff400ae",
                "39ebce753d938249f579f65e9cc026ad76200c57d2c148c9e0ff3d9c3e90a14b",
                "f24517e4f3b4d81258aef7cde32ea37b3ba30d012e51920aa45bc1eb6b10577b",
                "602c8ccceabb3656cd7f3c0efe4bd956c207c4a3a48105b18afd99f07ae9749a",
                "de16f987b39f8c111e5180cff3eaa6d827f76c71ad43a6a2b420fc232d909af9",
                "86870e41b865fd0ffa34a5ce5f5bd80b5dc92e054d8314d543f70ae00db18f96",
                "8bb42fba000dbdedf8514122f24d7b739fbd9643da01433ae4e2864d6927e7a1",
                "ca89b4330283fdb14966e7ed4fb5100e70aead616e9cdbaee76f13f2e019d867",
                "433853004cef15dd6f174535b3fa15f03e3cb7ec2a416c10c9d48d8948c76eeb",
                "4a6900e5a00fbe7cbdf852377f480678eef796188acfef8b5e70d92191e0b0ad",
                "88652aaa19c2008b980729396065190fdb125df71d8eb3e55d7b0ae0ab916985",
                "dcb30ced4c1a980384e58711cdc49682841a446b89fa8e0e5b73d9fb50d23bca",
                "689314a59bb517e4fb5c53bed16023621ac92cc53d9457c71a029215647ca152",
                "0f77e0247fc2883ca75b1d186c9dd7e73fc9569d9777269b9aad8881f433efcc",
                "e3b0c44298fc1c149afbf4c8996fb92427ae41e4649b934ca495991b7852b855",
                "157820d1a8d979e9ba23044aa1d583d748800d44ef7d94dd4cd220d773c170e8",
                "14f64ab9e2b918f317e1bfc8b36d5ce136771f2526b7c74d773c9b2d9feb48c7",
                "9c660bd1be9e9e5808b3b891f40eab54424c49ccb812d823c5ce0884c4dd7463",
                "26b4a43bcd9936a58db3909b31c141ced427d58aa0a8addabf6973424916fcff",
                "23feb280478fedd822c82344303acde9b7380db91ce2ca96a1b98aee8eca57a3",
                "f88592cb98ab4c400e235b3b2340a137e24e230475e92feef890c68e2f4e2013",
                "b78f290d2acb763ff7ebfb0fdbdafb8526b7a4a89185890b638483c67a490d9e",
                "036d0d33daead9a293445c81eedc4e66840810147141511a7f0d20ca65bc5e41",
                "eeee54ff986edac88344399091937df5084f2757ce21546551255cbe7671aa0a",
                "958c214c5a91e32b9ce1c575bade31e0f6558435a85ec3320e73ad16b4de0b3d",
                "c5f3b43d1d5c92db3656f9732217e6151b499977701650104794cbcbf10be982",
                "0f9b5414eae94c025f62a0831d43981664f08b0f877103821df7c9c785672c73",
                "547de26e3499cd208dca498545c4bccb8ed04ae23e5c9e4defd843c4ab8e900a",
                "0a05babf52996a4c37075663b4a53ca3ee402b6f8b3616c796624dce09631e42",
                "aac5a6b45d961110049c5eb87f04364f23f4775cc8d0eca30143b92c5bd61ac3",
                "0b7780eb28221a4250fb1dbc2315c81422874706ee47a8b84e16ac670b2bb4e5",
                "fa8286244ef56cd8b39d65f40385c6dec4189d2a0d3445230a6843e55f21a81f",
                "6df345b842d93a779351295f21c9eb0394d467e777fc1b160e98fda330830457",
                "64f18ec45fe702ae533df5e851447f3a45ecd4e8460532c432748ab0fb4ebfe8",
                "1e4af0e75c157c0483e82d5ccefca85419a65bb72b3c02b5c2877c9cbe800aff",
                "eab4b26c939a10e31a6576963f68d5c78e2ee5569c4df8a14e84bcd5f0f225e4",
                "f623ed4bfbef9d09be56c77bcc0f3c34f80aa295ccc446c69ae715c2bad71e61",
                "8c595f226ce0d9cc8e55e91f647db6812e909f6bdf802379c7e64cba456f3459",
                "73df9a1a7fffefae0b81d652982669d6ae4ed8934c95ec798dd3db3ff3ac2aae",
                "ca10b815ddb818e18301ca1a1679885099be4811c1114f49b2b67b105e531508",
                "872d53858f8687a04ff45b577f5ae644e6a29d4586a9bab6a744736cb78a4971",
                "cf02a577fa6edb3f9b93584d5af1383ca0112b56e6512680f02ac24f3025820e",
                "61758d55484e9d23ede9a696523619ddf586923b04047e2653674e519a2c1e0e",
                "065a4e210a1ebe50ea57100651dbebcf3f9eeecb1a4bf4aa5ceadddeff5e57f8",
                "6394bb2117ccc1542305a24ff978858674f969ad73f8d290eb966bc7f4ed450e"
            ],
            "type": "XHR",
            "firstPartyCookies": {},
            "firstPartyCookiesSent": {
                "lotame_domain_check": 0.000006840881105486387
            },
            "exampleSites": [
                "vagina.nl",
                "evexxx.com",
                "www.xxnxx.cc",
                "pornkeen.net",
                "www.thothub.org",
                "thethothub.com",
                "www.thothub.lol",
                "indiansexmms.co",
                "urpussy.com",
                "www.japteenx.com",
                "sexbaba.co",
                "thothub.su",
                "celebritysex.co",
                "jungespornovideo.com",
                "www.pornfd.com",
                "animeporn.best",
                "thothub.lol",
                "hentaiplay.net",
                "sex4arab.xxx",
                "hamarivasna.net"
            ]
        },
        {
            "rule": "tubecup\\.net\\/med\\/info",
            "cookies": 0,
            "fingerprinting": 0,
            "subdomains": [
                "notification"
            ],
            "apis": {},
            "sites": 24,
            "prevalence": 0.000164,
            "cnames": [],
            "responseHashes": [
                "e3b0c44298fc1c149afbf4c8996fb92427ae41e4649b934ca495991b7852b855"
            ],
            "type": "Image",
            "firstPartyCookies": {},
            "firstPartyCookiesSent": {},