{
    "domain": "uidsync.net",
    "owner": {},
    "source": [
        "DuckDuckGo-US"
    ],
    "prevalence": 0.000404,
    "sites": 59,
    "subdomains": [],
    "cnames": [],
    "fingerprinting": 0,
    "resources": [
        {
            "rule": "uidsync\\.net\\/sync",
            "cookies": 0.000274,
            "fingerprinting": 0,
            "subdomains": [],
            "apis": {},
            "sites": 42,
            "prevalence": 0.000287,
            "cnames": [],
            "responseHashes": [
                "aa5e4ed9079bc0fcc4b5f939ffbbcdfb7cbe9ed48efece0fd8da71a97eba35c2",
                "f36223d77b61386a9eb2a4bd70bca7d81b60d815a67191cf1ad570d883382a7d",
                "b7dfb1003c5057b1440fbf855d0a02d1db98b9567f2fd61123c7d26add5cc184",
                "6373b526f1eebb606d1cf96786a9e5bb80dfcd769e11ab5b233dc998d76667d1",
                "10d1057a1f2ce3263ef78ded2e867a2b646fcafb335cd58f11ed1931013f1216",
                "8a86be4161de1240d468ac7110c00322e964dd6a8b3fdd687225bd90c7a0beb0",
                "53ff975c9a401d5241e2d4ab49a2f3e920b2f3e33c6b38604b0438db7b6616c7",
                "e41405e6a1de27ad0b13375d8918e96070e06311600242d1a9bd0f883ebea2db",
                "375c69bc1a8af269420cea9cf70cf9f15dd4eec7e0785636fad140decc21f35f",
                "78fd3ebce3560fd078ac692a90788610f04cb3e2675ea50575c28db2a05aa212",
                "874f08ba6956a5e55a401f8d8f54907c1f433764901d0436cdc7cd5a506260a6",
                "be66071531e835aaaccc0331ef7a1f77b3aa53de1e30994c950f2eceb66f59e0",
                "79971ea1eb6d99b888de9e33312d7da4803ed3e8cc7267c34d3845b6ac66d063",
                "1fb9c4c2b348f6fb21124124dbb7a1bb8a3df38df441f0e55c21e9edd7ac0390",
                "110387070621be4d9d55dea8442664dd602c661fe9e7baf0f5e2ae77a0a6e8a3",
                "efffd9fef35d114df20adcc6f4b85ea92cf1b942dd37fab536522a3b0f6c5d83",
                "517da44b919e0b160891dc91b6ce14f58d248677def4e4582d9973729a4c2bb5",
                "463e0c432fe892ddc447d69143e21343a794a19a96f9afbdf868af86c4a6df7b",
                "dc42ac8debad5e868224729dca43895733bcddda5374b3413fb543f839fc3cdb",
                "b806d19e522bc49ad8634bbf42d58189e2913aef0c6cecc8e8cde7008f43613d",
                "da51cdf98a99d40474981644afe05ab84301b43571008087836a46a20fd4bb81",
                "db1c105fed0d12b7c9f3293b7d4bf6cf44963fcebe9fb693c8556fe50056a1e0",
                "2a3f539b99f3be7e9917c9689093b220102c77d22b44b62df1e6130e51cf66c6",
                "364374977eee61aa857d77ec2b6e5cb4699db7cf406d3dbd8fa1015a8082b181",
                "64d448c6271b9ed7724c4aed23d97fcec050a04a7ba5b49954466bb0c4739454",
                "2bf7c03922849867f01e77518fc2b75ceea8f64557e2caa4b5494f118adc6619",
                "57b07d00342c2565dec651f6ce20159689a775504dbf71ebdf6d4020bfa34d4b",
                "1090c5fa0d39cca4e83f2b6044ca6653fd41c3dd52aec95f168f95b4e14748a8",
                "188f63981acbfcf6c9bc8a770efeb1adb323d4c2f71a4c0fea05ce9fbbb2c292",
                "b7dfe60086c94decd45bb2cca575baacf67082dcad886b23a0744c5ff8ae0e57",
                "4323629de8ec8cf836d05b6cbc5f72e6e880e1755e600f3996e362a9368d0da6",
                "c4cf2b8dcd1dbb4a9458117323a973cf3b414319056302a48dd3ee35ee6153f1",
                "17365d4501cc49af513d31b9a5303121b3e55145b4c2d4823f1ffaa643398ce0",
                "a25284eaf386681da0f552d650cd332c7fa41081163f606d43b117c9b9e2b8bd",
                "c557a49f8167380d7bb7dce20382c4a00a3cbaf5d3570b9f886a4b08edbcb242",
                "2e70a59171ce3a35e6a0832ef972a534ed82b8f4d610316b126455739fb5e415",
                "b96ab967bb697a73de188def15fc2e3e5701dbe1446cfd7b8bb502ddfb79311c",
                "9a52bfb8668fc3c9ab3bc3c4c6a36f02103f9e3479a58f5d035ce648011a3026",
                "d239a73bef0b164ff3d45598518d647865293e1349c2cafc7d49c111a297d36f"
            ],
            "type": "Fetch",
            "firstPartyCookies": {},
            "firstPartyCookiesSent": {},
            "exampleSites": [
                "download.cnet.com",
                "instasave.website",
                "www.sekarang.id",
                "opensubtitles.org",
                "www.getmodsapk.cc",
                "locall.host",
                "airpurifierfaqs.com",
                "www.cakesparadise.fr",
                "amkstation.com",
                "yappe.in",
                "top15.fr",
                "simontok.en.softonic.com",
                "jasondeegan.com",
                "auralcrave.com",
                "thefilibusterblog.com",
                "www.lottopcso.com",
                "films.waploaded.com",
                "mcpe-planet.com",
                "coolrom.com",
                "www.opensubtitles.org"
            ]
        },
        {
            "rule": "uidsync\\.net\\/sync",
            "cookies": 0,
            "fingerprinting": 0,
            "subdomains": [],
            "apis": {},
            "sites": 42,
            "prevalence": 0.000287,
            "cnames": [],
            "responseHashes": [],
            "type": "Preflight",
            "firstPartyCookies": {},
            "firstPartyCookiesSent": {},
            "exampleSites": [
                "download.cnet.com",
                "www.opensubtitles.org",
                "coolrom.com",
                "youaretube.com",
                "instasave.website",
                "www.airplayguru.com",
                "filehippo.com",
                "locall.host",
                "v2.youconvert.net",
                "www.jolie-bobine.fr",
                "thetirereviews.com",
                "lookmovie2.to",
                "en.softonic.com",
                "mcpe-planet.com",
                "auralcrave.com",
                "airpurifierfaqs.com",
                "opensubtitles.org",
                "www.sekarang.id",
                "www.kotaku.id",
                "nfl-replays.com"
            ]
        }
    ],
    "categories": [],
    "performance": {},
    "cookies": 0.000404,
    "topInitiators": [
        {
            "domain": "push-sdk.com",
            "prevalence": 0.8387096774193549
        },
        {
            "domain": "push-sdk.net",
            "prevalence": 0.11290322580645161
        },
        {
            "domain": "system-notify.app",
            "prevalence": 0.03225806451612903
        },
        {
            "domain": "first party",
            "prevalence": 0.016129032258064516
        }
    ],
    "types": {
        "Fetch": 42,
        "Preflight": 42
    },
    "nameservers": [
        "braden.ns.cloudflare.com",
        "aspen.ns.cloudflare.com"
    ]
}