{
    "domain": "uplift.com",
    "owner": {
        "name": "Uplift Canada Services ULC",
        "displayName": "Uplift"
    },
    "source": [
        "DuckDuckGo-US"
    ],
    "prevalence": 0.000116,
    "sites": 17,
    "subdomains": [
        "tag",
        "pm-mrkt"
    ],
    "cnames": [],
    "fingerprinting": 1,
    "resources": [
        {
            "rule": "uplift\\.com\\/external\\/up\\.js",
            "cookies": 0.0000137,
            "fingerprinting": 2,
            "subdomains": [
                "tag"
            ],
            "apis": {
                "Navigator.prototype.appName": 3,
                "Navigator.prototype.platform": 3,
                "Navigator.prototype.userAgent": 3,
                "Date.prototype.getTime": 3,
                "window.localStorage": 3,
                "window.sessionStorage": 3,
                "Document.cookie getter": 2,
                "Document.cookie setter": 2,
                "Screen.prototype.width": 1,
                "Screen.prototype.height": 1,
                "Screen.prototype.colorDepth": 1,
                "Navigator.prototype.javaEnabled": 1,
                "Navigator.prototype.language": 1
            },
            "sites": 15,
            "prevalence": 0.000103,
            "cnames": [],
            "responseHashes": [
                "fd3af9fd1a8f3b96c2c6be5720a28fbb9aa2fffc2e7104f5091bbbc3e5724166",
                "02c77183879947f4c8523a628c170d2a9dc8d9bd3b350648cd1cf8cf0b167926",
                "b7f0256d355feac275d50f04c60b9dd699e1c8ca609867bbd9a25fa281bb8421",
                "9a9dbe44c6cec3ae05a74a4e8035874892ae5377a8822f32dd23cb97b108c8f7",
                "cc09f68b29de55a5594358d99cdb379a6bb9b7a2425c9e0f0dbcd905a8e5c7d5",
                "09d957ce7612fe5b4834f99335848a29fbade2d3a12079328fc3941714157ea9",
                "65eae37ef33c795e24bfd6069457b7a2c9279769639dd986eb7186a0977ce504",
                "58a4191e09a5dedaea94ef5fe20d4fbd55a275fc17ef833c9f674e18dfeed48a",
                "aa17f47090c5155de95b227b9b54da4e66dd74481fd8a97c79d38f70e0bf8037",
                "ded3bf99b548b6ce3c625740cb45229b16724da4d7bd275b0d81abd8aab457bb",
                "f2c4b824084175e2ca27676d7cd8c46f817aba95db5088bcd9ac069bb6436f3c"
            ],
            "type": "Script",
            "firstPartyCookies": {
                "_up": {
                    "ttl": 63072004,
                    "length": 25,
                    "prevalence": 0.000013681762210972774,
                    "uniqueness": 1
                }
            },
            "firstPartyCookiesSent": {},
            "exampleSites": [
                "choicehotels.com",
                "travel.bjs.com",
                "www.carnival.com",
                "www.cruises.com",
                "www.cruisesonly.com",
                "www.epicpass.com",
                "www.flyfrontier.com",
                "www.kenya-airways.com",
                "www.long-mcquade.com",
                "www.redtag.ca",
                "www.selloffvacations.com",
                "www.suncountry.com",
                "www.united.com",
                "www.volaris.com",
                "www.wyndhamhotels.com"
            ]
        },
        {
            "rule": "uplift\\.com\\/marketing\\/v6\\/from",
            "cookies": 0,
            "fingerprinting": 0,
            "subdomains": [
                "pm-mrkt"
            ],
            "apis": {},
            "sites": 3,
            "prevalence": 0.0000205,
            "cnames": [],
            "responseHashes": [],
            "type": "Preflight",
            "firstPartyCookies": {},
            "firstPartyCookiesSent": {},
            "exampleSites": [
                "long-mcquade.com",
                "www.redtag.ca",
                "www.wyndhamhotels.com"
            ]
        },
        {
            "rule": "uplift\\.com\\/marketing\\/v6\\/from",
            "cookies": 0,
            "fingerprinting": 0,
            "subdomains": [
                "pm-mrkt"
            ],
            "apis": {},
            "sites": 3,
            "prevalence": 0.0000205,
            "cnames": [],
            "responseHashes": [
                "092cdb7a0fc87dbf40de74bb7440f959394d3d19928d84a36951a3337b3f44fa",
                "455245992127156d22143cdf030503b67bc4380767ffa4952f82f7276c5aef51"
            ],
            "type": "XHR",
            "firstPartyCookies": {},
            "firstPartyCookiesSent": {},
            "exampleSites": [
                "long-mcquade.com",
                "www.redtag.ca",
                "www.wyndhamhotels.com"
            ]
        }
    ],
    "categories": [],
    "performance": {},
    "cookies": 0.0000137,
    "topInitiators": [
        {
            "domain": "first party",
            "prevalence": 0.5238095238095238
        },
        {
            "domain": "googletagmanager.com",
            "prevalence": 0.2857142857142857
        },
        {
            "domain": "uplift-platform.com",
            "prevalence": 0.09523809523809523
        },
        {
            "domain": "optimizely.com",
            "prevalence": 0.047619047619047616
        },
        {
            "domain": "tiqcdn.com",
            "prevalence": 0.047619047619047616
        }
    ],
    "types": {
        "Script": 15,
        "Preflight": 3,
        "XHR": 3
    },
    "nameservers": [
        "ns-282.awsdns-35.com",
        "ns-863.awsdns-43.net",
        "ns-1882.awsdns-43.co.uk",
        "ns-1322.awsdns-37.org"
    ]
}