{
    "domain": "user1st.info",
    "owner": {
        "name": "User1st",
        "displayName": "User1st"
    },
    "source": [
        "DuckDuckGo-US"
    ],
    "prevalence": 0.0000889,
    "sites": 13,
    "subdomains": [
        "fecdn",
        "ufe",
        "ide"
    ],
    "cnames": [],
    "fingerprinting": 1,
    "resources": [
        {
            "rule": "user1st\\.info\\/Loader\\/head",
            "cookies": 0.0000479,
            "fingerprinting": 1,
            "subdomains": [
                "fecdn"
            ],
            "apis": {
                "Date.prototype.getTime": 8,
                "Navigator.prototype.userAgent": 8,
                "Navigator.prototype.appName": 8,
                "Document.cookie getter": 7,
                "Document.cookie setter": 7,
                "window.localStorage": 8
            },
            "sites": 8,
            "prevalence": 0.0000547,
            "cnames": [],
            "responseHashes": [
                "fa27ac23e1abae051bd6e24fdeb347212653ba690e1e11f9bd1cac81fc292674",
                "0b030c870d67aee8881766bcb9641ab01aba140c8e8151803929f276bc94e3b3",
                "6ff7067726d18fdd99896504c180f059bad26965ca067db3e1e5eaa56ffea76c",
                "e6395b81fb72d17f517c73512e8d4b95265766fea80288e318b2403ffdf1da67",
                "219089ee8e0f7f74146ed56d8dbe8bed9429142c96aee969d88db55181e98024",
                "f079a3a02b39a21486545ab5e915b9d1c57c20e969f3bb33e99ba5b119802afe"
            ],
            "type": "Script",
            "firstPartyCookies": {
                "User1st.u1stIsActive": {
                    "ttl": 3,
                    "length": 1,
                    "prevalence": 0.000047886167738404704,
                    "uniqueness": 0.14285714285714285
                },
                "u1st-runSync": {
                    "ttl": 3,
                    "length": 1,
                    "prevalence": 0.000047886167738404704,
                    "uniqueness": 0.14285714285714285
                }
            },
            "firstPartyCookiesSent": {},
            "exampleSites": [
                "amtrak.com",
                "shopmashburn.com",
                "www.aacc.edu",
                "www.blinkhealth.com",
                "www.blinkrx.com",
                "www.eaglebankcorp.com",
                "www.elal.com",
                "www.molinahealthcare.com"
            ]
        },
        {
            "rule": "user1st\\.info\\/CommFrame\\/Activation",
            "cookies": 0,
            "fingerprinting": 0,
            "subdomains": [
                "fecdn"
            ],
            "apis": {},
            "sites": 7,
            "prevalence": 0.0000479,
            "cnames": [],
            "responseHashes": [
                "98a26326b182402701e0c51211269d7caa0c959ac696c002443a82c2d31f27e4"
            ],
            "type": "Document",
            "firstPartyCookies": {},
            "firstPartyCookiesSent": {},
            "exampleSites": [
                "amtrak.com",
                "shopmashburn.com",
                "www.aacc.edu",
                "www.blinkhealth.com",
                "www.blinkrx.com",
                "www.elal.com",
                "www.molinahealthcare.com"
            ]
        },
        {
            "rule": "user1st\\.info\\/Scripts\\/ActivationFrameScripts",
            "cookies": 0,
            "fingerprinting": 1,
            "subdomains": [
                "fecdn"
            ],
            "apis": {
                "window.localStorage": 6,
                "Document.cookie getter": 6
            },
            "sites": 7,
            "prevalence": 0.0000479,
            "cnames": [],
            "responseHashes": [
                "de4c814d14a3fbe677c421c0e92a222c083d0e13c45942a0d5d3143ef40686d7"
            ],
            "type": "Script",
            "firstPartyCookies": {},
            "firstPartyCookiesSent": {},
            "exampleSites": [
                "amtrak.com",
                "shopmashburn.com",
                "www.aacc.edu",
                "www.blinkhealth.com",
                "www.blinkrx.com",
                "www.elal.com",
                "www.molinahealthcare.com"
            ]
        },
        {
            "rule": "user1st\\.info\\/Loader",
            "cookies": 0,
            "fingerprinting": 1,
            "subdomains": [
                "fecdn"
            ],
            "apis": {
                "Navigator.prototype.userAgent": 6,
                "Document.cookie getter": 5
            },
            "sites": 8,
            "prevalence": 0.0000547,
            "cnames": [],
            "responseHashes": [
                "9af70e260f96aceb1a35ffc4c8cea545cb63fc77a9040e78eaa93135912b6ef1",
                "e3b0c44298fc1c149afbf4c8996fb92427ae41e4649b934ca495991b7852b855",
                "262b7e2ee8fabaf8420476b3edf9141626d706ba2a28c8a45692768d41d9570e",
                "3dd6e5134930aec06e0956cb87c19a826e60c37efab1ae09a244c52b1af0a0f6"
            ],
            "type": "Script",
            "firstPartyCookies": {},
            "firstPartyCookiesSent": {},
            "exampleSites": [
                "amtrak.com",
                "shopmashburn.com",
                "www.aacc.edu",
                "www.blinkhealth.com",
                "www.blinkrx.com",
                "www.eaglebankcorp.com",
                "www.elal.com",
                "www.molinahealthcare.com"
            ]
        },
        {
            "rule": "user1st\\.info\\/Loader\\/Init",
            "cookies": 0,
            "fingerprinting": 1,
            "subdomains": [
                "fecdn"
            ],
            "apis": {
                "Navigator.prototype.userAgent": 6,
                "Document.cookie getter": 5,
                "window.localStorage": 6
            },
            "sites": 6,
            "prevalence": 0.000041,
            "cnames": [],
            "responseHashes": [
                "729b7952110c328ba55ec737f43af8004f8afa773d40bdf16b7ba80d300ce7ee"
            ],
            "type": "Script",
            "firstPartyCookies": {},
            "firstPartyCookiesSent": {},
            "exampleSites": [
                "amtrak.com",
                "shopmashburn.com",
                "www.aacc.edu",
                "www.blinkhealth.com",
                "www.elal.com",
                "www.molinahealthcare.com"
            ]
        },
        {
            "rule": "user1st\\.info\\/content\\/frontend\\.prod\\.js",
            "cookies": 0,
            "fingerprinting": 1,
            "subdomains": [
                "ufe"
            ],
            "apis": {
                "window.localStorage": 3,
                "Navigator.prototype.userAgent": 3
            },
            "sites": 3,
            "prevalence": 0.0000205,
            "cnames": [],
            "responseHashes": [
                "16c38f059c7563a4ea5b8982eb2cae06ae53dcaeaaa348066c09b7986ec00523"
            ],
            "type": "Script",
            "firstPartyCookies": {},
            "firstPartyCookiesSent": {},
            "exampleSites": [
                "irobot.com",
                "www.irobot.com",
                "www.mountsinai.org"
            ]
        },
        {
            "rule": "user1st\\.info\\/content\\/index\\.html",
            "cookies": 0,
            "fingerprinting": 0,
            "subdomains": [
                "ide"
            ],
            "apis": {},
            "sites": 3,
            "prevalence": 0.0000205,
            "cnames": [],
            "responseHashes": [
                "2b6fc5c5b8882759355a899aeadef7628f1a4f750959b31a518497bf281b14f6"
            ],
            "type": "Document",
            "firstPartyCookies": {},
            "firstPartyCookiesSent": {},