{
    "domain": "userlike.com",
    "owner": {},
    "source": [
        "DuckDuckGo-US"
    ],
    "prevalence": 0.0000889,
    "sites": 13,
    "subdomains": [
        "api",
        "userlike-cdn-operators"
    ],
    "cnames": [],
    "fingerprinting": 0,
    "resources": [
        {
            "rule": "userlike\\.com\\/api\\/um\\/chat\\/button\\/check\\/",
            "cookies": 0,
            "fingerprinting": 0,
            "subdomains": [
                "api"
            ],
            "apis": {},
            "sites": 13,
            "prevalence": 0.0000889,
            "cnames": [],
            "responseHashes": [
                "6fe4867d6dd99554ee880d001405015b62d9def58ed545a9ed5d55a326faca11",
                "20af2e743e1500a9de7e1839d572d10d771b3f620fa492bca0cd5e663be8e097",
                "961b5338a7b63f5220068c4c3cac6b2ac0f7eb4891a3af6f04eb53bb35b934ea",
                "de53fda6987a09d7c45bacc7439792997ffc3df19f0397e1d09da750ad2ac8b0",
                "e1861f61573441dc7025675d586f2c89644712718d90ede8abbaa693853b13f0",
                "12a2f1671c113db98f61df8b671cea8a9c8e8ed4fb02fb402275bd4fe86c6ec1",
                "b53d59a63cd6066cee024c1f3d060a3316f2f02e9cb787eab4ff393029d7f653",
                "605293a5b0ba0410579606850ab02f16f8eddf56e073589c981c68979f6ca290",
                "6b7cf757836889641e7690b255bb2eb5f2a20508b07150a81fb81602c731a107"
            ],
            "type": "Fetch",
            "firstPartyCookies": {},
            "firstPartyCookiesSent": {},
            "exampleSites": [
                "hintaopas.fi",
                "pricespy.co.uk",
                "pricespy.co.nz",
                "www.apotheke.de",
                "www.aponeo.de",
                "www.hama.com",
                "www.hoffmann-group.com",
                "www.landefeld.de",
                "www.matratzen-concord.de",
                "www.mercedes-benz.es",
                "www.prisjakt.no",
                "www.prisjakt.nu",
                "www.stadtwerke-konstanz.de"
            ]
        },
        {
            "rule": "userlike\\.com\\/8215030e60f687d84c8cdc5f4776b050edecc5bc7422445127e7c6a4fa0caffc_320x320\\.jpg",
            "cookies": 0,
            "fingerprinting": 0,
            "subdomains": [
                "userlike-cdn-operators"
            ],
            "apis": {},
            "sites": 2,
            "prevalence": 0.0000137,
            "cnames": [],
            "responseHashes": [
                "567e98776407dd017109bdb16ed1b6a86576f1c93256501630017002b2ab1819"
            ],
            "type": "Image",
            "firstPartyCookies": {},
            "firstPartyCookiesSent": {},
            "exampleSites": [
                "matratzen-concord.de",
                "www.matratzen-concord.de"
            ]
        }
    ],
    "categories": [],
    "performance": {},
    "cookies": 0,
    "topInitiators": [
        {
            "domain": "b-cdn.net",
            "prevalence": 1
        }
    ],
    "types": {
        "Fetch": 13,
        "Image": 2
    },
    "nameservers": [
        "b.myradns.net",
        "c.myradns.net",
        "a.myradns.net"
    ]
}