{
    "domain": "valuad.io",
    "owner": {},
    "source": [
        "DuckDuckGo-US"
    ],
    "prevalence": 0.000109,
    "sites": 16,
    "subdomains": [
        "rtb"
    ],
    "cnames": [],
    "fingerprinting": 0,
    "resources": [
        {
            "rule": "valuad\\.io\\/adapter",
            "cookies": 0.000103,
            "fingerprinting": 0,
            "subdomains": [
                "rtb"
            ],
            "apis": {},
            "sites": 15,
            "prevalence": 0.000103,
            "cnames": [],
            "responseHashes": [
                "d50acbc0f4e40e2650fc57bced986961f25825cb0232f6c976b13fae3fad64a4",
                "1fe766aed49a0ca86f1665bd97d8f645829e50b68f94100b995e9bc71f7b814f",
                "0338fd95ddb68f2be746f37a68d5f3194970bbd91b80e880e0d0df7ff8566cde",
                "a5562ff78a58902abc94133fc78ebdd77f8b1e24f125f08278ff3ec5a0f7100e",
                "c48baa0c65b5ee939d2beb979810ee2943541eae7aa83309dd4c79398bd68697",
                "80ac71e1593b11ea4f98aa85f2afac60390890ac0dc550d0919a934efd32ac2c",
                "091a3661e2824cf6c1ed98fd0c42c1c6884ee737ccd64ac60b9c2e7fbd57df7c",
                "1c0f50f48a7bcd60cfb56d2ea6df16c5ce7dc26e99eed62bd8fb3fdf384e2a75",
                "2b4d7e648afdbc0116d5945b533ec8bf9aa477371c783b07ecd6d9b2e57974c2",
                "ca3b479bb42692eac466bfeabf53f600effb1ecfc1aded9bb69ba9aaa9782a2e",
                "20e69dda4d52fa836a4dd8d3fa9070c0551f054179fee6f15dfc240936fbf3a7",
                "778cc15f4622329f935ff920c9216af2df35b28b97751e0fab151562f77f56df",
                "b965ba03ff5b16d2242f9e03c9b791d827342ee66b61452fbc8f9f834426c242"
            ],
            "type": "Fetch",
            "firstPartyCookies": {},
            "firstPartyCookiesSent": {},
            "exampleSites": [
                "13tv.co.il",
                "m.maariv.co.il",
                "m.sport5.co.il",
                "mobile.mako.co.il",
                "mshironet.mako.co.il",
                "news.walla.co.il",
                "shironet.mako.co.il",
                "www.globes.co.il",
                "www.haaretz.co.il",
                "www.haaretz.com",
                "www.israelhayom.co.il",
                "www.maariv.co.il",
                "www.mako.co.il",
                "www.n12.co.il",
                "www.walla.co.il"
            ]
        },
        {
            "rule": "valuad\\.io\\/sync",
            "cookies": 0,
            "fingerprinting": 0,
            "subdomains": [
                "rtb"
            ],
            "apis": {},
            "sites": 14,
            "prevalence": 0.0000958,
            "cnames": [],
            "responseHashes": [
                "e906c3cda48c44c1d98725d55cd61a9b6bc3b6a5702c75a2a58709dabe15f642",
                "6753d89fa125a81da1c9caac287ab51c7673c5d374eb6cff04b4cd75818a7152"
            ],
            "type": "Document",
            "firstPartyCookies": {},
            "firstPartyCookiesSent": {},
            "exampleSites": [
                "13tv.co.il",
                "m.maariv.co.il",
                "m.sport5.co.il",
                "mobile.mako.co.il",
                "mshironet.mako.co.il",
                "news.walla.co.il",
                "www.globes.co.il",
                "www.haaretz.co.il",
                "www.haaretz.com",
                "www.israelhayom.co.il",
                "www.maariv.co.il",
                "www.mako.co.il",
                "www.n12.co.il",
                "www.walla.co.il"
            ]
        }
    ],
    "categories": [],
    "performance": {},
    "cookies": 0.000109,
    "topInitiators": [
        {
            "domain": "valuad.cloud",
            "prevalence": 0.8431372549019608
        },
        {
            "domain": "first party",
            "prevalence": 0.1568627450980392
        }
    ],
    "types": {
        "Fetch": 15,
        "Document": 14
    },
    "nameservers": [
        "cleo.ns.cloudflare.com",
        "molly.ns.cloudflare.com"
    ]
}