{
    "domain": "wewomedia.com",
    "owner": {},
    "source": [
        "DuckDuckGo-US"
    ],
    "prevalence": 0.000109,
    "sites": 16,
    "subdomains": [
        "rtg"
    ],
    "cnames": [],
    "fingerprinting": 0,
    "resources": [
        {
            "rule": "wewomedia\\.com\\/track\\/code\\.js",
            "cookies": 0.0000684,
            "fingerprinting": 0,
            "subdomains": [
                "rtg"
            ],
            "apis": {},
            "sites": 10,
            "prevalence": 0.0000684,
            "cnames": [],
            "responseHashes": [
                "458804297763de51bf6718bf93fad6d82dac6730b604071874623b8b2c5ce216",
                "78fb22ee64b7d7275ffcc4e51e8aedc374b17e3f4a924c362f6d9e99ec2ec526",
                "0b5353f179cf2da2f0b42775d71261583eb1f191af3382bb2e64bc201a56daba",
                "70bf2ed571acd13a49944db1c75cfa3727090bd8fde8dfb56c4ff48c4500af65",
                "c566c8d3e1d1be7258ad1dfc38b8927a63830f553e5f1405abf9b0e5ca7e64fc",
                "5fd5c48c847581b0f1bd2c3cae6642a6275225fbd223d1a3597857d84b2fc8f2",
                "d8b2adf5937b4cae4c1e8184639f3477efaf1bc074e419b6609aed64cd4c8f2f",
                "9b6c55e7a98d4f15c8bf274788f3ad09e29de59dc4a30be789244cb29263e09e",
                "87f02b77d077e8c9518a96507baf532cd83d08e027cc0cb6828b8e5b619d939d"
            ],
            "type": "Script",
            "firstPartyCookies": {},
            "firstPartyCookiesSent": {},
            "exampleSites": [
                "ugreen.com",
                "m.dafabet.com",
                "nas.ugreen.com",
                "remote.com",
                "www.gigsky.com",
                "www.homestyler.com",
                "www.loveherfeet.com",
                "www.mspy.com",
                "www.ruparupa.com",
                "www.ugreen.com"
            ]
        },
        {
            "rule": "wewomedia\\.com\\/tr",
            "cookies": 0,
            "fingerprinting": 0,
            "subdomains": [
                "rtg"
            ],
            "apis": {},
            "sites": 10,
            "prevalence": 0.0000684,
            "cnames": [],
            "responseHashes": [
                "e3b0c44298fc1c149afbf4c8996fb92427ae41e4649b934ca495991b7852b855"
            ],
            "type": "XHR",
            "firstPartyCookies": {},
            "firstPartyCookiesSent": {},
            "exampleSites": [
                "ugreen.com",
                "m.dafabet.com",
                "nas.ugreen.com",
                "remote.com",
                "www.gigsky.com",
                "www.homestyler.com",
                "www.loveherfeet.com",
                "www.mspy.com",
                "www.ruparupa.com",
                "www.ugreen.com"
            ]
        },
        {
            "rule": "wewomedia\\.com\\/tr",
            "cookies": 0,
            "fingerprinting": 0,
            "subdomains": [
                "rtg"
            ],
            "apis": {},
            "sites": 10,
            "prevalence": 0.0000684,
            "cnames": [],
            "responseHashes": [],
            "type": "Preflight",
            "firstPartyCookies": {},
            "firstPartyCookiesSent": {},
            "exampleSites": [
                "ugreen.com",
                "m.dafabet.com",
                "nas.ugreen.com",
                "remote.com",
                "www.gigsky.com",
                "www.homestyler.com",
                "www.loveherfeet.com",
                "www.mspy.com",
                "www.ruparupa.com",
                "www.ugreen.com"
            ]
        }
    ],
    "categories": [],
    "performance": {},
    "cookies": 0.000109,
    "topInitiators": [
        {
            "domain": "invol.co",
            "prevalence": 0.4074074074074074
        },
        {
            "domain": "first party",
            "prevalence": 0.2222222222222222
        },
        {
            "domain": "googletagmanager.com",
            "prevalence": 0.2222222222222222
        },
        {
            "domain": "alicdn.com",
            "prevalence": 0.1111111111111111
        },
        {
            "domain": "3gl.net",
            "prevalence": 0.037037037037037035
        }
    ],
    "types": {
        "Script": 10,
        "XHR": 10,
        "Preflight": 10
    },
    "nameservers": [
        "ns5.wixdns.net",
        "ns4.wixdns.net"
    ]
}