{
    "domain": "whatfinger.com",
    "owner": {},
    "source": [
        "DuckDuckGo-US"
    ],
    "prevalence": 0.000109,
    "sites": 16,
    "subdomains": [
        "choiceclips"
    ],
    "cnames": [],
    "fingerprinting": 0,
    "resources": [
        {
            "rule": "whatfinger\\.com\\/widgets\\/aznew-wfw\\.js",
            "cookies": 0,
            "fingerprinting": 0,
            "subdomains": [
                "choiceclips"
            ],
            "apis": {},
            "sites": 10,
            "prevalence": 0.0000684,
            "cnames": [],
            "responseHashes": [
                "d4eaec858474f17cfe2930fc1de5994621679c350b330a66fb7f420aadaf81c1"
            ],
            "type": "Script",
            "firstPartyCookies": {},
            "firstPartyCookiesSent": {},
            "exampleSites": [
                "canadafreepress.com",
                "slaynews.com",
                "theamericantribune.com",
                "theeconomiccollapseblog.com",
                "thewashingtonstandard.com",
                "wltreport.com",
                "www.georgiarecord.com",
                "www.rvmnews.com",
                "www.theburningplatform.com",
                "www.themidwesterner.news"
            ]
        },
        {
            "rule": "whatfinger\\.com\\/widgets\\/server\\/azwidget-videos\\.php",
            "cookies": 0,
            "fingerprinting": 0,
            "subdomains": [
                "choiceclips"
            ],
            "apis": {},
            "sites": 11,
            "prevalence": 0.0000752,
            "cnames": [],
            "responseHashes": [
                "79263f8c326dd2159c311ecd6ec7984ec7afa842888b25ed86db0bd9cc3e9422",
                "277de7a95b3404ce35aa53589fb0961921ee80907e7b89e4b67b01cdcc0f65ef",
                "07804035e8576ccc45e20c887259814c95bba32f7eb58ded9e7c806e18efc734",
                "8d16c69e9c1d3a172056cdbcc06e6ac059ad196aff63482c9ea78447e8930207",
                "f80f8d9eeb3a488f67d8706cd5cad93d4512334b10e71635c3b2984393f2d99b",
                "5333e9d25957e096f18d6a6ba20ebbab4ebba5514c345ac811e95ec13d50a3d1",
                "e3b0c44298fc1c149afbf4c8996fb92427ae41e4649b934ca495991b7852b855",
                "38d2c02274778ad7d86a6f949831daea9553546093c7ccfeedce122cdb806459"
            ],
            "type": "XHR",
            "firstPartyCookies": {},
            "firstPartyCookiesSent": {},
            "exampleSites": [
                "canadafreepress.com",
                "slaynews.com",
                "theamericantribune.com",
                "theeconomiccollapseblog.com",
                "thewashingtonstandard.com",
                "wltreport.com",
                "www.georgiarecord.com",
                "www.rvmnews.com",
                "www.theburningplatform.com",
                "www.themidwesterner.news",
                "www.theorganicprepper.com"
            ]
        },
        {
            "rule": "whatfinger\\.com\\/wp-content\\/uploads\\/2025\\/08\\/Screenshot-2025-08-15-214039\\.png",
            "cookies": 0,
            "fingerprinting": 0,
            "subdomains": [
                "choiceclips"
            ],
            "apis": {},
            "sites": 3,
            "prevalence": 0.0000205,
            "cnames": [],
            "responseHashes": [
                "d72ad182cb0171391a20f204bad23d3faed1c8b05a2791c89eb0f8f6ef6d62be"
            ],
            "type": "Image",
            "firstPartyCookies": {},
            "firstPartyCookiesSent": {},
            "exampleSites": [
                "canadafreepress.com",
                "theeconomiccollapseblog.com",
                "thewashingtonstandard.com"
            ]
        },
        {
            "rule": "whatfinger\\.com\\/wp-content\\/uploads\\/2025\\/08\\/Screenshot-2025-08-15-204101\\.png",
            "cookies": 0,
            "fingerprinting": 0,
            "subdomains": [
                "choiceclips"
            ],
            "apis": {},
            "sites": 4,
            "prevalence": 0.0000274,
            "cnames": [],
            "responseHashes": [
                "74b2917283f5209da6179ecf1bc528cc45d2e85293fbc1ae019a071b7c9f2cac"
            ],
            "type": "Image",
            "firstPartyCookies": {},
            "firstPartyCookiesSent": {},
            "exampleSites": [
                "canadafreepress.com",
                "theeconomiccollapseblog.com",
                "thewashingtonstandard.com",
                "www.georgiarecord.com"
            ]
        },
        {
            "rule": "whatfinger\\.com\\/wp-content\\/uploads\\/2025\\/08\\/Screenshot-2025-08-15-182333\\.png",
            "cookies": 0,
            "fingerprinting": 0,
            "subdomains": [
                "choiceclips"
            ],
            "apis": {},
            "sites": 4,
            "prevalence": 0.0000274,
            "cnames": [],
            "responseHashes": [
                "0923aa52e1629d835b8403aff456067948607cb0adca9e94c9ec42f736bf089c"
            ],
            "type": "Image",
            "firstPartyCookies": {},
            "firstPartyCookiesSent": {},
            "exampleSites": [
                "canadafreepress.com",
                "theeconomiccollapseblog.com",
                "thewashingtonstandard.com",
                "www.georgiarecord.com"
            ]
        },
        {
            "rule": "whatfinger\\.com\\/wp-content\\/uploads\\/2025\\/08\\/Screenshot-2025-08-15-180558\\.png",
            "cookies": 0,
            "fingerprinting": 0,
            "subdomains": [
                "choiceclips"
            ],
            "apis": {},
            "sites": 4,
            "prevalence": 0.0000274,
            "cnames": [],
            "responseHashes": [
                "de720c1d8ac4bae390a94194c644c68f0d1fd93e40a9ce7a89d60055f18ef6ec"
            ],
            "type": "Image",
            "firstPartyCookies": {},
            "firstPartyCookiesSent": {},
            "exampleSites": [
                "canadafreepress.com",
                "theeconomiccollapseblog.com",
                "thewashingtonstandard.com",
                "www.georgiarecord.com"
            ]
        },
        {
            "rule": "whatfinger\\.com\\/wp-content\\/uploads\\/2025\\/08\\/Screenshot-2025-08-15-180330\\.png",
            "cookies": 0,
            "fingerprinting": 0,
            "subdomains": [
                "choiceclips"
            ],
            "apis": {},
            "sites": 3,
            "prevalence": 0.0000205,
            "cnames": [],
            "responseHashes": [
                "e7410adc173b0a37440440728773d56c8ad6b8927f2bc4a54d10be29b2bf5ec5"
            ],
            "type": "Image",
            "firstPartyCookies": {},
            "firstPartyCookiesSent": {},
            "exampleSites": [
                "canadafreepress.com",
                "theeconomiccollapseblog.com",
                "www.georgiarecord.com"
            ]
        },
        {
            "rule": "whatfinger\\.com\\/wp-content\\/uploads\\/2025\\/08\\/Screenshot-2025-08-14-214411\\.png",
            "cookies": 0,
            "fingerprinting": 0,
            "subdomains": [
                "choiceclips"
            ],
            "apis": {},
            "sites": 5,
            "prevalence": 0.0000342,
            "cnames": [],
            "responseHashes": [
                "0625de15de13082836f114114bdaa8189e083734e10384d034d06c4b54404247"
            ],
            "type": "Image",
            "firstPartyCookies": {},
            "firstPartyCookiesSent": {},
            "exampleSites": [
                "slaynews.com",
                "theamericantribune.com",
                "wltreport.com",
                "www.georgiarecord.com",
                "www.theburningplatform.com"
            ]
        },
        {
            "rule": "whatfinger\\.com\\/wp-content\\/uploads\\/2025\\/08\\/Screenshot-2025-08-14-171428\\.png",
            "cookies": 0,