{
    "domain": "wholesalegorilla.app",
    "owner": {},
    "source": [
        "DuckDuckGo-US"
    ],
    "prevalence": 0.000144,
    "sites": 21,
    "subdomains": [
        "www"
    ],
    "cnames": [],
    "fingerprinting": 1,
    "resources": [
        {
            "rule": "wholesalegorilla\\.app\\/shop_assets\\/wsg-index\\.js",
            "cookies": 0,
            "fingerprinting": 1,
            "subdomains": [
                "www"
            ],
            "apis": {
                "window.sessionStorage": 14
            },
            "sites": 16,
            "prevalence": 0.000109,
            "cnames": [],
            "responseHashes": [
                "520113d570e3da1129304f40a6338826468b1a06a0b6bb2907766f86f11dd7ce",
                "6bc069b7b0df4debadeb92ac8e3014896db4bfc7443425a6956910f1b9c8e91c"
            ],
            "type": "Script",
            "firstPartyCookies": {},
            "firstPartyCookiesSent": {},
            "exampleSites": [
                "alleviatetherapy.com",
                "armament.com",
                "atsdiesel.com",
                "dellahome.com",
                "dosedaily.co",
                "eatfishwife.com",
                "listenup.com",
                "mainstreetexchangeapparel.com",
                "mountainsmith.com",
                "officialbarbaraoneill.com",
                "puritycoffee.com",
                "rallitek.com",
                "singer-featherweight.com",
                "sportcoffee.com",
                "truewerk.com",
                "www.weizeus.com"
            ]
        },
        {
            "rule": "wholesalegorilla\\.app\\/proxy\\/basic-shop-info",
            "cookies": 0,
            "fingerprinting": 0,
            "subdomains": [
                "www"
            ],
            "apis": {},
            "sites": 15,
            "prevalence": 0.000103,
            "cnames": [],
            "responseHashes": [
                "690e8be34d952467b6f1648f3b17c0174678e339d07a3a24f05306e5439dc189",
                "8f1b185eb30f3c671a3077c466fe584fac4617246f523663d9c002d24ba10be2",
                "34ccd4b774bb6f6a8c10796129a7b1b0cc3d8b81da963170488f878a119d87f2",
                "c4c72afe1745e04910a37f0517b9e376467ea1fb0081d32cb553f72c6e37a49f",
                "72b90c6d5aad7cbd6726cb50b2bf7d138ec4c2ed8050a373fcfef3c9fc4d135b",
                "3f544d53457b13631fd2517daf068942947546a7a2ce5450abc510655ed84deb",
                "5063b5195bea0cec774b56daea94cd5d472246c5dab0b303853ce7e272b6228f",
                "5d1c6a16f946f1322dc0ca1b0acc486c697ef924a188d796d59e27cdf23f5423",
                "2036cd55aa952d82ded17b5f3b254d512916f1098288cb5dd4917fb6b23d3242",
                "5e3869cdce0050e59ba2e7351e770612908f4af0e7c65a9bc53e5a173cb7ec60",
                "80aaa9958a82906a882e68d6c7990b7b40f6fc6871e3b6df67ae0cae41171308",
                "ed641bc6dc05436a8e55cdfdbdd09220993e41820b3055ed70654eb95492df32",
                "c01b0ef9b3e0b18c8afb5145da88ab5240eb024f228dd519b7635e4d0b8543ad",
                "3ba5978bb467802c35832ae75913ba354dd79d9196d3decca92fcf0254637d81"
            ],
            "type": "XHR",
            "firstPartyCookies": {},
            "firstPartyCookiesSent": {},
            "exampleSites": [
                "alleviatetherapy.com",
                "armament.com",
                "atsdiesel.com",
                "dellahome.com",
                "eatfishwife.com",
                "listenup.com",
                "mainstreetexchangeapparel.com",
                "mountainsmith.com",
                "officialbarbaraoneill.com",
                "puritycoffee.com",
                "rallitek.com",
                "singer-featherweight.com",
                "sportcoffee.com",
                "truewerk.com",
                "www.weizeus.com"
            ]
        },
        {
            "rule": "wholesalegorilla\\.app\\/shop_assets\\/wsg-exclusions\\.js",
            "cookies": 0,
            "fingerprinting": 1,
            "subdomains": [
                "www"
            ],
            "apis": {
                "window.sessionStorage": 14,
                "Document.cookie getter": 14
            },
            "sites": 14,
            "prevalence": 0.0000958,
            "cnames": [],
            "responseHashes": [
                "0ce5f85cdfcce0b5a9aff70e1f9569e3597283632cd62ba1cfb01c48c23d6062"
            ],
            "type": "Script",
            "firstPartyCookies": {},
            "firstPartyCookiesSent": {},
            "exampleSites": [
                "armament.com",
                "atsdiesel.com",
                "dellahome.com",
                "eatfishwife.com",
                "listenup.com",
                "mainstreetexchangeapparel.com",
                "mountainsmith.com",
                "officialbarbaraoneill.com",
                "puritycoffee.com",
                "rallitek.com",
                "singer-featherweight.com",
                "sportcoffee.com",
                "truewerk.com",
                "www.weizeus.com"
            ]
        }
    ],
    "categories": [],
    "performance": {},
    "cookies": 0,
    "topInitiators": [
        {
            "domain": "first party",
            "prevalence": 0.9464285714285714
        },
        {
            "domain": "visually-io.com",
            "prevalence": 0.03571428571428571
        },
        {
            "domain": "shopify.com",
            "prevalence": 0.017857142857142856
        }
    ],
    "types": {
        "Script": 30,
        "XHR": 15
    },
    "nameservers": [
        "vick.ns.cloudflare.com",
        "roxy.ns.cloudflare.com"
    ]
}