{
    "domain": "withremark.com",
    "owner": {},
    "source": [
        "DuckDuckGo-US"
    ],
    "prevalence": 0.00015,
    "sites": 22,
    "subdomains": [
        "chat-widget",
        "chat-widget-77gnkxwg8.cdn",
        "api"
    ],
    "cnames": [],
    "fingerprinting": 1,
    "resources": [
        {
            "rule": "withremark\\.com\\/api\\/loader",
            "cookies": 0,
            "fingerprinting": 1,
            "subdomains": [
                "chat-widget"
            ],
            "apis": {
                "window.localStorage": 8
            },
            "sites": 14,
            "prevalence": 0.0000958,
            "cnames": [],
            "responseHashes": [
                "9bc5cbd53160354ab9405d141681ec7d1181aba3ee8eb366232d3097ba6e9957",
                "4e81d4a416c0e7ac0c008579d138ee638fbcfc8959351b23c5eaef37b18ecba7",
                "ed74371c96445cef8cb6afcf884deebc4e8fca0329397f340d06b74ad15a953c",
                "9a5dc538de11776ed77b600a0942e8d9d6d5b159e97e62c2092f424a0008c79f",
                "2c91aff9bef861c251335b8b4ec73a899adb742c09ab30f26fa3b064838a7a01",
                "fb913e7c3fdf6870774f944b69473429e95c597d5fe05d5013b96c069d56ac1d",
                "91210dc427f51042730a85344d28ff9999cbdcc0e062b1daa38dcc16ed24a0c6",
                "3754606dd2bae2d391b96f6127c3dba22e84b642a560b9e5c21ea1c14e84dfc7",
                "3dbbc38c52895da90cd75c4c15789998908ddcc4f4754fe15f8027e4bcc2c99e",
                "311fb9e7b113aeeea30451f5cca91fc6b949fb75bedd0021df5e48dcd2c64d9e",
                "0324505c449effc9d8c97d50aec697d408f94a23e3462295afafc5350d48de3e",
                "d06a4e2a5b64571c4a5b323ec94972b6ea730d517d906a9e9f7ec623e0f2096c"
            ],
            "type": "Script",
            "firstPartyCookies": {},
            "firstPartyCookiesSent": {},
            "exampleSites": [
                "buycycle.com",
                "darntough.com",
                "decked.com",
                "feetures.com",
                "headphones.com",
                "kavu.com",
                "peakdesign.com",
                "ride1up.com",
                "whiteduckoutdoors.com",
                "www.bigagnes.com",
                "www.bubsnaturals.com",
                "www.peakdesign.com",
                "www.pearlizumi.com",
                "www.prioritybicycles.com"
            ]
        },
        {
            "rule": "withremark\\.com\\/web-components\\/chat-widget\\.js",
            "cookies": 0,
            "fingerprinting": 0,
            "subdomains": [
                "chat-widget-77gnkxwg8.cdn"
            ],
            "apis": {},
            "sites": 13,
            "prevalence": 0.0000889,
            "cnames": [],
            "responseHashes": [
                "3b2ed78cf2976f89ed2c7b5df670bf2d9fdb4fff3fb494f78aa776c341ccbc7e"
            ],
            "type": "Script",
            "firstPartyCookies": {},
            "firstPartyCookiesSent": {},
            "exampleSites": [
                "darntough.com",
                "decked.com",
                "feetures.com",
                "headphones.com",
                "kavu.com",
                "peakdesign.com",
                "ride1up.com",
                "whiteduckoutdoors.com",
                "www.bigagnes.com",
                "www.bubsnaturals.com",
                "www.peakdesign.com",
                "www.pearlizumi.com",
                "www.prioritybicycles.com"
            ]
        },
        {
            "rule": "withremark\\.com\\/chunk-HCCID767\\.js",
            "cookies": 0,
            "fingerprinting": 0,
            "subdomains": [
                "chat-widget-77gnkxwg8.cdn"
            ],
            "apis": {},
            "sites": 13,
            "prevalence": 0.0000889,
            "cnames": [],
            "responseHashes": [
                "6e33e2eca89ca1c2f8f42ea2d8311d6f8de5e9bc30a17ae31f9867d35fc8fa0a"
            ],
            "type": "Script",
            "firstPartyCookies": {},
            "firstPartyCookiesSent": {},
            "exampleSites": [
                "darntough.com",
                "decked.com",
                "feetures.com",
                "headphones.com",
                "kavu.com",
                "peakdesign.com",
                "ride1up.com",
                "whiteduckoutdoors.com",
                "www.bigagnes.com",
                "www.bubsnaturals.com",
                "www.peakdesign.com",
                "www.pearlizumi.com",
                "www.prioritybicycles.com"
            ]
        },
        {
            "rule": "withremark\\.com\\/chunk-KLRD7ITE\\.js",
            "cookies": 0,
            "fingerprinting": 0,
            "subdomains": [
                "chat-widget-77gnkxwg8.cdn"
            ],
            "apis": {},
            "sites": 13,
            "prevalence": 0.0000889,
            "cnames": [],
            "responseHashes": [
                "d2d60d5d15f741d74a2013814dd3a6af56d8c642786b97ff61d398eb77d783d1"
            ],
            "type": "Script",
            "firstPartyCookies": {},
            "firstPartyCookiesSent": {},
            "exampleSites": [
                "darntough.com",
                "decked.com",
                "feetures.com",
                "headphones.com",
                "kavu.com",
                "peakdesign.com",
                "ride1up.com",
                "whiteduckoutdoors.com",
                "www.bigagnes.com",
                "www.bubsnaturals.com",
                "www.peakdesign.com",
                "www.pearlizumi.com",
                "www.prioritybicycles.com"
            ]
        },
        {
            "rule": "withremark\\.com\\/chunk-WMUCAYQH\\.js",
            "cookies": 0,
            "fingerprinting": 0,
            "subdomains": [
                "chat-widget-77gnkxwg8.cdn"
            ],
            "apis": {},
            "sites": 13,
            "prevalence": 0.0000889,
            "cnames": [],
            "responseHashes": [
                "9f8b390147781d7bd0769d13752f8390bd49e174b1bd5880a9edb2fea5a05462"
            ],
            "type": "Script",
            "firstPartyCookies": {},
            "firstPartyCookiesSent": {},
            "exampleSites": [
                "darntough.com",
                "decked.com",
                "feetures.com",
                "headphones.com",
                "kavu.com",
                "peakdesign.com",
                "ride1up.com",
                "whiteduckoutdoors.com",
                "www.bigagnes.com",
                "www.bubsnaturals.com",
                "www.peakdesign.com",
                "www.pearlizumi.com",
                "www.prioritybicycles.com"
            ]
        },
        {
            "rule": "withremark\\.com\\/chunk-3BBMHIM5\\.js",
            "cookies": 0,
            "fingerprinting": 0,
            "subdomains": [
                "chat-widget-77gnkxwg8.cdn"
            ],
            "apis": {},
            "sites": 13,
            "prevalence": 0.0000889,
            "cnames": [],
            "responseHashes": [
                "ae1cd8ff177b1f468d3bc7709b5b1da494fa8e7f81e24f665c4ab843dc037c17"
            ],
            "type": "Script",
            "firstPartyCookies": {},
            "firstPartyCookiesSent": {},
            "exampleSites": [
                "darntough.com",
                "decked.com",
                "feetures.com",
                "headphones.com",
                "kavu.com",
                "peakdesign.com",
                "ride1up.com",
                "whiteduckoutdoors.com",
                "www.bigagnes.com",
                "www.bubsnaturals.com",
                "www.peakdesign.com",
                "www.pearlizumi.com",
                "www.prioritybicycles.com"
            ]
        },
        {
            "rule": "withremark\\.com\\/graphql",
            "cookies": 0.0000137,
            "fingerprinting": 0,
            "subdomains": [
                "api"
            ],