{
    "domain": "wmt.digital",
    "owner": {},
    "source": [
        "DuckDuckGo-US"
    ],
    "prevalence": 0.000274,
    "sites": 40,
    "subdomains": [
        "ads",
        "pusher"
    ],
    "cnames": [],
    "fingerprinting": 0,
    "resources": [
        {
            "rule": "wmt\\.digital\\/delivery\\/asyncjs\\.php",
            "cookies": 0.000109,
            "fingerprinting": 0,
            "subdomains": [
                "ads"
            ],
            "apis": {},
            "sites": 16,
            "prevalence": 0.000109,
            "cnames": [],
            "responseHashes": [
                "99e4bf6ef70146b8ae4a7e45f86af0bfa915f2219ede75b8e968197f367c07fc"
            ],
            "type": "Script",
            "firstPartyCookies": {},
            "firstPartyCookiesSent": {},
            "exampleSites": [
                "auburntigers.com",
                "byucougars.com",
                "goaztecs.com",
                "gobearcats.com",
                "gopsusports.com",
                "gostanford.com",
                "goutsa.com",
                "hawkeyesports.com",
                "hokiesports.com",
                "huskers.com",
                "provolleyball.com",
                "purduesports.com",
                "themw.com",
                "thesundevils.com",
                "ucfknights.com",
                "www.osaa.org"
            ]
        },
        {
            "rule": "wmt\\.digital\\/delivery\\/asyncspc\\.php",
            "cookies": 0.0000821,
            "fingerprinting": 0,
            "subdomains": [
                "ads"
            ],
            "apis": {},
            "sites": 12,
            "prevalence": 0.0000821,
            "cnames": [],
            "responseHashes": [
                "81333fa5b66d32306ffbf50ea0eb13c3df8ca11e5e6ed00c2af334500bbd7f6f",
                "5d18a2e13bbd8db51788eb84c54eacd2f18b8c9a6f9ddba00c12c7706f8bdc6f",
                "414ef6f0df6ff447d58cc9129ef1a963984cab43d597e909b53bd91591679bfb",
                "df449ce1a922e54d0af675206a3e60be0cd75a24aeeadf3820c1a514a56652c0",
                "76f0cd33a4d79ddcf36515fda161e631ae1b921f14d5a6969e7612016a5a0cbb",
                "e8673717a0570c51dfb5328b0857892dca9ddd27dea89cce51e2a61b15912550",
                "41a5b8f2127128c3ad907bc5d3fd9e901bc2b3855931367a01e3dab827aee8ea",
                "d982dcb8cc868a54b2edbdf56c907d700beec8be7cdae95b11dc020e68c48ba3",
                "ebde137e0c72d12aea0a2b2a2d136a4e5b9a5fd542adc477d3251f71b112eb14",
                "3e942f803caabd829bb15918750beedb46377e99425e82349de51f1b32d5def9",
                "02767dd9727727d7858ba0fd40a09cac04dfb1a53a13068e93e83cb4473277d4"
            ],
            "type": "XHR",
            "firstPartyCookies": {},
            "firstPartyCookiesSent": {},
            "exampleSites": [
                "auburntigers.com",
                "byucougars.com",
                "goaztecs.com",
                "gopsusports.com",
                "gostanford.com",
                "goutsa.com",
                "hokiesports.com",
                "huskers.com",
                "provolleyball.com",
                "themw.com",
                "ucfknights.com",
                "www.osaa.org"
            ]
        },
        {
            "rule": "wmt\\.digital\\/delivery\\/lg\\.php",
            "cookies": 0.000137,
            "fingerprinting": 0,
            "subdomains": [
                "ads"
            ],
            "apis": {},
            "sites": 20,
            "prevalence": 0.000137,
            "cnames": [],
            "responseHashes": [
                "e963e7196beb9123059ec3534b042ebcd1ef0a470fa568bfbebfeab2f33c4fda"
            ],
            "type": "Image",
            "firstPartyCookies": {},
            "firstPartyCookiesSent": {},
            "exampleSites": [
                "auburntigers.com",
                "byucougars.com",
                "clemsontigers.com",
                "fightingirish.com",
                "goaztecs.com",
                "golobos.com",
                "gopsusports.com",
                "gostanford.com",
                "goutsa.com",
                "hokiesports.com",
                "huskers.com",
                "lsusports.net",
                "miamihurricanes.com",
                "provolleyball.com",
                "ramblinwreck.com",
                "themw.com",
                "ucfknights.com",
                "ukathletics.com",
                "virginiasports.com",
                "www.osaa.org"
            ]
        },
        {
            "rule": "wmt\\.digital\\/delivery\\/ajs\\.php",
            "cookies": 0.0000547,
            "fingerprinting": 0,
            "subdomains": [
                "ads"
            ],
            "apis": {},
            "sites": 8,
            "prevalence": 0.0000547,
            "cnames": [],
            "responseHashes": [
                "cf9ca6d3e1c5ca02caafb4365ad4c77b6901073d06975f8d1ca2fbcd9a4dffa4",
                "5ce48359149b5b0080da8cb640f207332e6b188acabc26bb86fece046d39592c",
                "a6bfe22f2b8c1cac0d450cc7db85ead8bc9735382a53d41bfbadecbd945ce520",
                "a9eb17dde7839c992e0b7fa9bd55d8062cc41a57dc2b922cf67262b8d8216531",
                "48672dbb0e2a2625a26d9d668d4c0411c89d3ee7fd398b379f175ea87f8e8b8b",
                "d8b5246051afbb2667b79205dfbc2d1296b19b5cde3d6a204469cb1762e6a668",
                "b631f12fcce80953d8cf5e3f5394f53502fc289457997a6d92b3cbc72794085e"
            ],
            "type": "Script",
            "firstPartyCookies": {},
            "firstPartyCookiesSent": {},
            "exampleSites": [
                "clemsontigers.com",
                "fightingirish.com",
                "golobos.com",
                "lsusports.net",
                "miamihurricanes.com",
                "ramblinwreck.com",
                "ukathletics.com",
                "virginiasports.com"
            ]
        },
        {
            "rule": "wmt\\.digital\\/app\\/qixiy1S0BDdJYNiuGlLWP_",
            "cookies": 0,
            "fingerprinting": 0,
            "subdomains": [
                "pusher"
            ],
            "apis": {},
            "sites": 2,
            "prevalence": 0.0000137,
            "cnames": [],
            "responseHashes": [],
            "type": "WebSocket",
            "firstPartyCookies": {},
            "firstPartyCookiesSent": {},
            "exampleSites": [
                "gamecocksonline.com",
                "gostanford.com"
            ]
        }
    ],
    "categories": [],
    "performance": {},
    "cookies": 0.000267,
    "topInitiators": [
        {
            "domain": "first party",
            "prevalence": 0.9925373134328358
        },
        {
            "domain": "wmt.games",
            "prevalence": 0.007462686567164179
        }
    ],
    "types": {
        "Script": 24,
        "XHR": 12,
        "Image": 20,
        "WebSocket": 2
    },
    "nameservers": [
        "ns-cloud-e2.googledomains.com",
        "ns-cloud-e1.googledomains.com",
        "ns-cloud-e4.googledomains.com",
        "ns-cloud-e3.googledomains.com"
    ]
}