{
    "domain": "wpnsrv.com",
    "owner": {},
    "source": [
        "DuckDuckGo-US"
    ],
    "prevalence": 0.000287,
    "sites": 42,
    "subdomains": [
        "js"
    ],
    "cnames": [],
    "fingerprinting": 2,
    "resources": [
        {
            "rule": "wpnsrv\\.com\\/pn\\.php",
            "cookies": 0.000164,
            "fingerprinting": 1,
            "subdomains": [
                "js"
            ],
            "apis": {
                "Document.cookie getter": 26,
                "Navigator.prototype.userAgent": 25,
                "Document.cookie setter": 24,
                "Notification.permission": 26
            },
            "sites": 32,
            "prevalence": 0.000219,
            "cnames": [],
            "responseHashes": [
                "b5c0a71e77e127da8090462b75b686d7911e43521efc6b1e1143b34b702ef2dd"
            ],
            "type": "Script",
            "firstPartyCookies": {
                "pn-zone-4694592": {
                    "ttl": 3888007,
                    "length": 13,
                    "prevalence": 0.000006840881105486387,
                    "uniqueness": 1
                },
                "pn-zone-3670315": {
                    "ttl": 3888002,
                    "length": 13,
                    "prevalence": 0.000006840881105486387,
                    "uniqueness": 1
                },
                "pn-zone-5111734": {
                    "ttl": 3888002,
                    "length": 13,
                    "prevalence": 0.000034204405527431934,
                    "uniqueness": 1
                },
                "pn-zone-3199593": {
                    "ttl": 3888002,
                    "length": 13,
                    "prevalence": 0.000034204405527431934,
                    "uniqueness": 1
                },
                "pn-zone-3231172": {
                    "ttl": 3888005,
                    "length": 13,
                    "prevalence": 0.000013681762210972774,
                    "uniqueness": 1
                },
                "pn-zone-3505123": {
                    "ttl": 3888003,
                    "length": 13,
                    "prevalence": 0.000006840881105486387,
                    "uniqueness": 1
                },
                "pn-zone-4795272": {
                    "ttl": 3888002,
                    "length": 13,
                    "prevalence": 0.000006840881105486387,
                    "uniqueness": 1
                },
                "pn-zone-4679368": {
                    "ttl": 3888005,
                    "length": 13,
                    "prevalence": 0.000006840881105486387,
                    "uniqueness": 1
                },
                "pn-zone-4623404": {
                    "ttl": 3888002,
                    "length": 13,
                    "prevalence": 0.000006840881105486387,
                    "uniqueness": 1
                },
                "pn-zone-3765051": {
                    "ttl": 3888002,
                    "length": 13,
                    "prevalence": 0.000006840881105486387,
                    "uniqueness": 1
                },
                "pn-zone-5551554": {
                    "ttl": 3888001,
                    "length": 13,
                    "prevalence": 0.000006840881105486387,
                    "uniqueness": 1
                },
                "pn-zone-3307828": {
                    "ttl": 3888007,
                    "length": 13,
                    "prevalence": 0.000006840881105486387,
                    "uniqueness": 1
                },
                "pn-zone-4255510": {
                    "ttl": 3888002,
                    "length": 13,
                    "prevalence": 0.000006840881105486387,
                    "uniqueness": 1
                },
                "pn-zone-4872816": {
                    "ttl": 3888004,
                    "length": 13,
                    "prevalence": 0.000006840881105486387,
                    "uniqueness": 1
                },
                "pn-zone-5567916": {
                    "ttl": 3888000,
                    "length": 13,
                    "prevalence": 0.000006840881105486387,
                    "uniqueness": 1
                }
            },
            "firstPartyCookiesSent": {},
            "exampleSites": [
                "heavy-r.plus",
                "www.madurashd.com",
                "en.pornoreino.com",
                "vrsumo.com",
                "antarvasnahd.com",
                "www.pictoa.com",
                "18kit.com",
                "xfree.baby",
                "efukt.tv",
                "indiansexmms.co",
                "nl.pictoa.com",
                "de.pictoa.com",
                "milkporntube.com",
                "www.imperiodefamosas.com",
                "it.pictoa.com",
                "celebsnudeworld.com",
                "www.pornoreino.com",
                "fsiblog.info",
                "es.pictoa.com",
                "porzo.me"
            ]
        },
        {
            "rule": "wpnsrv\\.com\\/worker\\.php",
            "cookies": 0,
            "fingerprinting": 0,
            "subdomains": [
                "js"
            ],
            "apis": {},
            "sites": 25,
            "prevalence": 0.000171,
            "cnames": [],
            "responseHashes": [
                "3a66e410eb25c0c74734c046ab31ae7eb69fb47fde0b6e235abbb58dace266bc"
            ],
            "type": "Other",
            "firstPartyCookies": {},
            "firstPartyCookiesSent": {},
            "exampleSites": [
                "heavy-r.plus",
                "milkporntube.com",
                "ashemaletv.com",
                "porzo.me",
                "fr.pictoa.com",
                "javplayer.org",
                "hcbdsm.com",
                "gaychik.art",
                "hddesivideos.com",
                "www.pictoa.com",
                "fsiblog.info",
                "tubesafari.net",
                "www.imperiodefamosas.com",
                "cartoonporn24.com",
                "recordbate.com",
                "www.pornoreino.com",
                "vrsumo.com",
                "www.koreanporn.tube",
                "cliphunter.global",
                "en.pornoreino.com"
            ]
        }
    ],
    "categories": [],
    "performance": {},
    "cookies": 0.000198,
    "topInitiators": [
        {
            "domain": "first party",
            "prevalence": 1
        }
    ],
    "types": {
        "Script": 32,
        "Other": 25
    },
    "nameservers": [
        "ns1.dnsowl.com",
        "ns2.dnsowl.com",
        "ns3.dnsowl.com"
    ]
}