{
    "domain": "wsrv.nl",
    "owner": {},
    "source": [
        "DuckDuckGo-US"
    ],
    "prevalence": 0.000116,
    "sites": 17,
    "subdomains": [],
    "cnames": [],
    "fingerprinting": 0,
    "resources": [
        {
            "rule": "wsrv\\.nl\\/",
            "cookies": 0,
            "fingerprinting": 0,
            "subdomains": [],
            "apis": {},
            "sites": 13,
            "prevalence": 0.0000889,
            "cnames": [],
            "responseHashes": [
                "997498e9e2c2d72f7cf5e7dc50effc24cf76b7d72fdf5ba3506e98e385eb4358",
                "735c7d915e30c7a15ba9e9bef5f8a99356ff5972186a0063319287f3e645fb88",
                "cf41dbfa42a4a2372de0f697e52e7087e83fec6516a3d9894931b4711a3db8a3",
                "ac929ad400ecf492c455a533982e65ff5581fe9b68d41617d7920a51c74c0147",
                "86db7830cf0c812d7e6e907e3b81d72e6465e3d1084b62ab501d9da95e77f3b4",
                "953dd6c174f3ef3156265889f363f546a6cfee791b06d64e1dedff7c883df72e",
                "5372df93fb343d36df9913ef263ce2cc85433fb324e78ba2e8cea604f8bbdcd5",
                "3af1b6045422288d1423139e7d87a531c7b477f7f61083aacfb213d17972154d",
                "5ff88f52862d52ec6fcda5452afbfc77825a11ca0aea84f5e38c61685287ee4d",
                "d364cbcd852dee5d3be142b6d0949e1be3dec12785714a06b3aa71c81db69e40",
                "5ad92a4eec75fcd70285c0507b631ea95e787ccb83f60e3cd7a4c1dab94c24e1",
                "5d7a69887ac83a8321f8b132cebf752cddaf22a3535ac173ea5ab6d910339f50"
            ],
            "type": "Image",
            "firstPartyCookies": {},
            "firstPartyCookiesSent": {
                "_li_dcdm_c": 0.000006840881105486387,
                "lotame_domain_check": 0.000013681762210972774
            },
            "exampleSites": [
                "bokepindox.pro",
                "lunatoons.org",
                "modrinth.com",
                "mrmod.app",
                "premiumx.pages.dev",
                "puck.news",
                "www.coastal1.org",
                "www.duellinksmeta.com",
                "www.hockeyfeed.com",
                "www.masterduelmeta.com",
                "www.pokemonmeta.com",
                "xat.com"
            ]
        }
    ],
    "categories": [],
    "performance": {},
    "cookies": 0,
    "topInitiators": [
        {
            "domain": "first party",
            "prevalence": 1
        }
    ],
    "types": {
        "Image": 13
    },
    "nameservers": [
        "jim.ns.cloudflare.com",
        "iris.ns.cloudflare.com"
    ]
}