{
    "domain": "xcottons.com",
    "owner": {},
    "source": [
        "DuckDuckGo-US"
    ],
    "prevalence": 0.000123,
    "sites": 18,
    "subdomains": [
        "seller",
        "sslstaticus"
    ],
    "cnames": [],
    "fingerprinting": 3,
    "resources": [
        {
            "rule": "xcottons\\.com\\/go\\/packageOpenApiWeb\\/plugins\\/calcFunc",
            "cookies": 0,
            "fingerprinting": 0,
            "subdomains": [
                "seller"
            ],
            "apis": {},
            "sites": 13,
            "prevalence": 0.0000889,
            "cnames": [],
            "responseHashes": [
                "6454bf92bcfe733ee74d6196fcbf7831cf9869a33f153cadd6ca4a2f8f699294",
                "24a1600b7533c919327d26cbbb05b3e215d4782b190140326ff7215a4980f5a0",
                "1f07ae5d67c2cb31a94b3a08ad9a4dcbcfbc77cedd223b75b52db00113dde4f4",
                "ed4089b38c41a6b6aad022dd736b5d72ec16d9234b208b2836fa9cadebdef77f",
                "9c08ccbaaebc7d15cef31410bbe92db3c1d899929f03fb7d25d459f3ff4d35f2",
                "ecf73b599911c4e24266e453303567a5aba7bc37c0b028af97d9eb9a19f933e9",
                "250a9726ef78be155c818db30b5121a850f90beccbb7382988637ee435b87320",
                "447042527e201eca1f73d5b50abedd1e40b7c4d63f2864bb761ec5f6550765b2",
                "5fe434d3c8d44ed9d7f325ea3882d9340463be3615e6beb4c0f851a8b16b2d65",
                "2def04f572b536d4652a9c4188ffef7d5afa00fc0beece7eb6c2aa4ff1707615",
                "5ad2380ff46874091d63b797e0e350f12baa9ac6fbcbca75ff076962431ef431",
                "33bd6c4b810cc96cf9ca5d2224dfde47c15f5d1ee4c27be83fea33f78c0f4441"
            ],
            "type": "Script",
            "firstPartyCookies": {},
            "firstPartyCookiesSent": {},
            "exampleSites": [
                "betterlovedoll.com",
                "ejaguard.com",
                "epomaker.com",
                "merachfit.com",
                "mooncool.com",
                "tuttiosport.com",
                "us.nothing.tech",
                "www.arccaptain.com",
                "www.dreo.com",
                "www.lymow.com",
                "www.puckipuppy.com",
                "www.ritfitsports.com",
                "www.yarbo.com"
            ]
        },
        {
            "rule": "xcottons\\.com\\/go\\/xmhCustomerApiWeb\\/report\\/userReport",
            "cookies": 0,
            "fingerprinting": 0,
            "subdomains": [
                "seller"
            ],
            "apis": {},
            "sites": 8,
            "prevalence": 0.0000547,
            "cnames": [],
            "responseHashes": [
                "2543223c85f956f2cf21ed83bec0fd42c0e857d582d55f8c324977668a043ad2"
            ],
            "type": "Fetch",
            "firstPartyCookies": {},
            "firstPartyCookiesSent": {},
            "exampleSites": [
                "ejaguard.com",
                "epomaker.com",
                "merachfit.com",
                "tuttiosport.com",
                "www.arccaptain.com",
                "www.dreo.com",
                "www.puckipuppy.com",
                "www.ritfitsports.com"
            ]
        },
        {
            "rule": "xcottons\\.com\\/go\\/xmhCustomerApiWeb\\/report\\/userReport",
            "cookies": 0,
            "fingerprinting": 0,
            "subdomains": [
                "seller"
            ],
            "apis": {},
            "sites": 8,
            "prevalence": 0.0000547,
            "cnames": [],
            "responseHashes": [],
            "type": "Preflight",
            "firstPartyCookies": {},
            "firstPartyCookiesSent": {},
            "exampleSites": [
                "ejaguard.com",
                "epomaker.com",
                "merachfit.com",
                "tuttiosport.com",
                "www.arccaptain.com",
                "www.dreo.com",
                "www.puckipuppy.com",
                "www.ritfitsports.com"
            ]
        },
        {
            "rule": "xcottons\\.com\\/dev\\/xmh\\/parcel\\/img\\/close-icon\\.png",
            "cookies": 0,
            "fingerprinting": 0,
            "subdomains": [
                "sslstaticus"
            ],
            "apis": {},
            "sites": 3,
            "prevalence": 0.0000205,
            "cnames": [],
            "responseHashes": [
                "94e9a83adf9547b67a7f562ce168d12a494d7dabfeadd9c0b5eb8b6063122935"
            ],
            "type": "Image",
            "firstPartyCookies": {},
            "firstPartyCookiesSent": {},
            "exampleSites": [
                "epomaker.com",
                "mooncool.com",
                "tuttiosport.com"
            ]
        },
        {
            "rule": "xcottons\\.com\\/shopify-plugins\\/img\\/xcotton-logo-2\\.png",
            "cookies": 0,
            "fingerprinting": 0,
            "subdomains": [
                "sslstaticus"
            ],
            "apis": {},
            "sites": 5,
            "prevalence": 0.0000342,
            "cnames": [],
            "responseHashes": [
                "e8f17713fa5b281f2e04220c7d20778f5fe936fa501e420220d58eba1d939222"
            ],
            "type": "Image",
            "firstPartyCookies": {},
            "firstPartyCookiesSent": {},
            "exampleSites": [
                "epomaker.com",
                "merachfit.com",
                "mooncool.com",
                "tuttiosport.com",
                "www.ritfitsports.com"
            ]
        },
        {
            "rule": "xcottons\\.com\\/shopify-plugins\\/img\\/xcotton-slices\\.png",
            "cookies": 0,
            "fingerprinting": 0,
            "subdomains": [
                "sslstaticus"
            ],
            "apis": {},
            "sites": 3,
            "prevalence": 0.0000205,
            "cnames": [],
            "responseHashes": [
                "9de38666606c9c7af5bbba34aefea6de3fd4e95177cb3df7e1f0c163bf00b280"
            ],
            "type": "Image",
            "firstPartyCookies": {},
            "firstPartyCookiesSent": {},
            "exampleSites": [
                "epomaker.com",
                "mooncool.com",
                "tuttiosport.com"
            ]
        },
        {
            "rule": "xcottons\\.com\\/shopify-plugins\\/img\\/xcotton-question\\.png",
            "cookies": 0,
            "fingerprinting": 0,
            "subdomains": [
                "sslstaticus"
            ],
            "apis": {},
            "sites": 3,
            "prevalence": 0.0000205,
            "cnames": [],
            "responseHashes": [
                "e551f8d93ab7a806d41708415ebc0b3d6886de0b83b4b7571b52652e90c22a9a"
            ],
            "type": "Image",
            "firstPartyCookies": {},
            "firstPartyCookiesSent": {},
            "exampleSites": [
                "epomaker.com",
                "mooncool.com",
                "tuttiosport.com"
            ]
        },
        {
            "rule": "xcottons\\.com\\/shopify-plugins\\/xmh-idc\\/imgs\\/icon_xcotton_dialog_bg_649b6398c666ae73\\.png",
            "cookies": 0,
            "fingerprinting": 0,
            "subdomains": [
                "sslstaticus"
            ],
            "apis": {},
            "sites": 2,
            "prevalence": 0.0000137,
            "cnames": [],
            "responseHashes": [
                "ac5aa0cd01471aab68124409a6983c4bc7bcde577b1fed00704b4e34f105b2c2"
            ],
            "type": "Image",
            "firstPartyCookies": {},
            "firstPartyCookiesSent": {},
            "exampleSites": [
                "merachfit.com",
                "www.ritfitsports.com"
            ]
        },
        {
            "rule": "xcottons\\.com\\/shopify-plugins\\/xmh-idc\\/xcotton\\.v3-1-38\\.hesung\\.myshopify\\.com\\.js",
            "cookies": 0,
            "fingerprinting": 3,
            "subdomains": [
                "sslstaticus"
            ],