{
    "domain": "xtraffix.com",
    "owner": {},
    "source": [
        "DuckDuckGo-US"
    ],
    "prevalence": 0.000116,
    "sites": 17,
    "subdomains": [],
    "cnames": [],
    "fingerprinting": 1,
    "resources": [
        {
            "rule": "xtraffix\\.com\\/ads\\/pop\\.php",
            "cookies": 0.0000137,
            "fingerprinting": 1,
            "subdomains": [],
            "apis": {
                "Document.cookie getter": 14,
                "Navigator.prototype.language": 14,
                "Date.prototype.getTime": 2,
                "Document.cookie setter": 2
            },
            "sites": 14,
            "prevalence": 0.0000958,
            "cnames": [],
            "responseHashes": [
                "49ff01ddd1c39db95c4d314f85b6c01223e99e8b284c36e1d31bc21d85ed9b4f",
                "e57d4b02787432e358c9bd84bb2db573d876bbb34914b983ff13dd39f445a2de",
                "dc208074569fcb59486c5171e28470f37ca3b7bf111448dd3e937934854e8fa4",
                "07832cbde808814f20870a16b3409880e6c7c87559ca35a74777f03532074a72",
                "72df3e36f956460dea56a59e21d3563704a1da1251495b91b0e503fa37afd8f7",
                "26ac55e012b0c985a704f14448a75b8ea012c8531a7210065eb232af2735329c",
                "91d5a516354e68362b3df3d0ce4f07ed0272b5056082f0da7c90b4b730fdb724",
                "ac63883b3c482e97df3a0ae3cebc32a2fdab2f80343d6f97367837924d023b8e",
                "60c684863ded19a1dc5c28394dffeb754d90ce91e1afca42de0afe1151a21432"
            ],
            "type": "Script",
            "firstPartyCookies": {
                "m18usrloc": {
                    "ttl": 86402,
                    "length": 22,
                    "prevalence": 0.000013681762210972774,
                    "uniqueness": 0.5
                }
            },
            "firstPartyCookiesSent": {},
            "exampleSites": [
                "bananasfamosas.com.br",
                "clubeadulto.net",
                "en.thehentai.net",
                "hentais.blog",
                "novinhabucetuda.com",
                "thehentai.net",
                "videosdezoofilia.club",
                "www.hentaihome.net",
                "www.pornocarioca.com",
                "xvideos-hd.blog",
                "xvideosporno.blog.br",
                "zoofiliaporno.blog",
                "zooporn.blog",
                "zooxvideos.blog"
            ]
        }
    ],
    "categories": [],
    "performance": {},
    "cookies": 0.0000205,
    "topInitiators": [
        {
            "domain": "first party",
            "prevalence": 0.9565217391304348
        },
        {
            "domain": "maxfullad.com",
            "prevalence": 0.043478260869565216
        }
    ],
    "types": {
        "Script": 14
    },
    "nameservers": [
        "dane.ns.cloudflare.com",
        "sofia.ns.cloudflare.com"
    ]
}