{
    "domain": "xxxjmp.com",
    "owner": {},
    "source": [
        "DuckDuckGo-US"
    ],
    "prevalence": 0.000157,
    "sites": 23,
    "subdomains": [
        "go",
        "creative",
        "video"
    ],
    "cnames": [],
    "fingerprinting": 1,
    "resources": [
        {
            "rule": "xxxjmp\\.com\\/api\\/models\\/ts",
            "cookies": 0,
            "fingerprinting": 0,
            "subdomains": [
                "go"
            ],
            "apis": {},
            "sites": 12,
            "prevalence": 0.0000821,
            "cnames": [],
            "responseHashes": [
                "ac6fb677091e2a501efb3d5a0d6d67bbc5a76a6b2cdeb2d974827c111f577640",
                "e5b03ac1e689b39341243878177386f62b3bf991ef0fe449221959bbf840ffff",
                "14bf5a6199fe37ce6832fefd8a1967daaadb7b4bd9f36552ad1797603ffb07fc",
                "bbbe82c1f1f3810e8d7adfcbb1326295d5fc1c15f54b26042cb500029c8c36fb",
                "a83d76ec34625217e2b7e1d7bea532c78c575306dfd47e80241f2626fbe39fc7",
                "757d5d3828c97f5827e7b9e19622dc5830f02fc5e8b25e0c4822e9485b9f26d2",
                "c7cb3e1fc2a93d3b460eb7d2bbb057f94ee84ca983fa8ee7715e7b063d60be48",
                "3b59c5cf784f29a8d509d34fe4228e016b6f80a1c744b509f124b60c9bb9c7b8",
                "3c196cfc9c67b798ea8a8d458822bdafe583bab78db2073a6ab2ca5b5cfbda5b",
                "bc42e5f8c0b3aeab2683174c6ee9d23159352d3307fd4c865373494b27db582b",
                "ec7f840295b94e4435fe5c95736192dc3f5f2c5d052ad06b5d42d9584d5810cb"
            ],
            "type": "XHR",
            "firstPartyCookies": {},
            "firstPartyCookiesSent": {},
            "exampleSites": [
                "asstoo.com",
                "blackxxxgay.com",
                "bollywoodxxx.pro",
                "cartoonporn24.com",
                "daftsex.net",
                "deepfakesporn.com",
                "javhd.icu",
                "pornhits.net",
                "pornobae.net",
                "pusatporn18.com",
                "teensexybabes.com",
                "www.pornworms.com"
            ]
        },
        {
            "rule": "xxxjmp\\.com\\/smartpop\\/afa0924473ebc416215708dd4bc227b42d64c58d8c03749e916500cdf4e5a7f6",
            "cookies": 0.0000137,
            "fingerprinting": 0,
            "subdomains": [
                "go"
            ],
            "apis": {},
            "sites": 2,
            "prevalence": 0.0000137,
            "cnames": [],
            "responseHashes": [],
            "type": "Document",
            "firstPartyCookies": {},
            "firstPartyCookiesSent": {},
            "exampleSites": [
                "gate.cc",
                "celebgate.org"
            ]
        },
        {
            "rule": "xxxjmp\\.com\\/widgets\\/Spot\\/lib-auto\\.js",
            "cookies": 0,
            "fingerprinting": 2,
            "subdomains": [
                "creative"
            ],
            "apis": {
                "Navigator.prototype.userAgent": 4,
                "window.innerHeight": 4,
                "window.innerWidth": 4,
                "Navigator.prototype.vendor": 4,
                "Navigator.prototype.language": 4,
                "window.localStorage": 4,
                "MediaSource.isTypeSupported": 4,
                "HTMLMediaElement.prototype.canPlayType": 4
            },
            "sites": 4,
            "prevalence": 0.0000274,
            "cnames": [],
            "responseHashes": [
                "68ad6b4f6ceeb00910081f2bd50d247d61937e1d5077cea48f95c769498dac91"
            ],
            "type": "Script",
            "firstPartyCookies": {},
            "firstPartyCookiesSent": {},
            "exampleSites": [
                "porntrex.com",
                "www.porntrex.com",
                "www.porntrex.tv",
                "www.whoreshub.com"
            ]
        },
        {
            "rule": "xxxjmp\\.com\\/config",
            "cookies": 0,
            "fingerprinting": 0,
            "subdomains": [
                "go"
            ],
            "apis": {},
            "sites": 4,
            "prevalence": 0.0000274,
            "cnames": [],
            "responseHashes": [
                "9698744109a51c3e2bd47014d59e86105e0a447795f44d9d57486c4cf4da66b2",
                "c76d53e2e48720e9ad87cc34a6ec4ad7f1cc26319bd72d96e7e2d6c0975df9c7",
                "1e123735b388d9f201649dfa4479e4a2a9b6ed2aaa33830cbe6e30b0a98649cf"
            ],
            "type": "Fetch",
            "firstPartyCookies": {},
            "firstPartyCookiesSent": {},
            "exampleSites": [
                "porntrex.com",
                "www.porntrex.com",
                "www.porntrex.tv",
                "www.whoreshub.com"
            ]
        },
        {
            "rule": "xxxjmp\\.com\\/static\\/73420c4b\\/s\\/widgets\\/Spot\\/lang\\/en\\.json",
            "cookies": 0,
            "fingerprinting": 0,
            "subdomains": [
                "creative"
            ],
            "apis": {},
            "sites": 4,
            "prevalence": 0.0000274,
            "cnames": [],
            "responseHashes": [
                "065782e76dcfa6a9181cc36d69abefa429aafe2db2171b5d705a35b3fe234e3f"
            ],
            "type": "Fetch",
            "firstPartyCookies": {},
            "firstPartyCookiesSent": {},
            "exampleSites": [
                "porntrex.com",
                "www.porntrex.com",
                "www.porntrex.tv",
                "www.whoreshub.com"
            ]
        },
        {
            "rule": "xxxjmp\\.com\\/api\\/models",
            "cookies": 0,
            "fingerprinting": 0,
            "subdomains": [
                "go"
            ],
            "apis": {},
            "sites": 4,
            "prevalence": 0.0000274,
            "cnames": [],
            "responseHashes": [
                "974ccbc4e2d8df6962c00a2ce4ab9dd151f8ef6a9069681ebf6934ede2c19a1a",
                "0e870c9ce91448813e604a2b54b922600b8b29164fcb8df87c3d6d1edd30d7ca",
                "e59483696ea46b5025508aa820a7c49b123e1a101a7e9d8cc9e773f06604e5e1"
            ],
            "type": "Fetch",
            "firstPartyCookies": {},
            "firstPartyCookiesSent": {},
            "exampleSites": [
                "porntrex.com",
                "www.porntrex.com",
                "www.porntrex.tv",
                "www.whoreshub.com"
            ]
        },
        {
            "rule": "xxxjmp\\.com\\/app\\/domain-checker\\/get-check",
            "cookies": 0,
            "fingerprinting": 0,
            "subdomains": [
                "go"
            ],
            "apis": {},
            "sites": 4,
            "prevalence": 0.0000274,
            "cnames": [],
            "responseHashes": [
                "e3b0c44298fc1c149afbf4c8996fb92427ae41e4649b934ca495991b7852b855",
                "64267e13d8332594d7a490b1f119c0d1075b6705e290b1c078b01b6fff4d5957"
            ],
            "type": "Fetch",
            "firstPartyCookies": {},
            "firstPartyCookiesSent": {},
            "exampleSites": [
                "porntrex.com",
                "www.porntrex.com",
                "www.porntrex.tv",
                "www.whoreshub.com"
            ]
        },
        {
            "rule": "xxxjmp\\.com\\/abc\\.gif",
            "cookies": 0,
            "fingerprinting": 0,
            "subdomains": [
                "go"
            ],
            "apis": {},
            "sites": 4,
            "prevalence": 0.0000274,
            "cnames": [],
            "responseHashes": [
                "e3b0c44298fc1c149afbf4c8996fb92427ae41e4649b934ca495991b7852b855"
            ],
            "type": "Image",
            "firstPartyCookies": {},
            "firstPartyCookiesSent": {},