{
    "domain": "ymmobi.com",
    "owner": {},
    "source": [
        "DuckDuckGo-US"
    ],
    "prevalence": 0.0176,
    "sites": 2566,
    "subdomains": [
        "gw-iad-bid"
    ],
    "cnames": [],
    "fingerprinting": 0,
    "resources": [
        {
            "rule": "ymmobi\\.com\\/adx\\/user\\/sync",
            "cookies": 0.0125,
            "fingerprinting": 0,
            "subdomains": [
                "gw-iad-bid"
            ],
            "apis": {},
            "sites": 1974,
            "prevalence": 0.0135,
            "cnames": [],
            "responseHashes": [
                "1ed70d02696722505ec82915a7dd9fbf2c512366d009b74bdbe37c9869c250a4",
                "370dbc0a7e85181d81ecf29999a4782fc0fde9621e538b4d17887e2d1af1522d",
                "f4eef8263281c0b26486637831251059757bc3fdc4c3a48045a8ef8646b36e8f",
                "1866961a029c65376fefb7f2ba1e6187e09ff50ea58d97dedfd72c197947d002",
                "d346801abbf9bb4e9e9a055239053d4ab5596514304f601a6c70604187acb744",
                "a9aae5afc0ffa215763382ce8fd0e5e9f655af606881dc64a5450c698390bc09",
                "6b3da89922d333d106b84fefeebd7b16bfebf4cfbd7bef37fa10a47c471ae64c",
                "e3b0c44298fc1c149afbf4c8996fb92427ae41e4649b934ca495991b7852b855",
                "07383c96980710a04144e5a39ae59e7f9f74bcfd6462a6932ded48efe6d73bce"
            ],
            "type": "Image",
            "firstPartyCookies": {},
            "firstPartyCookiesSent": {
                "_cb_svref": 0.0002462717197975099
            },
            "exampleSites": [
                "9to5mac.com",
                "ballotpedia.org",
                "doctor.webmd.com",
                "forum.wordreference.com",
                "forums.macrumors.com",
                "heavy.com",
                "login.yahoo.com",
                "mail.yahoo.com",
                "pastebin.com",
                "psychcentral.com",
                "healthiersteps.com",
                "frieren.fandom.com",
                "tideking.com",
                "www.catster.com",
                "www.iheartnaptime.net",
                "www.mapple.net",
                "www.svtperformance.com",
                "www.presentationskills.me",
                "www.recipelion.com",
                "www.4devs.com.br"
            ]
        },
        {
            "rule": "ymmobi\\.com\\/adx\\/user\\/sync",
            "cookies": 0.00215,
            "fingerprinting": 0,
            "subdomains": [
                "gw-iad-bid"
            ],
            "apis": {},
            "sites": 357,
            "prevalence": 0.00244,
            "cnames": [],
            "responseHashes": [
                "36a9e7f1c95b82ffb99743e0c5c4ce95d83c9a430aac59f84ef3cbfab6145068"
            ],
            "type": "Document",
            "firstPartyCookies": {},
            "firstPartyCookiesSent": {},
            "exampleSites": [
                "dailycaller.com",
                "doctor.webmd.com",
                "hollywoodlife.com",
                "login.yahoo.com",
                "screenrant.com",
                "www.express.co.uk",
                "www.wordreference.com",
                "www.twitterperlen.de",
                "e.vnexpress.net",
                "lawenforcementtoday.com",
                "www.koreanbapsang.com",
                "www.404media.co",
                "chinesenewyear.net",
                "338canada.com",
                "www.lasestrellas.tv",
                "www.c-span.org",
                "vanguardia.com.mx",
                "www.desktophut.com",
                "net.hr",
                "mdpr.jp"
            ]
        },
        {
            "rule": "ymmobi\\.com\\/dsp\\/user\\/sync",
            "cookies": 0.00026,
            "fingerprinting": 0,
            "subdomains": [
                "gw-iad-bid"
            ],
            "apis": {},
            "sites": 41,
            "prevalence": 0.00028,
            "cnames": [],
            "responseHashes": [
                "e3b0c44298fc1c149afbf4c8996fb92427ae41e4649b934ca495991b7852b855"
            ],
            "type": "Image",
            "firstPartyCookies": {},
            "firstPartyCookiesSent": {},
            "exampleSites": [
                "www.ugreen.com",
                "thecommense.com",
                "www.tenorshare.com",
                "nl.aliexpress.com",
                "store.minisforum.com",
                "www.ritfitsports.com",
                "kion.ru",
                "lightinthebox.com",
                "www.hitpaw.com",
                "www.tenorshare.de",
                "us.roborock.com",
                "www.reiboot.com",
                "www.cupshe.com",
                "de.aliexpress.com",
                "www.lovense.com",
                "www.tenorshare.jp",
                "bloomchic.com",
                "m.avito.ru",
                "www.glassesshop.com",
                "cupshe.com"
            ]
        },
        {
            "rule": "ymmobi\\.com\\/cookies",
            "cookies": 0.0000821,
            "fingerprinting": 0,
            "subdomains": [
                "gw-iad-bid"
            ],
            "apis": {},
            "sites": 35,
            "prevalence": 0.000239,
            "cnames": [],
            "responseHashes": [
                "e3b0c44298fc1c149afbf4c8996fb92427ae41e4649b934ca495991b7852b855"
            ],
            "type": "Image",
            "firstPartyCookies": {},
            "firstPartyCookiesSent": {},
            "exampleSites": [
                "www.seaart.ai",
                "www.tenorshare.com",
                "www.ugreen.com",
                "www.glassesshop.com",
                "roborock.com",
                "www.vevor.ca",
                "store.minisforum.com",
                "www.ritfitsports.com",
                "www.lovense.com",
                "de.ugreen.com",
                "www.vevor.com",
                "www.flexispot.com",
                "www.fridayparts.com",
                "us.roborock.com",
                "4ddig.tenorshare.com",
                "www.cupshe.com",
                "tenorshare.com",
                "www.tenorshare.fr",
                "www.tenorshare.de",
                "fridayparts.com"
            ]
        },
        {
            "rule": "ymmobi\\.com\\/adx\\/user\\/sync",
            "cookies": 0.00028,
            "fingerprinting": 0,
            "subdomains": [
                "gw-iad-bid"
            ],
            "apis": {},
            "sites": 107,
            "prevalence": 0.000732,
            "cnames": [],
            "responseHashes": [
                "e3b0c44298fc1c149afbf4c8996fb92427ae41e4649b934ca495991b7852b855"
            ],
            "type": "Script",
            "firstPartyCookies": {},
            "firstPartyCookiesSent": {},
            "exampleSites": [
                "www.hauntedplaces.org",
                "www.good.is",
                "www.boxentriq.com",
                "biancazapatka.com",
                "sewingmachinetalk.com",
                "realcountrysizes.com",
                "www.skinnytaste.com",
                "hdontap.com",
                "www.treasurenet.com",
                "nytspellingbeeanswers.org",
                "tastesbetterfromscratch.com",
                "playtivities.com",
                "coleycooks.com",
                "www.pressurecookrecipes.com",
                "www.winnieowners.com",
                "www.onlinemictest.com",
                "www.errenskitchen.com",
                "savingtoinvest.com",
                "www.simplycanning.com",
                "practicallyhomemade.com"
            ]
        },
        {
            "rule": "ymmobi\\.com\\/adx\\/user\\/cookie_syn",
            "cookies": 0,
            "fingerprinting": 0,
            "subdomains": [
                "gw-iad-bid"
            ],
            "apis": {},
            "sites": 8,
            "prevalence": 0.0000547,
            "cnames": [],