{
    "domain": "zipify.com",
    "owner": {},
    "source": [
        "DuckDuckGo-US"
    ],
    "prevalence": 0.000349,
    "sites": 51,
    "subdomains": [
        "ocu",
        "events-ocu",
        "cdn03",
        "cdn17",
        "analytics"
    ],
    "cnames": [],
    "fingerprinting": 1,
    "resources": [
        {
            "rule": "zipify\\.com\\/widgets\\/v1\\/cart_drawer",
            "cookies": 0,
            "fingerprinting": 0,
            "subdomains": [
                "ocu"
            ],
            "apis": {},
            "sites": 10,
            "prevalence": 0.0000684,
            "cnames": [],
            "responseHashes": [],
            "type": "Preflight",
            "firstPartyCookies": {},
            "firstPartyCookiesSent": {},
            "exampleSites": [
                "bedrocksandals.com",
                "healing-sounds.com",
                "knifewear.com",
                "lavinialingerie.com",
                "triquetrahealth.com",
                "vandycrisps.com",
                "www.burlebo.com",
                "www.headphonezone.in",
                "www.masachips.com",
                "yankum.com"
            ]
        },
        {
            "rule": "zipify\\.com\\/widgets\\/v1\\/cart_drawer",
            "cookies": 0,
            "fingerprinting": 0,
            "subdomains": [
                "ocu"
            ],
            "apis": {},
            "sites": 10,
            "prevalence": 0.0000684,
            "cnames": [],
            "responseHashes": [
                "3e97e5e539fbee921426be649bee132623e7d381212a82f3c9826739092fcb62",
                "e484aa5d36a06ddc3d60d268d8df4cf52ae8046b438908f24ef72f89afb6c82c",
                "cc8ee1b34c0023e1bf715c4b81ebdfc684d331ff930940a1dbd5e6e498c2a510",
                "cb23b4b54a047fa7655dccf2ecc526697161e226fc11864397dedd26883d7718",
                "63544589fa6cb37fe9a33eb1ebd2d347f22cf744505310d57b8943bb8ea6df88",
                "9b235825ef2985d4f5befae854d0f2ea61833aef3010e9db5675e309b193c7c3",
                "a03bc74df8cf9a1b443df5030b36b66eea8d106120bc4d6b0160793f4f3653ac",
                "4ea10b80c639012a8e536724e75934f71f6ee8629640648ef075e5bb23d34fe5",
                "9e4768886da50c1307ce95921606c1d6978797c36f1a335578f5cb2c21553996"
            ],
            "type": "Fetch",
            "firstPartyCookies": {},
            "firstPartyCookiesSent": {},
            "exampleSites": [
                "bedrocksandals.com",
                "healing-sounds.com",
                "knifewear.com",
                "lavinialingerie.com",
                "triquetrahealth.com",
                "vandycrisps.com",
                "www.burlebo.com",
                "www.headphonezone.in",
                "www.masachips.com",
                "yankum.com"
            ]
        },
        {
            "rule": "zipify\\.com\\/events",
            "cookies": 0,
            "fingerprinting": 0,
            "subdomains": [
                "events-ocu"
            ],
            "apis": {},
            "sites": 26,
            "prevalence": 0.000178,
            "cnames": [],
            "responseHashes": [
                "a29ee2b15c494311c52521766e44af56a3ad2248e7a8ab465e5206463c13d288"
            ],
            "type": "Fetch",
            "firstPartyCookies": {},
            "firstPartyCookiesSent": {},
            "exampleSites": [
                "zep.com",
                "primeprometics.com",
                "maxl.com",
                "marinecorpsgiftshop.com",
                "www.bluecanoe.com",
                "monsterscooterparts.com",
                "bugmd.com",
                "www.drmtlgy.com",
                "kalabrand.com",
                "triquetrahealth.com",
                "primalharvest.com",
                "www.theshowerheadstore.com",
                "www.penboutique.com",
                "toolup.com",
                "www.primeprometics.com",
                "www.codeage.com",
                "roundedgear.com",
                "signalrelief.com",
                "www.vitalityextracts.com",
                "blackforestsupplements.com"
            ]
        },
        {
            "rule": "zipify\\.com\\/events",
            "cookies": 0,
            "fingerprinting": 0,
            "subdomains": [
                "events-ocu"
            ],
            "apis": {},
            "sites": 26,
            "prevalence": 0.000178,
            "cnames": [],
            "responseHashes": [],
            "type": "Preflight",
            "firstPartyCookies": {},
            "firstPartyCookiesSent": {},
            "exampleSites": [
                "neurogum.com",
                "marinecorpsgiftshop.com",
                "zep.com",
                "bugmd.com",
                "www.vitalityextracts.com",
                "signalrelief.com",
                "blackforestsupplements.com",
                "humehealth.com",
                "www.bluecanoe.com",
                "primeprometics.com",
                "monsterscooterparts.com",
                "www.theshowerheadstore.com",
                "maxl.com",
                "kalabrand.com",
                "roundedgear.com",
                "farmersdefense.com",
                "primalharvest.com",
                "www.drmtlgy.com",
                "toolup.com",
                "discovertreluxe.com"
            ]
        },
        {
            "rule": "zipify\\.com\\/pre_purchase\\/v1\\/draft_orders\\/verify",
            "cookies": 0,
            "fingerprinting": 0,
            "subdomains": [
                "ocu"
            ],
            "apis": {},
            "sites": 3,
            "prevalence": 0.0000205,
            "cnames": [],
            "responseHashes": [],
            "type": "Preflight",
            "firstPartyCookies": {},
            "firstPartyCookiesSent": {},
            "exampleSites": [
                "healing-sounds.com",
                "vandycrisps.com",
                "www.masachips.com"
            ]
        },
        {
            "rule": "zipify\\.com\\/pre_purchase\\/v1\\/draft_orders\\/verify",
            "cookies": 0,
            "fingerprinting": 0,
            "subdomains": [
                "ocu"
            ],
            "apis": {},
            "sites": 3,
            "prevalence": 0.0000205,
            "cnames": [],
            "responseHashes": [
                "65f4dd488aa48c7afbebe8275106b88aa8897b7ee7af61b3aca64fdbdbbb2f04",
                "c791d98c3ad36808da514a78032acd36bba06b5584fcdc8b4d38c55bbfcca90f"
            ],
            "type": "Fetch",
            "firstPartyCookies": {},
            "firstPartyCookiesSent": {},
            "exampleSites": [
                "healing-sounds.com",
                "vandycrisps.com",
                "www.masachips.com"
            ]
        },
        {
            "rule": "zipify\\.com\\/css\\/zipifypages\\.css",
            "cookies": 0,
            "fingerprinting": 0,
            "subdomains": [
                "cdn03"
            ],
            "apis": {},
            "sites": 4,
            "prevalence": 0.0000274,
            "cnames": [],
            "responseHashes": [
                "472efa3a6dbfc02c71ff3b1ae600b6e88963ac081c5437e2659bb2871edad46e"
            ],
            "type": "Stylesheet",
            "firstPartyCookies": {},
            "firstPartyCookiesSent": {},
            "exampleSites": [
                "samuraiinsoles.com",
                "theayurvedaexperience.com",
                "vandycrisps.com",
                "www.masachips.com"
            ]
        },
        {
            "rule": "zipify\\.com\\/javascript\\/page-published-scripts\\.min\\.js",
            "cookies": 0,
            "fingerprinting": 1,
            "subdomains": [
                "cdn03"
            ],
            "apis": {
                "Date.prototype.getTime": 3,
                "window.innerWidth": 4,
                "Navigator.prototype.userAgent": 2,