{
    "domain": "ziyu.net",
    "owner": {},
    "source": [
        "DuckDuckGo-US"
    ],
    "prevalence": 0.000123,
    "sites": 18,
    "subdomains": [
        "rranking3",
        "rranking9",
        "rranking5",
        "rranking",
        "rranking4",
        "rranking8",
        "rranking13",
        "pranking11",
        "file",
        "pranking9",
        "pranking",
        "pranking10"
    ],
    "cnames": [],
    "fingerprinting": 0,
    "resources": [
        {
            "rule": "ziyu\\.net\\/rank\\.php",
            "cookies": 0,
            "fingerprinting": 0,
            "subdomains": [
                "rranking3",
                "rranking9",
                "rranking5",
                "rranking",
                "rranking4",
                "rranking8",
                "rranking13"
            ],
            "apis": {},
            "sites": 14,
            "prevalence": 0.0000958,
            "cnames": [],
            "responseHashes": [
                "1672a1e214fdf98e025ac6586d5231cf3688e35f4698a83278da72469198b4db",
                "b18cab7f9ffa198ae640e8691f98fbda86c3387967eb2288763c263b4c053e81",
                "f9f500d2479b4abc242c6f5c215f9602f6c008b5e9394570378c22f3895648d2",
                "714de3e8aa9005ccd694f7fffa19ea99816bfe8bb1f7c3a3b2e8ae38c07af904",
                "f85a815b6d0cf7665b315d73192029f5d75b0ee557586cb133013b81f9aebc7c",
                "c3e57199e10860caf613ef0f2f75ac69e9ad3cd07a58ef3888e2ac2c82c3ece1",
                "d6ec3f699ed757e317e4d7c6ea35df8daac0b39d7ff4fd6c55d31b74516f57f4",
                "f14564552ebb1881c40e997910906b2d60c8375b5c437a0ae8b374315911ccdd",
                "47122fb2d94a73e4aaad46b72718848493df79f19ab291c0059d20624447d2e6",
                "6ce1a8b772b9b100876b2fcb2a59235454dfab5c18a91c9b126ca81c7bdc080f",
                "a2f758059e94d161627b1d6edfff80a715b4c65f3cc3cbced1c05ffe261d43c1",
                "1a99f6889712487ecbab7eaeeeb267ec580e771b12d98460863b2406a46dacd3"
            ],
            "type": "Script",
            "firstPartyCookies": {},
            "firstPartyCookiesSent": {},
            "exampleSites": [
                "adult-machiko.com",
                "erodoujinjohoukan.sk",
                "erogame.tcs7.net",
                "erogazoumura.com",
                "erologz.com",
                "g-mens.net",
                "jin115.com",
                "loveh.org",
                "moeero-library.com",
                "momoiro-ch.com",
                "news.tokimeki-s.com",
                "www.anige-sokuhouvip.com",
                "www.erogazou-mirunavi.com",
                "www.eroero-gazou.net"
            ]
        },
        {
            "rule": "ziyu\\.net\\/rranking\\.gif",
            "cookies": 0,
            "fingerprinting": 0,
            "subdomains": [
                "rranking3",
                "pranking11",
                "rranking9",
                "rranking5",
                "rranking",
                "file",
                "rranking4",
                "rranking8",
                "rranking13"
            ],
            "apis": {},
            "sites": 14,
            "prevalence": 0.0000958,
            "cnames": [],
            "responseHashes": [
                "336e57172db9a5bacb088db9a09adc96f449214ddf322ac5b07bcfa349e81820"
            ],
            "type": "Image",
            "firstPartyCookies": {},
            "firstPartyCookiesSent": {},
            "exampleSites": [
                "adult-machiko.com",
                "en.ff14housing.com",
                "erodoujinjohoukan.sk",
                "erogame.tcs7.net",
                "erogazoumura.com",
                "g-mens.net",
                "himasoku.com",
                "jin115.com",
                "loveh.org",
                "momoiro-ch.com",
                "news.tokimeki-s.com",
                "tokueromanga.com",
                "www.anige-sokuhouvip.com",
                "www.eroero-gazou.net"
            ]
        },
        {
            "rule": "ziyu\\.net\\/img\\.php",
            "cookies": 0,
            "fingerprinting": 0,
            "subdomains": [
                "pranking11",
                "pranking9",
                "pranking",
                "pranking10"
            ],
            "apis": {},
            "sites": 5,
            "prevalence": 0.0000342,
            "cnames": [],
            "responseHashes": [
                "336e57172db9a5bacb088db9a09adc96f449214ddf322ac5b07bcfa349e81820"
            ],
            "type": "Image",
            "firstPartyCookies": {},
            "firstPartyCookiesSent": {},
            "exampleSites": [
                "ff14housing.com",
                "erogazoumura.com",
                "himasoku.com",
                "tokueromanga.com",
                "www.anige-sokuhouvip.com"
            ]
        }
    ],
    "categories": [],
    "performance": {},
    "cookies": 0,
    "topInitiators": [
        {
            "domain": "first party",
            "prevalence": 1
        }
    ],
    "types": {
        "Script": 14,
        "Image": 19
    },
    "nameservers": [
        "ns1.dns.ne.jp",
        "ns2.dns.ne.jp"
    ]
}