{
    "domain": "zoojoujoaseeh.com",
    "owner": {},
    "source": [
        "DuckDuckGo-US"
    ],
    "prevalence": 0.000267,
    "sites": 39,
    "subdomains": [],
    "cnames": [],
    "fingerprinting": 0,
    "resources": [
        {
            "rule": "zoojoujoaseeh\\.com\\/401\\/7850681",
            "cookies": 0.0000547,
            "fingerprinting": 0,
            "subdomains": [],
            "apis": {},
            "sites": 8,
            "prevalence": 0.0000547,
            "cnames": [],
            "responseHashes": [
                "45871757f57722ecc8f652a3d9e41f683f04a1b6fdfc3ffa8e3baf52591e751a",
                "df4e0e4c91edac881143c920233a49264ee0b90e15bdf64c4b5c90860bcde7c4",
                "4ac1c3abbc7e916a0a3c7c81d943944823ade0ae5e8c1dbebbe78b7969dff726",
                "472ce637866fc4fd0893d90e0badac647c1530125aa5acc5ab56d3a67f3c2026",
                "29e9b25c500cd7cd52cfa0782a94aa1db37f2d15c0f50bf4f744009203a66dfb",
                "1aaf35f8361b6fa13884b84a817ba41940572d2781980ad2e07f031f1b8e4d33",
                "2cc8027b28df6b85854129d9ba8a2a123d8abe731947d3f2cc63c437704d5c9a"
            ],
            "type": "XHR",
            "firstPartyCookies": {},
            "firstPartyCookiesSent": {},
            "exampleSites": [
                "bokep31.co",
                "bokepindoh.uno",
                "bokepqu.com",
                "kasurbasah.com",
                "tanaleaks.com",
                "viralkand.top",
                "www.xmaza.top"
            ]
        },
        {
            "rule": "zoojoujoaseeh\\.com\\/500\\/7850681",
            "cookies": 0.0000547,
            "fingerprinting": 0,
            "subdomains": [],
            "apis": {},
            "sites": 8,
            "prevalence": 0.0000547,
            "cnames": [],
            "responseHashes": [
                "e3b0c44298fc1c149afbf4c8996fb92427ae41e4649b934ca495991b7852b855"
            ],
            "type": "XHR",
            "firstPartyCookies": {},
            "firstPartyCookiesSent": {
                "lotame_domain_check": 0.000006840881105486387,
                "ref_url": 0.00002052264331645916
            },
            "exampleSites": [
                "bokep31.co",
                "bokepindoh.uno",
                "bokepqu.com",
                "kasurbasah.com",
                "tanaleaks.com",
                "viralkand.top",
                "www.xmaza.top"
            ]
        },
        {
            "rule": "zoojoujoaseeh\\.com\\/500\\/7850681",
            "cookies": 0,
            "fingerprinting": 0,
            "subdomains": [],
            "apis": {},
            "sites": 8,
            "prevalence": 0.0000547,
            "cnames": [],
            "responseHashes": [],
            "type": "Preflight",
            "firstPartyCookies": {},
            "firstPartyCookiesSent": {
                "lotame_domain_check": 0.000006840881105486387,
                "ref_url": 0.00002052264331645916
            },
            "exampleSites": [
                "bokep31.co",
                "bokepindoh.uno",
                "bokepqu.com",
                "kasurbasah.com",
                "tanaleaks.com",
                "viralkand.top",
                "www.xmaza.top"
            ]
        },
        {
            "rule": "zoojoujoaseeh\\.com\\/401\\/9646284",
            "cookies": 0.0000342,
            "fingerprinting": 0,
            "subdomains": [],
            "apis": {},
            "sites": 5,
            "prevalence": 0.0000342,
            "cnames": [],
            "responseHashes": [
                "b0f0c33571e7cbc66e4e52e26d7183e474eb9afa9c1b3de00fcc398075a8b876",
                "29d9e7c76bad8258b437af2af2828c756ab5c5b1a0318a4d40b9371b09a0cb3b",
                "8a55a0eff6922f2d18aae0317882df3cdefdebde240197f0417ce6a1db92afd3",
                "bc07e1361aad5f40c76d8b59c742adf3c5d24ebd508bf4f561a0abad290cfd0c"
            ],
            "type": "XHR",
            "firstPartyCookies": {},
            "firstPartyCookiesSent": {},
            "exampleSites": [
                "arabsexi.info",
                "hypnoporn.net",
                "iyotflix.com",
                "pinaysexscandal.co",
                "pinaysite.com"
            ]
        },
        {
            "rule": "zoojoujoaseeh\\.com\\/500\\/9646284",
            "cookies": 0.0000342,
            "fingerprinting": 0,
            "subdomains": [],
            "apis": {},
            "sites": 5,
            "prevalence": 0.0000342,
            "cnames": [],
            "responseHashes": [
                "e3b0c44298fc1c149afbf4c8996fb92427ae41e4649b934ca495991b7852b855"
            ],
            "type": "XHR",
            "firstPartyCookies": {},
            "firstPartyCookiesSent": {},
            "exampleSites": [
                "arabsexi.info",
                "hypnoporn.net",
                "iyotflix.com",
                "pinaysexscandal.co",
                "pinaysite.com"
            ]
        },
        {
            "rule": "zoojoujoaseeh\\.com\\/500\\/9646284",
            "cookies": 0,
            "fingerprinting": 0,
            "subdomains": [],
            "apis": {},
            "sites": 5,
            "prevalence": 0.0000342,
            "cnames": [],
            "responseHashes": [],
            "type": "Preflight",
            "firstPartyCookies": {},
            "firstPartyCookiesSent": {},
            "exampleSites": [
                "arabsexi.info",
                "hypnoporn.net",
                "iyotflix.com",
                "pinaysexscandal.co",
                "pinaysite.com"
            ]
        },
        {
            "rule": "zoojoujoaseeh\\.com\\/401\\/9133155",
            "cookies": 0.0000137,
            "fingerprinting": 0,
            "subdomains": [],
            "apis": {},
            "sites": 2,
            "prevalence": 0.0000137,
            "cnames": [],
            "responseHashes": [
                "9361f22a7adaa190f83888c08d91135bc5b0272d570e9460effb05321a75640f"
            ],
            "type": "XHR",
            "firstPartyCookies": {},
            "firstPartyCookiesSent": {},
            "exampleSites": [
                "exchangetuts.com",
                "www.exchangetuts.com"
            ]
        },
        {
            "rule": "zoojoujoaseeh\\.com\\/500\\/9133155",
            "cookies": 0.0000137,
            "fingerprinting": 0,
            "subdomains": [],
            "apis": {},
            "sites": 2,
            "prevalence": 0.0000137,
            "cnames": [],
            "responseHashes": [
                "e3b0c44298fc1c149afbf4c8996fb92427ae41e4649b934ca495991b7852b855"
            ],
            "type": "XHR",
            "firstPartyCookies": {},
            "firstPartyCookiesSent": {},
            "exampleSites": [
                "exchangetuts.com",
                "www.exchangetuts.com"
            ]
        },
        {
            "rule": "zoojoujoaseeh\\.com\\/500\\/9133155",
            "cookies": 0,
            "fingerprinting": 0,
            "subdomains": [],
            "apis": {},
            "sites": 2,
            "prevalence": 0.0000137,
            "cnames": [],
            "responseHashes": [],
            "type": "Preflight",
            "firstPartyCookies": {},
            "firstPartyCookiesSent": {},
            "exampleSites": [
                "exchangetuts.com",
                "www.exchangetuts.com"
            ]
        },
        {
            "rule": "zoojoujoaseeh\\.com\\/401\\/9611411",
            "cookies": 0.0000137,
            "fingerprinting": 0,
            "subdomains": [],
            "apis": {},
            "sites": 2,
            "prevalence": 0.0000137,
            "cnames": [],
            "responseHashes": [
                "1e08778caef9fe28957a7715d6e29d6fd582eb6d76917c92d5240783de0f60b9"
            ],
            "type": "XHR",
            "firstPartyCookies": {},
            "firstPartyCookiesSent": {},