{
    "domain": "ad.gt",
    "owner": {
        "name": "Audigent",
        "displayName": "Audigent"
    },
    "source": [
        "DuckDuckGo-DE"
    ],
    "prevalence": 0.00979,
    "sites": 97,
    "subdomains": [
        "seg",
        "a",
        "id.hadron"
    ],
    "cnames": [],
    "fingerprinting": 1,
    "resources": [
        {
            "rule": "ad\\.gt\\/api\\/v1\\/s\\/158",
            "cookies": 0,
            "fingerprinting": 1,
            "subdomains": [
                "seg"
            ],
            "apis": {
                "window.localStorage": 55,
                "Document.cookie getter": 55
            },
            "sites": 55,
            "prevalence": 0.00555,
            "cnames": [],
            "responseHashes": [
                "9f247452acf3a1508f4ee3ae3ced214a28a4c6e4b87f415516caf314f3bb3df8",
                "1cdbebea3fb5d86c1369a495fd3a332b887fdff611c1da358c52fcc962560047",
                "2395cc4d93c4e9ca0da138bc9f17bf04220231da0b6dadabeb57aa0fe6223d99",
                "e16e63a9bf5950996461006515bc5710dcf5b0922f353b855941858207b942d8",
                "9b3cc48c07d34061caab2e22865f15d7aa05f3812972bb01265b6402bc1a9be3",
                "49eb8e66c0f8b11457dff5ef686b29d602fbc44a9970b4d7a5c9525b4a16d674",
                "ef62b6a3e576c8b75bfe91af5ecca8a1366947f2967c7c0f60b663ebf236bd83",
                "97ec5e734c5acef98be785096742bee4f4e5a49a2eb94a5e47720bef60c617f8",
                "f07487a7bbffb029e9ce8850d58a13c559bbfa1f708cc1c827882b03be782ab0",
                "cc07b63e7aa0edf7d3d9d48f1d48989e0dbb4f6bf4274f8067741532012a7242",
                "ed299d9076ec7a448adab7401d271c24f3c3569b4dde6a267a99cf847329883f",
                "a785b9dca03ec96c16c5dc32c4db8b28a9d3272b11a12fb467803b7bc29f2c5d",
                "5c0f2da6ecc560c11dba2cefd3afa8357af7b8f227ccfdf5036f3ef21fa0f48c",
                "bc604085b68ea0097343948fac30174f29e881da8d133541ad8d150702659b61",
                "5644edc22c49050f943a5e08d394ff3cdfb48c12136db5575d31b36dbb7a6235",
                "6181bed311832bab9b2d16fc80ef6a5b4c560a03520dc78fd252727069dc4b1d",
                "7f74a35fdbd517b288eaa64ec5b27edcea61bc79d4f2cdf5f0df02c105443455",
                "961d7a0d559970f8124aa5011665c2f67b1822b027cdc8c8f4ecf8b7306884ef",
                "d58834d9fc6f1438978fd88df2e5eaf1e8e44ca23d2a4d78bae829b0f1fc940d",
                "a75b296b79b8c147699d3224091cd63596d3b1d027730d8aba4ce24a41d256c1",
                "ffc25fd6ffdb19b45cf6d9be81d24b68ab1cd9dcd1fa25160beb9fc46b9e3663",
                "eacf1663f43caea07f77f2ba2167da8453608d4a6f08cb0cb2f96eb1edc2deed",
                "c40b6e82f5aab76fde0fcacd6be04a29b5ba8a6157d82c62fc89b533bb199de7",
                "ff8c9d709a737acaa51479da685c1304b90d3d6902da0d5115b62568f79b484b",
                "b2706eae3a04cb3ce7f9de76e0f3164ac00f7c659d072e2f0e63005ef5dcb889",
                "c58b4658e84c69e28855a362ea7dbbad25ab0898ed01b462493c771206ce3bd4",
                "72d6680e349669b8de29db2ba4a1a81331e8600959d328691c43434723e4bb26",
                "4fa897a8a4063eefe1281145cd7ad644434551cb116904d8fbf13dd94dbd72e3",
                "76939c50f4d784a902dff67b928f99df72844062b4f6776b51adcbdf87d49620",
                "2694563b8c5b9a189c5a4d337f041f92604ce8093ce95bf24b21fbf85e471a0b",
                "0e7b1ebe26e8447ef23c63f17d9b868eb011d42dd519773cca3bdddf72fda76f",
                "48f75072f5e4282778f0ae434e4ec67f7480c7535f564c7e142331dbca4949f6",
                "9379adae4ccd6d89bc5db35c0b567499f6f7f78ac6f793ad5ee3c390e9de30c0",
                "277e6ca799fe21d6eed6cfd4b4d134db6c4d44f523101e7528b7d90a95f93182",
                "d2018358a324c69975e25d0c75b59d3516c16a2b5385f39b286834109139211d",
                "378ba9e05c90fda3ae8cee436d526fffd28b9c93a257f38be5f36e636fa1d9c9",
                "6faaef35c07047709ab912501175375ec20ee772920a101c3636744e828fba10",
                "6d049223734a986c9b4595a55f33924ad96f17f2c58b69a773844806b2c74726",
                "1b34d2e9324b824cac8447ede9bbd9ece531d1b7006e029131698bae6d883b3e",
                "f74982923ddfab30eae894473e3f3de43676843278d436b83deaf60ef3eb2a22",
                "b09a3f478f044453403d04503ec445cce1afc90c1087bdcbd6c0100d64e1ba9a",
                "6231c20aca67acc2bb7ae088ca69b41c89a8c7f6ec9bcb563ad8cd60e3359326",
                "81ce9fdb5ad0b94b0922a819ba6e5ca3458cc66d2d73556e805d4571c66cb476",
                "281e06e3cb4547315f2cde3a7845aeacb8698160f2e10a46a051298d5711fca5",
                "217475ca5862a3b7d1789706f5ef1dd068694a607f374b1df0e848709cd75bab",
                "4086c18d4e03b4ac948f5fba949a842f5482c6cb222a714454af8e25dbd98f1c",
                "c1ec681cdee28b26a9ea91b1b1605cfb9cf4db81268533cc8a5a421114137e16",
                "9fc2b4631a1470a1280fe69d7afbd7b27da091c0b831dc4b6f942ed8908eed95",
                "d9c470f6252f63550d4f07cbae9e7affb2b16f88c12ba84e8859b8b0cf8102fe",
                "eab525e40f499ec26fe85ee079dca3bbb9001b9a647ae73abd333f4e8e0c0683",
                "3de03162e620bbadf197640f83f9fce2d709a95bc29d464eb9cf41107cc822b1"
            ],
            "type": "Script",
            "firstPartyCookies": {},
            "firstPartyCookiesSent": {},
            "exampleSites": [
                "www.gamespot.com",
                "yugioh.fandom.com",
                "finalfantasy.fandom.com",
                "bindingofisaacrebirth.fandom.com",
                "ftb.fandom.com",
                "genshin-impact.fandom.com",
                "wowpedia.fandom.com",
                "mtg.fandom.com",
                "lotr.fandom.com",
                "lol.fandom.com",
                "subnautica.fandom.com",
                "witcher.fandom.com",
                "starwars.fandom.com",
                "grounded.fandom.com",
                "fategrandorder.fandom.com",
                "dontstarve.fandom.com",
                "memory-alpha.fandom.com",
                "deadbydaylight.fandom.com",
                "ark.fandom.com",
                "youtube.fandom.com"
            ]
        },
        {
            "rule": "ad\\.gt\\/api\\/v1\\/segments",
            "cookies": 0,
            "fingerprinting": 0,
            "subdomains": [
                "seg"
            ],
            "apis": {},
            "sites": 55,
            "prevalence": 0.00555,
            "cnames": [],