{
    "domain": "afzamltca.com",
    "owner": {},
    "source": [
        "DuckDuckGo-DE"
    ],
    "prevalence": 0.00222,
    "sites": 22,
    "subdomains": [],
    "cnames": [],
    "fingerprinting": 0,
    "resources": [
        {
            "rule": "afzamltca\\.com\\/en\\/ganolqdi\\/sultryb",
            "cookies": 0.00212,
            "fingerprinting": 0,
            "subdomains": [],
            "apis": {},
            "sites": 22,
            "prevalence": 0.00222,
            "cnames": [],
            "responseHashes": [
                "4d3dc45111b1fff5d751c735735920dda3a36258bbb2bd71be5aeb633b1de386",
                "b4f968b52b4fc2d6984f5d0d2bbcb071789ec5b6446cb40ecd4a5a1fbccd83c1",
                "1110386f1eb66fbb1ceb07cef26863a9ab693d76fb31a592284b56b2aee62519",
                "d1f71c6a61ecd3fe9fe447a389e61648858fe467a98e23b9b2e2d6379bbea12a",
                "1ad640997d939f21fefdcb5d8531d62d5dbb127d02d722937b0d9240aca728ae",
                "815b590261402c2e90bde7ecfb48ab56cf764d310430ebfd8ed7ab70bf14133e",
                "f7dae81917e486d2003192c83f2e56a643f8fb225050b889fa25100c71b1662e",
                "08f00c1be41bff000b20097241669e4d85b0f1f480b834cae1691d40297ecde2",
                "4234621ca33c6c96ab8f24e818032469793712adb1c2ae3fc21f6a4475293a4b",
                "5f490402a92058c3b736b183d557d45a56ab42873399c0d95b00b103a0f5c6f7",
                "cace97701b658a099c64a0c2f1271a99579240931b385946722216675f6f0665",
                "833d61f5b6926269e252cfa0fbb4babb7302335ae485c7d90e2b6b3c04f7002d",
                "8331aa03a5b6c4bcc81181fc060da455d371ea63f04cc9c4bc8b7900b943c3c4",
                "2d000f68c55341635cec28f6e9e12c425bff711d2c38a5cd99c10095cf02fd17",
                "11c71611cb4a971286492014aa8384290f7d31fc3e12b7cd6ef168a37bd29f56",
                "dc81e2ae32a0ee97e259ee98695396b50936075aa29b9159e5449b20c646b262",
                "97ec28fd611e116723294e4cc5015a66381c0546e7228748f670a07cf241e84a",
                "8ba18412433ab083c09ed28b1b0fc09db8e542435d97d3ebcf97b3d3d47f1686",
                "8cbc47ad9cd46b9ec9dd3db1723465520b20ec7b594b1db86437ee958fa16e37",
                "f91cc8e71dcf41e91390fd07d3f3fb29f891ebc3355d8f6c3ed82e9820837538",
                "ef77003b1e9a68451daecaa3bd9449d834a845bc08c8fb187c423e46e74b89ed"
            ],
            "type": "Script",
            "firstPartyCookies": {},
            "firstPartyCookiesSent": {},
            "exampleSites": [
                "www.homemoviestube.com",
                "fapfappy.com",
                "fappeningbook.com",
                "thefappening.pro",
                "familyporn.tv",
                "celebporner.com",
                "forcedcinema.net",
                "sxyprn.net",
                "www.sxyprn.com",
                "fapopedia.net",
                "thefappening.plus",
                "nudostar.tv",
                "transflix.net",
                "archivebate.com",
                "www.punishbang.com",
                "x-x-x.video",
                "megapornpics.com",
                "ilovnudes.com",
                "justthegays.tv",
                "rule34.world"
            ]
        }
    ],
    "categories": [],
    "performance": {},
    "cookies": 0.00222,
    "topInitiators": [
        {
            "domain": "clickadu.net",
            "prevalence": 0.17391304347826086
        },
        {
            "domain": "excavatenearbywand.com",
            "prevalence": 0.13043478260869565
        },
        {
            "domain": "crumpetprankerstench.com",
            "prevalence": 0.08695652173913043
        },
        {
            "domain": "badlandlispyippee.com",
            "prevalence": 0.08695652173913043
        },
        {
            "domain": "footbathmockerpurse.com",
            "prevalence": 0.08695652173913043
        },
        {
            "domain": "endowmentoverhangutmost.com",
            "prevalence": 0.043478260869565216
        },
        {
            "domain": "chilihandshakewing.com",
            "prevalence": 0.043478260869565216
        },
        {
            "domain": "epidermispushupvariable.com",
            "prevalence": 0.043478260869565216
        },
        {
            "domain": "frozenpayerpregnant.com",
            "prevalence": 0.043478260869565216
        },
        {
            "domain": "crittereasilyhangover.com",
            "prevalence": 0.043478260869565216
        }
    ],
    "types": {
        "Script": 22
    },
    "nameservers": [
        "ns-213.awsdns-26.com",
        "ns-563.awsdns-06.net",
        "ns-1643.awsdns-13.co.uk",
        "ns-1422.awsdns-49.org"
    ]
}