{
    "domain": "app-us1.com",
    "owner": {
        "name": "ActiveCampaign, Inc.",
        "displayName": "ActiveCampaign"
    },
    "source": [
        "DuckDuckGo-DE"
    ],
    "prevalence": 0.00151,
    "sites": 15,
    "subdomains": [
        "diffuser-cdn",
        "prism"
    ],
    "cnames": [],
    "fingerprinting": 1,
    "resources": [
        {
            "rule": "app-us1\\.com\\/diffuser\\/diffuser\\.js",
            "cookies": 0.000908,
            "fingerprinting": 1,
            "subdomains": [
                "diffuser-cdn"
            ],
            "apis": {
                "Navigator.prototype.userAgent": 14,
                "Document.cookie getter": 11,
                "Date.prototype.getTime": 10,
                "Document.cookie setter": 9
            },
            "sites": 15,
            "prevalence": 0.00151,
            "cnames": [],
            "responseHashes": [
                "864bbaab9db5147e7737b81d4b5da99db6d33fb79c63250ed79fa1962c30837e"
            ],
            "type": "Script",
            "firstPartyCookies": {
                "prism_226349813": {
                    "ttl": 2592004,
                    "length": 36,
                    "prevalence": 0.00010089799212995662,
                    "uniqueness": 1
                },
                "prism_90822704": {
                    "ttl": 2592006,
                    "length": 36,
                    "prevalence": 0.00010089799212995662,
                    "uniqueness": 1
                },
                "prism_225600763": {
                    "ttl": 2592003,
                    "length": 36,
                    "prevalence": 0.00010089799212995662,
                    "uniqueness": 1
                },
                "prism_475402747": {
                    "ttl": 2592022,
                    "length": 36,
                    "prevalence": 0.00010089799212995662,
                    "uniqueness": 1
                },
                "prism_225531533": {
                    "ttl": 2592003,
                    "length": 36,
                    "prevalence": 0.00010089799212995662,
                    "uniqueness": 1
                },
                "prism_611487216": {
                    "ttl": 2592006,
                    "length": 36,
                    "prevalence": 0.00010089799212995662,
                    "uniqueness": 1
                },
                "prism_226300083": {
                    "ttl": 2592003,
                    "length": 36,
                    "prevalence": 0.00010089799212995662,
                    "uniqueness": 1
                },
                "prism_69078272": {
                    "ttl": 2592004,
                    "length": 36,
                    "prevalence": 0.00010089799212995662,
                    "uniqueness": 1
                },
                "prism_799467011": {
                    "ttl": 2592003,
                    "length": 36,
                    "prevalence": 0.00010089799212995662,
                    "uniqueness": 1
                }
            },
            "firstPartyCookiesSent": {},
            "exampleSites": [
                "ifixit.com",
                "deutsch-mit-anna.de",
                "november.de",
                "phoenixnap.com",
                "weltwoche.ch",
                "weltwoche.de",
                "www.addictivetips.com",
                "www.fairment.de",
                "www.firma.de",
                "www.flightconnections.com",
                "www.ifixit.com",
                "www.iso.org",
                "www.thesimsresource.com",
                "www.verbraucherschutz.com",
                "www.visitdenmark.de"
            ]
        },
        {
            "rule": "app-us1\\.com\\/",
            "cookies": 0.00121,
            "fingerprinting": 0,
            "subdomains": [
                "prism"
            ],
            "apis": {},
            "sites": 12,
            "prevalence": 0.00121,
            "cnames": [],
            "responseHashes": [
                "a164571b8d792e29bf552c3f4ca09d3a44895f4da66d378289d87c547cb4f935",
                "59c99673bd2e29c97e165963501ae6cb35202d20eed2d1f95712ecb0cad66cbd",
                "e3b0c44298fc1c149afbf4c8996fb92427ae41e4649b934ca495991b7852b855",
                "1c7c5159209a12ca2e8b9051d096cabe8913bbb46d5cac5555321a3dd6951b1f",
                "42767144fe36cd05cc71f54d5742215e0561de500a2e45c5d87f7e2232f45c7a",
                "c627883148568c76223362e8ca0fa0ed97b72bb3d5a5ed6106e0805963bd7fc5",
                "c9bdd27994b8131bb39e974c8ea2d2cd111c623c8a2dfd7ecbb879bebd5f723e",
                "9ed35f7875fe44d023fdb102077c924a7a069d166ecbc0a938e3f5ea463753c3",
                "2fe73c74d0053e38c6b63c656217295c21d89fb9b0c0d39c9f7e58cd2ddc1a8b",
                "6d1c477e0f03ab597e0972aa30d21b3ca96fac6f5d1c029c0ee6038a87f5036a"
            ],
            "type": "Script",
            "firstPartyCookies": {},
            "firstPartyCookiesSent": {
                "gtm_lp_url": 0.00010089799212995662
            },
            "exampleSites": [
                "deutsch-mit-anna.de",
                "november.de",
                "phoenixnap.com",
                "weltwoche.ch",
                "weltwoche.de",
                "www.addictivetips.com",
                "www.fairment.de",
                "www.firma.de",
                "www.flightconnections.com",
                "www.iso.org",
                "www.thesimsresource.com",
                "www.verbraucherschutz.com"
            ]
        }
    ],
    "categories": [],
    "performance": {},
    "cookies": 0.00121,
    "topInitiators": [
        {
            "domain": "first party",
            "prevalence": 0.631578947368421
        },
        {
            "domain": "googletagmanager.com",
            "prevalence": 0.10526315789473684
        },
        {
            "domain": "clym-sdk.net",
            "prevalence": 0.10526315789473684
        },
        {
            "domain": "shopify.com",
            "prevalence": 0.10526315789473684
        },
        {
            "domain": "matomo.cloud",
            "prevalence": 0.05263157894736842
        }
    ],
    "types": {
        "Script": 27
    },
    "nameservers": [
        "abby.ns.cloudflare.com",
        "alex.ns.cloudflare.com"
    ]
}