{
    "domain": "baidu.com",
    "owner": {
        "name": "Baidu, Inc.",
        "displayName": "Baidu"
    },
    "source": [
        "DuckDuckGo-DE"
    ],
    "prevalence": 0.000908,
    "sites": 9,
    "subdomains": [
        "hm"
    ],
    "cnames": [],
    "fingerprinting": 2,
    "resources": [
        {
            "rule": "baidu\\.com\\/hm\\.js",
            "cookies": 0.000706,
            "fingerprinting": 2,
            "subdomains": [
                "hm"
            ],
            "apis": {
                "Navigator.prototype.userAgent": 7,
                "Navigator.prototype.cookieEnabled": 7,
                "Navigator.prototype.javaEnabled": 7,
                "Navigator.prototype.language": 7,
                "Screen.prototype.width": 7,
                "Screen.prototype.height": 7,
                "Screen.prototype.colorDepth": 7,
                "Screen.prototype.orientation": 7,
                "window.innerWidth": 7,
                "window.localStorage": 7,
                "Document.cookie getter": 7,
                "window.sessionStorage": 7,
                "Date.prototype.getTime": 7,
                "Document.cookie setter": 7,
                "window.innerHeight": 7
            },
            "sites": 8,
            "prevalence": 0.000807,
            "cnames": [],
            "responseHashes": [
                "0effd5a9e78672deeb6c2ca066e124b2f6480c1825a1c897cf0996b8882aa997",
                "7174d072e9e1d48fe034ca6ed3802f0c8551259dbf65f67f28801d835aca7751",
                "2d06029f881b940172d5e1b18e2993d2fa09ec513ecb74e52d6e8292655d9e61",
                "778e0dd91d2b0b0e48580c9945ae3e037788edef954069b089068e668b6b0607",
                "817fc63cce7a0d149b21f3efabca9210ebb90f18cad455ee190f7e5146afb748",
                "829eb8e077d73b5a8ae5637448a340e3fdf0e2cf2d1b1aa76a4a89e31363570a"
            ],
            "type": "Script",
            "firstPartyCookies": {
                "Hm_lvt_6bcd52f51e9b3dce32bec4a3997715ac": {
                    "ttl": 31536009,
                    "length": 10,
                    "prevalence": 0.00010089799212995662,
                    "uniqueness": 1
                },
                "Hm_lpvt_6bcd52f51e9b3dce32bec4a3997715ac": {
                    "ttl": null,
                    "length": 10,
                    "prevalence": 0.00010089799212995662,
                    "uniqueness": 1
                },
                "HMACCOUNT": {
                    "ttl": null,
                    "length": 16,
                    "prevalence": 0.0007062859449096964,
                    "uniqueness": 1
                },
                "Hm_lvt_1d5ba5cbc559273825f37fdd6ecdfe28": {
                    "ttl": 31536006,
                    "length": 10,
                    "prevalence": 0.00020179598425991324,
                    "uniqueness": 1
                },
                "Hm_lpvt_1d5ba5cbc559273825f37fdd6ecdfe28": {
                    "ttl": null,
                    "length": 10,
                    "prevalence": 0.00020179598425991324,
                    "uniqueness": 1
                },
                "Hm_lvt_a7025e25c8500c732b8f48cc46e21467": {
                    "ttl": 31536005,
                    "length": 10,
                    "prevalence": 0.00010089799212995662,
                    "uniqueness": 1
                },
                "Hm_lpvt_a7025e25c8500c732b8f48cc46e21467": {
                    "ttl": null,
                    "length": 10,
                    "prevalence": 0.00010089799212995662,
                    "uniqueness": 1
                },
                "Hm_lvt_49837ffab1a11b30b9dc9143593b0499": {
                    "ttl": 31536011,
                    "length": 10,
                    "prevalence": 0.00010089799212995662,
                    "uniqueness": 1
                },
                "Hm_lpvt_49837ffab1a11b30b9dc9143593b0499": {
                    "ttl": null,
                    "length": 10,
                    "prevalence": 0.00010089799212995662,
                    "uniqueness": 1
                },
                "Hm_lvt_98beee57fd2ef70ccdd5ca52b9740c49": {
                    "ttl": 31536004,
                    "length": 10,
                    "prevalence": 0.00020179598425991324,
                    "uniqueness": 1
                },
                "Hm_lpvt_98beee57fd2ef70ccdd5ca52b9740c49": {
                    "ttl": null,
                    "length": 10,
                    "prevalence": 0.00020179598425991324,
                    "uniqueness": 1
                }
            },
            "firstPartyCookiesSent": {},
            "exampleSites": [
                "csdn.net",
                "docs.espressif.com",
                "mangapark.net",
                "www.espressif.com",
                "www.fiio.com",
                "www.ventoy.net",
                "www.zhihu.com",
                "zhuanlan.zhihu.com"
            ]
        },
        {
            "rule": "baidu\\.com\\/hm\\.gif",
            "cookies": 0,
            "fingerprinting": 0,
            "subdomains": [
                "hm"
            ],
            "apis": {},
            "sites": 7,
            "prevalence": 0.000706,
            "cnames": [],
            "responseHashes": [
                "77b1d2c0857d4e95d4c2ae7aa0abc5aaafa6bd4581b31203d1592759c26f5c44"
            ],
            "type": "Image",
            "firstPartyCookies": {},
            "firstPartyCookiesSent": {
                "HMACCOUNT": 0.0007062859449096964
            },
            "exampleSites": [
                "csdn.net",
                "docs.espressif.com",
                "mangapark.net",
                "www.espressif.com",
                "www.fiio.com",
                "www.zhihu.com",
                "zhuanlan.zhihu.com"
            ]
        }
    ],
    "categories": [],
    "performance": {},
    "cookies": 0.000706,
    "topInitiators": [
        {
            "domain": "first party",
            "prevalence": 0.7777777777777778
        },
        {
            "domain": "csdnimg.cn",
            "prevalence": 0.1111111111111111
        },
        {
            "domain": "bdstatic.com",
            "prevalence": 0.1111111111111111
        }
    ],
    "types": {
        "Script": 8,
        "Image": 7
    },
    "nameservers": [
        "ns3.baidu.com",
        "dns.baidu.com",
        "ns7.baidu.com",
        "ns4.baidu.com",
        "ns2.baidu.com"
    ]
}