{
    "domain": "chtintr.com",
    "owner": {},
    "source": [
        "DuckDuckGo-DE"
    ],
    "prevalence": 0.00161,
    "sites": 16,
    "subdomains": [],
    "cnames": [],
    "fingerprinting": 1,
    "resources": [
        {
            "rule": "chtintr\\.com\\/widget",
            "cookies": 0,
            "fingerprinting": 1,
            "subdomains": [],
            "apis": {
                "Document.cookie getter": 9
            },
            "sites": 16,
            "prevalence": 0.00161,
            "cnames": [],
            "responseHashes": [
                "9d5b76a2a68af65b1b7deee1d09acb7b938d0bfed6bb2966889df2d2e7bd4f67",
                "c53e3fcbd9f004f9d6a950322e4d77b3c0e32e7bbffee9367ec109b888cec989",
                "c9b88ab662421010fae86a4f43502cb11ef262b23447609d8cd4e3d5f3de8bda",
                "0838d25a70c8776e8f3e5329398e50815af4cd99db9dc2e385af764fa6255abf",
                "181f086ccd9dbbcfff223e01f9540db0f7943e7856e9194d1b921ed505e794d2",
                "53dd5070b3b9cf82c83662b9219303ce620c07c2be72bc50fa287f17eb86715f",
                "7ff9fbc042e50f3cc1a1dd27815d8373ab0782e54757d07a6b34d1fe720bfafe",
                "40f1f362bcfa7140c455ea1bd3f576cc824e2e1e15a7dc45d117dbc0e573f3e1",
                "a57284124714edb7fc5ab59373bf8b492e125ec8cc4c29f8a6e70a5c37f15761",
                "dc4deda6d39b13d694df692ac376703e0d3105eae07856e8366373debc055040",
                "49a673bad29ea9d557efd99cd2362e06b90f610e7c5ec594a79f533df645e615",
                "96c9d10b41c28c4e2b133849acbd5f1d2622a1188b7611b27672331253fc0f5b"
            ],
            "type": "Document",
            "firstPartyCookies": {},
            "firstPartyCookiesSent": {},
            "exampleSites": [
                "deinesexfilme.com",
                "www.gutesexfilme.com",
                "www.halloporno.net",
                "www.hdpornos.xxx",
                "www.hd-sexfilme.com",
                "www.herzporno.net",
                "www.nursexfilme.com",
                "www.pornoente.tv",
                "www.pornojenny.net",
                "www.pornohirsch.net",
                "www.pornoklinge.com",
                "www.pornohammer.com",
                "www.pornotom.com",
                "www.pornoaffe.net",
                "www.sexvideos-hd.com",
                "www.xnxx-pornos.xxx"
            ]
        }
    ],
    "categories": [],
    "performance": {},
    "cookies": 0,
    "topInitiators": [
        {
            "domain": "first party",
            "prevalence": 1
        }
    ],
    "types": {
        "Document": 16
    },
    "nameservers": [
        "mona.ns.cloudflare.com",
        "tim.ns.cloudflare.com"
    ]
}