{
    "domain": "civiccomputing.com",
    "owner": {
        "name": "Civic Computing Limited",
        "displayName": "Civic Computing"
    },
    "source": [
        "DuckDuckGo-DE"
    ],
    "prevalence": 0.00101,
    "sites": 10,
    "subdomains": [
        "cc.cdn",
        "apikeys"
    ],
    "cnames": [],
    "fingerprinting": 1,
    "resources": [
        {
            "rule": "civiccomputing\\.com\\/9\\/cookieControl-9\\.x\\.min\\.js",
            "cookies": 0.000202,
            "fingerprinting": 1,
            "subdomains": [
                "cc.cdn"
            ],
            "apis": {
                "Navigator.prototype.userAgent": 6,
                "Navigator.prototype.language": 6,
                "Navigator.prototype.product": 6,
                "Document.cookie getter": 6,
                "Date.prototype.getTime": 2,
                "Document.cookie setter": 2
            },
            "sites": 6,
            "prevalence": 0.000605,
            "cnames": [],
            "responseHashes": [
                "97e6f234ea9745ebdbe4e7501cce0af7f84dd90a18c7e95f679643786f3cc964"
            ],
            "type": "Script",
            "firstPartyCookies": {},
            "firstPartyCookiesSent": {},
            "exampleSites": [
                "losteria.net",
                "motorrad.suzuki.de",
                "play.tetris.com",
                "suzuki.de",
                "www.msi.com",
                "www.soundonsound.com"
            ]
        },
        {
            "rule": "civiccomputing\\.com\\/c\\/v",
            "cookies": 0,
            "fingerprinting": 0,
            "subdomains": [
                "apikeys"
            ],
            "apis": {},
            "sites": 10,
            "prevalence": 0.00101,
            "cnames": [],
            "responseHashes": [
                "02d39505d8daf42a9066d4409124676fb815e5a9f0d614ed5209386d5953a4a6",
                "c94644fee345fbd06bf5421672d15ad75e966c09ae02b850800567dcd484a905",
                "7132f5f81435551b499fea487abc3dcf04bf28d943b160728737b21a825589e2",
                "9547d49310e3cc5f374cfee6c15d68c37584ad7ea8a688a1a8014a85c6ec0d57",
                "36ecaf6ec977d5e2da12ad40e4499a566d0adbf1890ae4e6f59888b06b02bf17",
                "ae706e6f16d054ac841f5ebeb0bfeb7ea4156f461a7eae782b9c1b21550bd7f0",
                "83a66625138eef42a85aece7ffbf16d325fb850ab0a224fee667148dc10f8614",
                "2e7b5b846de74e1392002c3c5b1b83e3f4f0853c8b4f6d6e559e78cb72d8db4c",
                "91bd6125abbe2435ac476a9b65907aefa5adb3a0a5eacfac1fd6c241e71c3889"
            ],
            "type": "XHR",
            "firstPartyCookies": {},
            "firstPartyCookiesSent": {},
            "exampleSites": [
                "losteria.net",
                "motorrad.suzuki.de",
                "play.tetris.com",
                "suzuki.de",
                "www.gameswelt.de",
                "www.kitanetz.de",
                "www.msi.com",
                "www.soundonsound.com",
                "www.volkswagenbank.de",
                "www.vwfs.de"
            ]
        },
        {
            "rule": "civiccomputing\\.com\\/9\\/cookieControl-9\\.10\\.1\\.min\\.js",
            "cookies": 0,
            "fingerprinting": 1,
            "subdomains": [
                "cc.cdn"
            ],
            "apis": {
                "Navigator.prototype.userAgent": 2,
                "Navigator.prototype.language": 2,
                "Navigator.prototype.product": 2,
                "Document.cookie getter": 2
            },
            "sites": 2,
            "prevalence": 0.000202,
            "cnames": [],
            "responseHashes": [
                "b1b5932fd0694de0bd9444b66c520d3647fdb493d9c51fcc2e7dc581e95319c0"
            ],
            "type": "Script",
            "firstPartyCookies": {},
            "firstPartyCookiesSent": {},
            "exampleSites": [
                "volkswagenbank.de",
                "www.vwfs.de"
            ]
        }
    ],
    "categories": [
        "Consent Management Platform"
    ],
    "performance": {},
    "cookies": 0.000202,
    "topInitiators": [
        {
            "domain": "first party",
            "prevalence": 0.5882352941176471
        },
        {
            "domain": "adobedtm.com",
            "prevalence": 0.23529411764705882
        },
        {
            "domain": "googletagmanager.com",
            "prevalence": 0.17647058823529413
        }
    ],
    "types": {
        "Script": 8,
        "XHR": 10
    },
    "nameservers": [
        "ns0.civiccomputing.com",
        "ns1.civiccomputing.com",
        "ns2.civiccomputing.com",
        "ns3.civiccomputing.com"
    ]
}