{
    "domain": "config-security.com",
    "owner": {},
    "source": [
        "DuckDuckGo-DE"
    ],
    "prevalence": 0.000908,
    "sites": 9,
    "subdomains": [
        "conf",
        "api"
    ],
    "cnames": [],
    "fingerprinting": 0,
    "resources": [
        {
            "rule": "config-security\\.com\\/model",
            "cookies": 0,
            "fingerprinting": 0,
            "subdomains": [
                "conf"
            ],
            "apis": {},
            "sites": 9,
            "prevalence": 0.000908,
            "cnames": [],
            "responseHashes": [
                "8921a02c20df8db5fb64af5c4427f8f9ce3daba73511ca554473b76a29245713",
                "5d2feb7b026e270a4e08f997be6934bac24789d0c18d65ef9bc51768b4f12a18",
                "f32a12633e8aa5ce593539124ce5844fffa594d32b19a81cdc2f22e32358a4bb",
                "f9aeae6ef56773dfe4ef3ce21dfea431c5430f7018ce586d22d5990963e9f4d7",
                "93d30e7143286fe66eaeb08e3a6bb11472d77ee5ea4fedc6e3847ed9cf3c20c5",
                "42030368c1b386213841b1880bdb6bfb4ee4c6161dd8562220970767f68c7ace",
                "8977088a13f1b725c82307db564d9cf5e9c4c852626726d27a3a70035093097f",
                "eeae94b4933cbd7eb6fd869deaa9dd789e7ae68c014886d917693d8a2651a3db"
            ],
            "type": "XHR",
            "firstPartyCookies": {},
            "firstPartyCookiesSent": {},
            "exampleSites": [
                "all3dp.com",
                "bergxperten.de",
                "esim.holafly.com",
                "gesundheitsvergleich-deutschland.de",
                "naturtreu.de",
                "sigg.com",
                "www.keychron.com",
                "www.sram.com",
                "www.weed.de"
            ]
        },
        {
            "rule": "config-security\\.com\\/event",
            "cookies": 0,
            "fingerprinting": 0,
            "subdomains": [
                "api"
            ],
            "apis": {},
            "sites": 9,
            "prevalence": 0.000908,
            "cnames": [],
            "responseHashes": [
                "44136fa355b3678a1146ad16f7e8649e94fb4fc21fe77e8310c060f61caaff8a"
            ],
            "type": "XHR",
            "firstPartyCookies": {},
            "firstPartyCookiesSent": {},
            "exampleSites": [
                "all3dp.com",
                "bergxperten.de",
                "esim.holafly.com",
                "gesundheitsvergleich-deutschland.de",
                "naturtreu.de",
                "sigg.com",
                "www.keychron.com",
                "www.sram.com",
                "www.weed.de"
            ]
        },
        {
            "rule": "config-security\\.com\\/first",
            "cookies": 0,
            "fingerprinting": 0,
            "subdomains": [
                "api"
            ],
            "apis": {},
            "sites": 8,
            "prevalence": 0.000807,
            "cnames": [],
            "responseHashes": [
                "662220b06866303150b2793a4d2cc2628abb313981fcb8db6aba2244711e0830",
                "63519b1db475069df407c4f3d652329251e74244dc01449efe7595be97670578"
            ],
            "type": "XHR",
            "firstPartyCookies": {},
            "firstPartyCookiesSent": {},
            "exampleSites": [
                "all3dp.com",
                "bergxperten.de",
                "esim.holafly.com",
                "gesundheitsvergleich-deutschland.de",
                "sigg.com",
                "www.keychron.com",
                "www.sram.com",
                "www.weed.de"
            ]
        }
    ],
    "categories": [],
    "performance": {},
    "cookies": 0,
    "topInitiators": [
        {
            "domain": "first party",
            "prevalence": 0.6666666666666666
        },
        {
            "domain": "lasso.link",
            "prevalence": 0.12121212121212122
        },
        {
            "domain": "msecnd.net",
            "prevalence": 0.12121212121212122
        },
        {
            "domain": "googletagmanager.com",
            "prevalence": 0.09090909090909091
        }
    ],
    "types": {
        "XHR": 26
    },
    "nameservers": [
        "grace.ns.cloudflare.com",
        "felipe.ns.cloudflare.com"
    ]
}