{
    "domain": "cookie-script.com",
    "owner": {},
    "source": [
        "DuckDuckGo-DE"
    ],
    "prevalence": 0.00424,
    "sites": 42,
    "subdomains": [
        "consent",
        "cdn",
        "crossdomain"
    ],
    "cnames": [],
    "fingerprinting": 2,
    "resources": [
        {
            "rule": "cookie-script\\.com\\/iabtcf\\/2\\.2\\/iab_stub\\.js",
            "cookies": 0,
            "fingerprinting": 0,
            "subdomains": [],
            "apis": {},
            "sites": 7,
            "prevalence": 0.000706,
            "cnames": [],
            "responseHashes": [
                "cb62421b3df9f7fedba6cfa244d6e826884194cf757e81c1c8aeaa14a7347749"
            ],
            "type": "Script",
            "firstPartyCookies": {},
            "firstPartyCookiesSent": {},
            "exampleSites": [
                "allereifen365.de",
                "community.n8n.io",
                "docs.n8n.io",
                "n8n.io",
                "pocketbook.de",
                "www.kirstein.de",
                "www.swipein.restaurant"
            ]
        },
        {
            "rule": "cookie-script\\.com\\/analytics",
            "cookies": 0,
            "fingerprinting": 0,
            "subdomains": [
                "consent"
            ],
            "apis": {},
            "sites": 32,
            "prevalence": 0.00323,
            "cnames": [],
            "responseHashes": [
                "fe9119614ae71951180706a103d07b13ff557c421b19e65abfe6f7883efe3225",
                "518f49074b1b11d9fea3c0c21d30e3e6d70e3af63a2661596d5ec2372ac5d5e6",
                "df81d4c5a84b43552f7d0905e8b2e6b25036473ad398c492504e3d47e2f8a13b",
                "9785fc9d5cd9fbb2bae5f8daac56dfa8824a05e21d6a1596248f5d85fe8501ef",
                "74d89aa5d7de6a42603680e89142274426239e34a530d31a3173e7821fd68adf",
                "d022be65fc801eb6ce979d4aef5f338ce0f54da939cff246aa515f8fb832bcc2",
                "c148f09d9d2fd80b873357d59361402449defc398cdde181ec771f1e08091e5a",
                "09cbee8d43046219584a90e94d90ff3dd42b7d57fddca05fddc0f6bba5e891f1",
                "23be86a7ab38a0185a7f200aa8b86c5b60e23e993f3899869575f194a85ffd14",
                "13697d6259c629d4d50a1aebc24d32be0884b29c9cd072df5703ed7c3fee6fab",
                "a58ea8da9213d3927d225504808ddd80627a7225dc3cb97e11506b01baf993a3",
                "be15d2672393e152d4375d97cc0f117c4854995dd7411aca7ea0b5c0dbbc1d43",
                "1651bb75806ae6d9c476a73e058d14ceab26aaa578fd0119b9abcba3df0e772b",
                "94cdcff4861be48811a01efcb3c2821408b954403e958a511a9d0c9df83b4280",
                "7c2890444cff3dc8c780951e8ccbc6c6399fde29ea8c90ed4d282c5a30051d70",
                "6b4605a6d28444bc74499e84867ccf2548449985aa305e83b04b675517d0154b",
                "6bd44c272dc34df322ae7f893ee688c8bb5dab738a072d9b08160ce59f0fabc6",
                "f3ece4538fc3df6716cc02ed0bdc42096ac50347aa79de6661459c0744549dcb",
                "7377c1bf0373bbdf9db435a22845c8cc557c2e16311c7bbf84eefd9d7b3aede3",
                "2858dbe248f5f71bd5a156a1f1be2d514fbffb439627fc2522c136b0e1a87dc7",
                "30899b7ad018ba0f952d23f12ed3e9b3a7ac6aec0fc48d4c75dabd5bcf52d8ab",
                "31607460bba62c51970ed6bb4920082deeef10439ad297a64a15dbafbd45e61b",
                "a7ba6d95c4c180fa9708de6b4698a82d139bea073df3fa1d65810020959a6a81",
                "96ef700cff12ed59a558a840052ef0d0c419f16e76313a9000f25f168e0ec2cd",
                "806223316b7363bd37455e0d0e6dedf695d3bca10bd4342ad3a098b887aaa220"
            ],
            "type": "XHR",
            "firstPartyCookies": {},
            "firstPartyCookiesSent": {},
            "exampleSites": [
                "botland.de",
                "www.poppen.de",
                "n8n.io",
                "www.zyxel.com",
                "www.1a-immobilienmarkt.de",
                "www.yorck.de",
                "www.gay.de",
                "de.eurovelo.com",
                "pocketbook.de",
                "www.moddb.com",
                "diebesten-online.de",
                "www.veeam.com",
                "www.aktionspreis.de",
                "www.deskmodder.de",
                "community.n8n.io",
                "ra.co",
                "www.kaufmich.com",
                "www.ferienhausmiete.de",
                "www.eurocampings.de",
                "www.fetisch.de"
            ]
        },
        {
            "rule": "cookie-script\\.com\\/s\\/5c21561bbdd60ecf2d50f10b54b299cb\\.js",
            "cookies": 0.000202,
            "fingerprinting": 2,
            "subdomains": [
                "cdn"
            ],
            "apis": {
                "Document.cookie getter": 2,
                "Date.prototype.getTime": 2,
                "Document.cookie setter": 2,
                "Navigator.prototype.userAgent": 2,
                "Navigator.prototype.webdriver": 2,
                "Navigator.prototype.languages": 2
            },
            "sites": 2,
            "prevalence": 0.000202,
            "cnames": [],
            "responseHashes": [
                "575d443e8da45cfe7033a2d9d3e2bb6c3a2cf9834d7e2c273c08a108eb367388"
            ],
            "type": "Script",
            "firstPartyCookies": {
                "CookieScriptConsent": {
                    "ttl": 31536009,
                    "length": 378,
                    "prevalence": 0.00020179598425991324,
                    "uniqueness": 0.5
                }
            },
            "firstPartyCookiesSent": {},
            "exampleSites": [
                "n8n.io",
                "docs.n8n.io"
            ]
        },
        {
            "rule": "cookie-script\\.com\\/iabtcf\\/2\\.2\\/sdk_cmp\\.js",
            "cookies": 0,
            "fingerprinting": 1,
            "subdomains": [
                "cdn"
            ],
            "apis": {
                "Date.prototype.getTime": 13
            },
            "sites": 13,
            "prevalence": 0.00131,
            "cnames": [],
            "responseHashes": [
                "d839924e924b395be743a947ee633a9a76805ad9773fa58709b775fbec547690"
            ],
            "type": "Script",
            "firstPartyCookies": {},
            "firstPartyCookiesSent": {},
            "exampleSites": [
                "fixthephoto.com",
                "gedenken.freiepresse.de",
                "pocketbook.de",
                "ra.co",
                "www.1a-immobilienmarkt.de",
                "www.aktionspreis.de",
                "www.deskmodder.de",
                "www.handmadekultur.de",
                "www.marktcom.de",
                "www.moddb.com",
                "www.swipein.restaurant",
                "www.veeam.com",
                "www.vrm-trauer.de"
            ]
        },
        {
            "rule": "cookie-script\\.com\\/iabtcf\\/2\\.2\\/vendor-list\\.json",
            "cookies": 0,
            "fingerprinting": 0,
            "subdomains": [
                "cdn"
            ],
            "apis": {},
            "sites": 13,
            "prevalence": 0.00131,
            "cnames": [],
            "responseHashes": [
                "f94295bb6f75599fce180fcb071a843047cb1fd16b712024738b7ffb10128119"
            ],
            "type": "XHR",
            "firstPartyCookies": {},
            "firstPartyCookiesSent": {},
            "exampleSites": [
                "fixthephoto.com",
                "gedenken.freiepresse.de",
                "pocketbook.de",
                "ra.co",
                "www.1a-immobilienmarkt.de",
                "www.aktionspreis.de",
                "www.deskmodder.de",
                "www.handmadekultur.de",
                "www.marktcom.de",
                "www.moddb.com",
                "www.swipein.restaurant",
                "www.veeam.com",
                "www.vrm-trauer.de"
            ]
        },
        {
            "rule": "cookie-script\\.com\\/iabtcf\\/2\\.2\\/google-vendors\\.json",
            "cookies": 0,