{
    "domain": "delmovip.com",
    "owner": {},
    "source": [
        "DuckDuckGo-DE"
    ],
    "prevalence": 0.00242,
    "sites": 24,
    "subdomains": [
        "go",
        "static"
    ],
    "cnames": [],
    "fingerprinting": 2,
    "resources": [
        {
            "rule": "delmovip\\.com\\/eactrl\\.go",
            "cookies": 0,
            "fingerprinting": 0,
            "subdomains": [
                "go"
            ],
            "apis": {},
            "sites": 24,
            "prevalence": 0.00242,
            "cnames": [],
            "responseHashes": [
                "f44456a12fe9df682e677d9413cc49289051c52859afaa8c3ffe4fc1dc1b859e",
                "d402f7d99e10f6d65f82682182d2a43f57c01249232605fb93a798f665b9c283",
                "e93326784943cdf8bcc05eda2808b606eb0291597caf9f9c170455b0e40e76b8",
                "ab7ba2064fb137c64c7ae46771d12c95c8cad5c2012c133dd7da9cc06a7563af",
                "c95cc1bf4cfd45e5fc1d720280c4a6625e9595407c7f1c225f3290c6524837a2",
                "f0652f8c2b70b724f01f06a259010a24b442d0b739a06c6776dc40da68a6eaaa",
                "34ab4b8e4d3e18202eb6ebd33134f429f2247aea9dec321d16d62b25ebed6b0d",
                "b4e74c1f911651b8cbcd8f9a59590f609259202972897ab2c9411f691feb2d2f",
                "14615c3d579060f11c36bbb99418856f2863c2a603d6702cd15637266a3f15df",
                "6bd2c935523fdc60412491c4194a3124044653b632d8ebaf8c3e44cdf79cfba0",
                "6aaa08a505432726728723b5080de454754c35c9825383744b6ff79563807a80",
                "cc8cc1e0f44b032293fdfcd5abb3002302834308d948e3411953ccf2376496c3",
                "68ed891a5588df869371bee9025d1d3eac30d4f19b55ee97e6c73427d6841071",
                "58fe3ec557586b714ca2911b664b4449397f1be98a220b7e3a7d641015270595",
                "28f3ba6edada2de94d67b56be243ca1e703bea72c394cc57843bc5e2ba14b691",
                "fa1410bc29948bdb878cc71257ea646642a1b11bfc1725e631c48094879c3ab9",
                "888fa803e342efb18007e99b7958add35b7df9cc6756717a04de973491444d59",
                "535030a0f49a74a17c9db218f980d8354d6bdf36c7a7e559b4a93a9eaf37f0d9",
                "12d0e8f8035307db3bf792b750fc8b086bef8d9b6b632fb32ed143990f52d3a3",
                "7333eb0298d7c11b875d9039b551a7caf36772c9e51c1d6ccda01230ba1ca783",
                "be985986255aa46f53db63ed516f8ae2f0afdbe1dc3c3cc08771cd48008888aa",
                "0c971e2c58e50c81a57dd2ef2a3bfa01ef4d7d82badc905bd64ab1a20b0007dc",
                "7f4ba7f00337bd722db5d79853057c69485b2a19d5a5fa5669bc9dd44fc59cdd"
            ],
            "type": "XHR",
            "firstPartyCookies": {},
            "firstPartyCookiesSent": {},
            "exampleSites": [
                "reifefrauenpornos.com",
                "www.erotikfilme24.net",
                "www.bravopornos.com",
                "www.fickfilme.net",
                "sexfilmetube.net",
                "www.dickefrauen.info",
                "youporndeutsch.biz",
                "deutschepornos-tube.org",
                "www.gratis-sex-videos.net",
                "www.sexfilme24.org",
                "grannypornos.net",
                "www.omasexpornos.com",
                "youporndeutsch.xyz",
                "you-porn-deutsch.com",
                "www.german-porno-deutsch.org",
                "redtubedeutsch.com",
                "geilepornofilme.net",
                "www.deinemuschis.com",
                "www.sunporno-deutsch.net",
                "www.lesbenpornos.net"
            ]
        },
        {
            "rule": "delmovip\\.com\\/data\\/creatives\\/546\\/46169\\.mp4",
            "cookies": 0,
            "fingerprinting": 0,
            "subdomains": [
                "static"
            ],
            "apis": {},
            "sites": 4,
            "prevalence": 0.000404,
            "cnames": [],
            "responseHashes": [
                "58ec99675e98a517d427403a7aa4186021adb8d987eb8a02fe9dc8f739f7476d"
            ],
            "type": "Media",
            "firstPartyCookies": {},
            "firstPartyCookiesSent": {},
            "exampleSites": [
                "deutschepornos-tube.org",
                "geilepornofilme.net",
                "redtubedeutsch.com",
                "www.deutschepornos.co"
            ]
        },
        {
            "rule": "delmovip\\.com\\/data\\/creatives\\/546\\/46169\\.gif",
            "cookies": 0,
            "fingerprinting": 0,
            "subdomains": [
                "static"
            ],
            "apis": {},
            "sites": 4,
            "prevalence": 0.000404,
            "cnames": [],
            "responseHashes": [
                "9e647cfe59f3061ca03174ab87442e150a7f38f110c6ba5da1d3e2af24a63eb2"
            ],
            "type": "Image",
            "firstPartyCookies": {},
            "firstPartyCookiesSent": {},
            "exampleSites": [
                "deutschepornos-tube.org",
                "geilepornofilme.net",
                "redtubedeutsch.com",
                "www.deutschepornos.co"
            ]
        },
        {
            "rule": "delmovip\\.com\\/data\\/creatives\\/546\\/46166\\.mp4",
            "cookies": 0,
            "fingerprinting": 0,
            "subdomains": [
                "static"
            ],
            "apis": {},
            "sites": 7,
            "prevalence": 0.000706,
            "cnames": [],
            "responseHashes": [
                "0c2035c8c61ad21d08326e3ffef0baea1001c46b3301e8d382a5393614599472"
            ],
            "type": "Media",
            "firstPartyCookies": {},
            "firstPartyCookiesSent": {},
            "exampleSites": [
                "pornodeutsch.biz",
                "reifefrauenpornos.com",
                "www.deinemuschis.com",
                "www.dickefrauen.info",
                "www.erotik-sexvideos.com",
                "www.lesben-pornos.co",
                "youporndeutsch.biz"
            ]
        },
        {
            "rule": "delmovip\\.com\\/data\\/creatives\\/546\\/46166\\.gif",
            "cookies": 0,
            "fingerprinting": 0,
            "subdomains": [
                "static"
            ],
            "apis": {},
            "sites": 7,
            "prevalence": 0.000706,
            "cnames": [],
            "responseHashes": [
                "2c20be250f8b73f6f96927569682032db4ce94533b646b9f8cafebe6ff2a9f38"
            ],
            "type": "Image",
            "firstPartyCookies": {},
            "firstPartyCookiesSent": {},
            "exampleSites": [
                "pornodeutsch.biz",
                "reifefrauenpornos.com",
                "www.deinemuschis.com",
                "www.dickefrauen.info",
                "www.erotik-sexvideos.com",
                "www.lesben-pornos.co",
                "youporndeutsch.biz"
            ]
        },
        {
            "rule": "delmovip\\.com\\/loadeactrl\\.go",
            "cookies": 0,
            "fingerprinting": 2,
            "subdomains": [
                "go"
            ],
            "apis": {
                "Screen.prototype.availHeight": 2,
                "Screen.prototype.availWidth": 2,
                "Date.prototype.getTime": 2,
                "window.sessionStorage": 2,
                "Element.prototype.getClientRects": 1,
                "Screen.prototype.height": 2,
                "Screen.prototype.width": 2,
                "window.innerHeight": 2,
                "window.innerWidth": 2,
                "Navigator.prototype.appName": 1,
                "Navigator.prototype.appVersion": 1
            },
            "sites": 2,
            "prevalence": 0.000202,
            "cnames": [],
            "responseHashes": [
                "a8cfc0e950486ecf9e784ab62f1666673f254fc105bcdbe68f523c975a92028f"
            ],
            "type": "Script",
            "firstPartyCookies": {},
            "firstPartyCookiesSent": {},