{
    "domain": "enrtx.com",
    "owner": {},
    "source": [
        "DuckDuckGo-DE"
    ],
    "prevalence": 0.00131,
    "sites": 13,
    "subdomains": [],
    "cnames": [],
    "fingerprinting": 0,
    "resources": [
        {
            "rule": "enrtx\\.com\\/get\\/",
            "cookies": 0,
            "fingerprinting": 0,
            "subdomains": [],
            "apis": {},
            "sites": 13,
            "prevalence": 0.00131,
            "cnames": [],
            "responseHashes": [
                "1ac696bf79c2364d9b5ed60189a1612585d8afde7020344b5a573f49e62f8e4f",
                "285464e167343fc83a7675808356b9994de2fedcc5ff260b9dc65821dc9262a0",
                "81023b11e469186abe0adebe7f231a76f69e47f307ade8a639ad4d52241fad94",
                "a1f2a9ca10f8d6b2ea885c3cb0016c2f62dd7b407246faf924164ecd862a4890",
                "c7724652eff4596e1cf0a7b5805fc6d24b9e404cbb1469adb66bdc56836d9490",
                "5194595c16c9e3d00a25d3c2930613a6c2c11e89d5cc7bc5baea30dc20cb95ec",
                "5f4ac6acf929485636aee3c6a04b1e8ce38425212b96b5fe924bae4f00b313be",
                "8e90b48f983b86f834c5da59c25ae9044bfa5c3ec76c84ea3bcca8e1cf7a684a",
                "5e057c796e275aa00deb8860a09823941b659db374ba86bcc6ce3347f2eed69c",
                "90ca1a94b0ed60ff065ea628589cd3fcdd8cd7d8f01e46e76748a7e4eb6490e1",
                "9647d4ca80488e4ec28c0dc1155d070eb1e6118f9b7ed4fe3b6d4c2f01d3e846",
                "dfc0b3ced811e2eda5fbdcc2f90567b6962b8a504961ab8b142b53650ad94ca6"
            ],
            "type": "Fetch",
            "firstPartyCookies": {},
            "firstPartyCookiesSent": {},
            "exampleSites": [
                "fans-here.com",
                "heavyfetish.com",
                "jungespornovideo.com",
                "thepornscat.com",
                "thethothub.com",
                "thothub.ch",
                "thothub.lol",
                "thothub.mx",
                "thothub.org",
                "thothub.to",
                "www.thothub.ch",
                "www.thothub.to",
                "xtapes.me"
            ]
        }
    ],
    "categories": [],
    "performance": {},
    "cookies": 0,
    "topInitiators": [
        {
            "domain": "19b7f4f4d8.com",
            "prevalence": 0.6923076923076923
        },
        {
            "domain": "capndr.com",
            "prevalence": 0.3076923076923077
        }
    ],
    "types": {
        "Fetch": 13
    },
    "nameservers": [
        "ns1.digitalocean.com",
        "ns2.digitalocean.com",
        "ns3.digitalocean.com"
    ]
}