{
    "domain": "eu-1-id5-sync.com",
    "owner": {},
    "source": [
        "DuckDuckGo-DE"
    ],
    "prevalence": 0.00969,
    "sites": 96,
    "subdomains": [
        "lbs",
        "lb"
    ],
    "cnames": [],
    "fingerprinting": 0,
    "resources": [
        {
            "rule": "eu-1-id5-sync\\.com\\/lbs\\/v1",
            "cookies": 0,
            "fingerprinting": 0,
            "subdomains": [
                "lbs"
            ],
            "apis": {},
            "sites": 86,
            "prevalence": 0.00868,
            "cnames": [],
            "responseHashes": [
                "d4bcd74f451e6b2b2a2415b2f650eac21a0ca6f51bd496b4a222e89cbbc296d8",
                "0502ff1ae766a6c6155482f5d69d3d83d38f2567f0e47776a84fa7706957a0fa",
                "a8b874ada7ee36eae88b1c33ee2f2ef397d5492b5f83b787d2094cb68367fee1",
                "441c6852cc63589c9ef3ebee8251a0d870c3ac83499d4945b92ee7eb4bb7cd28",
                "6f003c33b46c6b0a2df2ec33085c5c2aecfe5615b9b4d2acc1731f092fbb6ee9",
                "867c77fcca343971a7e8076229b3f08525b1e410fd86bc10a02ac8aaef618e6f",
                "de80c5e6ed6555c8240d0bc6d6da7c4bd64ed573e87c7b5e6a57ca43bd661e8e",
                "ce8a8191afed87866288a1bc9ca58e676582caef55f616138dec2a7eca2d7f15",
                "cfe6f0f917647792f8aa8b17ac897cfc95f5926db37b0419c8af2458cdc5df8e",
                "d7b0c69946ca90d2c1f97f05e7f37289d266feee122fff73fa2e1e1cb4fe4436",
                "b626bc00f28d116905576b788d00c9924537507f4b3773ad67c74846b3f560c6",
                "4b69daeb4780daa441f4c264bb3befa3bbec04915f20e05910cb74d1cbfc8105",
                "c9339241b8bfd0bb18fdbe2d8ca56c97afa6d0b94e29f212700cc2b03e45e3ec",
                "fdf690b406c6388d95310e64ceca694fc3df7e4cc6d81e1bf93085367ac41a04",
                "651a1f83d814870c4949e6cce186dcb8772bb6a0d22554c068698599b5353b79",
                "acedc017d428f3394e720292d0ba60dbbb359407213056c26a4f0a30eb74c6e4",
                "8da73741ff7601ca6f8b0da612cfb74e5e1b2479840300da5a41dea6f62a01c8",
                "dc12749eb5dae16b9d16c24259296abb40010806565c5827c5972d152ffef144",
                "afcf5d735154e9a7b7ad3a835c8b46444a3d5b77376605f29eba4f9949eb81a8",
                "94233cdf78e3f7d6efacebb8e466813d5eaff3b0c89a69e032606fc4c8cb7aae",
                "f36ee7b387711d5140b6f1480d459a13a08cfc1a774fd8d3707c20df25849070",
                "afa2994d503a764b88d398aa3982bb67909eb45c26d8910c6a9b6f22b378c561",
                "77fbc0ef600c68f7ca64c609405f4e4382fab55a56817562351c2d51a918dce9",
                "308354a95f9cda9896c99b8bb19e4e49132341fbdb52f517f521f4a9e28ee097",
                "9a1bc20f5ff5f5e6a8b09ec53f0c47578a7cce4f0d79218c14fe95d35b4064c1",
                "e6c1efd29411457f92dfed1dcb2afb5b984bf73de82ec3f7d4fd3f5281e3c000",
                "ca4f8b1fbc11561bf42c9931f4e6f0467a9ec2b09f6269d2660e86bf18af805d",
                "8c943a8f4da40cdb25698acd8592f9db7c9ae55fe85178a72d4f800626f4855a",
                "4d4dfeabfb66decfba36b19053f867c0e14f931ec7b82f20a5fec17ace0cf36d",
                "bc8d9f5f1feff03a3a8e5dc7133b6cf1de7d5dbd5c0afaf56c017c90686fb077",
                "d2a0ff9567b0fcb1820999f40a2b0ad60d5dde016bff38ad55ee0ba6b748d8e5",
                "5d7ed9139a6bdce496feb07e0de5af4523c7122123a1751edb1ce5b2d215a9e6",
                "c10067cab60a4ca40e7ea6b87f054c27512d0816d840bb58c8ceeb74ffcc6454",
                "5dc113278893222578e651b67c2feca4b4dee2d8732a4af38c24f46903596103",
                "5e3b3fcae8052d39f97fa557a1561114e885fe15944d3bf185f03618d9bcc0ac",
                "ee64b595acf5ddcdc69a897904097a6e317b514ecdb8c4c1bf15a4be68f52da3",
                "c5a8dce0a3e1579f6a0281e650bab51032ba319a46166f7ceba9d161e2704189",
                "e41bcc929f3c718d4de47e8287a0d136720dc2cafad0f25c53ed4a26395d3972",
                "eb9a1f0a47a5404070c4039f1821183d300998aed4ea1d27c7ec2c32923bb99f",
                "55782f1a7b5d9c31d44bd469f2304e9c8110520fc4ad2c2a5a84b5ac13b42d5c",
                "b632b856b5898f88bffb7184e0f5a9e16aaafef3c1b2e9ece5ca91af915118d7",
                "eb58bba38ad7a599b50f8eb0fdaf7052dfead521aa1f03107ca9c2d94452ab36",
                "b95d40ad4c712b305619a1ab5d24b537b252c39bc78ae6040822b71c37f47993",
                "f96146f12c3f7cb97818eb2aae3f8bbdb25c14320d7013e859f8d4c239c254ed",
                "fbff5d58efe051a389471967028daa93c2013b68571f8dea63ba8147864d6a32",
                "c32a2a5d79ae5e470ff2ff49a7c4304b0f41d6c6a7deb54f357d7159880ef471",
                "feea311132bc2f0150f710300495c85892d82f1807be444109b50406f946b56e",
                "4584b25f6398baa049966d5810eee00e0ff4d9c31c1df8c4e229757156792a84",
                "a502d06ca00cff128df866e45c82d4c301729eac846b3bbdeade0483de4297d1",
                "759744cb5453f770cbe7e4106eaf2a50cee70cb7e6cd5634708565f836804738",
                "ddcbe7e51b9ec17ac8a7abce670b19aed90b742c28f967954635aba00586ad0a",
                "f46eb6e4438d7bb052c35756a54278bd39a138fbdf476efc244949f0d25ca90b",
                "1f8d531f66530207271ad280bbb5ae0ebd1ceee82cea4f48547f7e81661699c1",
                "28c5aa3948c40da8404917dbd2c84e69a5eed0aa921f88f71f330a8504ed7939",
                "0a48b138e9cc4c83602a3dfcd49f9157d0da406fdcbdbe4ca927d93c6f19cf1b",
                "b934bb97fc36dec5948576aadf48675030a3b521edffca4eb12cadfe43f8c200",
                "2456cf306c0354d7edac2ed9cadef437f30b678cf9c88743079f78ca9c8254bb",
                "3fcb0ef92b903254ab5d37d80b124df5cd0f41d5ee605936752dbbedf840bbf1",
                "c59b88ac38fcab6db1a486e958ad729dd21ec382d1fe54d59aa8a5f3909f3e2b",
                "bb0df5bab20f2b76563e10634e6bf4342965c7b5d9c1821eda4be5709517ac46",
                "d302f5d20c1551177c3cc201a12ea9ae04536fddb75e185ba511ea446b111b21",
                "d325ba6be2b60c04621f35dfccddcb70cfc857f9a6523522894890e3bee3449f",
                "f08f719e77cb5afd8d3134eb563bbe57fa49ccd983d961e2b66072c1c8da0813",
                "e2cacfb15bb5a71ba0dc13efde5728d4391419daaaf8c51734c4b543fcef4bc6",
                "9ba7e5ed58b310df22b38af3dc4415c97daa575df85e789be7d0a728f1d981cf",
                "f44df1076c8ac1a660edeaad12e3a001640b9c6bd0472f6f23bf005c32273901",
                "81db097510b60e677b1bb06efbdac7369909745aec85bcc2842f2c7c1700abb1",
                "f6ae87f305eb1631c9b45c07046439070a7ea9ada6287c28dd05833fd196a478",
                "ef4f691586f02e12f977994f9a93f3f1a34225281022982a9dfe75f883295e40",
                "c33400ee0405ead2ab44e0f986751981a618897a5dc2ad3012392640f99c2248",
                "8a6660115e1291de77b28c7e6246e80d0e2c7c10116b4d250497f3103f7fd577",
                "933a06bda6574908081f72509bd21b90fa6d3a13954f1c464bd0ffaa20aaedf1",
                "9bb93fbefd2a25698791e915aa0a3789e5440419ab45bafddebb15e5a0de5988",
                "7e8a5ba07b670fae192920a2183da1800745bacd28036cdf2fa4b81833e85f5e",
                "1ac698d6c5da8eeabb1b03f6e4d5851099e9a5ed4389c728f72ba4e454c81592",
                "481a19f5a20345727371b07041accfca9995a923ba9db6b859d218035739cee5",
                "eb34f97d8e77068c6052970f73158fa73e2f30b414d95044d777fb263e99a4b2",
                "1e3eb52409df971b6871cc941094d9fe8a8bc1f8c7633cf318b75fdce8195872",
                "c2ba3126527b6a7230be5bcdedccdfa12c3f5d16ddfa901081920551c4dcda7f",
                "36a8edb6f536ef2cc8e888284f777d9d41fac01d54c19df01ff7788611290427",
                "0aeff3a71f0d9dd65efea6b17dab4200f8b5a586b6dfe4316930a372e31fa0ba",
                "7846c107687ee9f3b13d2bdf09920e6d20966b726fca708c22d3024698d313ef",
                "fb8751b974bc4fed8aeb7517d9be7721016fc732cfc35dd38099fa01c68d40c4",
                "c9e16f3da67a8ff577f23c25ffd1af0258e5bb72f7cb3d6540353522af92d4d5"
            ],
            "type": "Fetch",
            "firstPartyCookies": {},
            "firstPartyCookiesSent": {},