{
    "domain": "eu-3-id5-sync.com",
    "owner": {},
    "source": [
        "DuckDuckGo-DE"
    ],
    "prevalence": 0.00868,
    "sites": 86,
    "subdomains": [
        "d0",
        "d1"
    ],
    "cnames": [],
    "fingerprinting": 0,
    "resources": [
        {
            "rule": "eu-3-id5-sync\\.com\\/",
            "cookies": 0,
            "fingerprinting": 0,
            "subdomains": [
                "d0",
                "d1"
            ],
            "apis": {},
            "sites": 87,
            "prevalence": 0.00878,
            "cnames": [],
            "responseHashes": [
                "7902699be42c8a8e46fbbb4501726517e86b22c56a189f7625a6da49081b2451",
                "559aead08264d5795d3909718cdd05abd49572e84fe55590eef31a88a08fdffd",
                "19581e27de7ced00ff1ce50b2047e7a567c76b1cbaebabe5ef03f7c3017bb5b7",
                "6b86b273ff34fce19d6b804eff5a3f5747ada4eaa22f1d49c01e52ddb7875b4b",
                "df7e70e5021544f4834bbee64a9e3789febc4be81470df629cad6ddb03320a5c",
                "e7f6c011776e8db7cd330b54174fd76f7d0216b612387a5ffcfb81e6f0919683",
                "3f39d5c348e5b79d06e842c114e6cc571583bbf44e4b0ebfda1a01ec05745d43",
                "d4735e3a265e16eee03f59718b9b5d03019c07d8b6c51f90da3a666eec13ab35",
                "2c624232cdd221771294dfbb310aca000a0df6ac8b66b696d90ef06fdefb64a3",
                "4e07408562bedb8b60ce05c1decfe3ad16b72230967de01f640b7e4729b49fce",
                "4b227777d4dd1fc61c6f884f48641d02b4d121d3fd328cb08b5531fcacdabf8a"
            ],
            "type": "Fetch",
            "firstPartyCookies": {},
            "firstPartyCookiesSent": {},
            "exampleSites": [
                "9gag.com",
                "biblehub.com",
                "time.com",
                "www.digitaltrends.com",
                "www.delftstack.com",
                "www.glasfaserforum.de",
                "mtg.fandom.com",
                "cyberpunk.fandom.com",
                "www.foodtempel.de",
                "www.tennis.de",
                "borderlands.fandom.com",
                "honkai-star-rail.fandom.com",
                "imginn.com",
                "press24.net",
                "valheim.fandom.com",
                "wowpedia.fandom.com",
                "baldursgate.fandom.com",
                "www.planetminecraft.com",
                "ageofempires.fandom.com",
                "fortnite.gg"
            ]
        }
    ],
    "categories": [],
    "performance": {},
    "cookies": 0,
    "topInitiators": [
        {
            "domain": "id5-sync.com",
            "prevalence": 0.8604651162790697
        },
        {
            "domain": "script.ac",
            "prevalence": 0.08139534883720931
        },
        {
            "domain": "first party",
            "prevalence": 0.046511627906976744
        },
        {
            "domain": "ezodn.com",
            "prevalence": 0.011627906976744186
        }
    ],
    "types": {
        "Fetch": 87
    },
    "nameservers": [
        "jack.ns.cloudflare.com",
        "jessica.ns.cloudflare.com"
    ]
}