{
    "domain": "eu-4-id5-sync.com",
    "owner": {},
    "source": [
        "DuckDuckGo-DE"
    ],
    "prevalence": 0.00868,
    "sites": 86,
    "subdomains": [
        "d0",
        "d1"
    ],
    "cnames": [],
    "fingerprinting": 0,
    "resources": [
        {
            "rule": "eu-4-id5-sync\\.com\\/",
            "cookies": 0,
            "fingerprinting": 0,
            "subdomains": [
                "d0",
                "d1"
            ],
            "apis": {},
            "sites": 87,
            "prevalence": 0.00878,
            "cnames": [],
            "responseHashes": [
                "6b23c0d5f35d1b11f9b683f0b0a617355deb11277d91ae091d399c655b87940d",
                "7902699be42c8a8e46fbbb4501726517e86b22c56a189f7625a6da49081b2451",
                "ef2d127de37b942baad06145e54b0c619a1f22327b2ebbcfbec78f5564afe39d",
                "4b227777d4dd1fc61c6f884f48641d02b4d121d3fd328cb08b5531fcacdabf8a",
                "2c624232cdd221771294dfbb310aca000a0df6ac8b66b696d90ef06fdefb64a3",
                "5feceb66ffc86f38d952786c6d696c79c2dbc239dd4e91b46729d73a27fb57e9",
                "d4735e3a265e16eee03f59718b9b5d03019c07d8b6c51f90da3a666eec13ab35",
                "559aead08264d5795d3909718cdd05abd49572e84fe55590eef31a88a08fdffd",
                "4e07408562bedb8b60ce05c1decfe3ad16b72230967de01f640b7e4729b49fce",
                "f67ab10ad4e4c53121b6a5fe4da9c10ddee905b978d3788d2723d7bfacbe28a9"
            ],
            "type": "Fetch",
            "firstPartyCookies": {},
            "firstPartyCookiesSent": {},
            "exampleSites": [
                "9gag.com",
                "biblehub.com",
                "time.com",
                "www.digitaltrends.com",
                "fategrandorder.fandom.com",
                "www.systemrequirementslab.com",
                "minecraft.fandom.com",
                "honkai-star-rail.fandom.com",
                "warhammer40k.fandom.com",
                "harrypotter.fandom.com",
                "satisfactory-calculator.com",
                "www.pokemoncoders.com",
                "ucngame.com",
                "www.webtoons.com",
                "villains.fandom.com",
                "turtle-wow.fandom.com",
                "www.glasfaserforum.de",
                "memory-alpha.fandom.com",
                "deadbydaylight.fandom.com",
                "reddead.fandom.com"
            ]
        }
    ],
    "categories": [],
    "performance": {},
    "cookies": 0,
    "topInitiators": [
        {
            "domain": "id5-sync.com",
            "prevalence": 0.8604651162790697
        },
        {
            "domain": "script.ac",
            "prevalence": 0.08139534883720931
        },
        {
            "domain": "first party",
            "prevalence": 0.046511627906976744
        },
        {
            "domain": "ezodn.com",
            "prevalence": 0.011627906976744186
        }
    ],
    "types": {
        "Fetch": 87
    },
    "nameservers": [
        "ns-46.awsdns-05.com",
        "ns-982.awsdns-58.net",
        "ns-1576.awsdns-05.co.uk",
        "ns-1103.awsdns-09.org"
    ]
}