{
    "domain": "featureassets.org",
    "owner": {},
    "source": [
        "DuckDuckGo-DE"
    ],
    "prevalence": 0.00151,
    "sites": 15,
    "subdomains": [],
    "cnames": [],
    "fingerprinting": 0,
    "resources": [
        {
            "rule": "featureassets\\.org\\/v1\\/initialize",
            "cookies": 0.00151,
            "fingerprinting": 0,
            "subdomains": [],
            "apis": {},
            "sites": 15,
            "prevalence": 0.00151,
            "cnames": [],
            "responseHashes": [
                "6eabd9e72397431c49565ff08a3c0c657a5cd8ac28a6db618f288031885496c2",
                "63a24fef9f0acb5017e0a7d595220ed74e201b701162b512071cc122b7d818b0",
                "78dea9f5eefff857459d677b5df059f22be4b81e79ce67bc149903b36f4111dd",
                "6604db71bd640bd79b90a1f5ed524e6f832df78b3dba5576384ce3f52d7ce1ef",
                "0dfbbbd16ec7e7cdb51fbbd7f1eae6cb46d4f796cbabba94f0ffa91dcccc91b5",
                "7ef2720a274f3161179dd99880d6b9bb99918ccb24d189e12bb977ae56739ecf",
                "4dca98806b9ffb371f844b5cd71fc02a394feb69f9af2c9a310a52799d0f903c",
                "098094d0bbf351fefdce3d10b4380f1553f7f4fc800307461220b6aa93a539a9",
                "f2e47e6c9267aed806b383072b4ed2cacb070563ea94456b8197819ce9425b1d",
                "60c9d9d83f026f192bcca90589930267ef883ba5b1e6f5f526864ca94ad07d13",
                "c0656c8bd434db02840508683a13b8c4bddac4d32e74a06955714914f0262ca4",
                "6ebef2e464fc1309c0f46c5779a91d53059236eb7d7361d5dfc7132e3ceb7787",
                "10a469dca854855ec3f3fe3fd42def75de22b357d18162c3ad1212ec892ec038",
                "75cd091780017721002ccc6a7da3f6b9fbe164c97d8a1e5512a9c5172230f4b5"
            ],
            "type": "Fetch",
            "firstPartyCookies": {},
            "firstPartyCookiesSent": {},
            "exampleSites": [
                "squarespace.com",
                "cursor.com",
                "help.openai.com",
                "linktr.ee",
                "openai.com",
                "platform.openai.com",
                "u.gg",
                "www.bloomberg.com",
                "www.doctify.com",
                "www.figma.com",
                "www.moemax.de",
                "www.poco.de",
                "www.scribd.com",
                "www.sixt.de",
                "www.xxxlutz.de"
            ]
        }
    ],
    "categories": [],
    "performance": {},
    "cookies": 0.00151,
    "topInitiators": [
        {
            "domain": "first party",
            "prevalence": 0.6111111111111112
        },
        {
            "domain": "oaistatic.com",
            "prevalence": 0.16666666666666666
        },
        {
            "domain": "jsdelivr.net",
            "prevalence": 0.05555555555555555
        },
        {
            "domain": "allstar.gg",
            "prevalence": 0.05555555555555555
        },
        {
            "domain": "moemax.com",
            "prevalence": 0.05555555555555555
        },
        {
            "domain": "scribdassets.com",
            "prevalence": 0.05555555555555555
        }
    ],
    "types": {
        "Fetch": 15
    },
    "nameservers": [
        "ns-387.awsdns-48.com",
        "ns-1178.awsdns-19.org",
        "ns-940.awsdns-53.net",
        "ns-1952.awsdns-52.co.uk"
    ]
}