{
    "domain": "feldot.com",
    "owner": {},
    "source": [
        "DuckDuckGo-DE"
    ],
    "prevalence": 0.000807,
    "sites": 8,
    "subdomains": [],
    "cnames": [],
    "fingerprinting": 2,
    "resources": [
        {
            "rule": "feldot\\.com\\/v1\\/sdk\\.js",
            "cookies": 0,
            "fingerprinting": 2,
            "subdomains": [],
            "apis": {
                "window.localStorage": 6,
                "Document.cookie getter": 6,
                "Navigator.prototype.permissions": 6,
                "NavigatorUAData.prototype.brands": 6,
                "NavigatorUAData.prototype.platform": 6
            },
            "sites": 8,
            "prevalence": 0.000807,
            "cnames": [],
            "responseHashes": [
                "ef0e18276a7507ffcc7b04fa89d7d0d2c4856c76c14335fba22de0d1fec61a1d",
                "b1f0992d6b5fd9a0cb65c019bab055329b0f614b3a0e5edee3ff36f918f163af",
                "65a46f1e64474122882e5edd4479d2c3664087abedbe9a58d9b5764fda9420ca",
                "44cd45f263e3378cf00c1c231e22d5f2e3dca0eba11b19dd21d6fcdd9a1d0b3c",
                "318365db60a8aa8d697db3d6e63aecd2ec469f6063660e92c8077158c0861c77"
            ],
            "type": "Script",
            "firstPartyCookies": {},
            "firstPartyCookiesSent": {},
            "exampleSites": [
                "animalporn.life",
                "blowjobit.com",
                "de.frwiki.wiki",
                "de.wiki7.org",
                "de.wikiital.com",
                "zoo-xvideos.com",
                "zoopornmd.com",
                "zoozhamster.com"
            ]
        },
        {
            "rule": "feldot\\.com\\/fp\\.js",
            "cookies": 0.000605,
            "fingerprinting": 1,
            "subdomains": [],
            "apis": {
                "window.localStorage": 6,
                "Date.prototype.getTime": 6,
                "Document.cookie setter": 6
            },
            "sites": 7,
            "prevalence": 0.000706,
            "cnames": [],
            "responseHashes": [
                "27dad3137510dcbfeb9e0bb1b95655698e31b5ab6c4f66adb77df11942484b4b",
                "997c51c92e7bb18dc4976ef5705854ff88ea7a4254d2d70854cf97fb96890742",
                "de4022b9d67329b334dd814b740e7d8ae75b15c18e55c141ad0549ac1e0ee5a7",
                "407c8ee0223a1d2a6851586ebb0b1927a149d5956b4e9c589c63e9f98eb0c9d9",
                "8c075799310ffdb84529ebc0ba6280dd46f59b7221a17fee80d7e6c5d03e9b1a"
            ],
            "type": "Script",
            "firstPartyCookies": {
                "ufp2": {
                    "ttl": 604802,
                    "length": 40,
                    "prevalence": 0.000504489960649783,
                    "uniqueness": 1
                }
            },
            "firstPartyCookiesSent": {},
            "exampleSites": [
                "animalporn.life",
                "blowjobit.com",
                "de.frwiki.wiki",
                "de.wiki7.org",
                "de.wikiital.com",
                "zoopornmd.com",
                "zoozhamster.com"
            ]
        }
    ],
    "categories": [],
    "performance": {},
    "cookies": 0.000605,
    "topInitiators": [
        {
            "domain": "puabvo.com",
            "prevalence": 0.875
        },
        {
            "domain": "tbwdoo.com",
            "prevalence": 0.125
        }
    ],
    "types": {
        "Script": 15
    },
    "nameservers": [
        "brit.ns.cloudflare.com",
        "lex.ns.cloudflare.com"
    ]
}