{
    "domain": "fh-wgt.com",
    "owner": {},
    "source": [
        "DuckDuckGo-DE"
    ],
    "prevalence": 0.00242,
    "sites": 24,
    "subdomains": [],
    "cnames": [],
    "fingerprinting": 0,
    "resources": [
        {
            "rule": "fh-wgt\\.com\\/api\\/request\\/v1\\/affiliate_1",
            "cookies": 0,
            "fingerprinting": 0,
            "subdomains": [],
            "apis": {},
            "sites": 24,
            "prevalence": 0.00242,
            "cnames": [],
            "responseHashes": [
                "0f73e229fa4ee7cf53afcae75feca6a8554a1726c94018bf1bac9332952a60f9",
                "f6faabcd3a3a40840ae57afd0579a85392fb42892da030799a6070aec5bf9c44",
                "41363caef17522ab27dbe2562eecd9714ceaf3d06c2cb2a42df7b2fad6b319ce",
                "a2c022bfe919010cee3e994b4ba870d473e9f03fea0c39b68bb5018c3b749d7f",
                "03b8f77c8719253789493ef1bc54d442a17e0f294c3e7c0badf1c1994bd0b9af",
                "cf5369a68d0920b82904e5e365dac0c8bb4da83fbf1de68a333c2ffd6aef00f9",
                "a0d8545f99deac901ccbb998eef72286daa82023a182cd6904cf182ba0014aab",
                "f21c6fbcd6888656ca98576976d66dcd4e2ea0909dc3da592b774776cdf7487e",
                "b8ddb24c3abc737b45ad78f840b144e5e5fca172e2187a44340d13212d2aadf0",
                "ded5e9a12fcb1d2864148c03b884b98b172115d13fe063e374a0b2675c78f81d",
                "9734d5204fe2834d3369719aeeb7ba49d714d7697bbdeb639bd72008cc60ce08",
                "aaa4992eef7a235cb0e2275f706fb2519519447185bae99614fbcc6bbdf0c350",
                "12c4ee95f427eb2983337c7a78406d4f559d3d4151f9f5f4b7dd5818e0d43171",
                "1aa24eb4d7abf7419f9f4bc754bc1e77667e6797a217171212b9150226fc98f6",
                "fde5d26b3aa7a55496f4cf567032f7be9e5637d1988f951ec886d08df663f56f",
                "46cf577204e3f7c76aa0834ff64e98864bff92c32a349d269aa36ddcfbadee6b",
                "7a4283aeaa22465b92dbd01d82aaec2acb74179fc94466fda6e58d5fa8ec7de1",
                "dd7cf0a9c5a0886f9d79ee1d6569c154b559af931d363d480eba77ed40e063a3",
                "5186a2a760b03dfc31b444ff5e508345c182f77b82a3984cba7a3a67b91ca698",
                "af31aabb786800e08ab5f52c0ec8add46a4445732ae31462385d56622376eb81",
                "f45662affbacd6fa201cd80c2ba9bbbe996c27c204e83189be2117efbf531698",
                "04d6e0eee83bb092d70fb014aa416ffefe8a5477f3b37f728f761d10e1a1fd39"
            ],
            "type": "Fetch",
            "firstPartyCookies": {},
            "firstPartyCookiesSent": {},
            "exampleSites": [
                "www.eporner.com",
                "www.imagefap.com",
                "www.sxyprn.com",
                "nl.eporner.com",
                "blowjobit.com",
                "sexporn.pics",
                "pornzog.com",
                "www.eroprofile.com",
                "leak.xxx",
                "bestpornstars.xxx",
                "roughporn.me",
                "freeporno.xxx",
                "www.femdomvc.com",
                "24porn.com",
                "www.freexcafe.com",
                "redporn.porn",
                "lesbi.xxx",
                "upornia.com",
                "fr.eporner.com",
                "txxx.com"
            ]
        }
    ],
    "categories": [],
    "performance": {},
    "cookies": 0,
    "topInitiators": [
        {
            "domain": "cdn-fc.com",
            "prevalence": 1
        }
    ],
    "types": {
        "Fetch": 24
    },
    "nameservers": [
        "jake.ns.cloudflare.com",
        "nia.ns.cloudflare.com"
    ]
}