{
    "domain": "fraud0.com",
    "owner": {},
    "source": [
        "DuckDuckGo-DE"
    ],
    "prevalence": 0.00303,
    "sites": 30,
    "subdomains": [
        "api",
        "bt"
    ],
    "cnames": [],
    "fingerprinting": 3,
    "resources": [
        {
            "rule": "fraud0\\.com\\/api\\/v2\\/fz\\.js",
            "cookies": 0.00232,
            "fingerprinting": 3,
            "subdomains": [
                "api",
                "bt"
            ],
            "apis": {
                "Navigator.prototype.userAgent": 24,
                "Document.cookie getter": 23,
                "window.localStorage": 23,
                "Document.cookie setter": 23,
                "Navigator.prototype.languages": 24,
                "Date.prototype.getTimezoneOffset": 24,
                "Navigator.prototype.hardwareConcurrency": 24,
                "Navigator.prototype.maxTouchPoints": 24,
                "Navigator.prototype.webdriver": 24,
                "Navigator.prototype.mimeTypes": 24,
                "Navigator.prototype.plugins": 24,
                "Navigator.prototype.getBattery": 24,
                "Screen.prototype.availHeight": 24,
                "Screen.prototype.availWidth": 24,
                "Screen.prototype.height": 24,
                "Screen.prototype.width": 24,
                "Screen.prototype.colorDepth": 24,
                "Screen.prototype.pixelDepth": 24,
                "window.devicePixelRatio": 24
            },
            "sites": 30,
            "prevalence": 0.00303,
            "cnames": [],
            "responseHashes": [
                "2434e94debdd960c2425c500e8d72bf71b8aa0a0cc8ae7f76eb80f6932249190",
                "8aad135726892c142b5769ef07fba7d71523f486c7f6165f106b6ad0d8d4f9bf",
                "b1c3a1f7ab9c26cd6fb21d39145c83acaa688420e9d8833fd14e18f9f67d53b2",
                "b907d17ccb0507901dee426f5892175658776c388c1226515416c58e74775abf",
                "24d963bb44383166e9ca9fdee3505cd5b86d1d105e70f655655530de6844e0e4",
                "8b346bc07c6165a8494d167c0d82fa9e907d292b49bbda2065fa755b5084523e",
                "a14c19a51faac1d205717cad0a0be1491a82f89c0efb4ea22cff7a9201ee3203",
                "33bb7a1996690de263f67a0d7875dd8fd25463e2493eb67578df7a7b5cf7f9c0",
                "9844b338cb3024e750d491f7880b75e060d550dedc2ff0f014e0207154c96155",
                "f38e498eeaac6707caef45d74b2cbf1d4c61d881bd1b24f8803bb4fb2e7891e5",
                "ba8cd0c2bb9609df43858a440e40ccac74cdec562bbd6fc9837176862c9a2ae1",
                "07533b8f693c243720b8f97b74660d2d86764e39d85d4e90359b6f887bd33b95",
                "ab0d0795319079fcf5e105dc497f06209344be8d01875627ce89b4e2d4524064",
                "0779a44b4c79bba7461ab018614bd990b462b8044ce8c865ad850fff48740992",
                "6cb4ec5827f89ed2767d67674eb9891cbbe7c36cc43e59fb4d431eb4ded9cc9b",
                "e640d933b7d3b2522d21b38686ce21bd10daa6d40021a621c3bf78a9d09f2839",
                "1e0a0bc53a6d53478215dab3c76eaeb0c4218c1d4358298fbb675e05d1c18e3d",
                "ce00fa474aaa9de26b296cec7bd7bc5682f1f58d0abf06880aea5928a8a0ab53",
                "f946716ea5338504971c8c9a26132666663d70c36e407ae6d91e7ea048084e4b",
                "6786a0a4b098d412e473c7a20d9f42b03794c8ea7b8abc5e1a1b424615118479",
                "590b11ec8c5eed7a5feaf6f35db2e8247d283577118ce6eb18dfd52e45ba1b19",
                "08648925dea75ff3703e1271798a05c5353ada7eedd512ba52489f18dc394095",
                "3088e2e72b9e0f8e9faf1b6e01834ae4651e3e5348ec96e634243dc3c7e8021f"
            ],
            "type": "Script",
            "firstPartyCookies": {
                "f0_sid": {
                    "ttl": 86404,
                    "length": 53,
                    "prevalence": 0.0023206538189890023,
                    "uniqueness": 1
                },
                "f0_uid": {
                    "ttl": 31536004,
                    "length": 50,
                    "prevalence": 0.0022197558268590455,
                    "uniqueness": 1
                }
            },
            "firstPartyCookiesSent": {},
            "exampleSites": [
                "www.velo-de-ville.com",
                "www.thermondo.de",
                "www.xxxlutz.de",
                "www.enbw.com",
                "www.freenet-mobilfunk.de",
                "www.sparhandy.de",
                "www.pascoe.de",
                "www.hellofresh.de",
                "www.apollo.de",
                "www.fielmann.de",
                "www.enpal.de",
                "www.segmueller.de",
                "fielmann.de",
                "www.lbs.de",
                "octopusenergy.de",
                "gotools.de",
                "www.baur.de",
                "www.kitzbueheler-alpen.com",
                "karton.eu",
                "baumschule-horstmann.de"
            ]
        },
        {
            "rule": "fraud0\\.com\\/api\\/v2\\/pixel",
            "cookies": 0,
            "fingerprinting": 0,
            "subdomains": [
                "api"
            ],
            "apis": {},
            "sites": 14,
            "prevalence": 0.00141,
            "cnames": [],
            "responseHashes": [
                "968b17baf99ffc8097fdbe0d8552113c2f6e7da2a63e3967f24811e2e2e0a312"
            ],
            "type": "Image",
            "firstPartyCookies": {},
            "firstPartyCookiesSent": {},
            "exampleSites": [
                "1komma5.com",
                "baumschule-horstmann.de",
                "karton.eu",
                "octopusenergy.de",
                "www.baumschule-horstmann.de",
                "www.buhl.de",
                "www.enbw.com",
                "www.enpal.de",
                "www.hellofresh.de",
                "www.kitzbueheler-alpen.com",
                "www.pascoe.de",
                "www.velo-de-ville.com",
                "www.vlh.de",
                "www.xxxlutz.de"
            ]
        },
        {
            "rule": "fraud0\\.com\\/api\\/v2\\/event",
            "cookies": 0,
            "fingerprinting": 0,
            "subdomains": [
                "api",
                "bt"
            ],
            "apis": {},
            "sites": 24,
            "prevalence": 0.00242,
            "cnames": [],
            "responseHashes": [
                "d211a73fcc94673d08bcacea3bfd588db5619c532c427218f3484ceef99c99ac",
                "e3b0c44298fc1c149afbf4c8996fb92427ae41e4649b934ca495991b7852b855"
            ],
            "type": "Fetch",
            "firstPartyCookies": {},
            "firstPartyCookiesSent": {},
            "exampleSites": [
                "www.baur.de",
                "www.buhl.de",
                "www.vlh.de",
                "www.jobrad.org",
                "www.apollo.de",
                "www.lbs.de",
                "baumschule-horstmann.de",
                "www.pascoe.de",
                "gotools.de",
                "fielmann.de",
                "www.enbw.com",
                "www.klarmobil.de",
                "www.fielmann.de",
                "www.thermondo.de",
                "segmueller.de",
                "www.hellofresh.de",
                "www.sparhandy.de",
                "www.freenet-mobilfunk.de",
                "www.jack-wolfskin.de",
                "octopusenergy.de"
            ]
        },
        {
            "rule": "fraud0\\.com\\/api\\/v2\\/telemetry",
            "cookies": 0,
            "fingerprinting": 0,
            "subdomains": [
                "api",
                "bt"
            ],
            "apis": {},
            "sites": 24,
            "prevalence": 0.00242,
            "cnames": [],
            "responseHashes": [
                "e3b0c44298fc1c149afbf4c8996fb92427ae41e4649b934ca495991b7852b855"
            ],
            "type": "Fetch",
            "firstPartyCookies": {},
            "firstPartyCookiesSent": {},