{
    "domain": "p7cloud.net",
    "owner": {},
    "source": [
        "DuckDuckGo-DE"
    ],
    "prevalence": 0.000908,
    "sites": 9,
    "subdomains": [
        "silo48",
        "silo90",
        "silo52",
        "silo43",
        "silo54",
        "ua",
        "location",
        "lal"
    ],
    "cnames": [],
    "fingerprinting": 2,
    "resources": [
        {
            "rule": "p7cloud\\.net\\/as1\\.js",
            "cookies": 0.000504,
            "fingerprinting": 1,
            "subdomains": [
                "silo48",
                "silo90",
                "silo52",
                "silo43",
                "silo54"
            ],
            "apis": {
                "window.localStorage": 9,
                "Date.prototype.getTime": 9,
                "Navigator.prototype.languages": 6,
                "Document.cookie getter": 9,
                "Document.cookie setter": 5,
                "Navigator.prototype.userAgent": 2,
                "window.devicePixelRatio": 1,
                "Screen.prototype.width": 1,
                "Screen.prototype.height": 1,
                "Navigator.prototype.platform": 1
            },
            "sites": 9,
            "prevalence": 0.000908,
            "cnames": [],
            "responseHashes": [
                "4de3e5c219b7e5d9a6305d4d47cab49f2dc3314f65e7b0a355090b29e7c399e9",
                "1bc973c97b388af25b64df0bb52faffc0fa70a920358847db28f445b8e68bc43",
                "b6dda271886a223557700f09a46b67c1b41b67e3ce448681e3c33973777b9b16",
                "2328bf9e5fa69ce409780948af3f6f63d3d4edf2d613a79c9e84ad5dfb86f49e",
                "cfb5d41cb7aadf34e31a5d431c3499b009fb161489f2a8a983149cc8ae783914",
                "f31213d8c56fa6f4b77ec36184247b8cb37d17ae1506fe87d752bc1ddd529af3",
                "f44ee9d5738712ada0657335b0517ea3cf7d75288b88e4de0a2f7edb6cd333d8",
                "374318ee31dc5b095e26e60f518f59623a494ee80e8461f419483fee40f8ec26"
            ],
            "type": "Script",
            "firstPartyCookies": {
                "aspan_s": {
                    "ttl": 1809,
                    "length": 22,
                    "prevalence": 0.000504489960649783,
                    "uniqueness": 1
                }
            },
            "firstPartyCookiesSent": {
                "_li_dcdm_c": 0.00010089799212995662
            },
            "exampleSites": [
                "dotesports.com",
                "primagames.com",
                "progameguides.com",
                "www.bikeradar.com",
                "www.destructoid.com",
                "www.dexerto.com",
                "www.gameskinny.com",
                "www.newsweek.com",
                "www.refinery29.com"
            ]
        },
        {
            "rule": "p7cloud\\.net\\/if\\.html",
            "cookies": 0.000908,
            "fingerprinting": 1,
            "subdomains": [
                "silo48",
                "silo90",
                "silo52",
                "silo43",
                "silo54"
            ],
            "apis": {
                "Date.prototype.getTime": 9,
                "Document.cookie setter": 9,
                "window.localStorage": 6,
                "Document.cookie getter": 8
            },
            "sites": 9,
            "prevalence": 0.000908,
            "cnames": [],
            "responseHashes": [
                "f10b55fc648ebc29d5188fd4314d67c6afc38eca17e1c04ba2eb22bc1a7e5069"
            ],
            "type": "Document",
            "firstPartyCookies": {
                "arcid": {
                    "ttl": 7776024,
                    "length": 21,
                    "prevalence": 0.0009080819291696096,
                    "uniqueness": 0.6666666666666666
                },
                "cohorts": {
                    "ttl": 7776027,
                    "length": 147,
                    "prevalence": 0.0006053879527797396,
                    "uniqueness": 1
                },
                "_t": {
                    "ttl": 246,
                    "length": 3,
                    "prevalence": 0.000807183937039653,
                    "uniqueness": 0.125
                }
            },
            "firstPartyCookiesSent": {},
            "exampleSites": [
                "dotesports.com",
                "primagames.com",
                "progameguides.com",
                "www.bikeradar.com",
                "www.destructoid.com",
                "www.dexerto.com",
                "www.gameskinny.com",
                "www.newsweek.com",
                "www.refinery29.com"
            ]
        },
        {
            "rule": "p7cloud\\.net\\/asp",
            "cookies": 0,
            "fingerprinting": 0,
            "subdomains": [
                "ua"
            ],
            "apis": {},
            "sites": 5,
            "prevalence": 0.000504,
            "cnames": [],
            "responseHashes": [
                "3d96813c98eb73f991199397012b2413559c44a04e657128511ef6af56d31095"
            ],
            "type": "Script",
            "firstPartyCookies": {},
            "firstPartyCookiesSent": {},
            "exampleSites": [
                "dotesports.com",
                "primagames.com",
                "www.bikeradar.com",
                "www.destructoid.com",
                "www.newsweek.com"
            ]
        },
        {
            "rule": "p7cloud\\.net\\/locdot",
            "cookies": 0,
            "fingerprinting": 0,
            "subdomains": [
                "location"
            ],
            "apis": {},
            "sites": 5,
            "prevalence": 0.000504,
            "cnames": [],
            "responseHashes": [
                "848525b8c86ade0b754ed53c3dc2fda0ee13a7f19b48b38eb672ad5dba668483"
            ],
            "type": "Script",
            "firstPartyCookies": {},
            "firstPartyCookiesSent": {},
            "exampleSites": [
                "dotesports.com",
                "primagames.com",
                "www.bikeradar.com",
                "www.destructoid.com",
                "www.newsweek.com"
            ]
        },
        {
            "rule": "p7cloud\\.net\\/silo48\\/",
            "cookies": 0,
            "fingerprinting": 0,
            "subdomains": [
                "lal"
            ],
            "apis": {},
            "sites": 3,
            "prevalence": 0.000303,
            "cnames": [],
            "responseHashes": [
                "2a9c18158e7d98ea4ac4398fd2b7b034856c2b55d0f07db36c54716601e45e84",
                "e6f1d378cac18610cea1dd6ee55872581af4dc095c388ae8dcb77bf9dedcaa49"
            ],
            "type": "Script",
            "firstPartyCookies": {},
            "firstPartyCookiesSent": {},
            "exampleSites": [
                "dotesports.com",
                "primagames.com",
                "www.destructoid.com"
            ]
        },
        {
            "rule": "p7cloud\\.net\\/p\\.png",
            "cookies": 0,
            "fingerprinting": 0,
            "subdomains": [
                "silo48",
                "silo90",
                "silo52",
                "silo43",
                "silo54"
            ],
            "apis": {},
            "sites": 9,
            "prevalence": 0.000908,
            "cnames": [],
            "responseHashes": [
                "8d2a86129fbb237c7e1d13bd864237c920b537499a377b21d6889752a33710d3"
            ],
            "type": "Image",
            "firstPartyCookies": {},
            "firstPartyCookiesSent": {
                "arcid": 0.000504489960649783
            },