{
    "domain": "pbxai.com",
    "owner": {},
    "source": [
        "DuckDuckGo-DE"
    ],
    "prevalence": 0.00272,
    "sites": 27,
    "subdomains": [
        "floor",
        "cdn"
    ],
    "cnames": [],
    "fingerprinting": 1,
    "resources": [
        {
            "rule": "pbxai\\.com\\/",
            "cookies": 0,
            "fingerprinting": 0,
            "subdomains": [
                "floor"
            ],
            "apis": {},
            "sites": 20,
            "prevalence": 0.00202,
            "cnames": [],
            "responseHashes": [
                "7177bc4d0570f4136ceceb6d571969c74fa23f5dbb9771c5409b466b04848433",
                "b56e05e528d8b9aaf1efd773140e018b11c9a7e1f3e206ff3c527c979b1c5b0b",
                "77a6d29762fed2604e441fee978d0433e192f0b7ba3a62085276bd9325308901",
                "e3b0c44298fc1c149afbf4c8996fb92427ae41e4649b934ca495991b7852b855",
                "161df9f13a6ba68a8e1c319f16bcb9239b28c1c23e2e05751b23e0f3fc9c393f",
                "9b1dc1c98532cdf9913aed08b10cfa475397b4c5e80638dafaffab133075a773",
                "67d210039614b6686bd70749a2fe33674d4cd5d19cdf3839e9c0e413832d7800",
                "7fe860c170b4227cb9f4e25857a4727cbc706d6b7a49364f7ee5d60ba18073b9",
                "95b940ee73a08a21703356159b88a25c220a5e15aa35a7bb40ab45b4a7ca3803",
                "30d582d4a1aa38865600250768adc69a3db016cce289702516089fbe8a82e450",
                "a931c556d17d5386df0a41c684dcbc3bdaaf0bda79911d0dcff6c50de9728653",
                "53ac41c689d703de4749e9511ade15622c122b98d09ec9060022d0b0dbafbc62",
                "bad82fb629d618a7df7a3bacfff854751933a92281bd7e42d050b3d3d788dd76",
                "464ecc8825a9b97bec32c6b1f990286d812195c80198786f969610a138ce966d"
            ],
            "type": "Fetch",
            "firstPartyCookies": {},
            "firstPartyCookiesSent": {},
            "exampleSites": [
                "2700chess.com",
                "administrator.de",
                "de.investing.com",
                "helpdeskgeek.com",
                "stadtplandienst.de",
                "www.dict.cc",
                "www.foodtempel.de",
                "www.geoguessr.com",
                "www.golinuxcloud.com",
                "www.iplocation.net",
                "www.investing.com",
                "www.linguee.de",
                "www.linguee.com",
                "www.notebookcheck.com",
                "www.notebookcheck.net",
                "www.psymag.de",
                "www.server-world.info",
                "www.timeout.com",
                "www.ultimatespecs.com",
                "www.wordhippo.com"
            ]
        },
        {
            "rule": "pbxai\\.com\\/",
            "cookies": 0,
            "fingerprinting": 0,
            "subdomains": [
                "floor"
            ],
            "apis": {},
            "sites": 7,
            "prevalence": 0.000706,
            "cnames": [],
            "responseHashes": [
                "e3b0c44298fc1c149afbf4c8996fb92427ae41e4649b934ca495991b7852b855",
                "b56e05e528d8b9aaf1efd773140e018b11c9a7e1f3e206ff3c527c979b1c5b0b",
                "9f78bbdfe1c8464ebf2f43cbd913063c0559095024a512fffaa8d58829e32bc9"
            ],
            "type": "Other",
            "firstPartyCookies": {},
            "firstPartyCookiesSent": {},
            "exampleSites": [
                "investing.com",
                "stadtplandienst.de",
                "www.foodtempel.de",
                "www.investing.com",
                "www.psymag.de",
                "www.server-world.info",
                "www.was-war-wann.de"
            ]
        },
        {
            "rule": "pbxai\\.com\\/71b864d1-8747-49a4-9279-13f89d43e57f\\.js",
            "cookies": 0,
            "fingerprinting": 1,
            "subdomains": [
                "cdn"
            ],
            "apis": {
                "window.localStorage": 2,
                "window.sessionStorage": 2,
                "Date.prototype.getTime": 2
            },
            "sites": 2,
            "prevalence": 0.000202,
            "cnames": [],
            "responseHashes": [
                "aaf4b07db1b64011baaca861a3f177759a3cea3e0915df3e3d2a1b9fe13f32ba"
            ],
            "type": "Script",
            "firstPartyCookies": {},
            "firstPartyCookiesSent": {},
            "exampleSites": [
                "investing.com",
                "www.investing.com"
            ]
        },
        {
            "rule": "pbxai\\.com\\/5f4a4498-4f1f-48c2-94fc-26ecfea898d8\\.js",
            "cookies": 0,
            "fingerprinting": 1,
            "subdomains": [
                "cdn"
            ],
            "apis": {
                "window.localStorage": 5,
                "window.sessionStorage": 5,
                "Date.prototype.getTime": 5,
                "Navigator.prototype.platform": 1,
                "Navigator.prototype.userAgent": 1,
                "Navigator.prototype.vendor": 1
            },
            "sites": 5,
            "prevalence": 0.000504,
            "cnames": [],
            "responseHashes": [
                "7965c0024d00c54675906d3de6e8b31adbabff9a8acc675be8eab1bbba5adbb7",
                "907e3eff233f5696eb23d1cc7997eb340b2286d2260b23ecdec31c83695a9f55",
                "635c4fc121ad68a1e133a11f73f32db2aed20ae9f32286e32c821f586d155229",
                "3b632a536c91c443da03caa3ca6477e0f9737e7e68f1d78375f7ddc05ad5b771"
            ],
            "type": "Script",
            "firstPartyCookies": {},
            "firstPartyCookiesSent": {},
            "exampleSites": [
                "on4t.com",
                "www.golinuxcloud.com",
                "www.greelane.com",
                "www.iplocation.net",
                "www.linuxfordevices.com"
            ]
        },
        {
            "rule": "pbxai\\.com\\/f8d756ed-7cb8-46cc-83ca-968168e81ce6\\.js",
            "cookies": 0,
            "fingerprinting": 1,
            "subdomains": [
                "cdn"
            ],
            "apis": {
                "window.localStorage": 5,
                "window.sessionStorage": 5,
                "Date.prototype.getTime": 5
            },
            "sites": 5,
            "prevalence": 0.000504,
            "cnames": [],
            "responseHashes": [
                "8f76bd09dfc5d3881b788787f120527cce585198e017501be6172b673a5bb3fc",
                "4b4515c2f51fc3d0893a09ee05c1d9391bcf02ad5c2916f765950dae0629792a"
            ],
            "type": "Script",
            "firstPartyCookies": {},
            "firstPartyCookiesSent": {},
            "exampleSites": [
                "stadtplandienst.de",
                "www.foodtempel.de",
                "www.psymag.de",
                "www.server-world.info",
                "www.was-war-wann.de"
            ]
        },
        {
            "rule": "pbxai\\.com\\/e81e688b-e119-4bf8-af5e-9c6af50622c1\\.js",
            "cookies": 0,
            "fingerprinting": 0,
            "subdomains": [
                "cdn"
            ],
            "apis": {},
            "sites": 2,
            "prevalence": 0.000202,
            "cnames": [],
            "responseHashes": [
                "493bb27cfb170a106856bda20cf861a0c744b2d087cd078a07c89f06ab197995"
            ],
            "type": "Script",
            "firstPartyCookies": {},
            "firstPartyCookiesSent": {},
            "exampleSites": [
                "unwetterzentrale.de",
                "www.wetter24.de"
            ]
        }
    ],
    "categories": [],
    "performance": {},
    "cookies": 0,
    "topInitiators": [
        {
            "domain": "snigelweb.com",
            "prevalence": 0.24444444444444444
        },
        {
            "domain": "themoneytizer.com",
            "prevalence": 0.2222222222222222
        },
        {
            "domain": "adpushup.com",
            "prevalence": 0.2
        },
        {
            "domain": "first party",