{
    "domain": "servenobid.com",
    "owner": {
        "name": "Prebid.org",
        "displayName": "Prebid.org"
    },
    "source": [
        "DuckDuckGo-DE"
    ],
    "prevalence": 0.000908,
    "sites": 9,
    "subdomains": [
        "ads",
        "public"
    ],
    "cnames": [],
    "fingerprinting": 2,
    "resources": [
        {
            "rule": "servenobid\\.com\\/adreq",
            "cookies": 0,
            "fingerprinting": 0,
            "subdomains": [
                "ads"
            ],
            "apis": {},
            "sites": 9,
            "prevalence": 0.000908,
            "cnames": [],
            "responseHashes": [
                "25d005dfac023fffca95f05fcc632d9dce0802bf28a1a5fb1500901a313507c1",
                "555eb12d1ee9ee3578cdbd60d47ebb00a2ccd135ef3038fc36ec286a5ef3bc4e",
                "389713b03704487a737b27df2b1dcda326761b188ba06807a48e056f15d48ba0",
                "c3bc832d4a3d782d69664862b75a58e3168e1f1e8ff115d2c57e84f912da5840",
                "93e0e4a17642816e70ba02a246365a86f21b412d1f4ad95a4f548f9e380895c9",
                "779b9d2806c29e4e74587e2a40a4c57d3757e5b0b69cfc3aeb20b6c9a1fc9e30",
                "947d484cdffb2f4b8c7bbe3ced3eb69eb1cee37b7affd360b681a241bc3d9b00",
                "f43dbaf2ae4a8b32f8be677a40921d6a5da68c4b23210cee8119a7b716f67669"
            ],
            "type": "Fetch",
            "firstPartyCookies": {},
            "firstPartyCookiesSent": {},
            "exampleSites": [
                "appleinsider.com",
                "biblehub.com",
                "sonichits.com",
                "techcrunch.com",
                "www.behindthename.com",
                "www.delftstack.com",
                "www.hardreset.info",
                "www.iplocation.net",
                "www.topcpu.net"
            ]
        },
        {
            "rule": "servenobid\\.com\\/sync\\.html",
            "cookies": 0.000706,
            "fingerprinting": 1,
            "subdomains": [
                "public"
            ],
            "apis": {
                "Document.cookie getter": 7,
                "Date.prototype.getTime": 7,
                "Document.cookie setter": 7
            },
            "sites": 8,
            "prevalence": 0.000807,
            "cnames": [],
            "responseHashes": [
                "587bd918a4110df6b3704e6fbb0e956264b1706560d6c32a6e899de8ccf12be7"
            ],
            "type": "Document",
            "firstPartyCookies": {
                "_nbxc_": {
                    "ttl": 22394880018,
                    "length": 1,
                    "prevalence": 0.0007062859449096964,
                    "uniqueness": 0.14285714285714285
                }
            },
            "firstPartyCookiesSent": {},
            "exampleSites": [
                "appleinsider.com",
                "biblehub.com",
                "techcrunch.com",
                "www.behindthename.com",
                "www.delftstack.com",
                "www.hardreset.info",
                "www.iplocation.net",
                "www.topcpu.net"
            ]
        },
        {
            "rule": "servenobid\\.com\\/sync",
            "cookies": 0.000101,
            "fingerprinting": 0,
            "subdomains": [
                "ads"
            ],
            "apis": {},
            "sites": 6,
            "prevalence": 0.000605,
            "cnames": [],
            "responseHashes": [
                "e3b0c44298fc1c149afbf4c8996fb92427ae41e4649b934ca495991b7852b855"
            ],
            "type": "Image",
            "firstPartyCookies": {},
            "firstPartyCookiesSent": {},
            "exampleSites": [
                "biblehub.com",
                "techcrunch.com",
                "www.behindthename.com",
                "www.hardreset.info",
                "www.iplocation.net",
                "www.topcpu.net"
            ]
        }
    ],
    "categories": [],
    "performance": {},
    "cookies": 0.000706,
    "topInitiators": [
        {
            "domain": "adpushup.com",
            "prevalence": 0.2
        },
        {
            "domain": "admetricspro.com",
            "prevalence": 0.16666666666666666
        },
        {
            "domain": "smartadserver.com",
            "prevalence": 0.13333333333333333
        },
        {
            "domain": "undrads.com",
            "prevalence": 0.13333333333333333
        },
        {
            "domain": "gumgum.com",
            "prevalence": 0.1
        },
        {
            "domain": "bidmatic.io",
            "prevalence": 0.06666666666666667
        },
        {
            "domain": "buysellads.net",
            "prevalence": 0.06666666666666667
        },
        {
            "domain": "stpd.cloud",
            "prevalence": 0.06666666666666667
        },
        {
            "domain": "first party",
            "prevalence": 0.03333333333333333
        },
        {
            "domain": "doubleclick.net",
            "prevalence": 0.03333333333333333
        }
    ],
    "types": {
        "Fetch": 9,
        "Document": 8,
        "Image": 6
    },
    "nameservers": [
        "ns-1273.awsdns-31.org",
        "ns-1852.awsdns-39.co.uk",
        "ns-396.awsdns-49.com",
        "ns-736.awsdns-28.net"
    ]
}