{
    "domain": "stay22.com",
    "owner": {},
    "source": [
        "DuckDuckGo-DE"
    ],
    "prevalence": 0.00101,
    "sites": 10,
    "subdomains": [
        "scripts",
        "www"
    ],
    "cnames": [],
    "fingerprinting": 2,
    "resources": [
        {
            "rule": "stay22\\.com\\/letmeallez\\.js",
            "cookies": 0.00101,
            "fingerprinting": 2,
            "subdomains": [
                "scripts"
            ],
            "apis": {
                "window.localStorage": 10,
                "Navigator.prototype.userAgent": 10,
                "Navigator.prototype.webkitTemporaryStorage": 10,
                "Performance.prototype.memory": 10
            },
            "sites": 10,
            "prevalence": 0.00101,
            "cnames": [],
            "responseHashes": [
                "cf4df1d85288b74e3001cdaa5ab188c8acd39f1816be9fd4e56eb104d9442df2"
            ],
            "type": "Script",
            "firstPartyCookies": {},
            "firstPartyCookiesSent": {},
            "exampleSites": [
                "beach-searcher.de",
                "faszination-suedostasien.de",
                "homeoftravel.de",
                "phototravellers.de",
                "robots.net",
                "seatemperature.info",
                "worldpopulationreview.com",
                "www.bestereisezeit.at",
                "www.klimatabelle.info",
                "www.lebegeil.de"
            ]
        },
        {
            "rule": "stay22\\.com\\/ext\\/partner",
            "cookies": 0.00101,
            "fingerprinting": 0,
            "subdomains": [
                "www"
            ],
            "apis": {},
            "sites": 10,
            "prevalence": 0.00101,
            "cnames": [],
            "responseHashes": [
                "0d62c925510253b49cb403b8689b38b374b8f9a9f29d8703d06314f1dfe3c08d",
                "1fd4e219de072d9d502e71c472c83d7ff5c98eadf10fdca6b8041290f07f1213",
                "feef8b04c9324cbb0d90ed6460be9881185f6b230db19cb980a7b577b2ba3cef",
                "5e168a06aa071108075a382bb9392c87d314712f4e275cc054baf9349fc32bc5",
                "088f09ac53133169f3d35b2018957f13859c40b649b0d30d3285b8052a74b2df",
                "a923d628f7369c26fe325cceaccfdda534a3019630229df0c850cf2a1578d682",
                "e630d2c8c0ba359640f29009ed56d066b03aaee89f65b3b788558c3ce32a7c3b",
                "f0b00d1e74e142967efd10f4f491b450a2bdf2d355e42cbb7e77d9a1adb51941",
                "43b3f1565bfc76c7e99e90b4f463afbeb841040f73c6ae1e279f56eec416094a"
            ],
            "type": "XHR",
            "firstPartyCookies": {},
            "firstPartyCookiesSent": {},
            "exampleSites": [
                "beach-searcher.de",
                "faszination-suedostasien.de",
                "homeoftravel.de",
                "phototravellers.de",
                "robots.net",
                "seatemperature.info",
                "worldpopulationreview.com",
                "www.bestereisezeit.at",
                "www.klimatabelle.info",
                "www.lebegeil.de"
            ]
        },
        {
            "rule": "stay22\\.com\\/ext\\/partner",
            "cookies": 0.00101,
            "fingerprinting": 0,
            "subdomains": [
                "www"
            ],
            "apis": {},
            "sites": 10,
            "prevalence": 0.00101,
            "cnames": [],
            "responseHashes": [],
            "type": "Preflight",
            "firstPartyCookies": {},
            "firstPartyCookiesSent": {},
            "exampleSites": [
                "beach-searcher.de",
                "faszination-suedostasien.de",
                "homeoftravel.de",
                "phototravellers.de",
                "robots.net",
                "seatemperature.info",
                "worldpopulationreview.com",
                "www.bestereisezeit.at",
                "www.klimatabelle.info",
                "www.lebegeil.de"
            ]
        }
    ],
    "categories": [],
    "performance": {},
    "cookies": 0.00101,
    "topInitiators": [
        {
            "domain": "first party",
            "prevalence": 1
        }
    ],
    "types": {
        "Script": 10,
        "XHR": 10,
        "Preflight": 10
    },
    "nameservers": [
        "sid.ns.cloudflare.com",
        "wally.ns.cloudflare.com"
    ]
}