{
    "domain": "trackwilltrk.com",
    "owner": {},
    "source": [
        "DuckDuckGo-DE"
    ],
    "prevalence": 0.000807,
    "sites": 8,
    "subdomains": [
        "r"
    ],
    "cnames": [],
    "fingerprinting": 1,
    "resources": [
        {
            "rule": "trackwilltrk\\.com\\/s1\\/1f65cdee-dd33-4740-a337-4544061ed882",
            "cookies": 0,
            "fingerprinting": 1,
            "subdomains": [
                "r"
            ],
            "apis": {
                "Navigator.prototype.userAgent": 6,
                "Navigator.prototype.platform": 6
            },
            "sites": 7,
            "prevalence": 0.000706,
            "cnames": [],
            "responseHashes": [
                "056026ca46ec23698b47c186a2ab192f3621bc70245952c1379677f5c88bcb3d",
                "8716e908ee25957281959f49dbf03144ad9555ca9e24af950d94c0147e629162",
                "08941c4eebf72c9fc91f63817be33550ffc19052b2f250c95a91e9e19eb667f0",
                "68bcd0e4ffb1c23e70421783e6546ed13474d341980d22664f2faf2c23837f45",
                "77f5c4192a52c5cbb7e667e7167cde5b6a7cadf5fb501463d5e3ddc2afe53659",
                "ea78b07469c0d756581e09fda80e4f82cd6cafa2d55d44138f6f043fd39fcf89"
            ],
            "type": "Document",
            "firstPartyCookies": {},
            "firstPartyCookiesSent": {},
            "exampleSites": [
                "familyporner.com",
                "goldtits.com",
                "pornken.com",
                "sxyprn.net",
                "tubexo.com",
                "www.peekvids.com",
                "xxxdan.com"
            ]
        }
    ],
    "categories": [],
    "performance": {},
    "cookies": 0,
    "types": {
        "Document": 7
    },
    "nameservers": [
        "ns.anycastns1.org",
        "ns.anycastns2.org"
    ]
}