{
    "domain": "userlike.com",
    "owner": {},
    "source": [
        "DuckDuckGo-DE"
    ],
    "prevalence": 0.00101,
    "sites": 10,
    "subdomains": [
        "api",
        "userlike-cdn-operators"
    ],
    "cnames": [],
    "fingerprinting": 0,
    "resources": [
        {
            "rule": "userlike\\.com\\/api\\/um\\/chat\\/button\\/check\\/",
            "cookies": 0,
            "fingerprinting": 0,
            "subdomains": [
                "api"
            ],
            "apis": {},
            "sites": 10,
            "prevalence": 0.00101,
            "cnames": [],
            "responseHashes": [
                "dc4af459b296ecf72d7c7bd38c6ba82d5c3c85be923d1847b3396613b0f438cb",
                "6a114eee9d878a45b16490b22c04e796bc1264e7aea76ff8c518943761a09084",
                "a1a7deb0ba55d78a57009e78917e31c9d9ce12215dbd0c7aa3f9d24fc2fba221",
                "97b5e9fd966025c154630e859004634ba6d47285a127c80165cfd30622550310",
                "12a2f1671c113db98f61df8b671cea8a9c8e8ed4fb02fb402275bd4fe86c6ec1",
                "2e5304f88d0664c18b75aa9dc8c0651aa7428960152a82e1cfa355dc011800a1",
                "4163b357680c512b0c922a86741c0809e923ab287f35ce086eaf9c9a9d2f7133"
            ],
            "type": "Fetch",
            "firstPartyCookies": {},
            "firstPartyCookiesSent": {},
            "exampleSites": [
                "apotheke.de",
                "www.aponeo.de",
                "www.boker.de",
                "www.fissler.com",
                "www.frankfurt-main.ihk.de",
                "www.hama.com",
                "www.keyence.de",
                "www.matratzen-concord.de",
                "www.ottoversand.at",
                "www.wertgarantie.de"
            ]
        },
        {
            "rule": "userlike\\.com\\/ecc66347773f61ec9ce24f1279031ea5aaa2b8b302c4b93023ef6b8154a22cb3_320x320\\.jpg",
            "cookies": 0,
            "fingerprinting": 0,
            "subdomains": [
                "userlike-cdn-operators"
            ],
            "apis": {},
            "sites": 2,
            "prevalence": 0.000202,
            "cnames": [],
            "responseHashes": [
                "874754920e11f4acd12edd3e1d662752458fe0e46ab75a384dc45cecc6b1b595"
            ],
            "type": "Image",
            "firstPartyCookies": {},
            "firstPartyCookiesSent": {},
            "exampleSites": [
                "keyence.de",
                "www.keyence.de"
            ]
        },
        {
            "rule": "userlike\\.com\\/8215030e60f687d84c8cdc5f4776b050edecc5bc7422445127e7c6a4fa0caffc_320x320\\.jpg",
            "cookies": 0,
            "fingerprinting": 0,
            "subdomains": [
                "userlike-cdn-operators"
            ],
            "apis": {},
            "sites": 2,
            "prevalence": 0.000202,
            "cnames": [],
            "responseHashes": [
                "567e98776407dd017109bdb16ed1b6a86576f1c93256501630017002b2ab1819"
            ],
            "type": "Image",
            "firstPartyCookies": {},
            "firstPartyCookiesSent": {},
            "exampleSites": [
                "matratzen-concord.de",
                "www.matratzen-concord.de"
            ]
        }
    ],
    "categories": [],
    "performance": {},
    "cookies": 0,
    "topInitiators": [
        {
            "domain": "b-cdn.net",
            "prevalence": 1
        }
    ],
    "types": {
        "Fetch": 10,
        "Image": 4
    },
    "nameservers": [
        "a.myradns.net",
        "b.myradns.net",
        "c.myradns.net"
    ]
}