{
    "domain": "a47b.com",
    "owner": {},
    "source": [
        "DuckDuckGo-AU"
    ],
    "prevalence": 0.00111,
    "sites": 11,
    "subdomains": [
        "aam",
        "a"
    ],
    "cnames": [],
    "fingerprinting": 2,
    "resources": [
        {
            "rule": "a47b\\.com\\/aam",
            "cookies": 0,
            "fingerprinting": 2,
            "subdomains": [
                "aam"
            ],
            "apis": {
                "Date.prototype.getTimezoneOffset": 9,
                "window.innerWidth": 9,
                "window.innerHeight": 9,
                "Navigator.prototype.userAgent": 9,
                "Screen.prototype.availHeight": 9,
                "Screen.prototype.availWidth": 9
            },
            "sites": 11,
            "prevalence": 0.00111,
            "cnames": [],
            "responseHashes": [
                "483cd086a2154f8f3575cc9eac65f04159351eb969859d8a19c4527dc7babba3",
                "00aea0799ce88f3cbba6b6d674160ba97e4cfbd35876318739ed17c08f9adad0",
                "fa7ef6722c1557ea8f2d71a35d9cc64cf8a954a881eeb23a760aa44e565f7469",
                "864d6f91803e77ac6d2c6c6118ce8a1ef55a0ba0bd67c37e59a5af0aa95eabb0",
                "c1836e00f512d6bd78897db212297eebed809a2fabb3d833275b318f1dedf01e",
                "741f6da46751209c0165180ae24eefc85e71c2631fe4db634fe23a2511855446",
                "8db5d617d1d305cd6ad91199297cbea1019679c6b7afeb9ee2eeb74afe82b96a",
                "e3b0c44298fc1c149afbf4c8996fb92427ae41e4649b934ca495991b7852b855",
                "daa9930e74c72c4ce4ad6780da18aa8451c94aff308759bd0d9121843a6daeb7"
            ],
            "type": "Script",
            "firstPartyCookies": {},
            "firstPartyCookiesSent": {},
            "exampleSites": [
                "arstechnica.com",
                "pitchfork.com",
                "www.bonappetit.com",
                "www.cntraveler.com",
                "www.epicurious.com",
                "www.glamour.com",
                "www.gq.com",
                "www.newyorker.com",
                "www.teenvogue.com",
                "www.vogue.com",
                "www.wired.com"
            ]
        },
        {
            "rule": "a47b\\.com\\/track\\/mntrjsAssessed",
            "cookies": 0,
            "fingerprinting": 0,
            "subdomains": [
                "a"
            ],
            "apis": {},
            "sites": 9,
            "prevalence": 0.000908,
            "cnames": [],
            "responseHashes": [
                "e3b0c44298fc1c149afbf4c8996fb92427ae41e4649b934ca495991b7852b855"
            ],
            "type": "Image",
            "firstPartyCookies": {},
            "firstPartyCookiesSent": {},
            "exampleSites": [
                "arstechnica.com",
                "pitchfork.com",
                "www.bonappetit.com",
                "www.epicurious.com",
                "www.glamour.com",
                "www.gq.com",
                "www.newyorker.com",
                "www.teenvogue.com",
                "www.wired.com"
            ]
        },
        {
            "rule": "a47b\\.com\\/track\\/aamHrtBt",
            "cookies": 0,
            "fingerprinting": 0,
            "subdomains": [
                "a"
            ],
            "apis": {},
            "sites": 7,
            "prevalence": 0.000707,
            "cnames": [],
            "responseHashes": [
                "e3b0c44298fc1c149afbf4c8996fb92427ae41e4649b934ca495991b7852b855"
            ],
            "type": "Image",
            "firstPartyCookies": {},
            "firstPartyCookiesSent": {},
            "exampleSites": [
                "arstechnica.com",
                "www.bonappetit.com",
                "www.epicurious.com",
                "www.glamour.com",
                "www.gq.com",
                "www.newyorker.com",
                "www.wired.com"
            ]
        }
    ],
    "categories": [],
    "performance": {},
    "cookies": 0,
    "topInitiators": [
        {
            "domain": "doubleclick.net",
            "prevalence": 1
        }
    ],
    "types": {
        "Script": 11,
        "Image": 16
    },
    "nameservers": [
        "ns-567.awsdns-06.net",
        "ns-292.awsdns-36.com",
        "ns-1556.awsdns-02.co.uk",
        "ns-1252.awsdns-28.org"
    ]
}