{
    "domain": "adalyser.com",
    "owner": {
        "name": "OneSoon Ltd",
        "displayName": "OneSoon"
    },
    "source": [
        "DuckDuckGo-AU"
    ],
    "prevalence": 0.00262,
    "sites": 26,
    "subdomains": [
        "c0",
        "c5"
    ],
    "cnames": [],
    "fingerprinting": 1,
    "resources": [
        {
            "rule": "adalyser\\.com\\/adalyser\\.js",
            "cookies": 0.00212,
            "fingerprinting": 1,
            "subdomains": [
                "c0",
                "c5"
            ],
            "apis": {
                "Navigator.prototype.userAgent": 24,
                "Navigator.prototype.language": 24,
                "Date.prototype.getTime": 24,
                "window.localStorage": 24,
                "Document.cookie setter": 21,
                "Document.cookie getter": 21
            },
            "sites": 26,
            "prevalence": 0.00262,
            "cnames": [],
            "responseHashes": [
                "e0b16252fbbcb1125fb5ea77e59fa7f03f3103d0ac40c3b352fcf0861cfd30ae",
                "6fc867d17e6ace86a262b1b74921dfe137905b90c190f638a35b0d33b48fd49c",
                "c1b356f3f76ac3ce3f19997f63fa181cb9d05cd531eb1ee612ce69a2a57fa56f",
                "9452344c4e704a15a8a4105312f8a242f0b5ad9a0dc0aa07558291bd4e591401",
                "0ec1ab29888e26a234e93254637cb07976e311c730efee4ee7a47641b8eb541a",
                "4a9b6603ef41adb1bea50a3b32b75d3cb2b3b836e78bcbdbcb2b71ac41b882a9"
            ],
            "type": "Script",
            "firstPartyCookies": {
                "__adal_ses": {
                    "ttl": 1813,
                    "length": 1,
                    "prevalence": 0.002119713334006258,
                    "uniqueness": 0.047619047619047616
                },
                "__adal_id": {
                    "ttl": 63072013,
                    "length": 108,
                    "prevalence": 0.002119713334006258,
                    "uniqueness": 1
                },
                "__adal_ca": {
                    "ttl": 15552013,
                    "length": 97,
                    "prevalence": 0.002119713334006258,
                    "uniqueness": 0.09523809523809523
                },
                "__adal_cw": {
                    "ttl": 604813,
                    "length": 13,
                    "prevalence": 0.002119713334006258,
                    "uniqueness": 1
                }
            },
            "firstPartyCookiesSent": {},
            "exampleSites": [
                "wise.com",
                "www.celebritycruises.com",
                "www.adfcareers.gov.au",
                "www.nespresso.com",
                "www.thesmithfamily.com.au",
                "www.eharmony.com.au",
                "www.westfund.com.au",
                "www.xero.com",
                "www.teachershealth.com.au",
                "www.belong.com.au",
                "asana.com",
                "www.hoselink.com.au",
                "www.salvationarmy.org.au",
                "www1.citibank.com.au",
                "www.letsbemates.com.au",
                "wwf.org.au",
                "www.steel-line.com.au",
                "www.theiconic.com.au",
                "www.citibank.com.au",
                "www.amnesty.org.au"
            ]
        },
        {
            "rule": "adalyser\\.com\\/tracking\\/track\\/v3\\/p",
            "cookies": 0,
            "fingerprinting": 0,
            "subdomains": [
                "c0",
                "c5"
            ],
            "apis": {},
            "sites": 24,
            "prevalence": 0.00242,
            "cnames": [],
            "responseHashes": [
                "d346801abbf9bb4e9e9a055239053d4ab5596514304f601a6c70604187acb744"
            ],
            "type": "Image",
            "firstPartyCookies": {},
            "firstPartyCookiesSent": {
                "__adal_cw": 0.0022206520641970323,
                "_hjTLDTest": 0.0001009387301907742,
                "gtm_campaignStr": 0.0001009387301907742
            },
            "exampleSites": [
                "www.citibank.com.au",
                "www.hoselink.com.au",
                "wwf.org.au",
                "www.adfcareers.gov.au",
                "www.ambertiles.com.au",
                "www.xero.com",
                "www.lornajane.com.au",
                "www.letsbemates.com.au",
                "www.nespresso.com",
                "www.thesmithfamily.com.au",
                "www.steel-line.com.au",
                "www.westfund.com.au",
                "www.belong.com.au",
                "www.aussie.com.au",
                "www.celebritycruises.com",
                "www1.citibank.com.au",
                "www.snapfish.com.au",
                "www.teachershealth.com.au",
                "www.theiconic.com.au",
                "asana.com"
            ]
        }
    ],
    "categories": [],
    "performance": {},
    "cookies": 0.00212,
    "topInitiators": [
        {
            "domain": "googletagmanager.com",
            "prevalence": 0.5333333333333333
        },
        {
            "domain": "first party",
            "prevalence": 0.4
        },
        {
            "domain": "adobedtm.com",
            "prevalence": 0.06666666666666667
        }
    ],
    "types": {
        "Script": 26,
        "Image": 24
    },
    "nameservers": [
        "ns11.dnsmadeeasy.com",
        "ns12.dnsmadeeasy.com",
        "ns13.dnsmadeeasy.com",
        "ns14.dnsmadeeasy.com",
        "ns15.dnsmadeeasy.com",
        "ns10.dnsmadeeasy.com"
    ]
}