{
    "domain": "driftapi.com",
    "owner": {},
    "source": [
        "DuckDuckGo-AU"
    ],
    "prevalence": 0.00141,
    "sites": 14,
    "subdomains": [
        "bootstrap"
    ],
    "cnames": [],
    "fingerprinting": 0,
    "resources": [
        {
            "rule": "driftapi\\.com\\/widget_bootstrap\\/ping\\/v2",
            "cookies": 0,
            "fingerprinting": 0,
            "subdomains": [
                "bootstrap"
            ],
            "apis": {},
            "sites": 14,
            "prevalence": 0.00141,
            "cnames": [],
            "responseHashes": [
                "6ccaa487bd0ea6ac49fffa322a7b58643fb78380771b4bbce99ff22b686f366e",
                "7bb9ab7f6f7f6d4ac7d442c6b1e0db718f76b3ea798b6ccdf9337b728e8671a5",
                "3ecb45defb9b18b17ad59c49411a35506659886968b1082e9393bdb37c054355",
                "bc63bb3d983fd594d80de1a90ff346e0e2021160a79cd2e036fcc4db1c3724c3",
                "12b3cb8a8e2e40090fb92259b36a29915fd08da02a2fcac0b393a2bd8619153f",
                "0306c49ea9a3592d0de02432b6b0d0aacafbc02be7282716ed129a7e5ee953c8",
                "7fe7dac786403bf27111aaef460196da9289de06e26498e937914925c4671c13",
                "e4c987f03f101036a0fcf5cb787220b2dd4948d9f8ca4ae168c311769351d2b9",
                "87021127f648cbe62d145cc97ac656ce5abf695eb06ac30f36561763a0c5b9a1",
                "c7af5330e6638adcd960f7b44c71185a8544f75cb63284684d8c1167b4c95ac1",
                "8c60d374f5b23354f25059e04b2e99aa46b5fd3b8e2019f1d5afa42b261aae06",
                "b47b760116488fe89d99bb6f8a7db027c6eb52737ad2a817aa57e95a32e09ab5",
                "b736aae14d071ea2f617fa640381ce1241ba71c98453f06e6aa2230bc3cd713c"
            ],
            "type": "XHR",
            "firstPartyCookies": {},
            "firstPartyCookiesSent": {},
            "exampleSites": [
                "otter.ai",
                "sketchup.trimble.com",
                "www.ceicdata.com",
                "www.dashlane.com",
                "www.docusign.com",
                "www.emerson.com",
                "www.hpe.com",
                "www.lastpass.com",
                "www.linux.com",
                "www.onshape.com",
                "www.paloaltonetworks.com",
                "www.payscale.com",
                "www.qualtrics.com",
                "www.redhat.com"
            ]
        },
        {
            "rule": "driftapi\\.com\\/widget_bootstrap",
            "cookies": 0,
            "fingerprinting": 0,
            "subdomains": [
                "bootstrap"
            ],
            "apis": {},
            "sites": 12,
            "prevalence": 0.00121,
            "cnames": [],
            "responseHashes": [
                "5542207b784fc65e24b539a87767176927ec7eea39b86ad78dda9901015e6552",
                "505959901c2ea4f957a00dca55f4c85f8d50e140c2edddb27a8e24f61123d40e",
                "fb0d97f74c56ffabe7d969a19ff32542bcda6cdf99e42a976e12fa675a37bc52",
                "400b5819623030afaafbc17d05a6854792bd110f9038c6fa531f09b648be8299",
                "eb59a4770a33af81a428da81652914a34f67484e14365fb396b3bfc2a87cd3ee",
                "e3dfdba35b88cb4ffce24bddde8ae2103b4976fc31dd2188a3deadb923f3cf35",
                "637b9c2c5618a91ac3c566f3d2e9a811bc730263f7307a961366ea03f76c968f",
                "58e308e05433aafe618247c961e5052222e569efdb128a4aa5f869f5ecc72afe",
                "b99cb6e7747efbc608f9da925d8021a6be8afc8921605cdaa4000894e3b0295d",
                "9445f7e88f05511439f98aa07068502cdca0b8a488a86fe8e2d9a784fc222e06",
                "e59ebb63015d277e408360b0736dab975f634af9a2429aa33caa3fca46c006d4"
            ],
            "type": "XHR",
            "firstPartyCookies": {},
            "firstPartyCookiesSent": {},
            "exampleSites": [
                "otter.ai",
                "sketchup.trimble.com",
                "www.dashlane.com",
                "www.emerson.com",
                "www.hpe.com",
                "www.lastpass.com",
                "www.linux.com",
                "www.onshape.com",
                "www.paloaltonetworks.com",
                "www.payscale.com",
                "www.qualtrics.com",
                "www.redhat.com"
            ]
        }
    ],
    "categories": [],
    "performance": {},
    "cookies": 0,
    "topInitiators": [
        {
            "domain": "driftt.com",
            "prevalence": 1
        }
    ],
    "types": {
        "XHR": 26
    },
    "nameservers": [
        "ns-28.awsdns-03.com",
        "ns-653.awsdns-17.net",
        "ns-1366.awsdns-42.org",
        "ns-1970.awsdns-54.co.uk"
    ]
}