{
    "domain": "eway.com.au",
    "owner": {},
    "source": [
        "DuckDuckGo-AU"
    ],
    "prevalence": 0.00111,
    "sites": 11,
    "subdomains": [
        "www"
    ],
    "cnames": [],
    "fingerprinting": 0,
    "resources": [
        {
            "rule": "eway\\.com\\.au\\/developer\\/payment-code\\/verified-seal\\.php",
            "cookies": 0,
            "fingerprinting": 0,
            "subdomains": [
                "www"
            ],
            "apis": {},
            "sites": 10,
            "prevalence": 0.00101,
            "cnames": [],
            "responseHashes": [
                "9222f0994c6c6baf50183d50bbbf81433595b8791abe266ad8d4b8677144eb1b",
                "d09f1013753fc30bc5f3c31c8df207e136660bd87307cde255d823a8f10c9861",
                "fe497ece289f9f16f4d12a144a414c39d9c77f15a95770e09754842f8f135611",
                "968d6d8110bed5d7354e9c3e3c6702299e84e3991b2674e5df4a529e942ecf45",
                "36cffd40991f6660a5bd68ba15e52531e2207db66cd50b1ca17e957c8dbbd13e",
                "a7b5e8626a27e7c6e4b77b095dcc61bcd426d5281439f30f23b190b46ea838ba",
                "36ead0dfd1c0886e7c4da1e996e32f61a3d537d522a10d096a030ddf5901a169",
                "bb0b68c1add82ae5a2a0c51546cdf19d1563a02340d0836c28844be2639f4814"
            ],
            "type": "Image",
            "firstPartyCookies": {},
            "firstPartyCookiesSent": {},
            "exampleSites": [
                "apollohifi.com.au",
                "www.batteriesdirect.com.au",
                "www.chempro.com.au",
                "www.edenseeds.com.au",
                "www.gadgets4geeks.com.au",
                "www.jaybro.com.au",
                "www.mapworld.com.au",
                "www.pharmacydirect.com.au",
                "www.scammellauctions.com.au",
                "www.vivacemusic.com.au"
            ]
        }
    ],
    "categories": [],
    "performance": {},
    "cookies": 0,
    "topInitiators": [
        {
            "domain": "first party",
            "prevalence": 1
        }
    ],
    "types": {
        "Image": 10
    },
    "nameservers": [
        "a14-64.akam.net",
        "a1-253.akam.net",
        "a6-66.akam.net",
        "a8-66.akam.net",
        "a9-67.akam.net",
        "a5-66.akam.net"
    ]
}