{
    "domain": "futurehybrid.tech",
    "owner": {},
    "source": [
        "DuckDuckGo-AU"
    ],
    "prevalence": 0.00343,
    "sites": 34,
    "subdomains": [
        "sommelier"
    ],
    "cnames": [],
    "fingerprinting": 0,
    "resources": [
        {
            "rule": "futurehybrid\\.tech\\/config\\/",
            "cookies": 0,
            "fingerprinting": 0,
            "subdomains": [
                "sommelier"
            ],
            "apis": {},
            "sites": 34,
            "prevalence": 0.00343,
            "cnames": [],
            "responseHashes": [
                "d653ab699a2883969ece5de50bf63f74e32ed0ed3ffad8c2c74165c52437849d",
                "c920006591cd3f009ce70a3887b11fa7270857a58051a3469b2a798eeb1c1c9e",
                "93b5dcc4661cb73325bf16f7a88ff9668fde7be4ae3fa8ffab4befb666c30236",
                "bc3a9f08f354599ff47340577c6865aa8da124dad4187257b490175c1097b28b",
                "51245805500ad5e51f9965682961b80474a6397b428eb1d612510c185a58e9aa",
                "999a7b4e8b223d70aa80b844b039bb38f043b69551a6457e385ca2eddea73862",
                "d5c2b55f066019f56a74fc5019b6a2fdfa91c6da2df03718f8de0860bbadd929",
                "37d08d4dc93b20580201a8f25a0de43258c2ee92ac181b0220b14d8af23b8a53",
                "a88ee96b0de067184454b9d54b96322141cda9aa223ae0d99186abd85e66a11c",
                "91b0c8269f51709550642c853b5b56155059fe2bb7a39653dcf5f759d66f51a1",
                "d6e676d9284b7f09a6988d257ddae1bf0c4e934d3f01c868a79edde611cec425",
                "fb3940ef2eac6e72fdb92a4e8d321a2badacc0bf53f70c0ea3bd3d5fd440a1dc",
                "23dba019e5ca03ce3b2b4e594bdd4bb14d93c49a7d09cee0a3853c25ae80eba8",
                "d6b20bbbbd016e5cd034f87d2796963cb03ce098b3bb2e4a2193684ba2de4c94",
                "e88b24151d3cdbf8b1f42d6af0496303443c6a91276a55866fbecc38d52fc46b",
                "2e31e0d800c6da4236f6fb2e6faeb4fc0992226d6649baa91ffbbd3a022011e7",
                "7061b2ee463f09d246e3102b5e66d227d53a994aa390e2aeeea47fac2665eaab",
                "346c997211fc4ccd33ec1406b7c00720b24ea6911fa8aab8df2267615133ae9b",
                "9adf01f352483a120d899545b8fcc8d6a90a8246b409062c8ca7e51445ee38e8",
                "d19bcace43b2a4efda4932f84b8f9f8a91d87b6fe3a68d48fdfcb1e878feaaf9",
                "dabddf78123a723233f5bbd8e141f117b14e01e5720ff60aac594c4bc730b17e",
                "490b218832288d6a3dbcc2699d8a3a4213acf43aa0513c9a91346b678d6a40b2",
                "9eb77b8d0094e995d6208e7116b6cbbffd51a938188e334cb4ec4c063e4909e9",
                "afaa558df5590036c09556b8bf82dd46f169637a87dad2baadd03aa7f94d645b",
                "14d098a0a46ff1412dce7d262f431ed7595538e2c42f85f82a446c8172dc4cb5",
                "8cdb337fca1bdaf46eaeaa6dc4a6bd411e5f5355549a2ed10dce241531c19679",
                "d2af879d94d486847babdcf0113151cc183d60e4e35d82361e21f6897b91858f",
                "4b9ad14c763aabb8ff037452d63151243b3478902b17c1cac5ee55d50bf94a15",
                "c52dab71da4ee78399696008dfc5e8fb722ef36fb2a63a2d617939d7f432093d",
                "3c4fc926fbb6c7bfdb5b36443bdc094a33a2a8d4a93fb71160fed0eb1d154a0f",
                "6368c406bac38ca701bff70e8cfcc064619987128abe6fbc2ac90be7f88246cb",
                "95e994688af3c7e652ceec11ce204eccee88181f03c0b3f417442875d2d5c590",
                "429e7355cbf2e4747c1383f344df2c66b80521f0883a0bca079f4d37291898b1"
            ],
            "type": "Fetch",
            "firstPartyCookies": {},
            "firstPartyCookiesSent": {
                "_li_dcdm_c": 0.0024225295245785807,
                "lotame_domain_check": 0.0013122034924800646
            },
            "exampleSites": [
                "tomsguide.com",
                "www.techradar.com",
                "www.tomsguide.com",
                "www.tomshardware.com",
                "www.golfmonthly.com",
                "www.pcgamer.com",
                "www.windowscentral.com",
                "www.livescience.com",
                "www.cinemablend.com",
                "www.cyclingnews.com",
                "www.space.com",
                "www.gardeningknowhow.com",
                "www.guitarworld.com",
                "www.cyclingweekly.com",
                "www.digitalcameraworld.com",
                "www.whattowatch.com",
                "forums.whathifi.com",
                "www.womanandhome.com",
                "theweek.com",
                "forums.tomshardware.com"
            ]
        }
    ],
    "categories": [],
    "performance": {},
    "cookies": 0,
    "topInitiators": [
        {
            "domain": "futurecdn.net",
            "prevalence": 1
        }
    ],
    "types": {
        "Fetch": 34
    },
    "nameservers": [
        "ns-1705.awsdns-21.co.uk",
        "ns-1419.awsdns-49.org",
        "ns-55.awsdns-06.com",
        "ns-786.awsdns-34.net"
    ]
}