{
    "domain": "iqm.com",
    "owner": {},
    "source": [
        "DuckDuckGo-AU"
    ],
    "prevalence": 0.0165,
    "sites": 163,
    "subdomains": [
        "pxl"
    ],
    "cnames": [],
    "fingerprinting": 0,
    "resources": [
        {
            "rule": "iqm\\.com\\/i\\/ck\\/mnet",
            "cookies": 0.00676,
            "fingerprinting": 0,
            "subdomains": [
                "pxl"
            ],
            "apis": {},
            "sites": 96,
            "prevalence": 0.00969,
            "cnames": [],
            "responseHashes": [
                "48a26ed2b4eef57d379a90472c6de86522b13f3320c261dbb1d379b641ab6a65",
                "df6944e36e9fdada3e9b933fa1cec10faa713e3b94b1dd2589040aae0c2131ab",
                "de9c6ce7aeebc97f68b00c17d8cc3bf4cf28f8c4173c88ead2fa544f39df4b66",
                "1d20683cb69b7de82ee769935405618f23f7be2dc21933d8b98c1fbbdab93d94",
                "a7ba40f5e2bd08783ea21f4d7e4f533c32ba628cc545350b6e00d757d7ce4bf7",
                "304bb3e67ed853f1f4dbbde426a9730d90c3dddcd7603cde24897e3dc4e05e3f",
                "eb1b9378b6a8ff689b254beaed0cdd6a308311b29596675b5aa12f796e337584",
                "c4878b0a7988a2052ae30bc638614cf92f08ec453ccc3a0c7c96cbd876354d7b",
                "135616a5427e23554a241f55b47c4e3a01e2221c107ff9d30479d1200ab5b11b",
                "c0092999d08719ff67ef2e46c997a18706b9277643883256dd545d7f617858b2",
                "fe865bd664e90307f225b11e418a0f5f8cf28988a5a174223d1edd633dac618f",
                "1871281f17d5e0f0ece350cefc0f3a44d93684716887da8990dfaf9bebd1c7dc",
                "6e520ab92de7d580bdb4566fa8517b68b322af3988569fcdcc44148dfa326985",
                "a6d6d848cfc9627a8db2408d960e0e02d8c303cef630a9e91c32fc882de6801f",
                "e0b6e2ad5db2e5ad81d2205ab724f384590ffbfb557b25872fa84f6fb8de8cdc",
                "5bdf97409fb97862ca9e20cad00ca499b9104ad5727e4a814f16daca6b369584",
                "c413b798e32a8b82364362e942d31774988cae029c4e3b48e0056fa9c2897299",
                "a54d23ac04f8641b9407ffebd1857afccbe2850385cc8dd75bdef3c545abb14d",
                "ff74cb59e46072ee5ca821ba271b272ed1ece0ecd4eaf7bd7f7ea2f58ccd4585",
                "f1a26665f4fbafa52ddfafee69e60f5a5cbfcc4de3704f3d75fe8c8fd1443472",
                "26264b89dfdb9b9b23b16955b7302caa35047f3a2cda2bc4f8ef60ab4ff82914",
                "a8dfa95378ce3c68e61e7781cd5a893b93a873f447568e990a5b181c9a724537",
                "36a535000ccedcb503266057d997f4815b908a575282213053c4e65c51b545ea",
                "1708b49ece82e3f5d9d3e42e5053b2e159129e6ab709fdde02181354568fafa6",
                "aa1da80094be1f4934b4a847b23598271600aa5af3e2657dd5bde51300036e69",
                "bac28c3bfc282a0a4a9cf6d5aace3345a89a06869bd700cb88a4d53290458e26",
                "2bae167217f5344ab27062e38e852d6f11101f719c8353934ea4f926d3cf23f4",
                "96076de57b30f8102457aa2c892efcbc873fd2571c9e2b63c2f5f4b69026e7eb",
                "155d304c9fffe06b91926da7e105916087fa02166f89faca676cf8a6ca88f6dc",
                "7dd3975406f42ea86bdbc159f6da79140bdb6dbda54322e1933eb763b05c7178"
            ],
            "type": "Script",
            "firstPartyCookies": {},
            "firstPartyCookiesSent": {},
            "exampleSites": [
                "forum.wordreference.com",
                "www.digitaltrends.com",
                "www.howtogeek.com",
                "www.snopes.com",
                "garticphone.com",
                "shuntool.com",
                "www.jpost.com",
                "www.ascii-code.com",
                "shunshelter.com",
                "www.livesoccertv.com",
                "dermnetnz.org",
                "www.4x4community.co.za",
                "youtube.fandom.com",
                "xdaforums.com",
                "www.cbr.com",
                "borderlands.fandom.com",
                "manofmany.com",
                "dota2.fandom.com",
                "www.listchallenges.com",
                "www.slingacademy.com"
            ]
        },
        {
            "rule": "iqm\\.com\\/i\\/ck\\/infolink",
            "cookies": 0.000908,
            "fingerprinting": 0,
            "subdomains": [
                "pxl"
            ],
            "apis": {},
            "sites": 9,
            "prevalence": 0.000908,
            "cnames": [],
            "responseHashes": [],
            "type": "Image",
            "firstPartyCookies": {},
            "firstPartyCookiesSent": {},
            "exampleSites": [
                "blackcitadelrpg.com",
                "forums.ybw.com",
                "www.eng-tips.com",
                "www.laweekly.com",
                "www.manualowl.com",
                "www.manualshelf.com",
                "www.projectorcentral.com",
                "www.vosan.co",
                "www.wikifeet.com"
            ]
        },
        {
            "rule": "iqm\\.com\\/i\\/ck\\/equativ",
            "cookies": 0.00262,
            "fingerprinting": 0,
            "subdomains": [
                "pxl"
            ],
            "apis": {},
            "sites": 33,
            "prevalence": 0.00333,
            "cnames": [],
            "responseHashes": [],
            "type": "Image",
            "firstPartyCookies": {},
            "firstPartyCookiesSent": {},
            "exampleSites": [
                "en.bab.la",
                "forum.wordreference.com",
                "www.merriam-webster.com",
                "www.snopes.com",
                "www.fantasticfiction.com",
                "www.golfmonthly.com",
                "thediplomat.com",
                "malwaretips.com",
                "www.utctime.net",
                "www.getdroidtips.com",
                "imageresizer.com",
                "www.ascii-code.com",
                "www.scegliauto.com",
                "mechanicbase.com",
                "www.sciencefacts.net",
                "www.hk01.com",
                "terraria.fandom.com",
                "www.doityourself.com",
                "comicbook.com",
                "yachthub.com"
            ]
        },
        {
            "rule": "iqm\\.com\\/i\\/ck\\/outbrain",
            "cookies": 0.00232,
            "fingerprinting": 0,
            "subdomains": [
                "pxl"
            ],
            "apis": {},
            "sites": 27,
            "prevalence": 0.00273,
            "cnames": [],
            "responseHashes": [],
            "type": "Image",
            "firstPartyCookies": {},
            "firstPartyCookiesSent": {},
            "exampleSites": [
                "news.com.au",
                "www.foxnews.com",
                "www.dailytelegraph.com.au",
                "www.maariv.co.il",
                "www.themercury.com.au",
                "travel.nine.com.au",
                "www.cairnspost.com.au",
                "www.adelaidenow.com.au",
                "www.goldcoastbulletin.com.au",
                "www.newsmax.com",
                "www.heraldsun.com.au",
                "www.delicious.com.au",
                "www.news.com.au",
                "www.nine.com.au",
                "www.huffpost.com",
                "www.kidspot.com.au",
                "www.geelongadvertiser.com.au",
                "kitchen.nine.com.au",
                "www.9news.com.au",
                "kidspot.com.au"
            ]
        },
        {
            "rule": "iqm\\.com\\/i\\/ck\\/indexch",
            "cookies": 0.00151,
            "fingerprinting": 0,
            "subdomains": [
                "pxl"
            ],
            "apis": {},
            "sites": 17,
            "prevalence": 0.00172,
            "cnames": [],
            "responseHashes": [
                "e3b0c44298fc1c149afbf4c8996fb92427ae41e4649b934ca495991b7852b855"
            ],
            "type": "Image",
            "firstPartyCookies": {},
            "firstPartyCookiesSent": {},