{
    "domain": "ksearchnet.com",
    "owner": {},
    "source": [
        "DuckDuckGo-AU"
    ],
    "prevalence": 0.00131,
    "sites": 13,
    "subdomains": [
        "ipv4check",
        "ipv6check",
        "aucs33",
        "eucs33v2",
        "aucs32",
        "aucs31",
        "stats"
    ],
    "cnames": [],
    "fingerprinting": 0,
    "resources": [
        {
            "rule": "ksearchnet\\.com\\/",
            "cookies": 0,
            "fingerprinting": 0,
            "subdomains": [
                "ipv4check",
                "ipv6check"
            ],
            "apis": {},
            "sites": 11,
            "prevalence": 0.00111,
            "cnames": [],
            "responseHashes": [
                "b9589cd286b5b3e60fc13bd723c290bcc5a03fe2922b6e75572d2f6feadca899",
                "2471a81df4caac461e17da858cd3809bf78b4da1152138ca7a37c12d681661ba",
                "a3af1fe5b61fbcd41c983db93c9637a52eadc49beee5f6f0810807937e070753",
                "4d0d86f59e17121787a40c52e9e26710fe8b2c9bb5645c24018778498e3245ab",
                "07fd464c8c1bd99a9359100b6f39b8c13817986c6e684cc4103aa23a2419d8f7",
                "7617b88b4b7abd01801a5e63fbdd12136fe72a4c111535162cca81876b7bc70a",
                "2a1252af8329c7f763db88d2c8dfd4c9cdc96df09e5111c7940b177420ccbba2",
                "d503544f6eacb30a1a2efc9f056074a163e2fc6fcd5e4ac507c54b0b2562e080",
                "cdd09de43be9731001442a841a8afd37a05dc8dae9c9f87d14b023d0275384a7"
            ],
            "type": "Fetch",
            "firstPartyCookies": {},
            "firstPartyCookiesSent": {},
            "exampleSites": [
                "jaguarlandroverclassic.com",
                "parts.jaguarlandroverclassic.com",
                "www.abiinteriors.com.au",
                "www.betts.com.au",
                "www.jacksonsart.com",
                "www.pelicanparts.com",
                "www.peterstevens.com.au",
                "www.rvpartsexpress.com.au",
                "www.sportspower.com.au",
                "www.thule.com",
                "www.toyworld.com.au"
            ]
        },
        {
            "rule": "ksearchnet\\.com\\/",
            "cookies": 0,
            "fingerprinting": 0,
            "subdomains": [
                "ipv4check"
            ],
            "apis": {},
            "sites": 12,
            "prevalence": 0.00121,
            "cnames": [],
            "responseHashes": [],
            "type": "Preflight",
            "firstPartyCookies": {},
            "firstPartyCookiesSent": {},
            "exampleSites": [
                "jaguarlandroverclassic.com",
                "tradelink.com.au",
                "www.abiinteriors.com.au",
                "www.betts.com.au",
                "www.jacksonsart.com",
                "www.pelicanparts.com",
                "www.peterstevens.com.au",
                "www.rvpartsexpress.com.au",
                "www.snowys.com.au",
                "www.sportspower.com.au",
                "www.thule.com",
                "www.toyworld.com.au"
            ]
        },
        {
            "rule": "ksearchnet\\.com\\/",
            "cookies": 0,
            "fingerprinting": 0,
            "subdomains": [
                "ipv6check"
            ],
            "apis": {},
            "sites": 12,
            "prevalence": 0.00121,
            "cnames": [],
            "responseHashes": [],
            "type": "Other",
            "firstPartyCookies": {},
            "firstPartyCookiesSent": {},
            "exampleSites": [
                "jaguarlandroverclassic.com",
                "tradelink.com.au",
                "www.abiinteriors.com.au",
                "www.betts.com.au",
                "www.jacksonsart.com",
                "www.pelicanparts.com",
                "www.peterstevens.com.au",
                "www.rvpartsexpress.com.au",
                "www.snowys.com.au",
                "www.sportspower.com.au",
                "www.thule.com",
                "www.toyworld.com.au"
            ]
        },
        {
            "rule": "ksearchnet\\.com\\/",
            "cookies": 0,
            "fingerprinting": 0,
            "subdomains": [
                "ipv4check"
            ],
            "apis": {},
            "sites": 2,
            "prevalence": 0.000202,
            "cnames": [],
            "responseHashes": [
                "7703a9fb48358bac80261f22c157a666cb1b08f09da37deec9be2f1b2a45dd2f"
            ],
            "type": "XHR",
            "firstPartyCookies": {},
            "firstPartyCookiesSent": {},
            "exampleSites": [
                "tradelink.com.au",
                "www.snowys.com.au"
            ]
        },
        {
            "rule": "ksearchnet\\.com\\/cs\\/v2\\/search",
            "cookies": 0,
            "fingerprinting": 0,
            "subdomains": [
                "aucs33",
                "eucs33v2",
                "aucs32",
                "aucs31"
            ],
            "apis": {},
            "sites": 5,
            "prevalence": 0.000505,
            "cnames": [],
            "responseHashes": [],
            "type": "Preflight",
            "firstPartyCookies": {},
            "firstPartyCookiesSent": {},
            "exampleSites": [
                "betts.com.au",
                "www.jacksonsart.com",
                "www.rvpartsexpress.com.au",
                "www.sportspower.com.au",
                "www.tentworld.com.au"
            ]
        },
        {
            "rule": "ksearchnet\\.com\\/cs\\/v2\\/search",
            "cookies": 0,
            "fingerprinting": 0,
            "subdomains": [
                "aucs33",
                "eucs33v2",
                "aucs32",
                "aucs31"
            ],
            "apis": {},
            "sites": 5,
            "prevalence": 0.000505,
            "cnames": [],
            "responseHashes": [
                "693f45e35ada6deba6460f386282d2f489509222609ff540b93552b3406e5f53",
                "d36782ada3bb99a5525fd6f89f6d0ea23d14414948dadc0ba491777c576e2050",
                "b38861887e45139a1f0900047bd39e623b654765e03859b6d91e9085d50a9a17",
                "b3ce805efd53cc92b5ac49951f7ce86f3b60a5ea6fd222232f0ec491bafceda8"
            ],
            "type": "Fetch",
            "firstPartyCookies": {},
            "firstPartyCookiesSent": {},
            "exampleSites": [
                "betts.com.au",
                "www.jacksonsart.com",
                "www.rvpartsexpress.com.au",
                "www.sportspower.com.au",
                "www.tentworld.com.au"
            ]
        },
        {
            "rule": "ksearchnet\\.com\\/analytics\\/collect",
            "cookies": 0,
            "fingerprinting": 0,
            "subdomains": [
                "stats"
            ],
            "apis": {},
            "sites": 5,
            "prevalence": 0.000505,
            "cnames": [],
            "responseHashes": [],
            "type": "Preflight",
            "firstPartyCookies": {},
            "firstPartyCookiesSent": {},
            "exampleSites": [
                "betts.com.au",
                "www.jacksonsart.com",
                "www.rvpartsexpress.com.au",
                "www.sportspower.com.au",
                "www.tentworld.com.au"
            ]
        },
        {
            "rule": "ksearchnet\\.com\\/analytics\\/collect",
            "cookies": 0,
            "fingerprinting": 0,
            "subdomains": [
                "stats"
            ],
            "apis": {},
            "sites": 5,
            "prevalence": 0.000505,
            "cnames": [],
            "responseHashes": [
                "e3b0c44298fc1c149afbf4c8996fb92427ae41e4649b934ca495991b7852b855"
            ],
            "type": "Fetch",
            "firstPartyCookies": {},
            "firstPartyCookiesSent": {},