{
    "domain": "mygaru.com",
    "owner": {},
    "source": [
        "DuckDuckGo-AU"
    ],
    "prevalence": 0.00242,
    "sites": 24,
    "subdomains": [
        "ident",
        "tracking"
    ],
    "cnames": [],
    "fingerprinting": 0,
    "resources": [
        {
            "rule": "mygaru\\.com\\/v2\\/id",
            "cookies": 0.00232,
            "fingerprinting": 0,
            "subdomains": [
                "ident"
            ],
            "apis": {},
            "sites": 24,
            "prevalence": 0.00242,
            "cnames": [],
            "responseHashes": [
                "12fc8cba77d73d02db16cd6b20e144f8bb224639224415694c37d31678f52657",
                "95756d88da8f2b637f2d2e62229f12b238a4744e5375e3bd1cb0743b3b8233a9",
                "cb238e68272828602d4460a4982da37ec5d3def851da1d2fbd31122266632b9e",
                "6797161d935865936aaaaff2a98cbfb5b91867ad77a15bbd36e66c7668d0a0b9",
                "d5ad6cc439a7e81fc7839738b226a67f1a3a13b92bf59a168db2bb0cce9a307a",
                "49d84bc5c60c92c4b817b2e344cc27264dc51ceca76a18a99d96439f93c7b020",
                "024731b55d49b29d00b7c43933ba3200ea12dacf97933f03723825db8e7eb8c6",
                "59f03497cb260a109eaf55c189aec809eeaf456135dcb8cbb2e7be54117ec8a5",
                "c11f5ae93529af14ef5257226792ce5e8d17674082bd95fb80b748a88c31351d",
                "949bfc256596881d687e27c42144689bfeb480b02002ef1b2ad7f1728b7ce048",
                "76fa8ad640c37f9578054c0418e7785ae99bd969d5942415325cb6c64d94114c",
                "a01c87aa32c8d751ada868f2bec9a172b51dfb18220953f54c808e2cf8dcb6fb",
                "c3132f0d5a588f8680aad4dd4d049e5d226d69c2b019afa01e11fad431b5bcd3",
                "ec1b652ac696aedfef8efe5ea5ee0d32728f29ed9e053c007095df673485d197",
                "25ac9ec49159569efea2f8704a47c019780d4a25c5311c2def39c0a94095e98c",
                "3c22eecfd693d9d3137fcd7ccb872a7749b3e169fa6db677632c293c8c864f5c",
                "08d7dc1adc71896de8711c3f9d487b5e78d67d3c9063da854aa6592f95f5e0ef"
            ],
            "type": "Fetch",
            "firstPartyCookies": {},
            "firstPartyCookiesSent": {},
            "exampleSites": [
                "www.ign.com",
                "www.thesun.co.uk",
                "www.trippy.com",
                "colonist.io",
                "www.smoothradio.com",
                "www.bubbleshooter.net",
                "www.ascii-code.com",
                "www.biblestudytools.com",
                "www.capitalfm.com",
                "www.how2shout.com",
                "www.travelmath.com",
                "www.christianity.com",
                "twittervideodownloader.com",
                "www.crosswalk.com",
                "www.thetimes.com",
                "www.wordplays.com",
                "www.the-sun.com",
                "www.convertunits.com",
                "www.indiatoday.in",
                "www.lbc.co.uk"
            ]
        },
        {
            "rule": "mygaru\\.com\\/ident\\/",
            "cookies": 0,
            "fingerprinting": 0,
            "subdomains": [
                "tracking"
            ],
            "apis": {},
            "sites": 18,
            "prevalence": 0.00182,
            "cnames": [],
            "responseHashes": [],
            "type": "Fetch",
            "firstPartyCookies": {},
            "firstPartyCookiesSent": {
                "_li_dcdm_c": 0.0004037549207630968,
                "lotame_domain_check": 0.0013122034924800646
            },
            "exampleSites": [
                "colonist.io",
                "ezgif.com",
                "indianexpress.com",
                "twittervideodownloader.com",
                "www.ascii-code.com",
                "www.biblestudytools.com",
                "www.capitalfm.com",
                "www.christianity.com",
                "www.classicfm.com",
                "www.convertunits.com",
                "www.crosswalk.com",
                "www.how2shout.com",
                "www.indiatoday.in",
                "www.lbc.co.uk",
                "www.smoothradio.com",
                "www.the-sun.com",
                "www.thesun.co.uk",
                "www.trippy.com"
            ]
        }
    ],
    "categories": [],
    "performance": {},
    "cookies": 0.00232,
    "topInitiators": [
        {
            "domain": "mgaru.dev",
            "prevalence": 0.7619047619047619
        },
        {
            "domain": "first party",
            "prevalence": 0.21428571428571427
        },
        {
            "domain": "ignimgs.com",
            "prevalence": 0.023809523809523808
        }
    ],
    "types": {
        "Fetch": 42
    },
    "nameservers": [
        "rihana.ns.cloudflare.com",
        "adam.ns.cloudflare.com"
    ]
}