{
    "domain": "p7cloud.net",
    "owner": {},
    "source": [
        "DuckDuckGo-AU"
    ],
    "prevalence": 0.00232,
    "sites": 23,
    "subdomains": [
        "silo48",
        "silo49",
        "silo55",
        "silo38",
        "silo90",
        "silo32",
        "silo43",
        "silo50",
        "silo27",
        "ua",
        "location",
        "lal"
    ],
    "cnames": [],
    "fingerprinting": 1,
    "resources": [
        {
            "rule": "p7cloud\\.net\\/as1\\.js",
            "cookies": 0.00141,
            "fingerprinting": 1,
            "subdomains": [
                "silo48",
                "silo49",
                "silo55",
                "silo38",
                "silo90",
                "silo32",
                "silo43",
                "silo50",
                "silo27"
            ],
            "apis": {
                "window.localStorage": 20,
                "Date.prototype.getTime": 17,
                "Navigator.prototype.languages": 10,
                "Document.cookie getter": 16,
                "Document.cookie setter": 14,
                "window.devicePixelRatio": 1,
                "Screen.prototype.width": 1,
                "Screen.prototype.height": 1,
                "Navigator.prototype.platform": 1
            },
            "sites": 23,
            "prevalence": 0.00232,
            "cnames": [],
            "responseHashes": [
                "f1df8913afc31926c52e5297ccb9a4745528dba44a236a6c8f58ef3a79186ee3",
                "711691c5f3a55de464b3ef457dc01636396d01f3eff571ad6df48c1a80e7c565",
                "27595673bd6784d6a084b25383c2bed85da5c7e113f0810843e6748a621d1917",
                "58c12f6d0b42c5b1327615f917de5233978a290217f3387b019758e80a88404c",
                "197504b7515ebbb54abf5f359c56bda76968ef96ac79a33f648b29459f0781aa",
                "a9cbd4a60f83befd6fd0619d1e3e6ca8e60db638fd3b2a2bf871218806aca08a",
                "a4d51d9178f2c5fff42d8d37ca8242c63618f588a73162ef3cfbc7c4a2d5ae8d",
                "e2ef6e7c047e925484d5e08f47efe55595a791916b2f997768cf020a403aa3be",
                "83a20c308e90b0a6c9407e96aa51d0668ce64b725c3debe0d9bf1130efd3b3e8",
                "4ceec356bc438e12713fdb4d4d32b2b3e363f2221ebc62825aa09ce627e1ab6e",
                "4b2585a56fc6055b38006ccc65289e58bbb6e9957fa2d3b488afadbff47c64a2",
                "0548ae6944d03a173acd7c0a916cfaf9a09a0a6c9f5f9dd5484d91cbd5d58947",
                "57ff593606a0417bda4e095488273aa77376f3ce5720b5dddc23d716b9fbe400",
                "796aed1899a79ef235404b916c917aa097a4549398859ba2239a92c2a6827b57",
                "3bddb423328910ab40ba7bec44a2eb42e5c628d298f7753619763859414d4439",
                "efb249c30e7ebb0dda99e1929aa046509d67ccb91c244e7fb539de3b89be9f6d",
                "be36aeef2b2ff0eeba05a4787b54765d8d436ce4ada649af6af900faa7313674",
                "778a9d38f0661d39515366d42fac28a36f01a48577951d2dcac8395df7bbc1f7",
                "fdf872c77a999d29bff0a421d26f9ea28cf90d27264fa5a53dc915f15804a770"
            ],
            "type": "Script",
            "firstPartyCookies": {
                "aspan_s": {
                    "ttl": 1816,
                    "length": 22,
                    "prevalence": 0.0014131422226708388,
                    "uniqueness": 1
                }
            },
            "firstPartyCookiesSent": {
                "_li_dcdm_c": 0.0007065711113354194
            },
            "exampleSites": [
                "fortune.com",
                "nypost.com",
                "twinfinite.net",
                "www.newsweek.com",
                "attackofthefanboy.com",
                "www.crash.net",
                "wegotthiscovered.com",
                "www.classical-music.com",
                "www.gamepur.com",
                "dotesports.com",
                "www.gameskinny.com",
                "primagames.com",
                "www.refinery29.com",
                "golf.com",
                "www.visordown.com",
                "www.bikeradar.com",
                "www.destructoid.com",
                "decider.com",
                "www.womansworld.com",
                "pagesix.com"
            ]
        },
        {
            "rule": "p7cloud\\.net\\/if\\.html",
            "cookies": 0.00182,
            "fingerprinting": 1,
            "subdomains": [
                "silo48",
                "silo49",
                "silo55",
                "silo38",
                "silo90",
                "silo43",
                "silo27"
            ],
            "apis": {
                "Date.prototype.getTime": 18,
                "Document.cookie setter": 18,
                "Document.cookie getter": 13,
                "window.localStorage": 14
            },
            "sites": 20,
            "prevalence": 0.00202,
            "cnames": [],
            "responseHashes": [
                "f10b55fc648ebc29d5188fd4314d67c6afc38eca17e1c04ba2eb22bc1a7e5069"
            ],
            "type": "Document",
            "firstPartyCookies": {
                "_t": {
                    "ttl": 254,
                    "length": 3,
                    "prevalence": 0.0013122034924800646,
                    "uniqueness": 0.07692307692307693
                },
                "arcid": {
                    "ttl": 7776029,
                    "length": 32,
                    "prevalence": 0.0017159584132431613,
                    "uniqueness": 0.9411764705882353
                },
                "cohorts": {
                    "ttl": 7776030,
                    "length": 133,
                    "prevalence": 0.0014131422226708388,
                    "uniqueness": 1
                }
            },
            "firstPartyCookiesSent": {},
            "exampleSites": [
                "attackofthefanboy.com",
                "decider.com",
                "dotesports.com",
                "fortune.com",
                "golf.com",
                "nypost.com",
                "pagesix.com",
                "primagames.com",
                "progameguides.com",
                "twinfinite.net",
                "wegotthiscovered.com",
                "www.bikeradar.com",
                "www.classical-music.com",
                "www.destructoid.com",
                "www.gamepur.com",
                "www.gameskinny.com",
                "www.newsweek.com",
                "www.sciencefocus.com",
                "www.usmagazine.com",
                "www.womansworld.com"
            ]
        },
        {
            "rule": "p7cloud\\.net\\/cpm\\.js",
            "cookies": 0,
            "fingerprinting": 0,
            "subdomains": [
                "silo48"
            ],
            "apis": {},
            "sites": 9,
            "prevalence": 0.000908,
            "cnames": [],
            "responseHashes": [
                "6558b4c93e7c2366a12f5213091cf6c0b5484653ca553f86a8a087f24e1c9fbb"
            ],
            "type": "Script",
            "firstPartyCookies": {},
            "firstPartyCookiesSent": {},
            "exampleSites": [
                "attackofthefanboy.com",
                "dotesports.com",
                "primagames.com",
                "progameguides.com",
                "twinfinite.net",
                "wegotthiscovered.com",
                "www.destructoid.com",
                "www.gamepur.com",
                "www.gameskinny.com"
            ]
        },
        {
            "rule": "p7cloud\\.net\\/asp",
            "cookies": 0,
            "fingerprinting": 0,
            "subdomains": [
                "ua"
            ],
            "apis": {},
            "sites": 15,
            "prevalence": 0.00151,
            "cnames": [],
            "responseHashes": [
                "3d96813c98eb73f991199397012b2413559c44a04e657128511ef6af56d31095"
            ],
            "type": "Script",
            "firstPartyCookies": {},
            "firstPartyCookiesSent": {},