{
    "domain": "plavxml.com",
    "owner": {},
    "source": [
        "DuckDuckGo-AU"
    ],
    "prevalence": 0.00313,
    "sites": 31,
    "subdomains": [
        "vxml4"
    ],
    "cnames": [],
    "fingerprinting": 1,
    "resources": [
        {
            "rule": "plavxml\\.com\\/sited\\/ref\\/ctrk\\/670-83086",
            "cookies": 0.000202,
            "fingerprinting": 1,
            "subdomains": [
                "vxml4"
            ],
            "apis": {
                "Document.cookie getter": 2,
                "Date.prototype.getTime": 2,
                "window.localStorage": 2
            },
            "sites": 2,
            "prevalence": 0.000202,
            "cnames": [],
            "responseHashes": [
                "5ad2624b15531d8a71671b1e6daa480d00577c9d8d843ab586aac04f2f1bf3bb"
            ],
            "type": "Script",
            "firstPartyCookies": {},
            "firstPartyCookiesSent": {},
            "exampleSites": [
                "ahm.com.au",
                "members.ahm.com.au"
            ]
        },
        {
            "rule": "plavxml\\.com\\/sited\\/ref\\/phnumint_md_gp\\.jsp",
            "cookies": 0.00273,
            "fingerprinting": 1,
            "subdomains": [
                "vxml4"
            ],
            "apis": {
                "Document.cookie setter": 25,
                "Document.cookie getter": 1,
                "Date.prototype.getTime": 8
            },
            "sites": 27,
            "prevalence": 0.00273,
            "cnames": [],
            "responseHashes": [
                "85c1f2a8280290ecc1dfd7287cec0e2179c63f42bda6c39df63ce5856ecd2b92",
                "9f96f3868cdb802ab0e7319ab88cf8846e93c320f2e430819d8e4032e77ba203",
                "e9657eb4d77f9597d23f2bb6267307e25066c0a8cb5b7a9aebb77a36f36ed47f",
                "f0c1ca74a3de451d8b71af4e74dc6ea4152ec9061860f7f52cb70ea6dfd74752",
                "cc1730df4183be87d3e63511ca64c823a291dfe6ac0fc0ea1feb2912b667352f",
                "133ab8442cb58a05cde3717e1afb065bbba8bfe1cc0c326b7ad723039263bc74",
                "23ecd2290c29231f8662b8d6f3b933bcc48c26bda347481c087a8423e4e44630",
                "105062db33a56311ac1660b5514a20d48051e1b52d8047cc95f9c14012180cce",
                "9b4c6a9c8029e08050f3e36cd7b28b52fe9d577aa518bade9259f8e56c9a6d90",
                "48500401a8776838998b736dca556413113a2593410adb8313f57b96b75b30cb",
                "59ac7275ad6027f9a1a184f0252af4465815cc02891fa9012f95b66733790210",
                "490bc22918bb74b88982730c860bb4f0c5f653491b4cae3636bd9fcc35aea827",
                "5ed57cf564a6c292ddc2e7afb736fab2543bcbd48b8fef1c3c74bc4ce3821b2f",
                "6dcd700a5a561086640415daa34f8f3ca8307afba6a7315d4c7f6e7e79d9a3bb",
                "25dcbd0b6c2e89d7a514b33e814605e14b268a2f859c97f7048b1e91dc714276",
                "b0678c6a9facdbfcc665a8d695a4f493ca43ebf441874a575c9eddc262829638",
                "06b6a8f93c26aa6f072395db81a4a154d151d2f754e995c36cbb00eda9645a2d",
                "92d771cd7b87d46c864a738e40b9445801f13e891ec26e3c7428aa35e5809fbc",
                "81b0f1283679cc306de1f538e583dc84e59b0c7553c74b3da7ef9401c6e06b1a",
                "c8e653d6e5d28b4a8796024a6d294751c422d98fa7ab5d435ef1571275163bfb",
                "feb8a9d824f8773e7c3dd49ba73385465c1119e010ab0b3b5d3e04b410521fe9",
                "53ae0a1711c20000117a042a62f461eceaf08ab5f8b8d4c7596bab44910fb061",
                "793815f0432788ff5129bf4abac22cc811ea99213aa3e9a43a754ef0d77f0506",
                "60e80008bfcece0561f1828ea0a485028cb3fde35c1c0231b3e01e02def6e9eb",
                "a8b82d282660532c6ca391dc3a03dc45384f686d3aa5cd5c8892cdd0d578e9c1",
                "2c307ddc5c967a70d8cfa3e09d77fc67758e8681a0bd2fa5b92d44d243a0aa09"
            ],
            "type": "Script",
            "firstPartyCookies": {
                "delaconphonenums": {
                    "ttl": null,
                    "length": 222,
                    "prevalence": 0.001514080952861613,
                    "uniqueness": 1
                },
                "delaconsessid": {
                    "ttl": null,
                    "length": 32,
                    "prevalence": 0.002523468254769355,
                    "uniqueness": 1
                }
            },
            "firstPartyCookiesSent": {
                "_hjTLDTest": 0.0002018774603815484,
                "IR_gbd": 0.0001009387301907742
            },
            "exampleSites": [
                "www.gio.com.au",
                "www.medibank.com.au",
                "www.scenic.com.au",
                "nationalstorage.com.au",
                "www.geeks2u.com.au",
                "www.mebank.com.au",
                "www.apia.com.au",
                "www.tripadeal.com.au",
                "www.lumoenergy.com.au",
                "ahm.com.au",
                "www.gmhba.com.au",
                "www.lubemobile.com.au",
                "www.trafalgar.com",
                "www.instrumentchoice.com.au",
                "www.filtersystemsaustralia.com.au",
                "members.ahm.com.au",
                "www.inspiringvacations.com",
                "www.bupadental.com.au",
                "www.stratco.com.au",
                "www.boq.com.au"
            ]
        },
        {
            "rule": "plavxml\\.com\\/sited\\/ref\\/integration\\.jsp",
            "cookies": 0.00262,
            "fingerprinting": 0,
            "subdomains": [
                "vxml4"
            ],
            "apis": {},
            "sites": 26,
            "prevalence": 0.00262,
            "cnames": [],
            "responseHashes": [
                "e3b0c44298fc1c149afbf4c8996fb92427ae41e4649b934ca495991b7852b855"
            ],
            "type": "Script",
            "firstPartyCookies": {},
            "firstPartyCookiesSent": {
                "_ga": 0.004239426668012516,
                "delaconsessid": 0.0026244069849601292
            },
            "exampleSites": [
                "www.lubemobile.com.au",
                "www.filtersystemsaustralia.com.au",
                "www.bupadental.com.au",
                "members.ahm.com.au",
                "www.geeks2u.com.au",
                "www.instrumentchoice.com.au",
                "www.gmhba.com.au",
                "www.trafalgar.com",
                "www.solargain.com.au",
                "engie.com.au",
                "www.apia.com.au",
                "www.lumoenergy.com.au",
                "www.flightcentre.com.au",
                "www.medibank.com.au",
                "club.shannons.com.au",
                "ahm.com.au",
                "www.shannons.com.au",
                "www.stratco.com.au",
                "www.bridgestone.com.au",
                "www.boq.com.au"
            ]
        },
        {
            "rule": "plavxml\\.com\\/sited\\/ref\\/integration\\.jsp",
            "cookies": 0.00182,
            "fingerprinting": 0,
            "subdomains": [
                "vxml4"
            ],
            "apis": {},
            "sites": 19,
            "prevalence": 0.00192,
            "cnames": [],
            "responseHashes": [
                "1ed70d02696722505ec82915a7dd9fbf2c512366d009b74bdbe37c9869c250a4"
            ],
            "type": "Image",
            "firstPartyCookies": {},
            "firstPartyCookiesSent": {
                "delaconsessid": 0.002018774603815484
            },