{
    "domain": "presspatron.com",
    "owner": {},
    "source": [
        "DuckDuckGo-AU"
    ],
    "prevalence": 0.000808,
    "sites": 8,
    "subdomains": [
        "dashboard"
    ],
    "cnames": [],
    "fingerprinting": 1,
    "resources": [
        {
            "rule": "presspatron\\.com\\/dev\\/banner",
            "cookies": 0,
            "fingerprinting": 1,
            "subdomains": [
                "dashboard"
            ],
            "apis": {
                "Document.cookie getter": 2
            },
            "sites": 8,
            "prevalence": 0.000808,
            "cnames": [],
            "responseHashes": [
                "7db8ce90d3809d478a629e863b62f5fdc8e5b1953c12c1ed3205b632e9ce0858",
                "3502a43c4b4ac76181a149fb08f0847a74f597ed764ff00bede450160696dfa3",
                "7c05f3f51a21daf35c50a8a3aa607ae18822f11547d28e130866ce81c9e44282",
                "f663ea6e26bc0e2359522f4e30bfcfac52a72fe5bb60f246d86c778c50ebcb5e",
                "6970893eab7be32836952d2c90c639cefb576d4addc553521f9ff2d1b38f794e",
                "b872076480246b504f009a10a277a70ed4486643695144b69cd1ece941b0c05b",
                "999d79f3562772f9312be288a259412076115fbc902add9d4ec56934c83655f0"
            ],
            "type": "Script",
            "firstPartyCookies": {},
            "firstPartyCookiesSent": {},
            "exampleSites": [
                "canberradaily.com.au",
                "coastcommunitynews.com.au",
                "newcastleweekly.com.au",
                "tasmaniantimes.com",
                "thefold.com.au",
                "www.echo.net.au",
                "www.pollbludger.net",
                "www.theurbanlist.com"
            ]
        }
    ],
    "categories": [],
    "performance": {},
    "cookies": 0.000202,
    "topInitiators": [
        {
            "domain": "first party",
            "prevalence": 1
        }
    ],
    "types": {
        "Script": 8
    },
    "nameservers": [
        "ns-65.awsdns-08.com",
        "ns-633.awsdns-15.net",
        "ns-1630.awsdns-11.co.uk",
        "ns-1519.awsdns-61.org"
    ]
}