{
    "domain": "sparteo.com",
    "owner": {},
    "source": [
        "DuckDuckGo-AU"
    ],
    "prevalence": 0.00343,
    "sites": 34,
    "subdomains": [
        "sync",
        "bid"
    ],
    "cnames": [],
    "fingerprinting": 1,
    "resources": [
        {
            "rule": "sparteo\\.com\\/crossfire\\.js",
            "cookies": 0,
            "fingerprinting": 1,
            "subdomains": [
                "sync"
            ],
            "apis": {
                "Navigator.prototype.userAgent": 7,
                "Date.prototype.getTime": 7
            },
            "sites": 7,
            "prevalence": 0.000707,
            "cnames": [],
            "responseHashes": [
                "b7c349452c8f943f9637213b3ede4cd9a6411ff78c837ccc6f71e4737fe025ea"
            ],
            "type": "Script",
            "firstPartyCookies": {},
            "firstPartyCookiesSent": {},
            "exampleSites": [
                "amateurphotographer.com",
                "dermnetnz.org",
                "thediplomat.com",
                "www.gbnews.com",
                "www.marketscreener.com",
                "www.nigella.com",
                "www.stuff.tv"
            ]
        },
        {
            "rule": "sparteo\\.com\\/sync",
            "cookies": 0,
            "fingerprinting": 0,
            "subdomains": [
                "sync"
            ],
            "apis": {},
            "sites": 11,
            "prevalence": 0.00111,
            "cnames": [],
            "responseHashes": [
                "09eeb5cfeb591aaeb18b887bb580c98d879c0f9eb4a43e461841ae6b37ca7af2",
                "28f3ebdafb4c6a9cf83b4f97046a80ca43fc6a821712e1f098311650349b95fe",
                "fdf79535ef606d8811d9ab639b7909b37116232eb8b8f235ee10d5515f8bf738",
                "f3401b0b5a35c45d6188844ac3db7b2e2664d7ee117a9464f65833a134275e97",
                "de624c34d3d4eec145936c1c7a15d0acd087bf3f71bfeafdca93097263cee81b",
                "f898c8bce0c6d17a78239c61f2ff06029db55854338c1a8efbb2bae08a02ca07",
                "26448c7bf55ba216297b1a38569193d6562aa2a668f336f2c0ebf8f5bee02149",
                "e719c490e43eddd7aadcce7bf92fe15a7f1a67e23d9dd63120aec9926afcdc36"
            ],
            "type": "XHR",
            "firstPartyCookies": {},
            "firstPartyCookiesSent": {
                "cookies.js_dtest": 0.0002018774603815484,
                "parsely_uuid": 0.0002018774603815484
            },
            "exampleSites": [
                "amateurphotographer.com",
                "dermnetnz.org",
                "ezgif.com",
                "maryberryrecipes.co.uk",
                "thediplomat.com",
                "www.gbnews.com",
                "www.gsmarena.com",
                "www.marketscreener.com",
                "www.myabandonware.com",
                "www.nigella.com",
                "www.stuff.tv"
            ]
        },
        {
            "rule": "sparteo\\.com\\/setuid",
            "cookies": 0.000808,
            "fingerprinting": 0,
            "subdomains": [
                "sync"
            ],
            "apis": {},
            "sites": 8,
            "prevalence": 0.000808,
            "cnames": [],
            "responseHashes": [
                "831b0d6cde4541d363bb7a67eb49010fc5fd717dda4b9c3187dd3207b1da56cd"
            ],
            "type": "Image",
            "firstPartyCookies": {},
            "firstPartyCookiesSent": {
                "cookies.js_dtest": 0.0002018774603815484,
                "parsely_uuid": 0.0002018774603815484
            },
            "exampleSites": [
                "amateurphotographer.com",
                "dermnetnz.org",
                "maryberryrecipes.co.uk",
                "thediplomat.com",
                "www.gbnews.com",
                "www.marketscreener.com",
                "www.nigella.com",
                "www.stuff.tv"
            ]
        },
        {
            "rule": "sparteo\\.com\\/s2s_sync",
            "cookies": 0,
            "fingerprinting": 0,
            "subdomains": [
                "sync"
            ],
            "apis": {},
            "sites": 12,
            "prevalence": 0.00121,
            "cnames": [],
            "responseHashes": [],
            "type": "Document",
            "firstPartyCookies": {},
            "firstPartyCookiesSent": {},
            "exampleSites": [
                "attackofthefanboy.com",
                "primagames.com",
                "progameguides.com",
                "twinfinite.net",
                "wegotthiscovered.com",
                "www.autoevolution.com",
                "www.britannica.com",
                "www.coingecko.com",
                "www.destructoid.com",
                "www.gamepur.com",
                "www.gameskinny.com",
                "www.rhymezone.com"
            ]
        },
        {
            "rule": "sparteo\\.com\\/auction",
            "cookies": 0,
            "fingerprinting": 0,
            "subdomains": [
                "bid"
            ],
            "apis": {},
            "sites": 17,
            "prevalence": 0.00172,
            "cnames": [],
            "responseHashes": [
                "00e3cf98438936bfa58e87d9220ad455dedf49c105eff6dbae27cca4506da90f",
                "71d7f077047d3642679e0de1040d8da22ead88526effe4e549db5059464fd3ce",
                "22079ccb9bdfba6e585b4d00f3774762a0aa7ec216fc73c94e8e08d21e6c738e",
                "1f720160538009793ba81dbf5e4e847776e9ac25aa93be396a9708e2f1e1ca2d",
                "38be7985be90bcce936c38f059bb394581bd88548ebfb845e1f4a20f0bc98d40",
                "ee26ae1d88e3cace4ad0d0d786a453fbf84f31e5b4076daddd9541c9a5352a7d",
                "e6740249ca50fbe3ff3cd52f100bb991ba715303a67b53ec8d451c378029bdc5",
                "a1045ca4d952c09228d1e8d4e22e4e52857dba15bf76d4ee43799f1df1f0499b",
                "55f0c671be71df33034ea5957f6a100d13d67dda561331f41795808a2cb26c7e",
                "866370f0c0aaf4af4c0ccb3812dc95ac357de55592eec777fc068f062480cc51",
                "23da0fa2e6e885395d81cc361388db1ee9d7f61c39d6b7a78858f88b9bcad8db",
                "1feeeb7b0c3a773a9971bd06722fd90ef75a79dd900fa498559f2a61def054cf",
                "93db01a36b2eb711e03c1ac907f557a35929c3ff907aa9f41736df66e0c474f1"
            ],
            "type": "Fetch",
            "firstPartyCookies": {},
            "firstPartyCookiesSent": {},
            "exampleSites": [
                "investing.com",
                "bikehike.org",
                "ezgif.com",
                "maryberryrecipes.co.uk",
                "theconservativetreehouse.com",
                "thediplomat.com",
                "tipsfolder.com",
                "www.ancient-origins.net",
                "www.atlasobscura.com",
                "www.deliaonline.com",
                "www.gsmarena.com",
                "www.jpost.com",
                "www.myabandonware.com",
                "www.nigella.com",
                "www.sofascore.com",
                "www.thephoblographer.com",
                "www.tvguide.co.uk"
            ]
        },
        {
            "rule": "sparteo\\.com\\/sync\\/iframe\\.html",
            "cookies": 0,
            "fingerprinting": 1,
            "subdomains": [
                "sync"
            ],
            "apis": {
                "Navigator.prototype.userAgent": 4,
                "Date.prototype.getTime": 1
            },
            "sites": 13,
            "prevalence": 0.00131,
            "cnames": [],
            "responseHashes": [
                "b8eb6113882b47340d8db704a97a653c0a7b03774705a15557a73555ba5972c3"
            ],
            "type": "Document",
            "firstPartyCookies": {},
            "firstPartyCookiesSent": {},