{
    "domain": "tapc.art",
    "owner": {},
    "source": [
        "DuckDuckGo-AU"
    ],
    "prevalence": 0.000908,
    "sites": 9,
    "subdomains": [
        "api"
    ],
    "cnames": [],
    "fingerprinting": 0,
    "resources": [
        {
            "rule": "tapc\\.art\\/capture-kit\\/",
            "cookies": 0,
            "fingerprinting": 0,
            "subdomains": [
                "api"
            ],
            "apis": {},
            "sites": 9,
            "prevalence": 0.000908,
            "cnames": [],
            "responseHashes": [
                "f0dd4e1f608e1ac9da1f13528c9c6d56cb3ca8d6412b6399d4c798c696ea6c6a",
                "f62a9584f703b5ae39a9bb72db4a0b1ff2c6b23ccc2d7b5772a799af4979dba6",
                "a4bb4f408b34d578de4b7348d7677a4f20610ff57dd60d3e5469cc202bf02eaf",
                "12d9fc5fd95d69f2ea9c7f1159fec072118fef8c1fb36294c746d42a44a42648",
                "a1188882821516837145c8676a5132c0f23fc54f3dc4b8926f35522744bcac1f",
                "6510bc0bd480c4f3a90d1f1f3f246d2329e41ae23aa67be79adf986ac0353281",
                "b86851fe85765c4d90e9af04bdd726f9f58002a0130e81f907b65dc88a25218f",
                "54dfc54dd6a41690f3b9913d60558827ecaebf916a01a278fae8098153bacf4b"
            ],
            "type": "Fetch",
            "firstPartyCookies": {},
            "firstPartyCookiesSent": {},
            "exampleSites": [
                "allyfashion.com",
                "petalandpup.com.au",
                "theoodie.com",
                "whitefoxboutique.com.au",
                "www.beginningboutique.com.au",
                "www.culturekings.com.au",
                "www.hairhouse.com.au",
                "www.lskd.co",
                "www.worldofbooks.com"
            ]
        }
    ],
    "categories": [],
    "performance": {},
    "cookies": 0,
    "topInitiators": [
        {
            "domain": "first party",
            "prevalence": 0.8888888888888888
        },
        {
            "domain": "unpkg.com",
            "prevalence": 0.1111111111111111
        }
    ],
    "types": {
        "Fetch": 9
    },
    "nameservers": [
        "sean.ns.cloudflare.com",
        "georgia.ns.cloudflare.com"
    ]
}