{
    "domain": "usbrowserspeed.com",
    "owner": {},
    "source": [
        "DuckDuckGo-AU"
    ],
    "prevalence": 0.0103,
    "sites": 102,
    "subdomains": [
        "a"
    ],
    "cnames": [],
    "fingerprinting": 0,
    "resources": [
        {
            "rule": "usbrowserspeed\\.com\\/cs",
            "cookies": 0.00878,
            "fingerprinting": 0,
            "subdomains": [
                "a"
            ],
            "apis": {},
            "sites": 95,
            "prevalence": 0.00959,
            "cnames": [],
            "responseHashes": [
                "e1eecc0df95fca0547fdaf25984c3d3375a802a34b13c5efe2e45e6f05f379e5",
                "a2ef127e6358f79fd7ab6eac097ee80ccc5f4f8766731126fc75dc8e4960a90d",
                "970398f271977b8d98fdc783a7073e07428f00c0ec0d8e1c0c49576395e9b757",
                "15ebe502f1bcb17127db3850a4dea5ee2c0712781d5cfbd0cf1e38bc447e2396",
                "c03312287ea606971961ee088938fdcb242c184f15de7f6204b9abf89de286b7",
                "7e81140a2ddd8a40520b8b44cb61bbb641bbc6de8733d3748c9dc864cbba9182",
                "0760bdfaf1c27cb01b39b5d18bfa90dd428c3db343c02493ffeb547f6fe12a5b",
                "738ab29aec8dccda8d2501209610f3b42036702537f7d46a87d87379eb0670fe",
                "34bf4dda650f1d487b0a3aa5c6adc60b4ca2bcbadd8dabb7e3202d912179eac4",
                "62c5caf741a0486ec73cbfaddb74508cef7d7564577c3c5f1698dcce3016b97d",
                "1946a49a4f438bd04b6ccda2202dd79164493d3e59d995d6c9b116aacf3c9edb",
                "9fec41996622b6b8334e461ebc67e71d43f90cbf6b9ddafd5c413824ab8e06f2",
                "cef9adcce6b1b10e98514824153162f274a3f3b6325812014d6a62a6f876e764",
                "5e34ac9b4500f49a8ee31fc88e1929e2cbac7549cbb96b3069f81d0fe4fd4183",
                "627725ed8c1e7a7d93b42038e327bf750580640eb9b53240752b3d32889cd13f",
                "8b0280a4101a70800d870e6062ee76eb3deda17c0a31a8e47f53c1edd7e8a1b1",
                "73dc95bbe71a47088081f4134397a3760fea8881ac784e833c27e7889967952c",
                "93b1078c01183c5f89f166c032b00c443c7c28b033c243fb1432b86a1a80ab6c",
                "aa99270e8bc0c4129678110d9a2ecbc00a57b1befe096afc89bfe389f05d491f",
                "90e2e9f0f6cbbd4f357e75d84e63f8807cfc46ad6efff639ab396baa4c606a1c",
                "31cff7b9a2627433479ad8999999dfb12ac533a2348d94af40f26fb210cfd917",
                "680fbcbc7e0efaf7502efeb9ef198091137f4eada33189072520a5f9b47abfae",
                "7b864e605878916e5e873da3375f3455f663644b7439a434821b779b55491197",
                "d1d56d0f164b1088f8caccdd4f27d01cf8aea3f95ebc6d80142755beebf237be",
                "93647d9c3c8089021a6cf67794e3536b3c4a17b3c42d8d473dc4ed640949ebb8",
                "073a1ca391112aa8a7fdb5e3d0fee7bf1823d22aea77e8deadb1fc7c7d146dc6",
                "27aa231f76f089550c2faa59ed015d7425c1866c40c2a7d44b06f0c07808359a",
                "70bd823ef43642e014c1a623c3e4976093e610c3c08aa94f032d3f6afaf869fb",
                "d753d88b52e2d19d4e084a6f5adc9be5c15cda736baead2b32667f69c379967b",
                "78e23b0d90051b353abcc20a834278e6141491089a8b005c023ab2cddb8c16d4",
                "9e4da2bebac232de418503aa18314013f5d4da4c90dfb572aa2f7b234f48ba35",
                "64e75ab3f53b90b4598a096178b9401cb0d8bf05901919e4a5f9ca0080ebbb8f",
                "2709b79616f5e2bad3dec609e0b44a51887f7e6b97e712710903c5eeb0c0f59d",
                "8c013c605d95d80c8fc6b75efeb146d4ec3ccb82cdb8c5100cb6561d39165bee",
                "9e85dacb5b67092083f72509c9445ef449d4f5e1545003b59046e50bf58a39de",
                "a0c737a884ef457dea5cb6ede3b9706a1ba51bc6c92058623ca660ffc27a356b",
                "e7f5267ece0eccc54e3df9e27c345898dca69ffc3c5f517da6c49ac592e0bcd5",
                "0df5860450048fa36542a2bcb8be16256b749cb81f838021580b5a63f7f0ae81",
                "399c589d65f5f5ec72e5b3e52bedbe507d2c76ceb49d403e87bd7c4302e5ee13",
                "0b6a49cb4d36db3765d005388ecca56a9eb321c493adb99e7cafe178ba9f6a86",
                "10078e51a86c8027f2950935dfbc881c36a235efdcc1f870a1306d22cb36b02b",
                "08931663b82a9b07fee933d3386efd59d8ec63634a68d6ee3e65d0cd0fef69ee",
                "0af87f4488e2e087057a3f442e9e791fd94e53c106d9058c970cc740d5fdca88",
                "e9b5c039b5f90fae002601e3cac374b674973e26e5bd9cfe38c4c697e89cd626",
                "27a5ecd588014c9860d442fbb8006265f6174ef8168d2144de1867ea967fc435",
                "bd97c805a0ff067ac44fba6186bb76c0e2ac76e66b9a5ef73329d2e7a886f815",
                "679edfedf8d92ed0c09d7ed9aa66f33c646cc5136dcaa282c7954186faad5331",
                "d3607273b3a9bc0cbc67df0d470657c1fc44c8b2df56cc132d8cc439b0d5e4f9",
                "93edbcdb74c8c480e517bf031afcddefed5b1a660386aebe3ed123aa2994e2bf",
                "64a88570e34d4443cb465f91950770f911bcd5798a8e72e4086f3f099ca418ef",
                "7a5cb45d5e9f6a9e5d0c180195520bb1ee8e3bd39a86f6d83a7fce3dd2472f47",
                "9f9aa7a30bd5e5db918acb51637910191e61060c4282ba425a63da32660cb5d2",
                "61dadd235c2f5941b1958bf27b7116ea9ee07f2a99cfdba1df1610bc199f150e",
                "5cd2275fab9d242b09dbd29faa34d79769ce2670ca75df19766bd60c9ee5725d",
                "d57b7c42f334c74935ee63e1a7e708195e9bb32707d16640c4c5a6393f819b98",
                "e39ef6cc94fc78bbb17fe6f8d154ed97d3e8bc721073559749f584c9ba1f2080",
                "8b0a0aa363b2e8510c13c0e79ae740283bfb09c3128d3c13431f18791e87dfff",
                "3dea75bdfd0a216b7e2a665c6133dcf1842f251c3e5f1a41146cf6af1c2e74ea",
                "cac1ec022f1a4bb42ab846ce4d785cea4a3350ff3c351f5aaf729eb72339bde9",
                "d197bb6205acfd5181438030ddb53724e425803e9aacb0185c5cdc997aecb008",
                "eac463c139defda36221e0ca3f6ed79841ad5e41039cfe65ec2c3126efd2945c",
                "fd399b557a0a261e1f608f0a4f7b4401e5b40cd6b69c3006154e2c198ddd72c5",
                "4fbd3604b476aba95a0ef3426c59bce674ee1ca153bd4695ff62c945d38ce8ea",
                "1511f0e02cf3160d4022da4d8cff393efa57e26e02accf0a2b441bbbd447c9c4",
                "fca92d604b169949674628d545089d3b2490cb6c176b3dd33d9a1c3832fb89f1",
                "47fd7f83138c2b13bb824c318078bc329026152b927ce8e28fb91f7e34cb5fcb",
                "9f91bc3a577491290ef969cb584e8c3cea06c3ac9ec316d0edcc299091b94610",
                "732dfc05df7e6f04e5aec0c5773941524201f56d0c8aa2b76e391b435cbac81f",
                "7f197027c6680696ecae3ff0b2747d5675a1f61543acecf8ca1e77c91307ea0e",
                "07b70b0fe1d3125a947fd94d98da9ff1c1613a24a77ba2cc2bb151ee6aabbf05",
                "418f9cff12c8d8d000d2bee1443e9416f9ad008d104f5559ff530c6498947b25",
                "9d1583bce5c58d712130afffebf377fd39212877df638e74569a865ffb4eae9d",
                "3f227574b19d07401c10e2c349090e75962a3a075f91a1628480a9e0b4d17b3d",
                "7216d027107d3c1e93402a814eca123251e99c6ee1264b0a01c6860368ee2ee1",
                "25033213db996237e8a1190552a454dcc963d7702c57f16dce44d500bc403c0e",
                "92fd3d8cf011ed711c66494f8e2be2b676fe42aa5b85ae2876364deb24b76717"
            ],
            "type": "Fetch",
            "firstPartyCookies": {},
            "firstPartyCookiesSent": {},
            "exampleSites": [
                "www.pcworld.com",
                "www.liveeatlearn.com",
                "www.allaboutjazz.com",
                "bedroomproducersblog.com",
                "scitechdaily.com",
                "www.virtualizationhowto.com",
                "www.scienceabc.com",
                "nerdschalk.com",
                "www.solitaireparadise.com",
                "www.rankred.com",
                "www.wundertech.net",
                "www.italianrecipebook.com",
                "www.howtouselinux.com",
                "mybartender.com",
                "www.consumeraffairs.com",
                "atotaxrates.info",
                "artincontext.org",
                "www.recipesfromitaly.com",
                "www.gamerguides.com",
                "www.earthtrekkers.com"
            ]
        },
        {
            "rule": "usbrowserspeed\\.com\\/cs",