{
    "domain": "wolf-327b.com",
    "owner": {},
    "source": [
        "DuckDuckGo-AU"
    ],
    "prevalence": 0.00101,
    "sites": 10,
    "subdomains": [
        "cdn"
    ],
    "cnames": [],
    "fingerprinting": 3,
    "resources": [
        {
            "rule": "wolf-327b\\.com\\/resource",
            "cookies": 0.00101,
            "fingerprinting": 0,
            "subdomains": [],
            "apis": {},
            "sites": 10,
            "prevalence": 0.00101,
            "cnames": [],
            "responseHashes": [
                "39510ce47f8e9f651eecd8fdcc3cd980317808da85ef5c918fc492f0f4244557",
                "a46f058f3da10e0766021a5d69c0af3777025e50cbc0a46f3ba987b7d6726b87",
                "e201e0e0b498eb45577a0dfe5ca55577335ab92d617a0c2be25059449fbb8879",
                "998178ba1dc46f0f3d871f565fe223cd8aa197b1f268b7b7f8f31c7c83fb3c6c",
                "de2bd14483d6213c2f7b678c82f4a3e01e94628713830c9a017a9cdd0063485b",
                "cf55d6df3d44e56950f26abd65f2cddc80330e987892339f626e278efa8b6025",
                "c7ae9e91386ed99804965b7a812e45786d2acdb47c53d98327341e3c19ae8862",
                "67431af94438916872197b6995ca1eda6668b1e3ca43a6efe3772b8949247d80",
                "2f257c804bec6ea244190c09e9fa2c02e3a01622c9692bc781c7e4ce24b7b98f"
            ],
            "type": "XHR",
            "firstPartyCookies": {},
            "firstPartyCookiesSent": {},
            "exampleSites": [
                "gayporn.com",
                "hqporn.xxx",
                "www.boy18tube.com",
                "www.gaypornplanet.com",
                "www.gold-gay.com",
                "www.icegay.tv",
                "www.lbtube.com",
                "www.machotube.tv",
                "www.xgaytube.tv",
                "www.xgaytube.com"
            ]
        },
        {
            "rule": "wolf-327b\\.com\\/rdrr\\/385\\.2\\.14\\.15\\.js",
            "cookies": 0,
            "fingerprinting": 0,
            "subdomains": [
                "cdn"
            ],
            "apis": {},
            "sites": 6,
            "prevalence": 0.000606,
            "cnames": [],
            "responseHashes": [
                "5df23d40d907e5668d724f435f9b8fa739ebdb49fa585476ea5d0195c8bf752b"
            ],
            "type": "Script",
            "firstPartyCookies": {},
            "firstPartyCookiesSent": {},
            "exampleSites": [
                "gayporn.com",
                "www.boy18tube.com",
                "www.gaypornplanet.com",
                "www.icegay.tv",
                "www.lbtube.com",
                "www.machotube.tv"
            ]
        },
        {
            "rule": "wolf-327b\\.com\\/rdr\\/renderer\\.js",
            "cookies": 0.000808,
            "fingerprinting": 3,
            "subdomains": [
                "cdn"
            ],
            "apis": {
                "window.sessionStorage": 9,
                "Navigator.prototype.userAgent": 9,
                "window.localStorage": 9,
                "Navigator.prototype.appVersion": 9,
                "Navigator.prototype.connection": 9,
                "window.outerWidth": 9,
                "window.outerHeight": 9,
                "window.innerWidth": 9,
                "window.innerHeight": 9,
                "Navigator.prototype.plugins": 9,
                "Navigator.prototype.productSub": 9,
                "Navigator.prototype.mimeTypes": 9,
                "WebGLRenderingContext.prototype.getParameter": 9,
                "Navigator.prototype.webdriver": 9,
                "Navigator.prototype.languages": 9,
                "Navigator.prototype.permissions": 9,
                "Date.prototype.getTimezoneOffset": 9,
                "Notification.permission": 9,
                "Navigator.prototype.vendor": 9,
                "Document.cookie setter": 8,
                "Document.cookie getter": 8,
                "HTMLMediaElement.prototype.canPlayType": 7
            },
            "sites": 9,
            "prevalence": 0.000908,
            "cnames": [],
            "responseHashes": [
                "0aa99959b82cccc914cd372ec4af6d4b9543a4791b6703a7d3d23e8afff9dd55"
            ],
            "type": "Script",
            "firstPartyCookies": {
                "__flush": {
                    "ttl": 0,
                    "length": 1,
                    "prevalence": 0.0008075098415261935,
                    "uniqueness": 0.125
                },
                "imp-num-html": {
                    "ttl": null,
                    "length": 1,
                    "prevalence": 0.0001009387301907742,
                    "uniqueness": 1
                },
                "imp-num-video-outstream": {
                    "ttl": null,
                    "length": 1,
                    "prevalence": 0.0002018774603815484,
                    "uniqueness": 0.5
                }
            },
            "firstPartyCookiesSent": {},
            "exampleSites": [
                "hqporn.xxx",
                "www.boy18tube.com",
                "www.gaypornplanet.com",
                "www.gold-gay.com",
                "www.icegay.tv",
                "www.lbtube.com",
                "www.machotube.tv",
                "www.xgaytube.tv",
                "www.xgaytube.com"
            ]
        },
        {
            "rule": "wolf-327b\\.com\\/rdrr\\/185\\.2\\.14\\.15\\.js",
            "cookies": 0,
            "fingerprinting": 1,
            "subdomains": [
                "cdn"
            ],
            "apis": {
                "Navigator.prototype.vendor": 2
            },
            "sites": 2,
            "prevalence": 0.000202,
            "cnames": [],
            "responseHashes": [
                "5416f81af7eddc8770f08653cd56ba4b521e076aefc49ea9164fd8fe997da7dc"
            ],
            "type": "Script",
            "firstPartyCookies": {},
            "firstPartyCookiesSent": {},
            "exampleSites": [
                "hqporn.xxx",
                "www.lbtube.com"
            ]
        },
        {
            "rule": "wolf-327b\\.com\\/rdrr\\/73\\.2\\.14\\.15\\.js",
            "cookies": 0,
            "fingerprinting": 1,
            "subdomains": [
                "cdn"
            ],
            "apis": {
                "window.localStorage": 7
            },
            "sites": 7,
            "prevalence": 0.000707,
            "cnames": [],
            "responseHashes": [
                "f579a091009768c3a999791dd03169a7c3c788094b0cb1d2bffe768fb4147f0b"
            ],
            "type": "Script",
            "firstPartyCookies": {},
            "firstPartyCookiesSent": {},
            "exampleSites": [
                "hqporn.xxx",
                "www.boy18tube.com",
                "www.gaypornplanet.com",
                "www.gold-gay.com",
                "www.lbtube.com",
                "www.machotube.tv",
                "www.xgaytube.com"
            ]
        },
        {
            "rule": "wolf-327b\\.com\\/rdrr\\/377\\.2\\.14\\.15\\.js",
            "cookies": 0,
            "fingerprinting": 0,
            "subdomains": [
                "cdn"
            ],
            "apis": {},
            "sites": 7,
            "prevalence": 0.000707,
            "cnames": [],
            "responseHashes": [
                "305bc8a8551499b7a624ed0a986b9b33455a9e9eeaf0fcdcf4537e68d931fea5"
            ],
            "type": "Script",
            "firstPartyCookies": {},
            "firstPartyCookiesSent": {},
            "exampleSites": [
                "hqporn.xxx",
                "www.boy18tube.com",
                "www.gaypornplanet.com",
                "www.gold-gay.com",
                "www.lbtube.com",
                "www.machotube.tv",
                "www.xgaytube.com"
            ]
        },
        {
            "rule": "wolf-327b\\.com\\/rdrr\\/827\\.2\\.14\\.15\\.js",
            "cookies": 0,
            "fingerprinting": 0,