{
    "domain": "yieldify.com",
    "owner": {
        "name": "Yieldify",
        "displayName": "Yieldify"
    },
    "source": [
        "DuckDuckGo-AU"
    ],
    "prevalence": 0.00232,
    "sites": 23,
    "subdomains": [
        "td",
        "v2.dc",
        "assets-v2"
    ],
    "cnames": [],
    "fingerprinting": 2,
    "resources": [
        {
            "rule": "yieldify\\.com\\/yieldify\\/code\\.js",
            "cookies": 0.00121,
            "fingerprinting": 2,
            "subdomains": [
                "td"
            ],
            "apis": {
                "Navigator.prototype.appVersion": 15,
                "Document.cookie getter": 13,
                "window.localStorage": 15,
                "Navigator.prototype.userAgent": 15,
                "Navigator.prototype.platform": 15,
                "window.sessionStorage": 15,
                "window.devicePixelRatio": 15,
                "window.name": 15,
                "URL.createObjectURL": 13,
                "window.innerWidth": 1,
                "Date.prototype.getTime": 13,
                "Document.cookie setter": 12
            },
            "sites": 23,
            "prevalence": 0.00232,
            "cnames": [],
            "responseHashes": [
                "e3b0c44298fc1c149afbf4c8996fb92427ae41e4649b934ca495991b7852b855",
                "b71add176b865b07716d3265180b67826c6e38f663176e575c739cb7b4c3c5d7",
                "aede09a29a22a0fba4db174b7ac13b21ceb4f23b9b17fcd751119b9e98b59fd4",
                "690cd42af27d229ab946799cc45eeef36669fe9f6ea2f2c54fee495cb46d071b",
                "7af6b3e4b113340972a1b9bc38e5865514a62a9cbdfd968dd659ccc91356dc7a",
                "ae7978005cea1818994b5b71761f904c25de251468d6d5b809d211b4d17d01c7",
                "7810e0224637fa2e75f7666925efadf9c34ce0809d3a01eeeabebf6d0e1737cb",
                "ab1890eabf8dde3110bb5bbe0a6e04400ebb5af831a99efd86316c1118346b39",
                "34bccb89e485cb7e3b9dd30de12e063e5eabb1119c4459cf374caf64c950f2e6",
                "d7114ca38a38ae6d9c4cd212de9d192010c47a6531e47c91add8231ede7301ed",
                "b56a374fee4ac45d6a83b3bfc3aad00bd9bf76ef8faa60b1a6902a51296c5a7e",
                "0a9e09fba1b3aad4de3e1acf6a1919d5b7209c8613bdf751cd8f91da7cbbaab8",
                "062eea2a6bc3581f209c0e29095050d453e3ec7fb9879634652b18bc70aad55a",
                "8391ee0658ec4c17b8085644755d976445a4c0b59dbca38e96827943640bde16",
                "42078c58142fd79449dc0b9c625fc3455aa498d03f3cf23145e42777b825be6c",
                "3c1d07ba88850160c70cdb24dd4e8e05c5ab2300e30990095cd87da2ec61d074"
            ],
            "type": "Script",
            "firstPartyCookies": {
                "_y2": {
                    "ttl": 31536014,
                    "length": 51,
                    "prevalence": 0.0012112647622892904,
                    "uniqueness": 0.3333333333333333
                },
                "_yi": {
                    "ttl": 31536028,
                    "length": 231,
                    "prevalence": 0.0012112647622892904,
                    "uniqueness": 1
                }
            },
            "firstPartyCookiesSent": {
                "_hjTLDTest": 0.0002018774603815484,
                "IR_gbd": 0.0003028161905723226
            },
            "exampleSites": [
                "www.citychic.com.au",
                "www.nicks.com.au",
                "nationalstorage.com.au",
                "www.paulcarroll.com.au",
                "frankie4.com",
                "www.redballoon.com.au",
                "adelaideairport.com.au",
                "wine.qantas.com",
                "www.lebara.com.au",
                "www.liquorland.com.au",
                "www.shavershop.com.au",
                "www.onitsukatiger.com",
                "www.jaxtyres.com.au",
                "www.ppq.com.au",
                "www.crocs.com.au",
                "store.sony.com.au",
                "www.asics.com",
                "www.davidlawrence.com.au",
                "au.ecco.com",
                "www.tiffany.com.au"
            ]
        },
        {
            "rule": "yieldify\\.com\\/0\\.0\\.1\\/tag\\/1\\.444\\.3\\/main-web-worker\\.js",
            "cookies": 0,
            "fingerprinting": 0,
            "subdomains": [
                "td"
            ],
            "apis": {},
            "sites": 14,
            "prevalence": 0.00141,
            "cnames": [],
            "responseHashes": [
                "82b55079e4fbb6614e5352ddb76a89606f81686d18b1ea2c20c3934f7e6d3956"
            ],
            "type": "Fetch",
            "firstPartyCookies": {},
            "firstPartyCookiesSent": {},
            "exampleSites": [
                "adelaideairport.com.au",
                "au.ecco.com",
                "store.sony.com.au",
                "www.adairs.com.au",
                "www.asics.com",
                "www.citychic.com.au",
                "www.crocs.com.au",
                "www.liquorland.com.au",
                "www.nicks.com.au",
                "www.onitsukatiger.com",
                "www.ppq.com.au",
                "www.redballoon.com.au",
                "www.shavershop.com.au",
                "www.tiffany.com.au"
            ]
        },
        {
            "rule": "yieldify\\.com\\/i",
            "cookies": 0,
            "fingerprinting": 0,
            "subdomains": [
                "v2.dc"
            ],
            "apis": {},
            "sites": 13,
            "prevalence": 0.00131,
            "cnames": [],
            "responseHashes": [
                "f4eef8263281c0b26486637831251059757bc3fdc4c3a48045a8ef8646b36e8f"
            ],
            "type": "Fetch",
            "firstPartyCookies": {},
            "firstPartyCookiesSent": {
                "_hjTLDTest": 0.0001009387301907742,
                "IR_gbd": 0.0003028161905723226,
                "gpv_v89": 0.0001009387301907742,
                "dy_fs_page": 0.0001009387301907742
            },
            "exampleSites": [
                "adelaideairport.com.au",
                "au.ecco.com",
                "store.sony.com.au",
                "www.adairs.com.au",
                "www.asics.com",
                "www.citychic.com.au",
                "www.crocs.com.au",
                "www.liquorland.com.au",
                "www.nicks.com.au",
                "www.onitsukatiger.com",
                "www.ppq.com.au",
                "www.redballoon.com.au",
                "www.shavershop.com.au"
            ]
        },
        {
            "rule": "yieldify\\.com\\/0\\.0\\.1\\/tag\\/1\\.444\\.3\\/main\\.html",
            "cookies": 0,
            "fingerprinting": 0,
            "subdomains": [
                "td"
            ],
            "apis": {},
            "sites": 2,
            "prevalence": 0.000202,
            "cnames": [],
            "responseHashes": [],
            "type": "Document",
            "firstPartyCookies": {},
            "firstPartyCookiesSent": {},
            "exampleSites": [
                "qantas.com",
                "wine.qantas.com"
            ]
        },
        {
            "rule": "yieldify\\.com\\/images\\/255581\\/2024\\/8\\/9\\/a049fb3d-e620-41f2-b025-f82e4d784487\\.svg",
            "cookies": 0,
            "fingerprinting": 0,
            "subdomains": [
                "assets-v2"
            ],
            "apis": {},
            "sites": 2,
            "prevalence": 0.000202,
            "cnames": [],
            "responseHashes": [
                "a125224a7735d303b9a079725699c54ecbe80191c1bb44ff881ace0b02b602b3"
            ],
            "type": "Image",
            "firstPartyCookies": {},
            "firstPartyCookiesSent": {},
            "exampleSites": [
                "nicks.com.au",
                "www.nicks.com.au"
            ]
        }
    ],
    "categories": [],
    "performance": {},
    "cookies": 0.00121,
    "topInitiators": [
        {
            "domain": "first party",