{
    "domain": "zoho.com.au",
    "owner": {},
    "source": [
        "DuckDuckGo-AU"
    ],
    "prevalence": 0.000908,
    "sites": 9,
    "subdomains": [
        "pagesense-collect",
        "salesiq"
    ],
    "cnames": [],
    "fingerprinting": 1,
    "resources": [
        {
            "rule": "zoho\\.com\\.au\\/pslog\\.gif",
            "cookies": 0.000707,
            "fingerprinting": 0,
            "subdomains": [
                "pagesense-collect"
            ],
            "apis": {},
            "sites": 7,
            "prevalence": 0.000707,
            "cnames": [],
            "responseHashes": [
                "1866961a029c65376fefb7f2ba1e6187e09ff50ea58d97dedfd72c197947d002"
            ],
            "type": "Ping",
            "firstPartyCookies": {},
            "firstPartyCookiesSent": {},
            "exampleSites": [
                "amnesty.org.au",
                "www.australiaoneparty.com",
                "www.compass.education",
                "www.creditunionsa.com.au",
                "www.eldersrealestate.com.au",
                "www.matific.com",
                "www.spaworld.com.au"
            ]
        },
        {
            "rule": "zoho\\.com\\.au\\/psimg\\.gif",
            "cookies": 0.000707,
            "fingerprinting": 0,
            "subdomains": [
                "pagesense-collect"
            ],
            "apis": {},
            "sites": 7,
            "prevalence": 0.000707,
            "cnames": [],
            "responseHashes": [
                "1866961a029c65376fefb7f2ba1e6187e09ff50ea58d97dedfd72c197947d002"
            ],
            "type": "Ping",
            "firstPartyCookies": {},
            "firstPartyCookiesSent": {
                "zabUserId": 0.0006056323811446452,
                "zsccd63b0047a234f0aa59513cb49680a75": 0.0001009387301907742,
                "zscc1735d43998a455b9499a583daa9cbbd": 0.0001009387301907742,
                "zscb5217d685a5e47f89f9e3192f7f71cdb": 0.0001009387301907742,
                "zsc61a6139ba35f47aaa425d18d43b26b75": 0.0001009387301907742,
                "zsc0eb18883188c4d589b3fe19c0969606b": 0.0001009387301907742,
                "zsc645da957033d48bcbd42fdcdeeec05bc": 0.0001009387301907742,
                "zsc81bf213f951645ebae64544f03feec39": 0.0001009387301907742
            },
            "exampleSites": [
                "amnesty.org.au",
                "www.australiaoneparty.com",
                "www.compass.education",
                "www.creditunionsa.com.au",
                "www.eldersrealestate.com.au",
                "www.matific.com",
                "www.spaworld.com.au"
            ]
        },
        {
            "rule": "zoho\\.com\\.au\\/widget",
            "cookies": 0.000303,
            "fingerprinting": 1,
            "subdomains": [
                "salesiq"
            ],
            "apis": {
                "window.sessionStorage": 3,
                "window.localStorage": 3,
                "Navigator.prototype.userAgent": 3,
                "Date.prototype.getTime": 3,
                "Document.cookie getter": 3,
                "Navigator.prototype.language": 3,
                "Screen.prototype.width": 3,
                "Screen.prototype.height": 3,
                "Document.cookie setter": 3
            },
            "sites": 3,
            "prevalence": 0.000303,
            "cnames": [],
            "responseHashes": [
                "ca9511d8c071831b3ed9e8ea19da34ab9322fd53a207b011eb259df0ad214d1f"
            ],
            "type": "Script",
            "firstPartyCookies": {
                "australiaoneparty-_zldp": {
                    "ttl": 63072008,
                    "length": 84,
                    "prevalence": 0.0001009387301907742,
                    "uniqueness": 1
                },
                "australiaoneparty-_zldt": {
                    "ttl": 86408,
                    "length": 38,
                    "prevalence": 0.0001009387301907742,
                    "uniqueness": 1
                },
                "kuringgaicouncil-_zldp": {
                    "ttl": 63072010,
                    "length": 88,
                    "prevalence": 0.0001009387301907742,
                    "uniqueness": 1
                },
                "kuringgaicouncil-_zldt": {
                    "ttl": 86410,
                    "length": 38,
                    "prevalence": 0.0001009387301907742,
                    "uniqueness": 1
                },
                "spaworld-_zldp": {
                    "ttl": 63072017,
                    "length": 80,
                    "prevalence": 0.0001009387301907742,
                    "uniqueness": 1
                },
                "spaworld-_zldt": {
                    "ttl": 86417,
                    "length": 38,
                    "prevalence": 0.0001009387301907742,
                    "uniqueness": 1
                }
            },
            "firstPartyCookiesSent": {},
            "exampleSites": [
                "australiaoneparty.com",
                "www.krg.nsw.gov.au",
                "www.spaworld.com.au"
            ]
        }
    ],
    "categories": [],
    "performance": {},
    "cookies": 0.000908,
    "topInitiators": [
        {
            "domain": "pagesense.io",
            "prevalence": 0.7272727272727273
        },
        {
            "domain": "first party",
            "prevalence": 0.18181818181818182
        },
        {
            "domain": "zohowebstatic.com",
            "prevalence": 0.06060606060606061
        },
        {
            "domain": "googletagmanager.com",
            "prevalence": 0.030303030303030304
        }
    ],
    "types": {
        "Ping": 14,
        "Script": 3
    },
    "nameservers": [
        "NS41.ZNS-53.NET",
        "PDNS90.ULTRADNS.NET",
        "NS31.ZNS-53.COM",
        "PDNS90.ULTRADNS.COM",
        "NS21.ZNS-53.NET",
        "NS11.ZNS-53.COM",
        "PDNS90.ULTRADNS.BIZ",
        "NS1.ZOHOCORP.COM"
    ]
}