{
    "domain": "ad.gt",
    "owner": {
        "name": "Audigent",
        "displayName": "Audigent"
    },
    "source": [
        "DuckDuckGo-CH"
    ],
    "prevalence": 0.00955,
    "sites": 95,
    "subdomains": [
        "seg",
        "a",
        "id.hadron",
        "analytics.hadron"
    ],
    "cnames": [],
    "fingerprinting": 1,
    "resources": [
        {
            "rule": "ad\\.gt\\/api\\/v1\\/s\\/158",
            "cookies": 0,
            "fingerprinting": 1,
            "subdomains": [
                "seg"
            ],
            "apis": {
                "window.localStorage": 49,
                "Document.cookie getter": 49
            },
            "sites": 49,
            "prevalence": 0.00492,
            "cnames": [],
            "responseHashes": [
                "ef62b6a3e576c8b75bfe91af5ecca8a1366947f2967c7c0f60b663ebf236bd83",
                "0480b1ba8e82d764cadeb2a85c6e6e50f67cca84ae69f7904d0724750646c7fd",
                "a5d9af9b193b8a6b35720324db8d72cd1ded64422a94aaae295e7a83b8cb0edb",
                "f56506dc66bbb03d8172d710c0fc5e5da56c00c5cb21fd08c1d1258de61df8a8",
                "ffc0a259c35012942c9b0b57f7c3050ee06be294f6bbfc3b8976cceebb3284f9",
                "1f4b4469f26c7e0ddf24ef6105e75daffc7e30999923f153896954e2c72d1cde",
                "b1035ad4f30ec5f750ec062a5a9a757a3988819e0382ede54c13edabcad06d98",
                "1e3a25f7696c8d040852ef348e498b6a2e81368406f4991e98b8447947c05401",
                "96224f9bc0a15b8e9c614d483d602dcb65165dc044d02c4a74938aca9256bb24",
                "7ba84011ebc7c61e591537c26bccb479f0adc3dfb2ce080983bcc5a6e7a70061",
                "f4f77cd5262d6a8af5e84b61ecabbcdb399b89852a0ae5d73716d67c3552b99b",
                "242566f4a75e290852070cf7e71a3508c6b67800c5682e8344a5d8864887d700",
                "b7d87b1bd5ca2b42583137e7e4350a4cb8da04208686e52b53632fc4c0291c96",
                "d58834d9fc6f1438978fd88df2e5eaf1e8e44ca23d2a4d78bae829b0f1fc940d",
                "bc890ece72e2e1b9371d644a755f02200804c9d837a8fd5e779806c2d90bb1aa",
                "9ed5998063da4ec576f43a15311c4eeb0893ca4a8adbac25b8aff465f8cceb2a",
                "ff8c9d709a737acaa51479da685c1304b90d3d6902da0d5115b62568f79b484b",
                "0b162212c8f424944def7bba2014320376d6a141fc433e80eec7ffe916531bd4",
                "473b5ac0378260881d4959411e54ffa63fa4aafb96f19720e1e590768c1a02a1",
                "15f327335381501ddc25075d923c1a61a4925e240eaf37c166b4afd17d2a15ab",
                "72ad1842e2d14048c10ebb2aa9a4e985caef1ca01e4216b1b3688832168f71b0",
                "33f05226494053cb9be3b813b061875585117a37cc34ff8ced817a866b1a245a",
                "9b270540dba293781586371218b8ab4f9bbf56ef606de52adf7419707b075a2d",
                "35a7e420ac23351a8f380adf4d63e43cc755bf9b20d13ab4a768b9d99a8fbda8",
                "d77e7cba27c259c39915b2e6c7340354ba93ca610079b22d3a14cf4bac00d940",
                "39da4125d9094b47ab7d6e68d9ffde6a09174decc32e8906cebe44d1388c96ec",
                "b6734d5cefe7ed01fcddfc5737103a11a402729020eda866c839353846c13fd5",
                "dbb0e6937dfe7598420fca670ad226792d35f247bf1c82caf6942fef55ad5ed0",
                "0011551d44efcd9891fb4a51714888dd964e75262815bd4453d87d809076752f",
                "d4bf412277f25039b7a07c5e50e7017dbbd156431a3493871b98702d119b9ea8",
                "0f0f4f8e368829c28fdd9fdf583fca4e272b955b2af1d962fa0217792b313edd",
                "be12e288c68232675984a454732bd55752a42fd058dba93b97355e1e5878b10f",
                "c84fd7dee2978c1a4c548ee4c7cd4d02ca0cdef17f87a79e377aa7e4a28a593c",
                "2794b14b867ce203e02882f42f0c334a362d29fc52e428f8ad15d8a2adfe7532",
                "671c1fd148a6fa04c17aae0c0cd2dfeeb30bf2b35a4ff5f54a46d319ff14b15f",
                "cd90666457ef7b01f6526741a1f0ea9fb94e6ac4f6f9a3cb5aecc1695b4ea9da",
                "a93bdb9aaef471c2f4678b7db3f3b5248b1d76db26950b484450f09ee8f06127",
                "9cfbace3e3ad0f70904b669d74b82c672fa16f8fbcd0443920812edf7c58390e",
                "e346734067f1a489bc286f24890c8e6c2cbf76355dadce6ea7a9ed4eee9784d4",
                "cf87e402f8352b52d9acd9e96989e7f29ed5b4aaccab18fa77d5372e49c03a69",
                "1f6d987332f6bee2cdeed74fe102c7cb4afc7cb14455777677cd8e39a719d766",
                "a434eac8d623fe74e9fb8e517fa80d1f576e46339d7c0a3fc7934141ae8f37d6",
                "20bc24772820bcfd3fb31bfce54d66a73642bec1b04e021aa5e429a957f8a6e4",
                "7f74f1a7248f556df0a3103bf3e0429186818049a85df8adbcabbebf98710da2",
                "ccb4fcef1ec9177bd12f96ce1d01c069d06a424d0f3bb7f38ec49b037d0b1d63"
            ],
            "type": "Script",
            "firstPartyCookies": {},
            "firstPartyCookiesSent": {},
            "exampleSites": [
                "www.gamespot.com",
                "elderscrolls.fandom.com",
                "forgottenrealms.fandom.com",
                "fallout.fandom.com",
                "naruto.fandom.com",
                "terraria.fandom.com",
                "harrypotter.fandom.com",
                "ftb.fandom.com",
                "gta.fandom.com",
                "myheroacademia.fandom.com",
                "warhammer40k.fandom.com",
                "dc.fandom.com",
                "wowpedia.fandom.com",
                "lotr.fandom.com",
                "reddead.fandom.com",
                "escapefromtarkov.fandom.com",
                "virtualyoutuber.fandom.com",
                "lol.fandom.com",
                "www.metacritic.com",
                "genshin-impact.fandom.com"
            ]
        },
        {
            "rule": "ad\\.gt\\/api\\/v1\\/segments",
            "cookies": 0,
            "fingerprinting": 0,
            "subdomains": [
                "seg"
            ],
            "apis": {},
            "sites": 49,
            "prevalence": 0.00492,
            "cnames": [],