{
    "domain": "admatic.de",
    "owner": {},
    "source": [
        "DuckDuckGo-CH"
    ],
    "prevalence": 0.00362,
    "sites": 36,
    "subdomains": [
        "dsp-service",
        "prebid",
        "static.cdn"
    ],
    "cnames": [],
    "fingerprinting": 1,
    "resources": [
        {
            "rule": "admatic\\.de\\/cookie_sync",
            "cookies": 0.00342,
            "fingerprinting": 0,
            "subdomains": [
                "dsp-service"
            ],
            "apis": {},
            "sites": 36,
            "prevalence": 0.00362,
            "cnames": [],
            "responseHashes": [
                "d0a052ff740c7341b4b975535bec51451d59bc90db88b68675ab38c270a9bb22",
                "c88042185eeebd207e4821a2331179f256bf8c180dadf45fbe5130f0cb2b3e55",
                "a676a553f42f8f5faea0fa951df06468637dc41e5f28c5e20801e5ca5134d6d1",
                "5b097ace7ad2397d1ed2a59b15b1c34edbf272113d4c23380b4dee6e4501f215",
                "6ca37f5ecd485861e2a974e8dc11fed483cf53a0870008fc60f0e0286b469886",
                "76fef17c17e4acc6101fa86a76da973d148ea746cc31bac196bf5271bbfa9365",
                "b527bd8dce9c20bb401bf74d893dd536637657c6ab14ca59460c2daa1c9b5daa",
                "e320157b73bfee7631c1406f11e0fb2e20d9a55d5dca8bf40123c7e3e08dc596",
                "b45f757369c1cb01dda6e0b2ecbf427a66bb2a5c51e389e3d2e051790fb1a7b2",
                "ac54ff57d38e0dd8882d359b84ae9caf51d311c8b628cd63e06c7b0701579777",
                "00692e2c8a6e48316ab860b7763e08dffa7f9f1cfb2b4ce7f35c9207f10ecb13",
                "9716d852544af0d0e3aabc6c3ce3d1a37aae0cda41e16bc17b437cd65e6d8569",
                "e5de2ded0077d2aba1fee1a99275c3ad6d890d783b4eb31980d5cfbaf66704f2"
            ],
            "type": "Document",
            "firstPartyCookies": {},
            "firstPartyCookiesSent": {},
            "exampleSites": [
                "www.britannica.com",
                "www.nexusmods.com",
                "www.newsweek.com",
                "www.politico.com",
                "www.spanishdict.com",
                "www.thesaurus.com",
                "www.lesinrocks.com",
                "www.delftstack.com",
                "www.pcgamesn.com",
                "www.eltiempo.es",
                "www.hindustantimes.com",
                "www.rhymezone.com",
                "downforeveryoneorjustme.com",
                "plugins4free.com",
                "www.shn.ch",
                "www.kita.de",
                "www.sarganserlaender.ch",
                "www.jpost.com",
                "www.camptocamp.org",
                "medshun.com"
            ]
        },
        {
            "rule": "admatic\\.de\\/users\\/sync\\/",
            "cookies": 0,
            "fingerprinting": 0,
            "subdomains": [
                "dsp-service"
            ],
            "apis": {},
            "sites": 10,
            "prevalence": 0.001,
            "cnames": [],
            "responseHashes": [],
            "type": "Document",
            "firstPartyCookies": {},
            "firstPartyCookiesSent": {},
            "exampleSites": [
                "downforeveryoneorjustme.com",
                "plugins4free.com",
                "www.camptocamp.org",
                "www.hindustantimes.com",
                "www.lesinrocks.com",
                "www.nordagenda.ch",
                "www.rhymezone.com",
                "www.seat61.com",
                "www.sarganserlaender.ch",
                "www.shn.ch"
            ]
        },
        {
            "rule": "admatic\\.de\\/setuid",
            "cookies": 0,
            "fingerprinting": 0,
            "subdomains": [
                "prebid"
            ],
            "apis": {},
            "sites": 10,
            "prevalence": 0.001,
            "cnames": [],
            "responseHashes": [],
            "type": "Document",
            "firstPartyCookies": {},
            "firstPartyCookiesSent": {},
            "exampleSites": [
                "downforeveryoneorjustme.com",
                "plugins4free.com",
                "www.camptocamp.org",
                "www.hindustantimes.com",
                "www.lesinrocks.com",
                "www.nordagenda.ch",
                "www.rhymezone.com",
                "www.seat61.com",
                "www.sarganserlaender.ch",
                "www.shn.ch"
            ]
        },
        {
            "rule": "admatic\\.de\\/cookie\\.html",
            "cookies": 0.000402,
            "fingerprinting": 1,
            "subdomains": [
                "static.cdn"
            ],
            "apis": {
                "Document.cookie getter": 4,
                "Date.prototype.getTime": 4,
                "Document.cookie setter": 4
            },
            "sites": 10,
            "prevalence": 0.001,
            "cnames": [],
            "responseHashes": [
                "481c8382889f68e105a819ab253cbea9e6a52e86d611edd9fde5feae25e1d8a7"
            ],
            "type": "Document",
            "firstPartyCookies": {},
            "firstPartyCookiesSent": {},
            "exampleSites": [
                "downforeveryoneorjustme.com",
                "plugins4free.com",
                "www.camptocamp.org",
                "www.hindustantimes.com",
                "www.lesinrocks.com",
                "www.nordagenda.ch",
                "www.rhymezone.com",
                "www.seat61.com",
                "www.sarganserlaender.ch",
                "www.shn.ch"
            ]
        }
    ],
    "categories": [],
    "performance": {},
    "cookies": 0.00342,
    "topInitiators": [
        {
            "domain": "smilewanted.com",
            "prevalence": 0.4583333333333333
        },
        {
            "domain": "e-planning.net",
            "prevalence": 0.2708333333333333
        },
        {
            "domain": "tappx.com",
            "prevalence": 0.2708333333333333
        }
    ],
    "types": {
        "Document": 66
    },
    "nameservers": [
        "ursula.ns.cloudflare.com",
        "porter.ns.cloudflare.com"
    ]
}