{
    "domain": "bunny.net",
    "owner": {},
    "source": [
        "DuckDuckGo-CH"
    ],
    "prevalence": 0.00251,
    "sites": 25,
    "subdomains": [
        "fonts"
    ],
    "cnames": [],
    "fingerprinting": 0,
    "resources": [
        {
            "rule": "bunny\\.net\\/css",
            "cookies": 0,
            "fingerprinting": 0,
            "subdomains": [
                "fonts"
            ],
            "apis": {},
            "sites": 22,
            "prevalence": 0.00221,
            "cnames": [],
            "responseHashes": [
                "69ac2cfd6c6194b12b69380bc5f510820e7b31929450874eb37f0efed53580cd",
                "2e0062a22890d8249c9c1b8084b30c93282f679b8662d1d3d5fedf33128441da",
                "e0baffa8d3daa73791b614f8efccbf81dfa247ad8eb5c225af0f888c5b3e3a4c",
                "998f49ccf51bd5801468b8f05c21590eabe2aa5d2229377a634fdb229f8c7170",
                "e14416e134a413535213847a907f16ff35c0f2483b322a7374ee1bb3faafd9e4",
                "22b4219cb3899c8678471cb654dccd2974d478cfb11ad1944a5a597dc7b1c22e",
                "158bdad7b3d87b7b774900fa87ecc02ddef7b782a6899acb9e18e842baa6558e",
                "3cf12b565ed1de182e5425cf4d9def32eca5fd907cb9003cdc7a17fc76fc66dd",
                "00239faac5489b03c019d76982dc02cd990eaaf6228285f65dd54ba31c4617e1",
                "028bef3e68546b45cc70c45f1f62cb271511effd2458e8fcb787b180788787fb",
                "a522d8bd659a2178ffacf5107b654a61cb47a3ddda8fbb3c353522bf09f5b0df",
                "a2f95714a586f8f78465338ef3ab722604f682007ffabda45e618c56d232c42f",
                "217141f2c758287a7cea8d0ea2ac04a0d8e81815357c6fa5ebbcaa533136c453",
                "bbd4b969e45f563fb22f115bdbc0b4433da5b870827fe5769430689aa2752031",
                "c773b3789edf836b7d48c098bbbfbc343be022c5a8a22aa24455644766617461",
                "763015322c602d17bd7f48a664f737355378bc793960ee5bc6b1c8ca7bed4bdd",
                "aab7bcdae3201b682856525fbf18a350f980c726df6800a649a7a2d5e2fc81a8",
                "1340c106a77b94291fb91187dd1922faa281c678a842f44d6605d74953eacdd2"
            ],
            "type": "Stylesheet",
            "firstPartyCookies": {},
            "firstPartyCookiesSent": {},
            "exampleSites": [
                "www.marcelpaa.com",
                "neho.ch",
                "onlyscat.com",
                "www.doktorstutz.ch",
                "americansongwriter.com",
                "medevel.com",
                "www.myvaud.ch",
                "schweiztrendshop.ch",
                "www.myvalleedejoux.ch",
                "twominenglish.com",
                "www.carandclassic.com",
                "www.kuratlejaecker.ch",
                "awesomeaitools.com",
                "www.guru99.com",
                "morgesopenair.ch",
                "dailydriven.ro",
                "swissheart.ch",
                "www.vaudfamille.ch",
                "grammarist.com",
                "www.drohnen.de"
            ]
        },
        {
            "rule": "bunny\\.net\\/roboto\\/files\\/roboto-latin-400-normal\\.woff2",
            "cookies": 0,
            "fingerprinting": 0,
            "subdomains": [
                "fonts"
            ],
            "apis": {},
            "sites": 7,
            "prevalence": 0.000703,
            "cnames": [],
            "responseHashes": [
                "0152e925694c9e22045d875b0c03975c9bcd3778305eef80a7073dc78fda42c8"
            ],
            "type": "Font",
            "firstPartyCookies": {},
            "firstPartyCookiesSent": {},
            "exampleSites": [
                "americansongwriter.com",
                "grammarist.com",
                "switzerlanding.com",
                "www.doktorstutz.ch",
                "www.drohnen.de",
                "www.marcelpaa.com",
                "www.vaudfamille.ch"
            ]
        },
        {
            "rule": "bunny\\.net\\/source-sans-pro\\/files\\/source-sans-pro-latin-600-normal\\.woff2",
            "cookies": 0,
            "fingerprinting": 0,
            "subdomains": [
                "fonts"
            ],
            "apis": {},
            "sites": 3,
            "prevalence": 0.000301,
            "cnames": [],
            "responseHashes": [
                "64a7ee26de41986e7b56658827ee0d8660bf71035b2f7a6414245f72de69084f"
            ],
            "type": "Font",
            "firstPartyCookies": {},
            "firstPartyCookiesSent": {},
            "exampleSites": [
                "awesomeaitools.com",
                "www.lacote-tourisme.ch",
                "www.morges-tourisme.ch"
            ]
        },
        {
            "rule": "bunny\\.net\\/source-sans-pro\\/files\\/source-sans-pro-latin-400-normal\\.woff2",
            "cookies": 0,
            "fingerprinting": 0,
            "subdomains": [
                "fonts"
            ],
            "apis": {},
            "sites": 3,
            "prevalence": 0.000301,
            "cnames": [],
            "responseHashes": [
                "f46d76932ed65568e3224db0c1c0742e4980d961d59fd4e0d90c47c844a1fadb"
            ],
            "type": "Font",
            "firstPartyCookies": {},
            "firstPartyCookiesSent": {},
            "exampleSites": [
                "awesomeaitools.com",
                "www.lacote-tourisme.ch",
                "www.morges-tourisme.ch"
            ]
        },
        {
            "rule": "bunny\\.net\\/source-sans-pro\\/files\\/source-sans-pro-latin-700-normal\\.woff2",
            "cookies": 0,
            "fingerprinting": 0,
            "subdomains": [
                "fonts"
            ],
            "apis": {},
            "sites": 2,
            "prevalence": 0.000201,
            "cnames": [],
            "responseHashes": [
                "d701ef123b4d1cb2930995d970ced2aa4fcde7e9e5f609aece54ffa589513088"
            ],
            "type": "Font",
            "firstPartyCookies": {},
            "firstPartyCookiesSent": {},
            "exampleSites": [
                "awesomeaitools.com",
                "www.lacote-tourisme.ch"
            ]
        },
        {
            "rule": "bunny\\.net\\/open-sans\\/files\\/open-sans-symbols-600-normal\\.woff2",
            "cookies": 0,
            "fingerprinting": 0,
            "subdomains": [
                "fonts"
            ],
            "apis": {},
            "sites": 2,
            "prevalence": 0.000201,
            "cnames": [],
            "responseHashes": [
                "f47e97fd67f7e17db68ea214c813ac18889c66baf690f9c95326d8ef40f94070"
            ],
            "type": "Font",
            "firstPartyCookies": {},
            "firstPartyCookiesSent": {},
            "exampleSites": [
                "dailydriven.ro",
                "www.spiele123.com"
            ]
        },
        {
            "rule": "bunny\\.net\\/raleway\\/files\\/raleway-latin-700-normal\\.woff2",
            "cookies": 0,
            "fingerprinting": 0,
            "subdomains": [
                "fonts"
            ],
            "apis": {},
            "sites": 2,
            "prevalence": 0.000201,
            "cnames": [],
            "responseHashes": [
                "0029cbab08e9adf4e2c33229ae7b0a877ee77be803b72e26cb187cc24afcc6a0"
            ],
            "type": "Font",
            "firstPartyCookies": {},
            "firstPartyCookiesSent": {},
            "exampleSites": [
                "dailydriven.ro",
                "morgesopenair.ch"
            ]
        },
        {
            "rule": "bunny\\.net\\/raleway\\/files\\/raleway-latin-400-normal\\.woff2",
            "cookies": 0,
            "fingerprinting": 0,
            "subdomains": [
                "fonts"
            ],
            "apis": {},
            "sites": 2,
            "prevalence": 0.000201,
            "cnames": [],
            "responseHashes": [
                "fad7bce6c77758633b478e81157323da6ce0aaa560c9ef9a862f0bfb96f7b423"
            ],
            "type": "Font",