{
    "domain": "ccm19.de",
    "owner": {},
    "source": [
        "DuckDuckGo-CH"
    ],
    "prevalence": 0.00171,
    "sites": 17,
    "subdomains": [
        "cloud",
        "5f3c395"
    ],
    "cnames": [],
    "fingerprinting": 2,
    "resources": [
        {
            "rule": "ccm19\\.de\\/app\\.js",
            "cookies": 0.0001,
            "fingerprinting": 2,
            "subdomains": [
                "cloud"
            ],
            "apis": {
                "Navigator.prototype.userAgent": 15,
                "window.sessionStorage": 15,
                "Document.cookie getter": 15,
                "window.localStorage": 15,
                "Navigator.prototype.platform": 14,
                "Navigator.prototype.language": 14,
                "window.innerHeight": 12,
                "window.innerWidth": 12,
                "Navigator.prototype.doNotTrack": 2,
                "Date.prototype.getTime": 1,
                "Document.cookie setter": 1
            },
            "sites": 16,
            "prevalence": 0.00161,
            "cnames": [],
            "responseHashes": [
                "a75a73b6b6d85ccf415f4053258ec5b42c36f198281cbd1180f90a5fcac52b1c",
                "4f332ffa4a20c01eaec75a0e10f60538dfed75e068e45d35105feac60ed05e7e",
                "7e5964d350ee030155723aeaa329555785347ba4ed5c97264ea43c3a14b50434",
                "0c26b5802dc12dc877688aa44985aaa69b0d6fc8075b678cf55b07ac9e7a1ced",
                "0acd31511ff9a5e652e97ae8a7a58f947d6c81ef00e232a07322ccd92b0a8bc7",
                "0575c2ff5bea8869eb83ecd6b14c0cb10e01f3a8b39be9f5e8be7150dc8bbce6",
                "a29a7eafcb02fa2d7e732492edb8f12a813e4ad5e8cc679dce5e022a42cafdfa",
                "73d36c285b9ec651bda8b7527b55842ae18beff869e4788fc7eb05d7ab384fcd",
                "8307918fdf8717e7c185c17c38451a73724c69ade8128e7142875065b6614198",
                "1dbc96509843cfce31c6771ab9e3174029a783ee45e2f4416c79579faba6c5a0",
                "9d6ff4459a6cb0eb893b5aaa509141ef212e8311528a1d0e29eaf8b6a68dee62",
                "5fb9448505f3523c0c0f73fc1bf42d8823a197322f7855d3e6df884feb454182",
                "2bc6de16e30ddd43acbfae5d7650a6cc0276e8c529d7928059ea24a281421071",
                "6f1dc0da828f3bcc92da71ce098b0a55b3e887a74224aed86201d1befb140551",
                "915cb6acd58591438687a1a17c0823e2541efe733a0d3c8bdc4b30878e90afd0"
            ],
            "type": "Script",
            "firstPartyCookies": {},
            "firstPartyCookiesSent": {},
            "exampleSites": [
                "alltagsfuchs.de",
                "circus-monti.ch",
                "rotho.com",
                "samen.de",
                "uri.swiss",
                "www.computerwissen.de",
                "www.elektroauto-news.net",
                "www.fahrrad-xxl.de",
                "www.haushaltstipps.com",
                "www.hochschwarzwald.de",
                "www.konstanz-info.com",
                "www.mgmotor.ch",
                "www.outdoorchef.com",
                "www.reclam.de",
                "www.starticket.ch",
                "www.umrechner-euro.de"
            ]
        },
        {
            "rule": "ccm19\\.de\\/app\\.css",
            "cookies": 0,
            "fingerprinting": 0,
            "subdomains": [
                "cloud",
                "5f3c395"
            ],
            "apis": {},
            "sites": 16,
            "prevalence": 0.00161,
            "cnames": [],
            "responseHashes": [
                "3b971b56b4bea7f31203ab53fa789e3074343d0986bcaa5bcf294be0e66f625c",
                "5927a9bc5f70b78016d6407593d72b617dd8c8c7c5e1c855b0dea88ac6da227f",
                "3d06b5f0d0381c5b4dfc50eb3193521273325b8bc3cd8a7407d3fc861a08f73e",
                "98ab60cec52926fa92e519efea81b234d8793f9d04e9672df2cc05d1c247e4d2",
                "079a95179c728f75f4c6d7a24daeef813ae1e68b5da72c82a4a3abaa52b2f0ee",
                "c9d9ec95626cb757f7e74341b3d0d88ca4869c016d25b68a0797b3c060f5a1d1",
                "d81829f926478f0218fc87718917ca36c6ea0aab725d8767288b1b40720eb0c2",
                "a8f78716cff291c8abe3d72d1d6c2bc9707aa2df8e5239486ffae0a7ac48c144",
                "8d84451ba4bfdce4c3702f977d7782f5beee7fba4cd454a88df1b827e795fcc7",
                "ed409338d74d45131f040f9b1591ece9cbed6b835e13df26189ca7d9d3645cdd",
                "e4289109b4e7d352ba3e1e6b3e9dee684556674aeafeb8b13720fe39dc83ed3b",
                "5e7a34962d2c0cd45211e07ad23053ee58802a49f8b8c1de21ee1f29cd13f563",
                "894e3f696eabd1aaea00f821bd52f98eee4e92ad63518cf599a5cd9f9e37ed01",
                "f9f1f9e5cfb5fc8a4e0fd4cee65047dc23df73f4be85d467cf70db8ca782d6ae"
            ],
            "type": "Stylesheet",
            "firstPartyCookies": {},
            "firstPartyCookiesSent": {},
            "exampleSites": [
                "alltagsfuchs.de",
                "rotho.com",
                "samen.de",
                "uri.swiss",
                "www.computerwissen.de",
                "www.elektroauto-news.net",
                "www.fahrrad-xxl.de",
                "www.gesundheitswissen.de",
                "www.haushaltstipps.com",
                "www.hochschwarzwald.de",
                "www.konstanz-info.com",
                "www.mgmotor.ch",
                "www.outdoorchef.com",
                "www.reclam.de",
                "www.starticket.ch",
                "www.umrechner-euro.de"
            ]
        },
        {
            "rule": "ccm19\\.de\\/js\\/frontend\\/ccm19\\.components\\.min\\.js",
            "cookies": 0,
            "fingerprinting": 0,
            "subdomains": [
                "cloud",
                "5f3c395"
            ],
            "apis": {},
            "sites": 6,
            "prevalence": 0.000603,
            "cnames": [],
            "responseHashes": [
                "8775ab95fd9f9052d921638c7bb405c3840a94d539a08f3e978be04cc045e9be"
            ],
            "type": "Script",
            "firstPartyCookies": {},
            "firstPartyCookiesSent": {},
            "exampleSites": [
                "alltagsfuchs.de",
                "samen.de",
                "www.elektroauto-news.net",
                "www.gesundheitswissen.de",
                "www.haushaltstipps.com",
                "www.umrechner-euro.de"
            ]
        },
        {
            "rule": "ccm19\\.de\\/plugins\\/Ccm19ScriptPlaceholder\\/module\\.js",
            "cookies": 0,
            "fingerprinting": 0,
            "subdomains": [
                "cloud"
            ],
            "apis": {},
            "sites": 15,
            "prevalence": 0.00151,
            "cnames": [],
            "responseHashes": [
                "5e4ad0dd721c01f12f9c0ab02b3156a4d3b4eb1e0069f9303cef962826eed3da"
            ],
            "type": "Script",
            "firstPartyCookies": {},
            "firstPartyCookiesSent": {},
            "exampleSites": [
                "alltagsfuchs.de",
                "rotho.com",
                "samen.de",
                "uri.swiss",
                "www.computerwissen.de",
                "www.elektroauto-news.net",
                "www.fahrrad-xxl.de",
                "www.haushaltstipps.com",
                "www.hochschwarzwald.de",
                "www.konstanz-info.com",
                "www.mgmotor.ch",
                "www.outdoorchef.com",
                "www.reclam.de",
                "www.starticket.ch",
                "www.umrechner-euro.de"
            ]
        },
        {
            "rule": "ccm19\\.de\\/widget",
            "cookies": 0,
            "fingerprinting": 0,
            "subdomains": [
                "cloud"
            ],
            "apis": {},
            "sites": 7,
            "prevalence": 0.000703,
            "cnames": [],