{
    "domain": "chtintr.com",
    "owner": {},
    "source": [
        "DuckDuckGo-CH"
    ],
    "prevalence": 0.00111,
    "sites": 11,
    "subdomains": [],
    "cnames": [],
    "fingerprinting": 1,
    "resources": [
        {
            "rule": "chtintr\\.com\\/widget",
            "cookies": 0,
            "fingerprinting": 1,
            "subdomains": [],
            "apis": {
                "Document.cookie getter": 6
            },
            "sites": 11,
            "prevalence": 0.00111,
            "cnames": [],
            "responseHashes": [
                "b1a0e8885b875902be589d24183132c0007ea554728b6a7d52ec5ecec51e34a5",
                "b397daa106897e7daae987612e0d674fd2ae5a6e16062bf7fd0e092e73047178",
                "bfb73998dba9b23cd1f7dfe8ae7614a6b25771c95a8865472e4dc0437326e9b3",
                "a100dda6b3b24c34aa4510393e650071836559357daaf7f8b5613e095601afbc",
                "e82b73604bbd928d4f2c9f6508fff0de8d68736deb033b0dbe4aaaee12847eb6",
                "6705ad97bc23310f8f4404b7bb80d9a28807bbaf64051ad3d4690e8e9e9ce557",
                "0522f395b20854857fe7c6597479eb64276dec0450d109dd75ff1f22c155622c",
                "e1712da0d6b7be6f88b950888f91201c9365128c2ca06902ca98760168af82c7",
                "5ffa1755805a60d94f3084a87156832ea1246b977ff64566f284710f2215ad01"
            ],
            "type": "Document",
            "firstPartyCookies": {},
            "firstPartyCookiesSent": {},
            "exampleSites": [
                "deinesexfilme.com",
                "www.halloporno.net",
                "www.hdpornos.xxx",
                "www.hd-sexfilme.com",
                "www.herzporno.net",
                "www.lesbenhd.com",
                "www.pornoente.tv",
                "www.pornohammer.com",
                "www.pornoklinge.com",
                "www.pornoaffe.net",
                "www.pornohirsch.net"
            ]
        }
    ],
    "categories": [],
    "performance": {},
    "cookies": 0,
    "topInitiators": [
        {
            "domain": "first party",
            "prevalence": 1
        }
    ],
    "types": {
        "Document": 11
    },
    "nameservers": [
        "tim.ns.cloudflare.com",
        "mona.ns.cloudflare.com"
    ]
}