{
    "domain": "cq0.co",
    "owner": {},
    "source": [
        "DuckDuckGo-CH"
    ],
    "prevalence": 0.00141,
    "sites": 14,
    "subdomains": [
        "doh"
    ],
    "cnames": [],
    "fingerprinting": 0,
    "resources": [
        {
            "rule": "cq0\\.co\\/resolve",
            "cookies": 0,
            "fingerprinting": 0,
            "subdomains": [
                "doh"
            ],
            "apis": {},
            "sites": 14,
            "prevalence": 0.00141,
            "cnames": [],
            "responseHashes": [
                "6a2dc2010eff421a1e9b8e98bd74553dc603de98d365417bf65335a4dd133dd7",
                "6aa0c6ee2d4ab6c0bc061785b6a5b0beab856364f8dad7186153833446b296dc",
                "3f9eb90193296e42015e6090d4a2354d53f8f4e5b9c6f3703fd12c7bc0b09b30",
                "6d0dce3bdd19bead706711baabe2e06ad888f4fed2c6fb41afde0dc5504149af",
                "10e7c5a1380ecdf3f4296484ee5dce172c44147c68c17a61d478d469bc7117cd",
                "2131919a1a009f991a5c72e0e45cfc749f8d5e85d81631849f9fb617255be80f",
                "6c031b59c40e880b48a5b4a464848dc3f06c10782c87d8cb4cb553fb9a232a60",
                "fd83008c79dda0492bd636a36c07dd791728821fcc95f54baaea86345247ed4d",
                "73a7f87278049d6d3329bcce00508a17070555ab0f5002e778a81c17e4f6a6df",
                "394d45b72a7cedbb61dd7745cd78bfe2c6e915964313dd62bb8b0de2e7316adf",
                "e08319f60e8405069c96ebea8936d7718a5281fb5583cd87ee2e74879e8a14c6",
                "5f41a8c2b44c6383ac6ee075a848d3f9c4f50012810933c70888e55f7342709e",
                "2f8004b050a707d9f54c42d17c30049a7f0b3a306f0f15ab8ccdc3b0b4e341f4"
            ],
            "type": "Fetch",
            "firstPartyCookies": {},
            "firstPartyCookiesSent": {
                "s_gpv_custom": 0.00010048231511254019
            },
            "exampleSites": [
                "go.com",
                "moviesanywhere.com",
                "www.aireuropa.com",
                "www.audi.ch",
                "www.britishairways.com",
                "www.ccleaner.com",
                "www.easyjet.com",
                "www.espn.com",
                "www.latimes.com",
                "www.mayoclinic.org",
                "www.toyota.com",
                "www.volkswagen.de",
                "www.volkswagen-nutzfahrzeuge.ch",
                "www.volkswagen.ch"
            ]
        }
    ],
    "categories": [],
    "performance": {},
    "cookies": 0,
    "topInitiators": [
        {
            "domain": "first party",
            "prevalence": 0.42857142857142855
        },
        {
            "domain": "lighthouselabs.eu",
            "prevalence": 0.21428571428571427
        },
        {
            "domain": "ensighten.com",
            "prevalence": 0.14285714285714285
        },
        {
            "domain": "espn.com",
            "prevalence": 0.07142857142857142
        },
        {
            "domain": "audi.com",
            "prevalence": 0.07142857142857142
        },
        {
            "domain": "californiatimes.com",
            "prevalence": 0.07142857142857142
        }
    ],
    "types": {
        "Fetch": 14
    },
    "nameservers": [
        "ns-1240.awsdns-27.org",
        "ns-1857.awsdns-40.co.uk",
        "ns-488.awsdns-61.com",
        "ns-682.awsdns-21.net"
    ]
}