{
    "domain": "delmovip.com",
    "owner": {},
    "source": [
        "DuckDuckGo-CH"
    ],
    "prevalence": 0.00121,
    "sites": 12,
    "subdomains": [
        "go",
        "static"
    ],
    "cnames": [],
    "fingerprinting": 2,
    "resources": [
        {
            "rule": "delmovip\\.com\\/eactrl\\.go",
            "cookies": 0,
            "fingerprinting": 0,
            "subdomains": [
                "go"
            ],
            "apis": {},
            "sites": 12,
            "prevalence": 0.00121,
            "cnames": [],
            "responseHashes": [
                "5b2f7444d665d3e2786b94e065209f1a9f3c0c5e338f3e7d71cd43481157be3a",
                "dd392db86228244ffcf2336dcce9dd04544ad3fa59ddd424a896845b03f7c763",
                "9fed4744a1a15b230aa1a5f0e78bd72ef55154ba6bfa9d2aabba90440fccb6da",
                "743f783967aa150f7b77846f2a00e632a18623e9116b6d9c500acf7e1d179d2d",
                "55338008d8d6bcc4ee7aa6182c3bb97842f220d101708a1fefdd18fdf7cd6870",
                "e205827695f8d9dbcb11ac91d25a4f23ad8da5af3a18ff3c7659d1af5d79b897",
                "d6321c6ee9e39741afdda4a0f7351847c1926b1366813638b7c8d20d7a995b00",
                "3ceb4dc572abdcff1c83c9c380e293f89d10211c4d9c1c643bd91c9d721f7f09",
                "fea6ff72e7820165e09cda95d5b143215bbae2152a90f19ff7d11a4275d9f1b4",
                "389a6a0e40af22787e140ee5b9fd19f45a1f46bd9b228b996611dea7278032bd",
                "1be6c62ed5b7eccf23d87f205ac6c331989c159081a7a9b8b56114377e07b231"
            ],
            "type": "XHR",
            "firstPartyCookies": {},
            "firstPartyCookiesSent": {},
            "exampleSites": [
                "deutschepornos-tube.org",
                "grannypornos.net",
                "redtubedeutsch.com",
                "reifefrauenpornos.com",
                "www.deinemuschis.com",
                "www.deutschepornos.co",
                "www.erotik-sexvideos.com",
                "www.german-porno-deutsch.org",
                "www.lesbenpornos.net",
                "www.omasexpornos.com",
                "www.sexfilme24.org",
                "youporndeutsch.xyz"
            ]
        },
        {
            "rule": "delmovip\\.com\\/data\\/creatives\\/32\\/172772\\.webp",
            "cookies": 0,
            "fingerprinting": 0,
            "subdomains": [
                "static"
            ],
            "apis": {},
            "sites": 2,
            "prevalence": 0.000201,
            "cnames": [],
            "responseHashes": [
                "0199546f79bccafaad7353a5d9155e96ef2fda61303cd63c5c3444041f5e8005"
            ],
            "type": "Image",
            "firstPartyCookies": {},
            "firstPartyCookiesSent": {},
            "exampleSites": [
                "redtubedeutsch.com",
                "www.deinemuschis.com"
            ]
        },
        {
            "rule": "delmovip\\.com\\/loadeactrl\\.go",
            "cookies": 0,
            "fingerprinting": 2,
            "subdomains": [
                "go"
            ],
            "apis": {
                "Screen.prototype.availHeight": 2,
                "Screen.prototype.availWidth": 2,
                "Date.prototype.getTime": 2,
                "window.sessionStorage": 2,
                "Screen.prototype.height": 2,
                "Screen.prototype.width": 2,
                "window.innerHeight": 2,
                "window.innerWidth": 2
            },
            "sites": 2,
            "prevalence": 0.000201,
            "cnames": [],
            "responseHashes": [
                "a8cfc0e950486ecf9e784ab62f1666673f254fc105bcdbe68f523c975a92028f"
            ],
            "type": "Script",
            "firstPartyCookies": {},
            "firstPartyCookiesSent": {},
            "exampleSites": [
                "german-porno-deutsch.org",
                "www.german-porno-deutsch.org"
            ]
        },
        {
            "rule": "delmovip\\.com\\/banner\\.go",
            "cookies": 0,
            "fingerprinting": 0,
            "subdomains": [
                "go"
            ],
            "apis": {},
            "sites": 2,
            "prevalence": 0.000201,
            "cnames": [],
            "responseHashes": [
                "a81ecf69e353461c549a9c5b57d96e287cbfec069b8177ec78dd407ff2a02f50"
            ],
            "type": "Document",
            "firstPartyCookies": {},
            "firstPartyCookiesSent": {},
            "exampleSites": [
                "german-porno-deutsch.org",
                "www.german-porno-deutsch.org"
            ]
        },
        {
            "rule": "delmovip\\.com\\/static\\.go",
            "cookies": 0,
            "fingerprinting": 0,
            "subdomains": [
                "go"
            ],
            "apis": {},
            "sites": 2,
            "prevalence": 0.000201,
            "cnames": [],
            "responseHashes": [
                "4c08fe1b8800a5e3af081d9bf36b8f2f7a16d02c2971a98b5ecdc7feb689f275"
            ],
            "type": "Script",
            "firstPartyCookies": {},
            "firstPartyCookiesSent": {},
            "exampleSites": [
                "german-porno-deutsch.org",
                "www.german-porno-deutsch.org"
            ]
        }
    ],
    "categories": [],
    "performance": {},
    "cookies": 0,
    "topInitiators": [
        {
            "domain": "jquery.com",
            "prevalence": 0.6595744680851063
        },
        {
            "domain": "first party",
            "prevalence": 0.2978723404255319
        },
        {
            "domain": "cloudflare.com",
            "prevalence": 0.0425531914893617
        }
    ],
    "types": {
        "XHR": 12,
        "Image": 2,
        "Script": 4,
        "Document": 2
    },
    "nameservers": [
        "dns1.registrar-servers.com",
        "dns2.registrar-servers.com"
    ]
}