{
    "domain": "dotmetrics.net",
    "owner": {
        "name": "Dotmetrics",
        "displayName": "Dotmetrics"
    },
    "source": [
        "DuckDuckGo-CH"
    ],
    "prevalence": 0.00382,
    "sites": 38,
    "subdomains": [
        "uk-script",
        "script",
        "au-script",
        "rm-script"
    ],
    "cnames": [],
    "fingerprinting": 1,
    "resources": [
        {
            "rule": "dotmetrics\\.net\\/door\\.js",
            "cookies": 0.000201,
            "fingerprinting": 1,
            "subdomains": [
                "uk-script",
                "script",
                "au-script"
            ],
            "apis": {
                "Date.prototype.getTime": 37,
                "Date.prototype.getTimezoneOffset": 37,
                "Document.cookie getter": 1,
                "window.localStorage": 1,
                "Document.cookie setter": 1
            },
            "sites": 38,
            "prevalence": 0.00382,
            "cnames": [],
            "responseHashes": [
                "3b256a5d82bb86ac36a4f1ee91f0021a9fc394da6883c3e8ea8bf5700a762c06",
                "458457c168bb8d308fa2ec42eae83c30196a5222d68f0252235fb9bede8a2fab",
                "6006ccf07e0376ce7b24200291f3c61e19fdd040a17685256a234b177193116a",
                "d75d3c757ca73c25d651e84ad59dcc2e567a8aa0452570eb187d742c9b91b40d",
                "b136732ee6e1bfb231adbf5f8fdef747154d98cf93b68eaa21404077c2c1a196",
                "9a1a5f945afcbf119662644a245c6d81900c21a81df30e550f49780db088b4b9",
                "a9bde49db61b3f878abaa97bd903227f4cb031f078e228afe3d24df603dd751e",
                "b0ba81ee48b6581ac12b237412f118fd78d9bd3605b82b0f4d887d0f5514fe47",
                "c41a2dfb2c2f642f160f372a2a8f37ce14d9d34619b43113f194e2471d051338",
                "c9d949cc4955a7fade2e1e6463a573e03477b8188077247fa4d947dc97b7020d",
                "06971bdaa68c109ae870dd7cf909db5458743218ac2eac0a12dc5a9610b72d5b",
                "82499928599d15f47ea4d21aa2ef0437cd93fe9643dbafad58b594f9d5917ffe",
                "7f2eaafd9ebf96fc4563357005ae4a15450cac346bf6892641d459bd7b9761ca",
                "73f4db820fa9225e5707ffc3010abc0d9555562efc7c3aa4238c8aa795d8ff0c",
                "d28a575c57591aa6256f31f4982e8f37132bef8525060bae2b2bfee3df42ba95",
                "fa30e99637d0ed9eae9612c4e1a6ad45118dc1d1e2811a8e768aed994b4f49e3",
                "fb9c34bff1cd2410ead6a1bc8d20a29c8b70e5fad2a15abb92b21c607151a9ae",
                "d7ffcb4ee4efbdfe621df39901848a785709651c77ccb353a5657eef6c4ada8f",
                "4481a8be640baba1c071b1201e582f47052dc74eda776c5ff137aff007f80ed2",
                "a6ca3a2a4970b6ce22a599745fd4521203fdeea53d858b6710377c6f5d8c733c",
                "e4f8bb0768df2204f181373a17341940cecf70ba56ff4389e024cf6117cff0b0",
                "15e8b84de10ec0d0ebe6b81d38d7336da1c1fb4b99e30143a32f79491af870c2",
                "756f657d3d2726d4816fab4df199ebb7b749c47ccf76e055f129c9fb6997fc67",
                "fac440531a6da054da6e9ff080a20b4c46788ceb016cc50ef3d602f7618b4ddd",
                "cde8d19510d9a2a80d4f34d53a93a332ba3abd1f644da87d7297bed336861137",
                "e94c62c36efa1226648646e7cfc5aa36a54f060e7a369cb7c8956a7557bb5a8e",
                "0c31c4bb15eb3c42eacb1777b5778819d162e59e0de9475d3b0ac7c49a2c3a99",
                "5739669ce069bda2b55f937983b96a33a07121f4da448ed6b909e5b5878f7886",
                "0ace42bf45ae2b54fa890096d7e2d6aa923d12d42f9fb82f087a2d544c1ac91d",
                "9f5b9a784e85ecfd9f17736f8072c84e1a78880d6abffdb95bcd7cd1ca0dcbeb",
                "472adcda840d3cfd22834a73849f1b912f1ed5cb2444fc5ff30e262a8b1e5d92",
                "c40795297989193e7b0b76897f26209c6a11f99fd9ff67f0c5fba884fae30407",
                "1f02b0d2362a2b446af269407004960ae2bf2899ff80bf7993f2e7987b29e62f",
                "ee66bc8b89699cc1b8c7bc718902672f3276fe320d3136f8f5eec15f8f2a3e39",
                "41eaea9b992c4ca26a3e5ee297e4aadfde0eb8296879be2fb116cf3c148b79f1",
                "010c7068a27fdd11daff7b8803bfa53dc14987596cf67a994ac092660f82e3b5",
                "2f84944b4842c8e001626886797f66cc4d0306a4a2024d7ba2cb32b5739dc7fe"
            ],
            "type": "Script",
            "firstPartyCookies": {
                "DotMetrics.DomainCookie": {
                    "ttl": 31536003,
                    "length": 64,
                    "prevalence": 0.00010048231511254019,
                    "uniqueness": 1
                }
            },
            "firstPartyCookiesSent": {
                "lotame_domain_check": 0.00020096463022508038
            },
            "exampleSites": [
                "www.bbc.com",
                "www.bbc.co.uk",
                "www.dailymail.co.uk",
                "www.express.co.uk",
                "www.independent.co.uk",
                "www.mirror.co.uk",
                "www.techradar.com",
                "www.thesun.co.uk",
                "www.tomsguide.com",
                "www.tomshardware.com",
                "www.whathifi.com",
                "www.mumsnet.com",
                "www.pcgamer.com",
                "www.cyclingnews.com",
                "www.musicradar.com",
                "www.hellomagazine.com",
                "sky.com",
                "www.loudersound.com",
                "www.gamesradar.com",
                "www.the-sun.com"
            ]
        },
        {
            "rule": "dotmetrics\\.net\\/hit\\.gif",
            "cookies": 0.000502,
            "fingerprinting": 0,
            "subdomains": [
                "uk-script",
                "rm-script",
                "script",
                "au-script"
            ],
            "apis": {},
            "sites": 38,
            "prevalence": 0.00382,
            "cnames": [],
            "responseHashes": [
                "57640b6d8ccf4070239d260940ca7576d90563d6f87b744f1a9928266930de46",
                "07383c96980710a04144e5a39ae59e7f9f74bcfd6462a6932ded48efe6d73bce"
            ],
            "type": "Image",
            "firstPartyCookies": {},
            "firstPartyCookiesSent": {
                "lotame_domain_check": 0.0003014469453376206
            },
            "exampleSites": [
                "www.bbc.com",
                "www.bbc.co.uk",
                "www.dailymail.co.uk",
                "www.express.co.uk",
                "www.independent.co.uk",
                "www.mirror.co.uk",
                "www.techradar.com",
                "www.thesun.co.uk",
                "www.tomsguide.com",
                "www.tomshardware.com",
                "www.skysports.com",
                "www.livescience.com",
                "www.thetimes.com",
                "www.index.hr",
                "www.loudersound.com",
                "www.radiotimes.com",
                "www.windowscentral.com",
                "www.digitalcameraworld.com",
                "www.pcgamer.com",
                "www.cyclingnews.com"
            ]
        },
        {
            "rule": "dotmetrics\\.net\\/Scripts\\/ncs-script\\.js",
            "cookies": 0,
            "fingerprinting": 0,
            "subdomains": [
                "uk-script",
                "script"
            ],
            "apis": {},
            "sites": 31,
            "prevalence": 0.00311,
            "cnames": [],
            "responseHashes": [
                "20f8c66290f040a84fd2e8d6046bf55a1ef5d1bbc9ce9d36a7212b3f7c9fd1c2"
            ],
            "type": "Script",
            "firstPartyCookies": {},
            "firstPartyCookiesSent": {},