{
    "domain": "featureassets.org",
    "owner": {},
    "source": [
        "DuckDuckGo-CH"
    ],
    "prevalence": 0.00251,
    "sites": 25,
    "subdomains": [],
    "cnames": [],
    "fingerprinting": 0,
    "resources": [
        {
            "rule": "featureassets\\.org\\/v1\\/initialize",
            "cookies": 0.00251,
            "fingerprinting": 0,
            "subdomains": [],
            "apis": {},
            "sites": 25,
            "prevalence": 0.00251,
            "cnames": [],
            "responseHashes": [
                "9d504c23deab7ee7e3f446a5cf971e0bdcd9279be157389a944135d815ba72ae",
                "69aea42b1ed28cba487c133394f98bf131b1aaadf77d9e1cd69a73c6c38afaec",
                "40574ede77447af1496a7601206795c554a144c0b9c5f815475f9c347b7d7f24",
                "40ea73677613ea716ec59cbe642828484cde8a28fb73ce3f6dda347d4d9e6183",
                "090f3f01365b7b1a736253d20236fe42689804747473d7f23aadd18b02529b9b",
                "1b095e4753c9eea2b544a6ca0e8e59f05c1f794d73df589adc6c2feb932c0257",
                "f92c3943556bfa679c44fc80338f39f0ce88dffec3eb1305b0f1007c77577d7e",
                "0f726e2c96cd0e22a7c062c913c8b7161aef026b3ce997f1e8fff0397359e968",
                "6190c360be65c22ff226983684aaff0715756d0c7988e1b562bf4484ceb6d0aa",
                "e9beed989c200e7fa373396328f0434d0f3311acb33bae3da464a32364373814",
                "2540bf2de2826042d68a47ce4f17d8e77d8f706fe3b66d3fda357983ddd58e2e",
                "70d1fa85c75eb871f3aabda125bd6b19d01776499af76ab1de8ff898910d5868",
                "0c5a5604339133ee1fb0b540eb5c285a885f592a701856e8c6debf3f3a4a606b",
                "196736421e94463d959734bebdd456dbe10c42afbfb59a3ab67c7588ec691bda",
                "8c45a0a38d5fffb91b19de7084c5996344792dbb9fddffec41929b2fdb361399",
                "b0fa43a31c9b154e5a6dad6790cb0337d0405e5a2e326e32939c304940dd2b4a",
                "17288bd7aa34e5ff7b0b96561b20c718061ee3b27358de2dd7880fcace79f5cd",
                "e73b5d226a59edafda86a1d66f4e19835c2f628ccaf3dcf8fa1dbae638d0044e",
                "e5b7b6115db3e050fd379e4b652a5fa04b88c311418142c2150e6459b9f52849",
                "454d57e1a7795b891c7e182f2c54e730c2df6a1e46cacfc4b52ddeb5738ef259",
                "c0cd826d6bbdf3dc28fa80abfbb017e0d55187f303e3ba4891ac1628c6a5cab0",
                "cb10164bc17295124f60a77c08b65c89d7fbd2f2dfe228fb940c91d769438dde",
                "f966f3c6347d6c4303c15c028ef80cfb1dccc1348da60ee1f8f83fc03ca8f688"
            ],
            "type": "Fetch",
            "firstPartyCookies": {},
            "firstPartyCookiesSent": {},
            "exampleSites": [
                "www.bloomberg.com",
                "www.scribd.com",
                "www.notino.ch",
                "squarespace.com",
                "www.pixelcut.ai",
                "u.gg",
                "cursor.com",
                "myablefy.com",
                "openai.com",
                "platform.openai.com",
                "www.decathlon.com",
                "xxxlutz.ch",
                "www.figma.com",
                "www.sixt.ch",
                "www.werdinselopenair.ch",
                "www.sixt.com",
                "webflow.com",
                "linktr.ee",
                "help.openai.com",
                "www.xxxlutz.ch"
            ]
        }
    ],
    "categories": [],
    "performance": {},
    "cookies": 0.00251,
    "topInitiators": [
        {
            "domain": "first party",
            "prevalence": 0.4857142857142857
        },
        {
            "domain": "jsdelivr.net",
            "prevalence": 0.2
        },
        {
            "domain": "oaistatic.com",
            "prevalence": 0.08571428571428572
        },
        {
            "domain": "slidesharecdn.com",
            "prevalence": 0.05714285714285714
        },
        {
            "domain": "fullstory.com",
            "prevalence": 0.02857142857142857
        },
        {
            "domain": "allstar.gg",
            "prevalence": 0.02857142857142857
        },
        {
            "domain": "d3e54v103j8qbb.cloudfront.net",
            "prevalence": 0.02857142857142857
        },
        {
            "domain": "moemax.com",
            "prevalence": 0.02857142857142857
        },
        {
            "domain": "scribdassets.com",
            "prevalence": 0.02857142857142857
        },
        {
            "domain": "squarespace.com",
            "prevalence": 0.02857142857142857
        }
    ],
    "types": {
        "Fetch": 25
    },
    "nameservers": [
        "ns-387.awsdns-48.com",
        "ns-1178.awsdns-19.org",
        "ns-940.awsdns-53.net",
        "ns-1952.awsdns-52.co.uk"
    ]
}