{
    "domain": "futurehybrid.tech",
    "owner": {},
    "source": [
        "DuckDuckGo-CH"
    ],
    "prevalence": 0.00191,
    "sites": 19,
    "subdomains": [
        "sommelier"
    ],
    "cnames": [],
    "fingerprinting": 0,
    "resources": [
        {
            "rule": "futurehybrid\\.tech\\/config\\/",
            "cookies": 0,
            "fingerprinting": 0,
            "subdomains": [
                "sommelier"
            ],
            "apis": {},
            "sites": 19,
            "prevalence": 0.00191,
            "cnames": [],
            "responseHashes": [
                "d62616ce045d79ba4faa0973338231abe0edf1d40b3dcadbefb8d60667b6879e",
                "ab9e857906a3b376c973f8527b631b1bd2294f97ca638f707070ba725fe3e3c1",
                "5a55ffe2eb7f65ae27a6c94b758ee2336e8e0b38e62f9ed7126bcedea5a4b218",
                "4d14b0377dd17b3c805f75036301c868f5a67eb7afced7e6c9868351402c09ee",
                "04545ccdf098c18bb979899d56e1438670d3f37655bf987c2e0bf4fef17badab",
                "42914473a2ba6a94b37f325a6201b7c99ee92a8684974d354628890b7af3ed6d",
                "3938ab8c8951d376ca79f64d9f7d35d5630d6cf8f6dd391745575f5d2b583a24",
                "a66f3eca18a8de61ed2f16114f4eed31661cbc379d78e86d73d3b1b9221e5544",
                "4f01ba0248b444322d131c7e5cf6093dc22526f2808812e3d1413bce135c10f9",
                "56b014f46554209462d36709305ebd5a3845d0d7e4ff3e174b09cf694c6f4306",
                "58b496606c7c53259d187a1a37f2ddf0c6ddce18edcc3d72edd2444c5cdbc7e0",
                "ed8ebb3a4f8a90f034d3d61a933fc5852c617c9254579c5d43b54c0fb21c4f87",
                "f8150f3e5e7cddb7e0bb4790d43c9d6448b5b1d578ebcaf0660b66784e9a431f",
                "d4a6fb14155f0512051c4780da159e2fa2cbd795052f4ec417cbbd8e91a65c61",
                "1e3504d3845ae75c952ca987bb18290a89103d77480738e9dc6afa6f6a428457",
                "e45606198f50d8b506e1b0e19f05763c10e24d81f183867a3ffe74f8cf40f86a",
                "8be9fb5293d4aa3dfb5b288b6f8f881e0e45d24a0ff56c60afa411341477227e",
                "f71fe893c6374fddad392e74b7e920e7a884ef11664f598b026ea9f3eb1487da"
            ],
            "type": "Fetch",
            "firstPartyCookies": {},
            "firstPartyCookiesSent": {},
            "exampleSites": [
                "tomshardware.com",
                "www.androidcentral.com",
                "www.cyclingnews.com",
                "www.cyclingweekly.com",
                "www.digitalcameraworld.com",
                "www.gardeningknowhow.com",
                "www.gamesradar.com",
                "www.guitarworld.com",
                "www.livescience.com",
                "www.loudersound.com",
                "www.musicradar.com",
                "www.pcgamer.com",
                "www.space.com",
                "www.techspot.com",
                "www.techradar.com",
                "www.tomsguide.com",
                "www.tomshardware.com",
                "www.whathifi.com",
                "www.windowscentral.com"
            ]
        }
    ],
    "categories": [],
    "performance": {},
    "cookies": 0,
    "topInitiators": [
        {
            "domain": "futurecdn.net",
            "prevalence": 1
        }
    ],
    "types": {
        "Fetch": 19
    },
    "nameservers": [
        "ns-1705.awsdns-21.co.uk",
        "ns-1419.awsdns-49.org",
        "ns-55.awsdns-06.com",
        "ns-786.awsdns-34.net"
    ]
}