{
    "domain": "opti-digital.com",
    "owner": {
        "name": "Opti Digital",
        "displayName": "Opti Digital"
    },
    "source": [
        "DuckDuckGo-CH"
    ],
    "prevalence": 0.00543,
    "sites": 54,
    "subdomains": [
        "scripts",
        "optiyield-data",
        "optiyield"
    ],
    "cnames": [],
    "fingerprinting": 2,
    "resources": [
        {
            "rule": "opti-digital\\.com\\/tags\\/",
            "cookies": 0,
            "fingerprinting": 1,
            "subdomains": [
                "scripts"
            ],
            "apis": {
                "Navigator.prototype.userAgent": 16,
                "Document.cookie getter": 1,
                "Date.prototype.getTime": 1,
                "Navigator.prototype.platform": 1
            },
            "sites": 16,
            "prevalence": 0.00161,
            "cnames": [],
            "responseHashes": [
                "e52f0b1e35be6fd49c52bbdf54561ed8a3eab77151c26fd6c1c14442f3d6ebce",
                "8b2395d281e34cf24cf482f5de0eef52b4ac86fde674518fa429463414746f9f",
                "d952b3c37554b43e3663ca0d69f8af7ddb6b5fbf047352a5be319e6a7d6ca413",
                "a2c611910a467de15e49d036723fc184baaafbfb0b537570a46f4ae2b799ccca",
                "d4b49aab9375e11885dc88ee5438c276328ae9ed3eabedb087f28168e4073b9d",
                "44abec3d5931267aeaaf2e3d013dc423644f6202d0b08b3af838d16e219bc392",
                "5477e253b9135a5cf3308fa9511e2f95b91e397d0f0cd123d83de0e92e0f825a",
                "93841c8df193534b7fd6c5fd842c8f07272bb7b26019d66eef7cbfd1e886294d",
                "bcf4abcea91a0e591dc94a347025d066f3ba81c6e0ca20219dcd8a508089b4f1",
                "3dd649199c84a5ac8b09d8ebd39e33771a3f41f0e6a8fcfcbb411132b5927955",
                "da20bd8ce487a2ec8345d4e1cbea498c2747746536bacc565419fe9d37caea41",
                "827d36b1601d5f404c2af4637e297bd19f5f28379a3f3881e050235fdb2cde35",
                "06df63cd9758143c40a3e12a0de5a093056fb9adf32a8e71a6b9c5b744da0e8d",
                "26563ade3ef30387f674f1e655eaf81102decb82481094ea29140e54481cff08",
                "82c3e6cee7bc7f18b7f024051706f00fb2f0608c0e9ed98c120d0ddf7ed513de"
            ],
            "type": "Script",
            "firstPartyCookies": {},
            "firstPartyCookiesSent": {},
            "exampleSites": [
                "chefsimon.com",
                "gizmodo.com",
                "www.01net.com",
                "www.betaseries.com",
                "www.chien.com",
                "www.consoglobe.com",
                "www.comment-economiser.fr",
                "www.gerbeaud.com",
                "www.journaldugeek.com",
                "www.larevueautomobile.com",
                "www.lecoindunet.com",
                "www.macg.co",
                "www.ou-et-quand.net",
                "www.petitfute.com",
                "www.presse-citron.net",
                "www.wohin-und-wann.de"
            ]
        },
        {
            "rule": "opti-digital\\.com\\/lib\\/",
            "cookies": 0.00221,
            "fingerprinting": 2,
            "subdomains": [
                "scripts"
            ],
            "apis": {
                "Navigator.prototype.userAgent": 26,
                "Navigator.prototype.platform": 25,
                "Screen.prototype.width": 26,
                "window.innerHeight": 23,
                "window.sessionStorage": 26,
                "window.localStorage": 23,
                "Document.cookie getter": 23,
                "Date.prototype.getTime": 25,
                "Document.cookie setter": 22,
                "NavigatorUAData.prototype.brands": 1,
                "NavigatorUAData.prototype.platform": 1,
                "Navigator.prototype.cookieEnabled": 1,
                "Screen.prototype.height": 1,
                "window.innerWidth": 1,
                "Navigator.prototype.doNotTrack": 1,
                "Navigator.prototype.language": 1,
                "Navigator.prototype.webdriver": 1,
                "Navigator.prototype.hardwareConcurrency": 1,
                "Navigator.prototype.connection": 1,
                "window.devicePixelRatio": 1,
                "Screen.prototype.orientation": 1,
                "Navigator.prototype.deviceMemory": 1
            },
            "sites": 26,
            "prevalence": 0.00261,
            "cnames": [],
            "responseHashes": [
                "c3fb9b82bb4bcd70fa69c0a3ed2d9469dbfdaab7f1ab92f6675a0be4de0a5f33",
                "d42c23fd2bbc1f8930c030b5f68e058c38100c6f16d5022fe87b29437d8dbb0f",
                "77c9d4f786f51888071feeae8c325eb7a617d0ce30829b81c13b123c89422341",
                "ddd578f48d1cf3469629cc7d6d845e9dcff0f0ec31196ae6bc6975e5096f26e5"
            ],
            "type": "Script",
            "firstPartyCookies": {
                "_sharedid": {
                    "ttl": 7776003,
                    "length": 36,
                    "prevalence": 0.0018086816720257234,
                    "uniqueness": 1
                },
                "_sharedid_cst": {
                    "ttl": 7776003,
                    "length": 16,
                    "prevalence": 0.0018086816720257234,
                    "uniqueness": 0.05555555555555555
                },
                "cto_bundle": {
                    "ttl": null,
                    "length": 319,
                    "prevalence": 0.00010048231511254019,
                    "uniqueness": 1
                }
            },
            "firstPartyCookiesSent": {},
            "exampleSites": [
                "gizmodo.com",
                "www.gerbeaud.com",
                "www.euronews.com",
                "www.comment-economiser.fr",
                "www.aujardin.info",
                "chefsimon.com",
                "www.frandroid.com",
                "fr.euronews.com",
                "www.presse-citron.net",
                "www.consoglobe.com",
                "www.macg.co",
                "www.jardiner-malin.fr",
                "www.clubic.com",
                "www.larevueautomobile.com",
                "www.betaseries.com",
                "www.slate.fr",
                "www.lecoindunet.com",
                "www.01net.com",
                "www.journaldugeek.com",
                "www.paroles.net"
            ]
        },
        {
            "rule": "opti-digital\\.com\\/pfc\\/web\\/config",
            "cookies": 0,
            "fingerprinting": 0,
            "subdomains": [
                "optiyield-data",
                "optiyield"
            ],
            "apis": {},
            "sites": 32,
            "prevalence": 0.00322,
            "cnames": [],