{
    "domain": "p7cloud.net",
    "owner": {},
    "source": [
        "DuckDuckGo-CH"
    ],
    "prevalence": 0.00151,
    "sites": 15,
    "subdomains": [
        "silo49",
        "silo48",
        "silo55",
        "silo90",
        "silo52",
        "silo29",
        "silo43",
        "silo54",
        "silo27",
        "ua",
        "location",
        "lal"
    ],
    "cnames": [],
    "fingerprinting": 1,
    "resources": [
        {
            "rule": "p7cloud\\.net\\/as1\\.js",
            "cookies": 0.000502,
            "fingerprinting": 1,
            "subdomains": [
                "silo49",
                "silo48",
                "silo55",
                "silo90",
                "silo52",
                "silo29",
                "silo43",
                "silo54",
                "silo27"
            ],
            "apis": {
                "window.localStorage": 14,
                "Date.prototype.getTime": 11,
                "Navigator.prototype.languages": 5,
                "Document.cookie getter": 11,
                "Document.cookie setter": 5,
                "Navigator.prototype.userAgent": 3,
                "window.devicePixelRatio": 1,
                "Screen.prototype.width": 1,
                "Screen.prototype.height": 1,
                "Navigator.prototype.platform": 1
            },
            "sites": 15,
            "prevalence": 0.00151,
            "cnames": [],
            "responseHashes": [
                "1abef3ce1dffd7d19523bb23816d671b8ebdee342b465ce0c263aa503893af5e",
                "5c9ebcebf7b7f03392c8504a7bc7efc293dd8b3fd990eb6f50314aef65aa6bb5",
                "75b6cfcb30794feaa5b0d8f1c006641be0c2448b729a67214f71dd258783a3ea",
                "fb3fc292792fd0f68b40290f3397d2285c389c896a9e1b527e477ec9c9e55d56",
                "afeda73fe3a49099df9b50bedc0b3cae0f27af908c194afc24445dae1ba8bbd4",
                "bfba327a45cf23e10e3c38fc20f00baf5e20adc33d969ec4f8ce546b324889d8",
                "a2aca1c1bdaa7bd30e2e3b660a185ab1fe774dc7b96f22a3ea32a6f033de64b4",
                "c322c082e365fd0a8354f9f2f9a2feb47db74a9bd96f8851f5a39578e6a7d0eb",
                "7dcdf6d4e19f2f981a4e63af0e50103b6da7cd72c79025936a25d9011fd31eee",
                "227cc990bbc2ee46b9c52e132a96926a14822d69c3670187bb30754ca684f109",
                "e3b0c44298fc1c149afbf4c8996fb92427ae41e4649b934ca495991b7852b855",
                "958c614100023d5cee2d9d6ccf5b80ad597fa98e4344710584acebd0b61c18c0",
                "9682ec77187503aae540c610594767313c1605efa39d961d29b0a7cddd8ec2df",
                "273d9beb6b13a3484ea09d6ddd66aa06cda534eac3de1b32dd59b5bb73cd16fe"
            ],
            "type": "Script",
            "firstPartyCookies": {
                "aspan_s": {
                    "ttl": 1810,
                    "length": 21,
                    "prevalence": 0.0005024115755627009,
                    "uniqueness": 1
                }
            },
            "firstPartyCookiesSent": {
                "_li_dcdm_c": 0.0003014469453376206,
                "lotame_domain_check": 0.00010048231511254019
            },
            "exampleSites": [
                "decider.com",
                "dotesports.com",
                "fortune.com",
                "nypost.com",
                "pagesix.com",
                "primagames.com",
                "progameguides.com",
                "www.bikeradar.com",
                "www.destructoid.com",
                "www.dexerto.com",
                "www.dexerto.fr",
                "www.mindbodygreen.com",
                "www.newsweek.com",
                "www.refinery29.com",
                "www.usmagazine.com"
            ]
        },
        {
            "rule": "p7cloud\\.net\\/if\\.html",
            "cookies": 0.00131,
            "fingerprinting": 1,
            "subdomains": [
                "silo49",
                "silo48",
                "silo55",
                "silo90",
                "silo52",
                "silo43",
                "silo54",
                "silo27"
            ],
            "apis": {
                "Date.prototype.getTime": 13,
                "Document.cookie setter": 13,
                "Document.cookie getter": 12,
                "window.localStorage": 7
            },
            "sites": 14,
            "prevalence": 0.00141,
            "cnames": [],
            "responseHashes": [
                "f10b55fc648ebc29d5188fd4314d67c6afc38eca17e1c04ba2eb22bc1a7e5069"
            ],
            "type": "Document",
            "firstPartyCookies": {
                "_t": {
                    "ttl": 248,
                    "length": 3,
                    "prevalence": 0.0012057877813504824,
                    "uniqueness": 0.08333333333333333
                },
                "arcid": {
                    "ttl": 7776023,
                    "length": 17,
                    "prevalence": 0.0011053054662379421,
                    "uniqueness": 0.5454545454545454
                },
                "cohorts": {
                    "ttl": 7776028,
                    "length": 140,
                    "prevalence": 0.0007033762057877814,
                    "uniqueness": 1
                }
            },
            "firstPartyCookiesSent": {},
            "exampleSites": [
                "decider.com",
                "dotesports.com",
                "fortune.com",
                "nypost.com",
                "pagesix.com",
                "primagames.com",
                "progameguides.com",
                "www.bikeradar.com",
                "www.destructoid.com",
                "www.dexerto.com",
                "www.dexerto.fr",
                "www.newsweek.com",
                "www.refinery29.com",
                "www.usmagazine.com"
            ]
        },
        {
            "rule": "p7cloud\\.net\\/cpm\\.js",
            "cookies": 0,
            "fingerprinting": 0,
            "subdomains": [
                "silo48"
            ],
            "apis": {},
            "sites": 4,
            "prevalence": 0.000402,
            "cnames": [],
            "responseHashes": [
                "6558b4c93e7c2366a12f5213091cf6c0b5484653ca553f86a8a087f24e1c9fbb"
            ],
            "type": "Script",
            "firstPartyCookies": {},
            "firstPartyCookiesSent": {},
            "exampleSites": [
                "dotesports.com",
                "primagames.com",
                "progameguides.com",
                "www.destructoid.com"
            ]
        },
        {
            "rule": "p7cloud\\.net\\/asp",
            "cookies": 0,
            "fingerprinting": 0,
            "subdomains": [
                "ua"
            ],
            "apis": {},
            "sites": 5,
            "prevalence": 0.000502,
            "cnames": [],
            "responseHashes": [
                "3d96813c98eb73f991199397012b2413559c44a04e657128511ef6af56d31095"
            ],
            "type": "Script",
            "firstPartyCookies": {},
            "firstPartyCookiesSent": {},
            "exampleSites": [
                "dotesports.com",
                "primagames.com",
                "www.destructoid.com",
                "www.newsweek.com",
                "www.usmagazine.com"
            ]
        },
        {
            "rule": "p7cloud\\.net\\/locdot",
            "cookies": 0,
            "fingerprinting": 0,
            "subdomains": [
                "location"
            ],
            "apis": {},
            "sites": 5,
            "prevalence": 0.000502,
            "cnames": [],
            "responseHashes": [
                "a2803bf2b9befd6c1ef33935153a5f5818fa38e5b3d4d4357d5225fb78376ec1"
            ],
            "type": "Script",
            "firstPartyCookies": {},
            "firstPartyCookiesSent": {},