{
    "domain": "pbxai.com",
    "owner": {},
    "source": [
        "DuckDuckGo-CH"
    ],
    "prevalence": 0.00372,
    "sites": 37,
    "subdomains": [
        "cdn",
        "floor",
        "api"
    ],
    "cnames": [],
    "fingerprinting": 1,
    "resources": [
        {
            "rule": "pbxai\\.com\\/5f4a4498-4f1f-48c2-94fc-26ecfea898d8\\.js",
            "cookies": 0,
            "fingerprinting": 1,
            "subdomains": [
                "cdn"
            ],
            "apis": {
                "window.localStorage": 6,
                "window.sessionStorage": 6,
                "Date.prototype.getTime": 6,
                "Navigator.prototype.platform": 6,
                "Navigator.prototype.userAgent": 6,
                "Navigator.prototype.vendor": 6
            },
            "sites": 6,
            "prevalence": 0.000603,
            "cnames": [],
            "responseHashes": [
                "d9c0b4663724e4cd5e6eeb649ca50c98a7236e11d118cff564d6e0a7448bdfa2",
                "7965c0024d00c54675906d3de6e8b31adbabff9a8acc675be8eab1bbba5adbb7",
                "907e3eff233f5696eb23d1cc7997eb340b2286d2260b23ecdec31c83695a9f55",
                "635c4fc121ad68a1e133a11f73f32db2aed20ae9f32286e32c821f586d155229",
                "3b632a536c91c443da03caa3ca6477e0f9737e7e68f1d78375f7ddc05ad5b771"
            ],
            "type": "Script",
            "firstPartyCookies": {},
            "firstPartyCookiesSent": {},
            "exampleSites": [
                "islcollective.com",
                "on4t.com",
                "www.golinuxcloud.com",
                "www.greelane.com",
                "www.iplocation.net",
                "www.linuxfordevices.com"
            ]
        },
        {
            "rule": "pbxai\\.com\\/",
            "cookies": 0,
            "fingerprinting": 0,
            "subdomains": [
                "floor"
            ],
            "apis": {},
            "sites": 33,
            "prevalence": 0.00332,
            "cnames": [],
            "responseHashes": [
                "ce2d272334559e759015632c03386ba41c08464c04d82d84c30e4960cf510e17",
                "65e8af6fbac11be5a2c8b4a781489194a91e0bdf2b2a90599eb7112c559457df",
                "e3b0c44298fc1c149afbf4c8996fb92427ae41e4649b934ca495991b7852b855",
                "37b872be857c57916ae566d28f83789e5508549648fcbc6853243ee7d5f3fb84",
                "220aaf7f14d2cc3215e13c15e71de5984b0175d8946c3221a94c8ab2e8332b34",
                "2f9b1b62b22f38fcbef6b796b77338505fce3c57c56185a2eb3bb10d6bca7720",
                "f09d30743d5a8c221fc7c37475d8d85cd1e792ceb15eb816db142d38eb7d490b",
                "d76ae1ed8aff825a9f0d7e2c51a9035942fac13924aca5e14c637c06b5235f7a",
                "80763a16ae92bfe42172ef7951b8d2f0d9d9eb22ef0f6eb465bddb2e3cfec912",
                "ab2c4a2f03c543e284cd9a58f21621861e7ad2ab67deea485b39e10bc7f44445",
                "995a496c520ab1132b1d3d9b340044c0995c0a92036e7044b7bc78bce71a39ed",
                "d58db762ab0a1c5240f9279a9e68696ce8b8d4510783b89a0364df334feed627",
                "1569ff47cf92e47ab078cb04ef9a34b2f1923c8c757c911694b22fa34967be39",
                "f78c733feef3f3342a37d78b788e757e9f40f0326f6594d2ca0e5419e93ddcfd",
                "84a3b34f5bca278735ee0195a386cd906399d3e7bd9b0061bfdf904748a419a0",
                "a69ab14f95e4486214a0e444821331a01530fb4ebe260318e633c5c79a0ee84d",
                "690630d4b6594ea6b08062b5c773959fd04ae59290758ea5b32883d9cc25ba87",
                "bd3b0646b47e3040c74d713366fd00ad8d48f89f54907151dfe61429cb3773d1",
                "a74a22b70c2065d70a0a4bd70cdef21724035ec515aaf2f2b4b5e5af7f755d70",
                "24a7e74e08a6b123d278edf8dfd5fdf1da5d87db00f7bd79ce9c23a5ed75a6f3",
                "c2de30c2b528da337748d332b994353bbd09b19696f5cc2b53f4c02aa0302724",
                "bb8dd6dd2ab2c9800d1c48ec23054746d86f871999a81fd4527846e87f2a78b7",
                "c9a6eed0002a5400eb6fc7258d2a9aae70d72eafac4687fa11d13cf655667bf2",
                "5c5f884dbcc58fe8c3dcc2af84001ba9163d5e47a144f409491472c5f8d79998",
                "cb0800306143344cad5233fab2e86bb4637053cf58bc89a8dbc46ce76a4848fc",
                "aacf858b553315e556b6ad00627f33a1270fb87b6198f481dbe89e6446b93d22",
                "c08e168f7d04f454bb747ac8b7d2b581f43ad80f1d105221d4679729903c09a8"
            ],
            "type": "Fetch",
            "firstPartyCookies": {},
            "firstPartyCookiesSent": {
                "lotame_domain_check": 0.0003014469453376206
            },
            "exampleSites": [
                "www.dict.cc",
                "www.independent.co.uk",
                "www.techradar.com",
                "www.tomsguide.com",
                "islcollective.com",
                "dictionnaire.orthodidacte.com",
                "de.investing.com",
                "www.linguee.com",
                "www.geoguessr.com",
                "www.kreuzwortraetsellexikon.de",
                "www.cyclingweekly.com",
                "www.iplocation.net",
                "doctonat.com",
                "www.timeout.com",
                "www.linguee.de",
                "www.notebookcheck.net",
                "www.linguee.fr",
                "www.wordhippo.com",
                "de.islcollective.com",
                "www.pcgamer.com"
            ]
        },
        {
            "rule": "pbxai\\.com\\/analytics\\/auction",
            "cookies": 0,
            "fingerprinting": 0,
            "subdomains": [
                "api"
            ],
            "apis": {},
            "sites": 7,
            "prevalence": 0.000703,
            "cnames": [],
            "responseHashes": [],
            "type": "Fetch",
            "firstPartyCookies": {},
            "firstPartyCookiesSent": {},
            "exampleSites": [
                "islcollective.com",
                "on4t.com",
                "www.digitalcameraworld.com",
                "www.gamesradar.com",
                "www.golinuxcloud.com",
                "www.iplocation.net",
                "www.linuxfordevices.com"
            ]
        },
        {
            "rule": "pbxai\\.com\\/",
            "cookies": 0,
            "fingerprinting": 0,
            "subdomains": [
                "floor"
            ],
            "apis": {},
            "sites": 15,
            "prevalence": 0.00151,
            "cnames": [],
            "responseHashes": [
                "e3b0c44298fc1c149afbf4c8996fb92427ae41e4649b934ca495991b7852b855",
                "37b872be857c57916ae566d28f83789e5508549648fcbc6853243ee7d5f3fb84",
                "220aaf7f14d2cc3215e13c15e71de5984b0175d8946c3221a94c8ab2e8332b34",
                "2f9b1b62b22f38fcbef6b796b77338505fce3c57c56185a2eb3bb10d6bca7720",
                "cb0800306143344cad5233fab2e86bb4637053cf58bc89a8dbc46ce76a4848fc",
                "d58db762ab0a1c5240f9279a9e68696ce8b8d4510783b89a0364df334feed627",
                "bd3b0646b47e3040c74d713366fd00ad8d48f89f54907151dfe61429cb3773d1",
                "c2de30c2b528da337748d332b994353bbd09b19696f5cc2b53f4c02aa0302724",
                "c9a6eed0002a5400eb6fc7258d2a9aae70d72eafac4687fa11d13cf655667bf2"
            ],
            "type": "Other",
            "firstPartyCookies": {},
            "firstPartyCookiesSent": {},