{
    "domain": "qualified.com",
    "owner": {},
    "source": [
        "DuckDuckGo-CH"
    ],
    "prevalence": 0.00141,
    "sites": 14,
    "subdomains": [
        "js",
        "ws4",
        "ws3",
        "ws5",
        "ws6",
        "ws2"
    ],
    "cnames": [],
    "fingerprinting": 2,
    "resources": [
        {
            "rule": "qualified\\.com\\/qualified\\.js",
            "cookies": 0.00131,
            "fingerprinting": 2,
            "subdomains": [
                "js"
            ],
            "apis": {
                "Navigator.prototype.userAgent": 13,
                "PerformanceTiming.prototype.navigationStart": 13,
                "Navigator.prototype.platform": 13,
                "Navigator.prototype.maxTouchPoints": 13,
                "window.localStorage": 13,
                "Intl.DateTimeFormat.prototype.resolvedOptions": 13,
                "Document.cookie getter": 13,
                "Document.cookie setter": 12,
                "Navigator.prototype.language": 12,
                "Date.prototype.getTime": 12
            },
            "sites": 13,
            "prevalence": 0.00131,
            "cnames": [],
            "responseHashes": [
                "16422dc29ca9193fd63a6d6b0399fe5783b33aed57a532506d3dbbd561f92cd9",
                "2c1e3c9846e4c042ae006fd2f09049b47d8e054b2e6942ea4e3a7d7f52d33614",
                "742471a2c64c8da26f17ad44eef5515f4b882e31e5180772376dd2acb27ed33f",
                "f3e4aede20ed5a29c2d7b26097433b095ae9ace88d8b47807266338a721dd59b",
                "b86abba9e4b3c6d493cb99e3c9f08204cff598af442c288930f2bc5c0810ae76",
                "c5ecca8b8db841170ca4b4a2f87dc1487412959cced3cbcd0552e8ebf380c676",
                "e1c2911acc56229c79a774b620afc16fac5e5995a2ce91e1ec464f9d6138c33e",
                "2b0202099683b803717a650bb624f2d58ba23a3984fefcf96a1157518da97430",
                "595f42b668c0041a7a3b119937a7a80772450e77b1ace0bbdf355b721fc96919",
                "a6f3222b001ae38411fbe045d63d066b71266ae7c624344f3f28a001f88d5220",
                "4f959bb9ad832d45a2c49f403a06668672eb483e99f6b1747eccd14455da3752",
                "fc74338102c13b4583da238e7f58958b29e275aeeb0fbd7fd3142edd11d47332"
            ],
            "type": "Script",
            "firstPartyCookies": {
                "__q_state_q2kjzSUxjtgnCEEB": {
                    "ttl": 63072008,
                    "length": 100,
                    "prevalence": 0.00010048231511254019,
                    "uniqueness": 1
                },
                "__q_state_2qYJ2dzsqrwWZnjR": {
                    "ttl": 315360012,
                    "length": 102,
                    "prevalence": 0.00010048231511254019,
                    "uniqueness": 1
                },
                "__q_state_GWPbwWJLtjykim4W": {
                    "ttl": 315360003,
                    "length": 106,
                    "prevalence": 0.00010048231511254019,
                    "uniqueness": 1
                },
                "__q_state_6Uq6dt4Ep4pEuSaQ": {
                    "ttl": 315360006,
                    "length": 102,
                    "prevalence": 0.00010048231511254019,
                    "uniqueness": 1
                },
                "__q_state_QCpwbhBMaAgaarau": {
                    "ttl": 315360006,
                    "length": 103,
                    "prevalence": 0.00010048231511254019,
                    "uniqueness": 1
                },
                "__q_state_ZB9yNHnAdpJRvvbF": {
                    "ttl": 315360005,
                    "length": 104,
                    "prevalence": 0.00010048231511254019,
                    "uniqueness": 1
                },
                "__q_state_37pXYrro6wCZbsU7": {
                    "ttl": 31536008,
                    "length": 106,
                    "prevalence": 0.00010048231511254019,
                    "uniqueness": 1
                },
                "__q_state_KbmrrC8pEQRX5uYq": {
                    "ttl": 315360008,
                    "length": 106,
                    "prevalence": 0.00010048231511254019,
                    "uniqueness": 1
                },
                "__q_state_pjWpuKm8Qxr4Xa9U": {
                    "ttl": 315360010,
                    "length": 102,
                    "prevalence": 0.00010048231511254019,
                    "uniqueness": 1
                },
                "__q_state_hhaW6HiVqGA5oJq1": {
                    "ttl": 315360004,
                    "length": 102,
                    "prevalence": 0.00010048231511254019,
                    "uniqueness": 1
                },
                "__q_state_SKqQ8nnADD22cAnc": {
                    "ttl": 315360002,
                    "length": 98,
                    "prevalence": 0.00010048231511254019,
                    "uniqueness": 1
                },
                "__q_state_zCnvhQFqeieM7u15": {
                    "ttl": 315360007,
                    "length": 100,
                    "prevalence": 0.00010048231511254019,
                    "uniqueness": 1
                }
            },
            "firstPartyCookiesSent": {},
            "exampleSites": [
                "gitlab.com",
                "clickup.com",
                "goteleport.com",
                "mariadb.com",
                "muckrack.com",
                "pitchbook.com",
                "www.cloudflare.com",
                "www.databricks.com",
                "www.oreilly.com",
                "www.postman.com",
                "www.suse.com",
                "www.twilio.com",
                "www.veeam.com"
            ]
        },
        {
            "rule": "qualified\\.com\\/cable",
            "cookies": 0,
            "fingerprinting": 0,
            "subdomains": [
                "ws4",
                "ws3",
                "ws5",
                "ws6",
                "ws2"
            ],
            "apis": {},
            "sites": 13,
            "prevalence": 0.00131,
            "cnames": [],
            "responseHashes": [],
            "type": "WebSocket",
            "firstPartyCookies": {},
            "firstPartyCookiesSent": {},
            "exampleSites": [
                "gitlab.com",
                "clickup.com",
                "goteleport.com",
                "mariadb.com",
                "muckrack.com",
                "pitchbook.com",
                "www.cloudflare.com",
                "www.databricks.com",
                "www.oreilly.com",
                "www.postman.com",
                "www.suse.com",
                "www.twilio.com",
                "www.veeam.com"
            ]
        }
    ],
    "categories": [],
    "performance": {},
    "cookies": 0.00141,
    "topInitiators": [
        {
            "domain": "first party",
            "prevalence": 0.47619047619047616
        },
        {
            "domain": "googletagmanager.com",
            "prevalence": 0.38095238095238093
        },
        {
            "domain": "mutinycdn.com",
            "prevalence": 0.09523809523809523
        },
        {
            "domain": "logr-ingest.com",
            "prevalence": 0.047619047619047616
        }
    ],
    "types": {
        "Script": 13,
        "WebSocket": 13
    },
    "nameservers": [
        "emma.ns.cloudflare.com",
        "bart.ns.cloudflare.com"
    ]
}