{
    "domain": "sensic.net",
    "owner": {},
    "source": [
        "DuckDuckGo-CH"
    ],
    "prevalence": 0.00151,
    "sites": 15,
    "subdomains": [
        "es-config-preproduction",
        "es-config",
        "at-config",
        "175538862453896ff3fe20d1fe08258ec3e9d8a01f00969f54fb1ff4.trk",
        "175538799892583ed438f1b19786eebf2329b3ab6ce4b590ff3ff13a.trk",
        "17553875748942e5d5606b34992be742298d083e331efd577b78c808.trk",
        "175538740237949a0ecc4ba1602a456277710bceca267d09d871265a.trk",
        "1755388307536d032b6fda83b2ee193156136f1a882bc0496293e9d4.trk",
        "1755391805242cde47915add7d9faf3c8c7d411dbe9f44566ff603f3.trk",
        "17553868195478109ab66efac0bbc71418086e728f54b4c66b832760.trk",
        "1755391408742fe11a7a8ae682dbbf55168e6fd74f3006b6e407e47f.trk",
        "1755390038049e5dfd9a927675864bae6a28147e5cfe44a8a6e5a42e.trk",
        "17553902093100876087366d8d86f02302fbb19bdf87d7df85e28d8d.trk",
        "17553913357297e9edd0796744f5f7b0e95d2b65facfee3210939f8c.trk",
        "1755389864531dcc0d2767f402568a480434ebf3d3648a0888f9788e.trk",
        "175539129047700f76481f7f239457d4fb8d298839b8e7bb4a33e567.trk",
        "1755390145963df737c446a531c4267fff17cd7e9231e5530c442959.trk",
        "175538719913845b8d4676a028cd80070a31dbf835491dd6718905a6.trk",
        "es1preprod-s2s",
        "es1-s2s",
        "fc-id",
        "localhost",
        "at1-s2s",
        "de1-s2s"
    ],
    "cnames": [],
    "fingerprinting": 2,
    "resources": [
        {
            "rule": "sensic\\.net\\/s2s-web\\.js",
            "cookies": 0,
            "fingerprinting": 1,
            "subdomains": [
                "es-config-preproduction"
            ],
            "apis": {
                "window.localStorage": 3,
                "Date.prototype.getTime": 3,
                "Navigator.prototype.maxTouchPoints": 3,
                "Navigator.prototype.userAgent": 3,
                "Navigator.prototype.platform": 3,
                "Navigator.prototype.language": 3
            },
            "sites": 3,
            "prevalence": 0.000301,
            "cnames": [],
            "responseHashes": [
                "e3b0c44298fc1c149afbf4c8996fb92427ae41e4649b934ca495991b7852b855"
            ],
            "type": "Fetch",
            "firstPartyCookies": {},
            "firstPartyCookiesSent": {},
            "exampleSites": [
                "amelioretasante.com",
                "bessergesundleben.de",
                "gedankenwelt.de"
            ]
        },
        {
            "rule": "sensic\\.net\\/s2s-web\\.js",
            "cookies": 0.000201,
            "fingerprinting": 1,
            "subdomains": [
                "es-config-preproduction",
                "es-config",
                "at-config"
            ],
            "apis": {
                "window.localStorage": 14,
                "Date.prototype.getTime": 14,
                "Navigator.prototype.maxTouchPoints": 14,
                "Navigator.prototype.userAgent": 14,
                "Navigator.prototype.platform": 14,
                "Navigator.prototype.language": 13,
                "Document.cookie getter": 2,
                "Document.cookie setter": 2
            },
            "sites": 14,
            "prevalence": 0.00141,
            "cnames": [],
            "responseHashes": [
                "c2c84d510aec9249edeb51fed90cb43ea3855d7db6b8ab395fe24425d3dec08c",
                "c1970577e4c3e5dd0ea0de6255b1a5a15eecb911d7c5c22b588fecf064f0a4de",
                "6c297654baca88dd3509459cdc386011be79bcbcf39790b7cc88b5fbd95f3d15"
            ],
            "type": "Script",
            "firstPartyCookies": {
                "sui_1pc": {
                    "ttl": 63072019,
                    "length": 56,
                    "prevalence": 0.00020096463022508038,
                    "uniqueness": 1
                }
            },
            "firstPartyCookiesSent": {},
            "exampleSites": [
                "amelioretasante.com",
                "bessergesundleben.de",
                "elpais.com",
                "gedankenwelt.de",
                "tv.orf.at",
                "www.abc.es",
                "www.daswetter.com",
                "www.elconfidencial.com",
                "www.elmundo.es",
                "www.hola.com",
                "www.infobae.com",
                "www.lavanguardia.com",
                "www.sport.es",
                "www.tameteo.com"
            ]
        },
        {
            "rule": "sensic\\.net\\/tp\\.gif",
            "cookies": 0,
            "fingerprinting": 0,
            "subdomains": [
                "175538862453896ff3fe20d1fe08258ec3e9d8a01f00969f54fb1ff4.trk",
                "175538799892583ed438f1b19786eebf2329b3ab6ce4b590ff3ff13a.trk",
                "17553875748942e5d5606b34992be742298d083e331efd577b78c808.trk"
            ],
            "apis": {},
            "sites": 3,
            "prevalence": 0.000301,
            "cnames": [],
            "responseHashes": [
                "e3b0c44298fc1c149afbf4c8996fb92427ae41e4649b934ca495991b7852b855"
            ],
            "type": "Fetch",
            "firstPartyCookies": {},
            "firstPartyCookiesSent": {},
            "exampleSites": [
                "amelioretasante.com",
                "bessergesundleben.de",
                "gedankenwelt.de"
            ]
        },
        {
            "rule": "sensic\\.net\\/3pc\\.html",
            "cookies": 0.0001,
            "fingerprinting": 1,
            "subdomains": [
                "es-config-preproduction",
                "es-config",
                "at-config"
            ],
            "apis": {
                "Document.cookie getter": 10,
                "window.localStorage": 4,
                "Date.prototype.getTime": 2,
                "Document.cookie setter": 1
            },
            "sites": 13,
            "prevalence": 0.00131,
            "cnames": [],
            "responseHashes": [
                "50d7dc201785b5d141a77b2ddff351c2caaa2ab64b19e659fe8f825a7c487f22"
            ],
            "type": "Document",
            "firstPartyCookies": {},
            "firstPartyCookiesSent": {},
            "exampleSites": [
                "amelioretasante.com",
                "bessergesundleben.de",
                "elpais.com",
                "gedankenwelt.de",
                "tv.orf.at",
                "www.abc.es",
                "www.daswetter.com",
                "www.elconfidencial.com",
                "www.elmundo.es",
                "www.hola.com",
                "www.infobae.com",
                "www.sport.es",
                "www.tameteo.com"
            ]
        },
        {
            "rule": "sensic\\.net\\/tp\\.gif",
            "cookies": 0,
            "fingerprinting": 0,