{
    "domain": "sibautomation.com",
    "owner": {
        "name": "Dual Technologies Services",
        "displayName": "Dual Technologies Services"
    },
    "source": [
        "DuckDuckGo-CH"
    ],
    "prevalence": 0.00422,
    "sites": 42,
    "subdomains": [],
    "cnames": [],
    "fingerprinting": 1,
    "resources": [
        {
            "rule": "sibautomation\\.com\\/sa\\.js",
            "cookies": 0.00422,
            "fingerprinting": 1,
            "subdomains": [],
            "apis": {
                "Document.cookie getter": 42,
                "Date.prototype.getTime": 42,
                "Document.cookie setter": 42
            },
            "sites": 42,
            "prevalence": 0.00422,
            "cnames": [],
            "responseHashes": [
                "42629302ed397ee7527e1172c0001049bf8be334820f2a4d3bc60828dd923a36",
                "2fe6a084368899a87f91c3bc95b13adf49cfacbf7f666572dc0f223f02079fe1",
                "b1ce4af148ed3270c7fb59d13b41e8ad21bea1a9b8a0e882a57d527c0bb67191",
                "baaf93f6bec9ae0e2e12185f37d8053a447009f2ba719178b7b027420271af8b",
                "fac8972039336ae3e60e1b542f347a47bd2ed8f361e3831bcb857aad2f1e92d0",
                "16ca5f23f211758325327d8350d461735451521c9a0bf9999a7741771e44a5ee",
                "40064ccdcd4644757a32808bf9525eb7d3011fffd647dde2b5e4b0773c0c9641",
                "fb785de32680c1e3f036edd04da4c1ee3dbb4dd6b48e95d75e1c88fd57f6e6c3",
                "0f3df94fa450679222b30bfce50be546c00c8db392f936a7a21798b6d20a797d",
                "5fee8d1ef563d86bb2b756a72ccc44949d0a137ac772e11243978e04f9028e06",
                "91a10178e885d942dfcfa892ea6e1ef01485c74890e86d7bee68e95b4a5ec482",
                "981f29e4c734879213f7dafed5e2fbbdb9e8d48be7ef4d4b53064c01ed9bdc4b"
            ],
            "type": "Script",
            "firstPartyCookies": {
                "sib_cuid": {
                    "ttl": 15656405,
                    "length": 36,
                    "prevalence": 0.0042202572347266884,
                    "uniqueness": 1
                }
            },
            "firstPartyCookiesSent": {},
            "exampleSites": [
                "www.polizei-schweiz.ch",
                "www.werchzueglade.ch",
                "www.idealwine.com",
                "mahlerundco.ch",
                "hauptner.ch",
                "bico.ch",
                "www.herboristerieduvalmont.com",
                "www.schlanser.ch",
                "www.bauernzeitung.ch",
                "www.compagnie-des-sens.fr",
                "www.handyhase.de",
                "fischen.ch",
                "www.edubase.ch",
                "shop.bantam.ch",
                "rrrevolve.ch",
                "www.hoherkasten.ch",
                "viel-unterwegs.de",
                "vitaminplus.ch",
                "www.realdeals.ch",
                "www.nachhilfe-team.net"
            ]
        }
    ],
    "categories": [],
    "performance": {},
    "cookies": 0.00422,
    "topInitiators": [
        {
            "domain": "brevo.com",
            "prevalence": 0.46511627906976744
        },
        {
            "domain": "first party",
            "prevalence": 0.32558139534883723
        },
        {
            "domain": "googletagmanager.com",
            "prevalence": 0.16279069767441862
        },
        {
            "domain": "consentmanager.net",
            "prevalence": 0.023255813953488372
        },
        {
            "domain": "cdn-cookieyes.com",
            "prevalence": 0.023255813953488372
        }
    ],
    "types": {
        "Script": 42
    },
    "nameservers": [
        "josh.ns.cloudflare.com",
        "mary.ns.cloudflare.com"
    ]
}