{
    "domain": "tarteaucitron.io",
    "owner": {},
    "source": [
        "DuckDuckGo-CH"
    ],
    "prevalence": 0.000904,
    "sites": 9,
    "subdomains": [
        "cdn"
    ],
    "cnames": [],
    "fingerprinting": 1,
    "resources": [
        {
            "rule": "tarteaucitron\\.io\\/load\\.js",
            "cookies": 0.000804,
            "fingerprinting": 1,
            "subdomains": [],
            "apis": {
                "Document.cookie getter": 8,
                "Navigator.prototype.doNotTrack": 8,
                "Date.prototype.getTime": 8,
                "Document.cookie setter": 8,
                "window.innerHeight": 1
            },
            "sites": 8,
            "prevalence": 0.000804,
            "cnames": [],
            "responseHashes": [
                "1b9f923f33f9a6e9f556ce4dc1b0c0e4094a1ccb9ed15daa3abf66ed3936f658",
                "5b933383b2460e9dc1f2194a2937cb3581861d4a07ac099a7ef30b73606fcf71",
                "ed040da7b1a920c78f9a6b50591b69f4b138ce19bbeec5de67c934482f2a8ecc",
                "ff670d6831c8822625026add5ab5e807a6bbab1a34186f4541fbfd825da38f1c",
                "4cd53ce7719b410c2f1a5b7a4c55334a505b10d5afd7ef5c2b5d13499e093977",
                "a5a29df67ec3a7e798dd27a34fa268119b6302b81fa846cf10c2c858209223aa",
                "b4118903c115856fec5bf8ad05ae080877901fe346daaba9229a999aa277fefe"
            ],
            "type": "Script",
            "firstPartyCookies": {
                "tarteaucitron": {
                    "ttl": 31536006,
                    "length": 7,
                    "prevalence": 0.0005024115755627009,
                    "uniqueness": 0.6
                },
                "tarteaucitronc": {
                    "ttl": 86403,
                    "length": 23,
                    "prevalence": 0.00010048231511254019,
                    "uniqueness": 1
                },
                "tarteaucitrongallica": {
                    "ttl": 86405,
                    "length": 23,
                    "prevalence": 0.00010048231511254019,
                    "uniqueness": 1
                },
                "tarteaucitron001": {
                    "ttl": 31536005,
                    "length": 19,
                    "prevalence": 0.00010048231511254019,
                    "uniqueness": 1
                }
            },
            "firstPartyCookiesSent": {},
            "exampleSites": [
                "burgenstockresort.com",
                "data.bnf.fr",
                "gallica.bnf.fr",
                "www.aha.ch",
                "www.francesoir.fr",
                "www.fuerenalp.ch",
                "www.tpf.ch",
                "yverdonlesbainsregion.ch"
            ]
        },
        {
            "rule": "tarteaucitron\\.io\\/tarteaucitron\\.services\\.min\\.js",
            "cookies": 0,
            "fingerprinting": 1,
            "subdomains": [
                "cdn"
            ],
            "apis": {
                "Date.prototype.getTime": 1
            },
            "sites": 9,
            "prevalence": 0.000904,
            "cnames": [],
            "responseHashes": [
                "39d2b79642affcf1e2a125ebbd279cc9342fc4da44746b6ce08788854b563f7f"
            ],
            "type": "Script",
            "firstPartyCookies": {},
            "firstPartyCookiesSent": {},
            "exampleSites": [
                "burgenstockresort.com",
                "catalogue.bnf.fr",
                "data.bnf.fr",
                "gallica.bnf.fr",
                "www.aha.ch",
                "www.francesoir.fr",
                "www.fuerenalp.ch",
                "www.tpf.ch",
                "yverdonlesbainsregion.ch"
            ]
        },
        {
            "rule": "tarteaucitron\\.io\\/log\\/",
            "cookies": 0,
            "fingerprinting": 0,
            "subdomains": [],
            "apis": {},
            "sites": 9,
            "prevalence": 0.000904,
            "cnames": [],
            "responseHashes": [
                "ac554a4ea8b34bbb80db013e14be195ebc986f82f24e5b18b0ea9032ef561f57"
            ],
            "type": "Image",
            "firstPartyCookies": {},
            "firstPartyCookiesSent": {
                "tarteaucitron": 0.00020096463022508038,
                "tarteaucitronc": 0.00010048231511254019,
                "tarteaucitrongallica": 0.00010048231511254019,
                "tarteaucitron001": 0.00010048231511254019
            },
            "exampleSites": [
                "burgenstockresort.com",
                "catalogue.bnf.fr",
                "data.bnf.fr",
                "gallica.bnf.fr",
                "www.aha.ch",
                "www.francesoir.fr",
                "www.fuerenalp.ch",
                "www.tpf.ch",
                "yverdonlesbainsregion.ch"
            ]
        },
        {
            "rule": "tarteaucitron\\.io\\/css\\/tarteaucitron\\.min\\.css",
            "cookies": 0,
            "fingerprinting": 0,
            "subdomains": [
                "cdn"
            ],
            "apis": {},
            "sites": 8,
            "prevalence": 0.000804,
            "cnames": [],
            "responseHashes": [
                "892c07effedad193e7da057fe5c72041b76da8d4c8758fd855dcc18587f66462"
            ],
            "type": "Stylesheet",
            "firstPartyCookies": {},
            "firstPartyCookiesSent": {},
            "exampleSites": [
                "bnf.fr",
                "data.bnf.fr",
                "gallica.bnf.fr",
                "www.aha.ch",
                "www.francesoir.fr",
                "www.fuerenalp.ch",
                "www.tpf.ch",
                "yverdonlesbainsregion.ch"
            ]
        },
        {
            "rule": "tarteaucitron\\.io\\/lang\\/tarteaucitron\\.fr\\.min\\.js",
            "cookies": 0,
            "fingerprinting": 0,
            "subdomains": [
                "cdn"
            ],
            "apis": {},
            "sites": 6,
            "prevalence": 0.000603,
            "cnames": [],
            "responseHashes": [
                "9101ad4532ba2ec446851f95ec22d85fe73ff8aa030029175aba4255e1867626"
            ],
            "type": "Script",
            "firstPartyCookies": {},
            "firstPartyCookiesSent": {},
            "exampleSites": [
                "bnf.fr",
                "data.bnf.fr",
                "gallica.bnf.fr",
                "www.francesoir.fr",
                "www.tpf.ch",
                "yverdonlesbainsregion.ch"
            ]
        },
        {
            "rule": "tarteaucitron\\.io\\/lang\\/tarteaucitron\\.de\\.min\\.js",
            "cookies": 0,
            "fingerprinting": 0,
            "subdomains": [
                "cdn"
            ],
            "apis": {},
            "sites": 2,
            "prevalence": 0.000201,
            "cnames": [],
            "responseHashes": [
                "ff1972ff08dcfc60ecd360ee795383633011c7bcb72839571da0ee31027dc477"
            ],
            "type": "Script",
            "firstPartyCookies": {},
            "firstPartyCookiesSent": {},
            "exampleSites": [
                "aha.ch",
                "www.fuerenalp.ch"
            ]
        }
    ],
    "categories": [],
    "performance": {},
    "cookies": 0.000804,
    "topInitiators": [
        {
            "domain": "first party",
            "prevalence": 0.9333333333333333
        },
        {
            "domain": "googletagmanager.com",
            "prevalence": 0.06666666666666667
        }
    ],
    "types": {
        "Script": 25,
        "Image": 9,
        "Stylesheet": 8
    },
    "nameservers": [
        "ns200.anycast.me",
        "dns200.anycast.me"
    ]
}