{
    "domain": "trackcmp.net",
    "owner": {
        "name": "ActiveCampaign, Inc.",
        "displayName": "ActiveCampaign"
    },
    "source": [
        "DuckDuckGo-CH"
    ],
    "prevalence": 0.00181,
    "sites": 18,
    "subdomains": [],
    "cnames": [],
    "fingerprinting": 0,
    "resources": [
        {
            "rule": "trackcmp\\.net\\/t_prism_sitemessages\\.php",
            "cookies": 0,
            "fingerprinting": 0,
            "subdomains": [],
            "apis": {},
            "sites": 15,
            "prevalence": 0.00151,
            "cnames": [],
            "responseHashes": [
                "e3b0c44298fc1c149afbf4c8996fb92427ae41e4649b934ca495991b7852b855"
            ],
            "type": "Script",
            "firstPartyCookies": {},
            "firstPartyCookiesSent": {
                "prism_649424205": 0.00010048231511254019,
                "prism_226349813": 0.00010048231511254019,
                "prism_612288176": 0.00010048231511254019,
                "prism_478065867": 0.00010048231511254019,
                "prism_800380011": 0.00010048231511254019,
                "prism_476821887": 0.00010048231511254019,
                "prism_66978442": 0.00010048231511254019,
                "prism_66569912": 0.00010048231511254019,
                "prism_224817533": 0.00010048231511254019,
                "prism_611487216": 0.00010048231511254019,
                "prism_226300083": 0.00010048231511254019,
                "prism_89806324": 0.00010048231511254019,
                "prism_223745703": 0.00010048231511254019,
                "prism_475889207": 0.00010048231511254019,
                "prism_92716464": 0.00010048231511254019
            },
            "exampleSites": [
                "americansongwriter.com",
                "deutsch-mit-anna.de",
                "frankreich-webazine.de",
                "hoch2.tv",
                "phoenixnap.com",
                "www.bookfactory.ch",
                "www.boss.info",
                "www.caritas.ch",
                "www.classic.com",
                "www.flightconnections.com",
                "www.iso.org",
                "www.ofrex.ch",
                "www.prospiel.ch",
                "www.sonepar.ch",
                "www.swisspearl.com"
            ]
        },
        {
            "rule": "trackcmp\\.net\\/visit",
            "cookies": 0.000301,
            "fingerprinting": 0,
            "subdomains": [],
            "apis": {},
            "sites": 3,
            "prevalence": 0.000301,
            "cnames": [],
            "responseHashes": [
                "e3b0c44298fc1c149afbf4c8996fb92427ae41e4649b934ca495991b7852b855"
            ],
            "type": "Script",
            "firstPartyCookies": {},
            "firstPartyCookiesSent": {},
            "exampleSites": [
                "excelhero.de",
                "gearspace.com",
                "www.wickedweasel.com"
            ]
        }
    ],
    "categories": [
        "Ad Motivated Tracking",
        "Advertising",
        "Action Pixels"
    ],
    "performance": {},
    "cookies": 0.000301,
    "topInitiators": [
        {
            "domain": "app-us1.com",
            "prevalence": 0.7368421052631579
        },
        {
            "domain": "first party",
            "prevalence": 0.21052631578947367
        },
        {
            "domain": "clym-sdk.net",
            "prevalence": 0.05263157894736842
        }
    ],
    "types": {
        "Script": 18
    },
    "nameservers": [
        "love.ns.cloudflare.com",
        "kellen.ns.cloudflare.com"
    ]
}