{
    "domain": "uidsync.net",
    "owner": {},
    "source": [
        "DuckDuckGo-CH"
    ],
    "prevalence": 0.00121,
    "sites": 12,
    "subdomains": [],
    "cnames": [],
    "fingerprinting": 0,
    "resources": [
        {
            "rule": "uidsync\\.net\\/sync",
            "cookies": 0.00121,
            "fingerprinting": 0,
            "subdomains": [],
            "apis": {},
            "sites": 12,
            "prevalence": 0.00121,
            "cnames": [],
            "responseHashes": [
                "05008a42c0d43e71847b07ce03d5eeef9ebf894927f4b826c5e396c84e0cd6e1",
                "35f567a4775eadf3a06a89caaaca1662a503b1cc1dd0f277a9ecb8bf4260634b",
                "124328bc1189fa68e3dd57e04ab9d006690031bf6b03b0300c48a38b58d2ee0e",
                "59b32ba3d708ed0df1261a2e8f328c00ed2fb9fc5f628f4cd3b50d3a2a2028ac",
                "25372232e5afa2441e4bbb267a45288f1a5dcbe37bf6aa828f4d53f9e944d370",
                "da7a6aebc277f086f6ef52b4b4cd53516ce8b648f23f81d0256deccbb218db6e",
                "d2100a4ae51a42412dc21f3070a8626fc58c9d076eb2fe2d691dd4aebf4cc676",
                "3ef6ee9c7ff066686b9872056e81e2cbbd5ea8fa2aa359c7dc8f3031d548b759",
                "b6e0704a3774cf7f674aa0b10a3e9aa95dab7cf084c64339ee301fd5fc84ca23",
                "ac45a82092d0ffe33ff015bcdb632733e9fc75bb153d1c17731b6f04ccc10914",
                "45c2e90b18cbe1bc1bedf617a8d4511bec01b51df46bf5aa4633df2a5a042e92"
            ],
            "type": "Fetch",
            "firstPartyCookies": {},
            "firstPartyCookiesSent": {},
            "exampleSites": [
                "amkstation.com",
                "autohandel1.ch",
                "clickthis.blog",
                "coolrom.com",
                "download.cnet.com",
                "filehippo.com",
                "howto.thefilibusterblog.com",
                "lookmovie2.to",
                "opensubtitles.org",
                "thefilibusterblog.com",
                "v2.youconvert.net",
                "www.opensubtitles.org"
            ]
        },
        {
            "rule": "uidsync\\.net\\/sync",
            "cookies": 0,
            "fingerprinting": 0,
            "subdomains": [],
            "apis": {},
            "sites": 12,
            "prevalence": 0.00121,
            "cnames": [],
            "responseHashes": [],
            "type": "Preflight",
            "firstPartyCookies": {},
            "firstPartyCookiesSent": {},
            "exampleSites": [
                "amkstation.com",
                "autohandel1.ch",
                "clickthis.blog",
                "coolrom.com",
                "download.cnet.com",
                "filehippo.com",
                "howto.thefilibusterblog.com",
                "lookmovie2.to",
                "opensubtitles.org",
                "thefilibusterblog.com",
                "v2.youconvert.net",
                "www.opensubtitles.org"
            ]
        }
    ],
    "categories": [],
    "performance": {},
    "cookies": 0.00121,
    "topInitiators": [
        {
            "domain": "push-sdk.com",
            "prevalence": 0.9166666666666666
        },
        {
            "domain": "system-notify.app",
            "prevalence": 0.08333333333333333
        }
    ],
    "types": {
        "Fetch": 12,
        "Preflight": 12
    },
    "nameservers": [
        "aspen.ns.cloudflare.com",
        "braden.ns.cloudflare.com"
    ]
}