{
    "domain": "wisepops.net",
    "owner": {},
    "source": [
        "DuckDuckGo-CH"
    ],
    "prevalence": 0.00181,
    "sites": 18,
    "subdomains": [],
    "cnames": [],
    "fingerprinting": 2,
    "resources": [
        {
            "rule": "wisepops\\.net\\/loader\\.js",
            "cookies": 0.00111,
            "fingerprinting": 2,
            "subdomains": [],
            "apis": {
                "window.sessionStorage": 11,
                "window.localStorage": 11,
                "Document.cookie getter": 11,
                "Document.cookie setter": 11,
                "Date.prototype.getTime": 11,
                "window.innerHeight": 11,
                "window.innerWidth": 11,
                "Navigator.prototype.cookieEnabled": 11,
                "Intl.DateTimeFormat.prototype.resolvedOptions": 10
            },
            "sites": 18,
            "prevalence": 0.00181,
            "cnames": [],
            "responseHashes": [
                "f0c22cad29601da60beb2e57d0bd55bf9d7ba374b8967c155edc55b44dbd1227",
                "fe2c9e351e17b7d47f24022059387af08c04bf8ed91de1c150e333ce9fbd144d",
                "cf96ab6ba4d97f7af71753d93bd33e99c04ebd1c4467007d53409421cf149cd5",
                "e0b4288e40a7372037ff8866a73edbfe875857f03f2590a5b4ef32ac9d6a7801",
                "d14b6bea4c9fa6b68715b6ddccc5c1f8f0329307e8ae0efdb537cf1542d2e7d8",
                "cbffd603ec46b34924b682d4cfc2028269454c5b2a1a5aaf8e0e52868430179f",
                "e49dd21e600a1705dbb8179cc2abd0ebd7631c2e9320d2b5fef1225ede74750a",
                "c9a9c4db815a1e4f2eca9887caa35776d836a7d3d4fbd9e247f607cab105ed4e",
                "ef8da4a2759fca7d96fe954b43e10afa3254447915828c2c0edd37b5796d9441",
                "fb2f8137b11935191d796e55dc9efa2356674f40d90c00e0309b482a6401ee3a",
                "e3b0c44298fc1c149afbf4c8996fb92427ae41e4649b934ca495991b7852b855",
                "e78aff3d694bebd4456835bf82e7e85c2a3f68c5e2f2711855e50610cd07c2b6",
                "f02406c6b232919414254026989d900f3da87f6dabb7a7df501db40a41b72c3f",
                "b53da2b8cf3c4c289ba33ff8ab3dcbc59e0afc19cd9956834bb1472aab33187f",
                "88020ebe060677ed71e60212fac6b17378031a40737c5f34f39261695f1c8742"
            ],
            "type": "Script",
            "firstPartyCookies": {
                "wisepops_tld": {
                    "ttl": 5,
                    "length": 1,
                    "prevalence": 0.0011053054662379421,
                    "uniqueness": 0.09090909090909091
                },
                "wisepops": {
                    "ttl": 63072000,
                    "length": 156,
                    "prevalence": 0.0011053054662379421,
                    "uniqueness": 1
                },
                "wisepops_session": {
                    "ttl": null,
                    "length": 298,
                    "prevalence": 0.0011053054662379421,
                    "uniqueness": 1
                },
                "wisepops_visitor": {
                    "ttl": 63072000,
                    "length": 67,
                    "prevalence": 0.0010048231511254019,
                    "uniqueness": 1
                },
                "wisepops_visits": {
                    "ttl": 63072000,
                    "length": 40,
                    "prevalence": 0.0010048231511254019,
                    "uniqueness": 1
                },
                "wisepops_props": {
                    "ttl": 63072000,
                    "length": 80,
                    "prevalence": 0.00010048231511254019,
                    "uniqueness": 1
                }
            },
            "firstPartyCookiesSent": {},
            "exampleSites": [
                "bico.ch",
                "bern.com",
                "bike.shimano.com",
                "bluecinema.ch",
                "buycycle.com",
                "flowzz.com",
                "kuhnrikon.com",
                "my.salt.ch",
                "railtour.ch",
                "www.bern.com",
                "www.bikester.ch",
                "www.doktorabc.com",
                "www.finishers.com",
                "www.lanutrition.fr",
                "www.mittelthurgau.ch",
                "www.nebelspalter.ch",
                "www.salt.ch",
                "www.twerenbold.ch"
            ]
        },
        {
            "rule": "wisepops\\.net\\/id",
            "cookies": 0,
            "fingerprinting": 0,
            "subdomains": [],
            "apis": {},
            "sites": 16,
            "prevalence": 0.00161,
            "cnames": [],
            "responseHashes": [
                "c57312f56707c63c11975c3c786ca4cc7f7d2d47a68aebc41ab641e66406eeaf",
                "1cdab35b56a30f16f632df8568fa64a874319cf9e771787262cef63281bcbab9",
                "a09b7e43a854e2675ec66652dfb39d303b916f35ce791ac3af20a99755de4502",
                "6f9481ff0daaa20cb80dc5d136e8646902555bafb0b50248d09c3bac75d0a71e",
                "4441860b1cc7451d4484c47d9b931524540517d9b92c390125decde4b7521eb6",
                "76e40641d99693b3cd91dcedbb99e3c9f43935f51ee5be62fd74287527bc34a3",
                "c5f42d47402796445b82d04785c6b62c8f3ea03f24b122f8997a55d1fd6a1ccd",
                "4815fdc620a586f6e5461706f8ef78e2e22e296b3d6c9fc7bbea8453f24e5e1e",
                "e7dcffabeed1bb2c8a51ae77dfd55a67f633bcfb02c0fc227b74ad5f26486d54",
                "69c515532e10970df43cacf8cf9556dd94cb9de3b4fd37973a532e313177ed73",
                "b4a0596a6b85f687e81faad89438397ea234c6bfbb808f4805e86b36c782c636",
                "0a3f9041e3048e82f81b11cab1533e9c87793367b907211b7541b690f0f071a3",
                "929fbfc37344b9a0f729104b5d4051619590367739edc51923a26552e42aa22e",
                "a14c5ad63a8061583beb474ded411e85fd571c286156476340333ebc9b0cb12b",
                "87619cd7694e06392bf81d7e16bad1e32d67f5bc4dc1da12e97736b2ee6f2b5e"
            ],
            "type": "Fetch",
            "firstPartyCookies": {},
            "firstPartyCookiesSent": {},
            "exampleSites": [
                "bern.com",
                "bico.ch",
                "bike.shimano.com",
                "bluecinema.ch",
                "buycycle.com",
                "kuhnrikon.com",
                "my.salt.ch",
                "railtour.ch",
                "www.bern.com",
                "www.bikester.ch",
                "www.doktorabc.com",
                "www.lanutrition.fr",
                "www.mittelthurgau.ch",
                "www.nebelspalter.ch",
                "www.salt.ch",
                "www.twerenbold.ch"
            ]
        },
        {
            "rule": "wisepops\\.net\\/my-wisepop",
            "cookies": 0,
            "fingerprinting": 0,
            "subdomains": [],
            "apis": {},
            "sites": 16,
            "prevalence": 0.00161,
            "cnames": [],
            "responseHashes": [
                "c244f4feb9b3bc50f85a1ff5acf8caf08e06550578fa842c3169a1857333c062",
                "40be1a5db09f6820495618cdc1a1d0902c3bba5d9407727797e820191640bd8e",
                "69f15d26daa4df284cf30340c59d1170ea5f6765fa1bd53532af6e55ae15f48b",
                "8f7a2354f0e05a24c844e56a5631ac8dbf23df308a26391921fa76e3f0d8d913",
                "4f568947f5cdc7e587e8a859106bab54c3354e8fd129270355b5cdfa9e76477e",
                "20896e6b9381dd88c1415df42b3612ecb30392803ec435aa26174a18f964db78",
                "d772cbc7f43b5361d6cb2d87ce1907f828a5e4a2e9b8e804ac791b1b6cd85536",
                "5b29323b88212f0cad559b20a86abdf536bbe27088654ca394f6a8e0969a0544",
                "fe831e1bd38b9ac09fbadd41575a8f0239e65f54ac2096004f3748a7d541136a",
                "b65fe1c776e4c3b952d8c71fd75410dbc1ba0e53fb3662c8e4f7779ada07b76f",
                "534b64560e353de1c80f11d0194311aaa3b7a6a3844dde6b96d162cc120d908c",
                "7f65b746dd6ae7e05968ec36af1a56963c36a0d72cb4a640f5da1f10f7ea57a6"
            ],
            "type": "XHR",
            "firstPartyCookies": {},