{
    "domain": "18.210.229.244",
    "owner": {},
    "source": [
        "DuckDuckGo-CA"
    ],
    "prevalence": 0.000711,
    "sites": 7,
    "subdomains": [],
    "cnames": [],
    "fingerprinting": 0,
    "resources": [
        {
            "rule": "18\\.210\\.229\\.244\\/is",
            "cookies": 0,
            "fingerprinting": 0,
            "subdomains": [],
            "apis": {},
            "sites": 7,
            "prevalence": 0.000711,
            "cnames": [],
            "responseHashes": [
                "a29f880b607195d634d66c1478d3785694d1073416432ba7ec70eb1d642e2e5a",
                "158546f5b9984f62b31c8ee8d1eb27723fe0548308a1b90f3d4ad9f50b33b7c1",
                "5f9ef1bd8d0c0be14723bec33d34138d5443e9886d173aeb59b6ed5140f546ad",
                "b8f6db218118ad64e457ec4b4796b1f44756529de4b812747ef10c3cb3ed3f74",
                "1b588671eb9d47023e61fa364d2be2a9d51da082d5c2fd8473e4f5d704b62b74",
                "223a1d7253a31fa71a84a3806120c7f57cb0bff716f3a07d6ebd15502797be58"
            ],
            "type": "Fetch",
            "firstPartyCookies": {},
            "firstPartyCookiesSent": {},
            "exampleSites": [
                "asana.com",
                "bitwarden.com",
                "harbourair.com",
                "playactivate.com",
                "realtruck.com",
                "www.gadventures.com",
                "www.northerntool.com"
            ]
        }
    ],
    "categories": [],
    "performance": {},
    "cookies": 0,
    "types": {
        "Fetch": 7
    },
    "nameservers": []
}