{
    "domain": "3.212.39.155",
    "owner": {},
    "source": [
        "DuckDuckGo-CA"
    ],
    "prevalence": 0.000914,
    "sites": 9,
    "subdomains": [],
    "cnames": [],
    "fingerprinting": 0,
    "resources": [
        {
            "rule": "3\\.212\\.39\\.155\\/is",
            "cookies": 0,
            "fingerprinting": 0,
            "subdomains": [],
            "apis": {},
            "sites": 9,
            "prevalence": 0.000914,
            "cnames": [],
            "responseHashes": [
                "dfed1c61ba06461606de127144c7c1b57c3a3ba2a2429f94375cf15a2c922e51",
                "085c2e4a7678c1424d36542ee9ebd3cd73f17c79987ff0e0f56b85895897bcfa",
                "17f169e5365abc8ce33ec0dc5d04203a5cc4c763704fee804de60754f2bde946",
                "c6333eed58016db919486262d9721cf3dc7cfd33be30a440b28f64af1a129e22",
                "7bb3a21c92b21f410e32a7ef6b24d0185832519dbe0f7e91fbf89872b40173e1",
                "4f721b233df860ed69d819e47d38cfc3071154caef881176b43a10b0d311a0b6",
                "44f59e847473f4ac57c0f3536be895df6ffcef67b90e147aeda3401530063812"
            ],
            "type": "Fetch",
            "firstPartyCookies": {},
            "firstPartyCookiesSent": {},
            "exampleSites": [
                "playactivate.com",
                "www.boss.info",
                "www.ecstuning.com",
                "www.fossil.com",
                "www.hubspot.com",
                "www.missouribotanicalgarden.org",
                "www.padi.com",
                "www.replacements.com",
                "www.theagencyre.com"
            ]
        }
    ],
    "categories": [],
    "performance": {},
    "cookies": 0,
    "types": {
        "Fetch": 9
    },
    "nameservers": []
}