{
    "domain": "44.212.189.233",
    "owner": {},
    "source": [
        "DuckDuckGo-CA"
    ],
    "prevalence": 0.000914,
    "sites": 9,
    "subdomains": [],
    "cnames": [],
    "fingerprinting": 0,
    "resources": [
        {
            "rule": "44\\.212\\.189\\.233\\/is",
            "cookies": 0,
            "fingerprinting": 0,
            "subdomains": [],
            "apis": {},
            "sites": 9,
            "prevalence": 0.000914,
            "cnames": [],
            "responseHashes": [
                "4f7cc8eb269a8f6d3021d86a3929044725a67fed598294a10ec2906bb4ff50a4",
                "ae65c13ad112243eca0453c9d1c6ce9b619e6ac91a1df941740f012f12ba498e",
                "c0469dc6135f589f029f39f492ef63f93007dd5351681190ce5d294524078981",
                "1cd8684978de85569ffb7e1d409ea6db21544f703ef136b49759ea0863ee27c5",
                "8bdadaa9ef11527e39352be70e11566988d68d82b244d604eb75efeb3396b94f",
                "955451ae696b0a01db6c23b1fe8ce9222053e853e7696ef22d9bb7538cf5aca2",
                "b8d3ee017ff7854e771f2fb2efe16d0f34707bdcc1f4cd35ca8d00eacfb93445"
            ],
            "type": "Fetch",
            "firstPartyCookies": {},
            "firstPartyCookiesSent": {},
            "exampleSites": [
                "owalalife.com",
                "playactivate.com",
                "www.dailywire.com",
                "www.goodandbeautiful.com",
                "www.northerntool.com",
                "www.plannedparenthood.org",
                "www.rbauction.com",
                "www.redhat.com",
                "www.tcl.com"
            ]
        }
    ],
    "categories": [],
    "performance": {},
    "cookies": 0,
    "types": {
        "Fetch": 9
    },
    "nameservers": []
}