{
    "domain": "52.22.50.55",
    "owner": {},
    "source": [
        "DuckDuckGo-CA"
    ],
    "prevalence": 0.000812,
    "sites": 8,
    "subdomains": [],
    "cnames": [],
    "fingerprinting": 0,
    "resources": [
        {
            "rule": "52\\.22\\.50\\.55\\/is",
            "cookies": 0,
            "fingerprinting": 0,
            "subdomains": [],
            "apis": {},
            "sites": 8,
            "prevalence": 0.000812,
            "cnames": [],
            "responseHashes": [
                "db5b3d68fb22413e125798958bc28b668ebb1e4180badb23628fdf3d5e4f8a5a",
                "a076320bfed79bc07d26bf9f5871796cdf5c1a05b32ced6db274205d113f151b",
                "b3f5d6ae93a7fea8d9484c6d083e704eed8e0187687fbc1486b849d83047ed83",
                "8510f6428ca5ac6b2dca2d301cdf9c38e4ed0bb65ec65157c01c0d038d1015c3",
                "685722032a7cf299dc88225fc55c9e1261f386d4e354a07f88f5fc1a491f87bc",
                "63b980410b67b7c3fbca801a0f1ca76dee9ef544c84336f9ef8fb5bceedf922d"
            ],
            "type": "Fetch",
            "firstPartyCookies": {},
            "firstPartyCookiesSent": {},
            "exampleSites": [
                "asana.com",
                "playactivate.com",
                "www.denniskirk.com",
                "www.fossil.com",
                "www.goodsam.com",
                "www.postman.com",
                "www.roland.com",
                "www.teepublic.com"
            ]
        }
    ],
    "categories": [],
    "performance": {},
    "cookies": 0,
    "types": {
        "Fetch": 8
    },
    "nameservers": []
}