{
    "domain": "54.156.2.105",
    "owner": {},
    "source": [
        "DuckDuckGo-CA"
    ],
    "prevalence": 0.000914,
    "sites": 9,
    "subdomains": [],
    "cnames": [],
    "fingerprinting": 0,
    "resources": [
        {
            "rule": "54\\.156\\.2\\.105\\/is",
            "cookies": 0,
            "fingerprinting": 0,
            "subdomains": [],
            "apis": {},
            "sites": 9,
            "prevalence": 0.000914,
            "cnames": [],
            "responseHashes": [
                "6f9d06a6e5455482d845d3479410dfdfb5c2d1914fe5cce2bf74a9318d6ae598",
                "d6607ff02ee38ea9a69a1e44f05b52552daa1084e112afd3a0ea58b971abc904",
                "2cae6280035660de8e09b5200470be076492567b72a74af1c44f7d98a8592603",
                "3a43d05f58a272920a87ea6120afc3302ff081685a4e520d5eedb7bf3df7322c",
                "fb47f9cbd1c6d7b1416aa353582b89fc34ce0ec3b87443edf261ae680a1d47d6",
                "e49c7b5ece0c6574903703838d59ecdb31cbf9048ad018919cc38f9d6596e6b3"
            ],
            "type": "Fetch",
            "firstPartyCookies": {},
            "firstPartyCookiesSent": {},
            "exampleSites": [
                "koa.com",
                "reedsy.com",
                "subsplash.com",
                "www.fjallraven.com",
                "www.lennox.com",
                "www.masterclass.com",
                "www.messicks.com",
                "www.peakdesign.com",
                "www.theagencyre.com"
            ]
        }
    ],
    "categories": [],
    "performance": {},
    "cookies": 0,
    "types": {
        "Fetch": 9
    },
    "nameservers": []
}