{
    "domain": "a-mx.com",
    "owner": {
        "name": "Monet Engine Inc.",
        "displayName": "Monet Engine"
    },
    "source": [
        "DuckDuckGo-CA"
    ],
    "prevalence": 0.0203,
    "sites": 200,
    "subdomains": [
        "id"
    ],
    "cnames": [],
    "fingerprinting": 0,
    "resources": [
        {
            "rule": "a-mx\\.com\\/sync\\/",
            "cookies": 0.00761,
            "fingerprinting": 0,
            "subdomains": [
                "id"
            ],
            "apis": {},
            "sites": 79,
            "prevalence": 0.00802,
            "cnames": [],
            "responseHashes": [
                "23840faa6428535eef4d61a89393a18310408b169ff27b29e96adb827aa39d4d",
                "dc7562608a5a159fd0a08b85abebe375bc1d3d3070edc83c17a53069a4e3b8e4"
            ],
            "type": "Fetch",
            "firstPartyCookies": {},
            "firstPartyCookiesSent": {
                "lp_241020": 0.00020302507359658918,
                "lp_497476": 0.00020302507359658918,
                "lp_678431": 0.00020302507359658918,
                "lp_664839": 0.00010151253679829459,
                "lp_422626": 0.00010151253679829459,
                "_li_dcdm_c": 0.0018272256623693027,
                "lotame_domain_check": 0.0015226880519744188,
                "lp_59211": 0.00020302507359658918,
                "lp_419110": 0.00020302507359658918,
                "lp_300879": 0.00010151253679829459
            },
            "exampleSites": [
                "pastebin.com",
                "twinfinite.net",
                "www.makeuseof.com",
                "www.newsweek.com",
                "www.tvguide.com",
                "attackofthefanboy.com",
                "www.pastemagazine.com",
                "lawshun.com",
                "audiokarma.org",
                "sage-advices.com",
                "www.vintag.es",
                "primagames.com",
                "progameguides.com",
                "scrolller.com",
                "petshun.com",
                "blueprintfinancial.ca",
                "www.ifly.com",
                "www.nba.com",
                "dreamoutdoorliving.com",
                "www.sporcle.com"
            ]
        },
        {
            "rule": "a-mx\\.com\\/set",
            "cookies": 0.00254,
            "fingerprinting": 0,
            "subdomains": [
                "id"
            ],
            "apis": {},
            "sites": 28,
            "prevalence": 0.00284,
            "cnames": [],
            "responseHashes": [
                "bb51484eca1a63dbcb5f90ee7868d1c764257df855d12c7f964c5699e85d2a1a",
                "e2b5ce8a26cdda908ee4e1c91bb529b435174a5d13a3533d39b7c60b8abb90d3",
                "cdcfeb546a9ea68a4c0dab9930e97f19fc3e03af0b487d20aa0160da59c38bc0",
                "ad2f3c4a1ec9133e612e90bceab37675dc679a2ab808ab0e4b02a32468772ec2",
                "0f4fb2bc7a873b79154b43722b7c58fa5031f3922e05730e32828aed432f54ca",
                "23840faa6428535eef4d61a89393a18310408b169ff27b29e96adb827aa39d4d",
                "1c0bc8291f909844265866d75bfa76ffa9dacc2f28d0c638c08b02c5d373f92d",
                "92b903cea74db8ed6b62f5ddcfa6b22db95ac4b5025cb8eb2600f24fbf5fe349",
                "8658e08c963070e930cdde2a46f397c02cdf2f23187b0a68324d8518fcacfec8",
                "2318828914da27c6a1368737f4c56d6bea41aba38f3095f0616fa6b48dd007a4",
                "b4a724ddbcc759cfcbdbf6b11d31b09f4cf671f4b40289c98b9fc00a4f0b1588",
                "06fc95da4d227b8bf48cbeec9fc1afa67c77b6db5f879b6693cf31be18f09edd",
                "dc7562608a5a159fd0a08b85abebe375bc1d3d3070edc83c17a53069a4e3b8e4",
                "b1f2ac5504af3aa7fa5631d29748a5e151b54e9989a44ab9008c681ff0c5b967",
                "0c67c716f8a80219c50723bd2c5b02f6d30a7d7345335b567b3402269f5ee680",
                "8d3a76a76c9bfa2543a36b397cfb7a643c95a9c0f5b84411d3685be028ee0230",
                "9acdbc2c465df339b73f58054c3493a01f8678b102437183d9d17de1cfa17040",
                "ef49f9267a6f7526863b8fc88287f9bc148772bd4e3f51a799f93aaefd12927d",
                "d6db914f610828fc8e3e04b628a98ab60041dd23ad98ac40edfce5f305be4621",
                "b1ea9157be0886de7ebe85ef82565065b87ef18b92fb2c8eb3408aae1947e0e4"
            ],
            "type": "Fetch",
            "firstPartyCookies": {},
            "firstPartyCookiesSent": {
                "_amuid2": 0.00020302507359658918
            },
            "exampleSites": [
                "www.makeuseof.com",
                "www.xda-developers.com",
                "www.cultofmac.com",
                "dreamoutdoorliving.com",
                "www.androidpolice.com",
                "laptopdecision.com",
                "www.sofascore.com",
                "www.ifly.com",
                "www.thesportster.com",
                "scrolller.com",
                "attackofthefanboy.com",
                "troubleshootinglab.com",
                "wahapedia.ru",
                "338canada.com",
                "shunshelter.com",
                "eyesurgeryguide.org",
                "prod.scrolller.com",
                "www.investing.com",
                "www.pastemagazine.com",
                "www.usmagazine.com"
            ]
        },
        {
            "rule": "a-mx\\.com\\/u",
            "cookies": 0.0137,
            "fingerprinting": 0,
            "subdomains": [
                "id"
            ],
            "apis": {},
            "sites": 140,
            "prevalence": 0.0142,
            "cnames": [],
            "responseHashes": [
                "e3b0c44298fc1c149afbf4c8996fb92427ae41e4649b934ca495991b7852b855",
                "10f9bfa42bb96c99729c9b2fee669803ad9c6fcd434d8d7d60a8dc8f5f7cc331"
            ],
            "type": "Image",
            "firstPartyCookies": {},
            "firstPartyCookiesSent": {
                "_amuid2": 0.0058877271343010865
            },
            "exampleSites": [
                "9gag.com",
                "pastebin.com",
                "techcrunch.com",
                "thechive.com",
                "www.britannica.com",
                "www.businessinsider.com",
                "www.techradar.com",
                "www.techwalla.com",
                "www.urbandictionary.com",
                "www.verywellhealth.com",
                "www.whattowatch.com",
                "www.oilersdaily.com",
                "lithub.com",
                "www.tbnewswatch.com",
                "thetvdb.com",
                "www.dailyfaceoff.com",
                "www.carscoops.com",
                "listverse.com",
                "www.joseedistasio.ca",
                "www.autoguide.com"
            ]
        },
        {
            "rule": "a-mx\\.com\\/sync",
            "cookies": 0.00426,
            "fingerprinting": 0,
            "subdomains": [
                "id"
            ],
            "apis": {},
            "sites": 48,
            "prevalence": 0.00487,
            "cnames": [],