{
    "domain": "ac28816960.com",
    "owner": {},
    "source": [
        "DuckDuckGo-CA"
    ],
    "prevalence": 0.00112,
    "sites": 11,
    "subdomains": [
        "7885c8b33a"
    ],
    "cnames": [],
    "fingerprinting": 0,
    "resources": [
        {
            "rule": "ac28816960\\.com\\/in\\/multy",
            "cookies": 0,
            "fingerprinting": 0,
            "subdomains": [
                "7885c8b33a"
            ],
            "apis": {},
            "sites": 11,
            "prevalence": 0.00112,
            "cnames": [],
            "responseHashes": [
                "372d262bf84025cf7814be10244a67abead921bada8b6d3ab6cb8303b1091d0a",
                "8a7ed21c7b2dd1ebaf3d95c3f079b3a6e99f476ccc4ddfad2b581402aca1fbac",
                "02061de9778295807e9a80c4b3798877dede970f2a905ee77fc4ccbaebb425e1",
                "4ea63c0a862856d71b4ca1fdfa1514b7a2d3ee38e498537a70eb29c39bffaff4",
                "0fe54214214287ac5fdfa3ca7b23889e4b391134b45cefc58c60a2fc34f3f675",
                "8d8b9bd4927bcea1e94260e44376a421b58769051d9b8c7ff17632136a39279a",
                "bab2d8d065fb17af348d3d406390d703101fb6d38fe3da0add6f5f9fdec6bef1",
                "5d7acf6595bb6fa8bc51d505791653322f2d9940da1414503357234e60cadeaf",
                "74b57cdbceffe70323e9ac5f63fe4c100c7385cfd55847b783dc20aff9aeb323",
                "61eddb24353c526a40722269ad1d9f87a09b835e975519a4f712d195344a0b3d"
            ],
            "type": "XHR",
            "firstPartyCookies": {},
            "firstPartyCookiesSent": {},
            "exampleSites": [
                "epawg.com",
                "forcedcinema.net",
                "heavyfetish.com",
                "highporn.net",
                "hitomi.la",
                "incest.pro",
                "novamanga.com",
                "watchporn.to",
                "whatreallyhappened.com",
                "www.xasiat.com",
                "xxxi.porn"
            ]
        },
        {
            "rule": "ac28816960\\.com\\/in\\/multy",
            "cookies": 0,
            "fingerprinting": 0,
            "subdomains": [
                "7885c8b33a"
            ],
            "apis": {},
            "sites": 11,
            "prevalence": 0.00112,
            "cnames": [],
            "responseHashes": [],
            "type": "Preflight",
            "firstPartyCookies": {},
            "firstPartyCookiesSent": {},
            "exampleSites": [
                "epawg.com",
                "forcedcinema.net",
                "heavyfetish.com",
                "highporn.net",
                "hitomi.la",
                "incest.pro",
                "novamanga.com",
                "watchporn.to",
                "whatreallyhappened.com",
                "www.xasiat.com",
                "xxxi.porn"
            ]
        },
        {
            "rule": "ac28816960\\.com\\/in\\/show\\/",
            "cookies": 0,
            "fingerprinting": 0,
            "subdomains": [
                "7885c8b33a"
            ],
            "apis": {},
            "sites": 11,
            "prevalence": 0.00112,
            "cnames": [],
            "responseHashes": [
                "e3b0c44298fc1c149afbf4c8996fb92427ae41e4649b934ca495991b7852b855"
            ],
            "type": "Image",
            "firstPartyCookies": {},
            "firstPartyCookiesSent": {},
            "exampleSites": [
                "epawg.com",
                "forcedcinema.net",
                "heavyfetish.com",
                "highporn.net",
                "hitomi.la",
                "incest.pro",
                "novamanga.com",
                "watchporn.to",
                "whatreallyhappened.com",
                "www.xasiat.com",
                "xxxi.porn"
            ]
        }
    ],
    "categories": [],
    "performance": {},
    "cookies": 0,
    "topInitiators": [
        {
            "domain": "wpushsdk.com",
            "prevalence": 0.6176470588235294
        },
        {
            "domain": "19b7f4f4d8.com",
            "prevalence": 0.38235294117647056
        }
    ],
    "types": {
        "XHR": 11,
        "Preflight": 11,
        "Image": 11
    },
    "nameservers": [
        "dns1.infrapu.sh",
        "dns2.infrapu.sh"
    ]
}