{
    "domain": "afzamltca.com",
    "owner": {},
    "source": [
        "DuckDuckGo-CA"
    ],
    "prevalence": 0.00223,
    "sites": 22,
    "subdomains": [],
    "cnames": [],
    "fingerprinting": 0,
    "resources": [
        {
            "rule": "afzamltca\\.com\\/en\\/ganolqdi\\/sultryb",
            "cookies": 0.00223,
            "fingerprinting": 0,
            "subdomains": [],
            "apis": {},
            "sites": 22,
            "prevalence": 0.00223,
            "cnames": [],
            "responseHashes": [
                "0f53202831c4f73fd00246e12f5328c96b608394194bcb4603d7cd9578e9a0b8",
                "e5a0c9b85024bceb846024bdf1b71013b0b861e3723c3cf23a10d9bde1e45921",
                "504146b1ccc3562cd85cf10d24b03bc744783c88094ed513f307796799db866e",
                "5dc1f5a981e1a7acfe532ee82d8af722fb34c1a9dc62d405458e9813af91b51b",
                "d66f8f0f9656b78c75321f39f6afddf3fa7b42260b7bb572ea32c8a1f1ba4595",
                "a84938449dc5403b3775eb1e62feca452cfda5ad026127809851fcb2c64313c3",
                "791d71f3840fe9ed94aedd8d3d0ed2f056528e8f8b4d526bde8b35cc9883111a",
                "276d45a1263806b8dc5609390033361c5ce25668393cacfe798939b248562d88",
                "735a8707f3197c3d4bbe4f112dd48c507c47142a0ff82d0c8926aec62af5aead",
                "9e42577d54e436f6e309476208834a6b663ac2f8034c917d95a8bc3458129b5e",
                "95a9df5bfe72473f5abeb5d229a4560b5a4e21309db6fa0306b8fa62f2342d50",
                "9041fb5004d5018bcad4ae4c5f803a6cbf59d6eb96d68dae293378aab4a1accf",
                "c48de159d837afe4d69afbf6e8a0a37907889d570932abb03a9293fb82b7325a",
                "f2ab9b8121ad42556efb700e5f1a7c60e096181d32584f631a969946d5020351",
                "45766812522ba26243f82f93c747d09b210024674d052bea35821b0ac5e6f055",
                "21ec5baba9b1230b5be7de5674e6e5190f8478a2ee787714482da99dcf4ed408",
                "d0db9a5dcebd261ee7d611ac87ee75b44d4b4191cecf84235b7b8fa7e1efe885",
                "5610189a56ef5a04caeef9954d1a734b5f216378189b9de93084a70889ed8ef9",
                "b5e5c0f65cd6da26ec2939e689bd013ef20512a2373df822064d2220ea0dedc2",
                "24f59f49d5b9a5b220e6117a65e2fdcae7fab763d75ce76c7f8fbbf5783f052d",
                "caeb7d4c491921afee7214168a06af1ed46d8a8489ae2b06113f0c367004a127"
            ],
            "type": "Script",
            "firstPartyCookies": {},
            "firstPartyCookiesSent": {},
            "exampleSites": [
                "www.homemoviestube.com",
                "sxyprn.net",
                "thefappening.pro",
                "celebporner.com",
                "fappeningbook.com",
                "archivebate.com",
                "fapopedia.net",
                "www.pornslash.com",
                "ehotpics.com",
                "justthegays.tv",
                "fapfappy.com",
                "x-x-x.video",
                "dankwank.net",
                "forcedcinema.net",
                "www.sxyprn.com",
                "rule34.world",
                "transflix.net",
                "familyporn.tv",
                "thefappening.plus",
                "www.shesfreaky.com"
            ]
        }
    ],
    "categories": [],
    "performance": {},
    "cookies": 0.00223,
    "topInitiators": [
        {
            "domain": "clickadu.net",
            "prevalence": 0.22727272727272727
        },
        {
            "domain": "excavatenearbywand.com",
            "prevalence": 0.13636363636363635
        },
        {
            "domain": "crumpetprankerstench.com",
            "prevalence": 0.09090909090909091
        },
        {
            "domain": "badlandlispyippee.com",
            "prevalence": 0.09090909090909091
        },
        {
            "domain": "footbathmockerpurse.com",
            "prevalence": 0.09090909090909091
        },
        {
            "domain": "chilihandshakewing.com",
            "prevalence": 0.045454545454545456
        },
        {
            "domain": "nappyonsetstiffness.com",
            "prevalence": 0.045454545454545456
        },
        {
            "domain": "browsecoherentunrefined.com",
            "prevalence": 0.045454545454545456
        },
        {
            "domain": "epidermispushupvariable.com",
            "prevalence": 0.045454545454545456
        },
        {
            "domain": "frozenpayerpregnant.com",
            "prevalence": 0.045454545454545456
        }
    ],
    "types": {
        "Script": 22
    },
    "nameservers": [
        "ns-1643.awsdns-13.co.uk",
        "ns-1422.awsdns-49.org",
        "ns-563.awsdns-06.net",
        "ns-213.awsdns-26.com"
    ]
}