{
    "domain": "amspbs.com",
    "owner": {},
    "source": [
        "DuckDuckGo-CA"
    ],
    "prevalence": 0.00122,
    "sites": 12,
    "subdomains": [],
    "cnames": [],
    "fingerprinting": 0,
    "resources": [
        {
            "rule": "amspbs\\.com\\/cookie_sync",
            "cookies": 0,
            "fingerprinting": 0,
            "subdomains": [],
            "apis": {},
            "sites": 11,
            "prevalence": 0.00112,
            "cnames": [],
            "responseHashes": [
                "9999db181c311785d55718ff9bd0328ab65da3c29b60ebc89790dc4082023f02",
                "41a5974fc15651e2871e881049b8214d95ad43e439482f1dbe4c428be14e3df1",
                "761ac1dab2d4be899e3c3b28e764b6912bbd67694261ad311488dd758ec68888",
                "1f393e02f235e9c66af38a86ec61ec583ecd89d5df59b6eb3fc3413ce6748ca1",
                "aca8112853367985a13a5443e28e0d7d69043a93659b04d2d643b3925311f19e",
                "5bb457d5b49e1cbbd39f7ca296c4fa07bd1ee70be752d9995de657b0c22ba94a",
                "a2e0575fd3254e4774a392448cf4740f85e88fb088b844af8bc65b5d3f946a0c",
                "12b369745c161b4962b02293a3d60104675dffe56899489045352e404e6ab35d",
                "6b04ddf5842969908b5eb580a9cfc4794c0fa7f720beb2a0407e574b0470ff3c"
            ],
            "type": "Fetch",
            "firstPartyCookies": {},
            "firstPartyCookiesSent": {},
            "exampleSites": [
                "worldstarhiphop.com",
                "www.accuradio.com",
                "www.audizine.com",
                "www.crosswordsolver.com",
                "www.deseret.com",
                "www.flightradar24.com",
                "www.refinery29.com",
                "www.seattletimes.com",
                "www.the-crossword-solver.com",
                "www.timesofisrael.com",
                "www.whatismyip.com"
            ]
        },
        {
            "rule": "amspbs\\.com\\/openrtb2\\/auction",
            "cookies": 0,
            "fingerprinting": 0,
            "subdomains": [],
            "apis": {},
            "sites": 11,
            "prevalence": 0.00112,
            "cnames": [],
            "responseHashes": [
                "02ae76001e17170a9ec7189ae4a48c22e3fd69a85f61a7552a1dbbfc64f89c2d",
                "36c6bca2e03f2dc1df1d8d5b4b6d791b83e5b3eb120b9e2f0f92071afb180e22",
                "9c33a12101435669fe34438da61a56316cabcda972051e0693c984210468467b",
                "a4c526f1019b8c51db1c9d87f95bf06fe778bc4940faeac8524b55775dd3c6cf",
                "91870e8bc9689dc6ee6df3e377de0837f3d5540901060d4a0d512abcfcea7535",
                "1a2dc284ca167b0fbbee7e435240d19a23c5400e7bf27fb3a99db07b2cf97efe",
                "19db0574e8b1a39456477a44e2579da54d30a00f385e3542d76d148c0f3829bc",
                "abb0e90e2837225fafeeb7cd5282afe4f39e84beea9aa8f523851ef3b29b50e4",
                "79a29fe8d0308137830d72aa5454fc6100511de91d15e8bc9c9898c3ecff99f4"
            ],
            "type": "Fetch",
            "firstPartyCookies": {},
            "firstPartyCookiesSent": {},
            "exampleSites": [
                "worldstarhiphop.com",
                "www.accuradio.com",
                "www.audizine.com",
                "www.crosswordsolver.com",
                "www.deseret.com",
                "www.flightradar24.com",
                "www.refinery29.com",
                "www.seattletimes.com",
                "www.the-crossword-solver.com",
                "www.timesofisrael.com",
                "www.whatismyip.com"
            ]
        },
        {
            "rule": "amspbs\\.com\\/setuid",
            "cookies": 0.00102,
            "fingerprinting": 0,
            "subdomains": [],
            "apis": {},
            "sites": 10,
            "prevalence": 0.00102,
            "cnames": [],
            "responseHashes": [
                "e3b0c44298fc1c149afbf4c8996fb92427ae41e4649b934ca495991b7852b855",
                "c956a8bbf43bb56f60d1beefcc5a70f2cb0725083a00e8a0daf423176509fd18"
            ],
            "type": "Image",
            "firstPartyCookies": {},
            "firstPartyCookiesSent": {},
            "exampleSites": [
                "worldstarhiphop.com",
                "www.crosswordsolver.com",
                "www.deseret.com",
                "www.flightradar24.com",
                "www.nydailynews.com",
                "www.refinery29.com",
                "www.seattletimes.com",
                "www.the-crossword-solver.com",
                "www.timesofisrael.com",
                "www.whatismyip.com"
            ]
        }
    ],
    "categories": [],
    "performance": {},
    "cookies": 0.00102,
    "topInitiators": [
        {
            "domain": "aditude.io",
            "prevalence": 0.2857142857142857
        },
        {
            "domain": "sellwild.com",
            "prevalence": 0.14285714285714285
        },
        {
            "domain": "media.net",
            "prevalence": 0.09523809523809523
        },
        {
            "domain": "htlbid.com",
            "prevalence": 0.09523809523809523
        },
        {
            "domain": "first party",
            "prevalence": 0.07142857142857142
        },
        {
            "domain": "sentry-cdn.com",
            "prevalence": 0.047619047619047616
        },
        {
            "domain": "360yield.com",
            "prevalence": 0.023809523809523808
        },
        {
            "domain": "openx.net",
            "prevalence": 0.023809523809523808
        },
        {
            "domain": "connectad.io",
            "prevalence": 0.023809523809523808
        },
        {
            "domain": "inmobi.com",
            "prevalence": 0.023809523809523808
        }
    ],
    "types": {
        "Fetch": 22,
        "Image": 10
    },
    "nameservers": [
        "ns-219.awsdns-27.com",
        "ns-587.awsdns-09.net",
        "ns-1592.awsdns-07.co.uk",
        "ns-1341.awsdns-39.org"
    ]
}