{
    "domain": "bunny.net",
    "owner": {},
    "source": [
        "DuckDuckGo-CA"
    ],
    "prevalence": 0.00447,
    "sites": 44,
    "subdomains": [
        "fonts"
    ],
    "cnames": [],
    "fingerprinting": 0,
    "resources": [
        {
            "rule": "bunny\\.net\\/css",
            "cookies": 0,
            "fingerprinting": 0,
            "subdomains": [
                "fonts"
            ],
            "apis": {},
            "sites": 41,
            "prevalence": 0.00416,
            "cnames": [],
            "responseHashes": [
                "f197cb23a02d011365c9b29e081881311e9f5af148ed92925b995fa928ae6123",
                "69ac2cfd6c6194b12b69380bc5f510820e7b31929450874eb37f0efed53580cd",
                "016ebb9835806c0f36da1b0b6eaad678c4868c1c6daf43fd737901db6181c277",
                "45c1649dae3c4cba7e3829c7a852d4dc607f1b727ed1955ed7c82b5be0debba5",
                "40c8fb2272f1682c5198837780835f8a5f6b88c12c794f96dba7d9434827cdc9",
                "7085e47206b05bb535748d51ca06072a8c919e89a21a3f08f7c35a6889ecbb12",
                "ec4db565b82208c3f906d4e3b1cc931b6a1a9fef3b9173a3eae386d5c28d4743",
                "84dc32699e16ef7ca64c61a256959a34c24cd84985bdd201f56fea8905b3a39c",
                "998f49ccf51bd5801468b8f05c21590eabe2aa5d2229377a634fdb229f8c7170",
                "b7f70d57f21e096495b5a40f784a08c7d7174861f285b98bd193eff3bbb1f496",
                "1794249a30bb90d977ac2a97c9a64a7993edd80fbb129b714de8ade79ba7e00f",
                "158bdad7b3d87b7b774900fa87ecc02ddef7b782a6899acb9e18e842baa6558e",
                "df6671f0df1c653bbee03efe62847c24a92bdccf66491cc7f60e0d73ed436fb8",
                "3cf12b565ed1de182e5425cf4d9def32eca5fd907cb9003cdc7a17fc76fc66dd",
                "b6673a09bde86b5b30e9ad9bc7220a2e4ac756c13d78c5e3f3be798c723ed9b7",
                "00239faac5489b03c019d76982dc02cd990eaaf6228285f65dd54ba31c4617e1",
                "e7636610ce63b7adf3e5eeadb3c481803bf2d1f352196cb37fdff00699e90990",
                "8e1baa3555f4df6d3a1affc0632b51880793dd43820f709622f6bb2367119f65",
                "a522d8bd659a2178ffacf5107b654a61cb47a3ddda8fbb3c353522bf09f5b0df",
                "776f752c630d6caf380e321b953d2fe15f1239d8aad57d2dd206cbb03d009bb6",
                "9b0e5d77bdba504974f272803421ba04ee0fa14f787f9d484ad976b2400a5b79",
                "5ae9dba1ec5924713b4634b98707b68e73d125348eddccb7e6a58a0920590b94"
            ],
            "type": "Stylesheet",
            "firstPartyCookies": {},
            "firstPartyCookiesSent": {},
            "exampleSites": [
                "boutique.caaquebec.com",
                "prepareforchange.net",
                "www.fluentu.com",
                "www.stuff.tv",
                "www.discoverwalks.com",
                "thewalrus.ca",
                "epq.gouv.qc.ca",
                "www.garagegymreviews.com",
                "grammarist.com",
                "americansongwriter.com",
                "medevel.com",
                "twominenglish.com",
                "thecabindepot.ca",
                "newbookrecommendation.com",
                "pepperscale.com",
                "thetvapp.to",
                "www.guru99.com",
                "gardentabs.com",
                "www.guitarchalk.com",
                "awesomeaitools.com"
            ]
        },
        {
            "rule": "bunny\\.net\\/roboto\\/files\\/roboto-latin-400-normal\\.woff2",
            "cookies": 0,
            "fingerprinting": 0,
            "subdomains": [
                "fonts"
            ],
            "apis": {},
            "sites": 13,
            "prevalence": 0.00132,
            "cnames": [],
            "responseHashes": [
                "0152e925694c9e22045d875b0c03975c9bcd3778305eef80a7073dc78fda42c8"
            ],
            "type": "Font",
            "firstPartyCookies": {},
            "firstPartyCookiesSent": {},
            "exampleSites": [
                "americansongwriter.com",
                "epq.gouv.qc.ca",
                "gadgetstouse.com",
                "gardentabs.com",
                "grammarist.com",
                "labs.selfdecode.com",
                "newbookrecommendation.com",
                "pepperscale.com",
                "topdogtips.com",
                "www.fluentu.com",
                "www.hlinkagretzkycup.ca",
                "www.primalsurvivor.net",
                "www.tipsbulletin.com"
            ]
        },
        {
            "rule": "bunny\\.net\\/css",
            "cookies": 0,
            "fingerprinting": 0,
            "subdomains": [
                "fonts"
            ],
            "apis": {},
            "sites": 4,
            "prevalence": 0.000406,
            "cnames": [],
            "responseHashes": [
                "b506bd3ea2509d3d9f29a8509abacd9fd236da2c840b57c9615ccb3745ed1750",
                "40c8fb2272f1682c5198837780835f8a5f6b88c12c794f96dba7d9434827cdc9",
                "7085e47206b05bb535748d51ca06072a8c919e89a21a3f08f7c35a6889ecbb12"
            ],
            "type": "Font",
            "firstPartyCookies": {},
            "firstPartyCookiesSent": {},
            "exampleSites": [
                "caaquebec.com",
                "boutique.caaquebec.com",
                "cdncoin.com",
                "emmo.ca"
            ]
        },
        {
            "rule": "bunny\\.net\\/poppins\\/files\\/poppins-latin-400-normal\\.woff2",
            "cookies": 0,
            "fingerprinting": 0,
            "subdomains": [
                "fonts"
            ],
            "apis": {},
            "sites": 2,
            "prevalence": 0.000203,
            "cnames": [],
            "responseHashes": [],
            "type": "Font",
            "firstPartyCookies": {},
            "firstPartyCookiesSent": {},
            "exampleSites": [
                "emmo.ca",
                "mediabiasfactcheck.com"
            ]
        },
        {
            "rule": "bunny\\.net\\/open-sans\\/files\\/open-sans-latin-400-normal\\.woff2",
            "cookies": 0,
            "fingerprinting": 0,
            "subdomains": [
                "fonts"
            ],
            "apis": {},
            "sites": 7,
            "prevalence": 0.000711,
            "cnames": [],
            "responseHashes": [
                "ecc36e6b87fac24881eea0c0b31778284bb5b7719365f3885584a215306386b9"
            ],
            "type": "Font",
            "firstPartyCookies": {},
            "firstPartyCookiesSent": {},
            "exampleSites": [
                "gouv.qc.ca",
                "liveboldandbloom.com",
                "topdogtips.com",
                "www.cellphones.ca",
                "www.fluentu.com",
                "www.hlinkagretzkycup.ca",
                "www.smalldeadanimals.com"
            ]
        },
        {
            "rule": "bunny\\.net\\/open-sans\\/files\\/open-sans-symbols-400-normal\\.woff2",
            "cookies": 0,
            "fingerprinting": 0,
            "subdomains": [
                "fonts"
            ],
            "apis": {},
            "sites": 6,
            "prevalence": 0.000609,
            "cnames": [],
            "responseHashes": [
                "8b3627fbdb764327531ff70e6db3b98c63e103fc616e3d2d551cf2d447a71767"
            ],
            "type": "Font",
            "firstPartyCookies": {},
            "firstPartyCookiesSent": {},
            "exampleSites": [
                "gouv.qc.ca",
                "liveboldandbloom.com",
                "topdogtips.com",
                "www.fluentu.com",
                "www.hlinkagretzkycup.ca",
                "www.smalldeadanimals.com"
            ]
        },
        {
            "rule": "bunny\\.net\\/roboto\\/files\\/roboto-symbols-400-normal\\.woff2",
            "cookies": 0,
            "fingerprinting": 0,
            "subdomains": [
                "fonts"
            ],
            "apis": {},
            "sites": 2,
            "prevalence": 0.000203,
            "cnames": [],