{
    "domain": "conde.digital",
    "owner": {},
    "source": [
        "DuckDuckGo-CA"
    ],
    "prevalence": 0.00173,
    "sites": 17,
    "subdomains": [
        "tagging",
        "globalservices",
        "ads-static",
        "id-mapper-service.gp-prod"
    ],
    "cnames": [],
    "fingerprinting": 3,
    "resources": [
        {
            "rule": "conde\\.digital\\/g\\/collect",
            "cookies": 0.00112,
            "fingerprinting": 0,
            "subdomains": [
                "tagging"
            ],
            "apis": {},
            "sites": 11,
            "prevalence": 0.00112,
            "cnames": [],
            "responseHashes": [
                "d56cb2ef27e30905b593d70f3f75660f73940af4a30bd7cc9aec369a86cdfeee",
                "438effb15d5a52f34d5250a9a1326c66d387d932bf0abee198da729113445259",
                "656a76840e0146dcef6bff9ce421847cab0aa5a79d1ff15b5502b03074298533",
                "2cb1bb0bf96ef03761d14ed3f522e517bcb058bfd311a4d9779f2aa75a06af0c",
                "4c26dbcd66f1005a021728e8750614620fac0b07a2ac35a42bb721d9b86567fd",
                "a429c2409345b0a467a18d1e87f689006c52499fd263e2a26bad53c06a78b69b",
                "c701e782a9f2c6e29de569fbc3cbb11e3e4dad64ed158fa5cb86719e1d5efa90",
                "de82a96d5735ec3e5b8c9a67cd0fe0266e1454d81179a02470a081240e9ba4ed",
                "8678897c84fc17deef04b7427588552ef9f00ae8b3a8a6c27600b6e26fde6207",
                "9ae0f23a998ca93cc1755dc84077322be1067286764572e50e4aeb075ddf9a03"
            ],
            "type": "Fetch",
            "firstPartyCookies": {},
            "firstPartyCookiesSent": {
                "_ga": 0.001218150441579535,
                "permutive-id": 0.00010151253679829459
            },
            "exampleSites": [
                "arstechnica.com",
                "www.allure.com",
                "www.architecturaldigest.com",
                "www.bonappetit.com",
                "www.cntraveler.com",
                "www.glamour.com",
                "www.gq.com",
                "www.self.com",
                "www.vanityfair.com",
                "www.vogue.com",
                "www.wired.com"
            ]
        },
        {
            "rule": "conde\\.digital\\/_\\/service_worker\\/5840\\/sw_iframe\\.html",
            "cookies": 0,
            "fingerprinting": 0,
            "subdomains": [
                "tagging"
            ],
            "apis": {},
            "sites": 11,
            "prevalence": 0.00112,
            "cnames": [],
            "responseHashes": [
                "2ada301d803d8f4b2ba210c9c57091378255ed54b96e4236a9e2ce587a2a4035"
            ],
            "type": "Document",
            "firstPartyCookies": {},
            "firstPartyCookiesSent": {},
            "exampleSites": [
                "arstechnica.com",
                "www.allure.com",
                "www.architecturaldigest.com",
                "www.bonappetit.com",
                "www.cntraveler.com",
                "www.glamour.com",
                "www.gq.com",
                "www.self.com",
                "www.vanityfair.com",
                "www.vogue.com",
                "www.wired.com"
            ]
        },
        {
            "rule": "conde\\.digital\\/p77xzrbz9z\\.js",
            "cookies": 0.00142,
            "fingerprinting": 3,
            "subdomains": [
                "globalservices"
            ],
            "apis": {
                "Navigator.prototype.doNotTrack": 14,
                "Date.prototype.getTime": 14,
                "window.localStorage": 14,
                "Document.cookie setter": 14,
                "Document.cookie getter": 14,
                "window.innerWidth": 14,
                "window.innerHeight": 14,
                "Screen.prototype.width": 14,
                "Screen.prototype.height": 14,
                "Screen.prototype.colorDepth": 14,
                "window.devicePixelRatio": 14,
                "Navigator.prototype.cookieEnabled": 14,
                "Navigator.prototype.onLine": 14,
                "Navigator.prototype.language": 14,
                "Navigator.prototype.webdriver": 14,
                "Navigator.prototype.deviceMemory": 14,
                "Navigator.prototype.hardwareConcurrency": 14,
                "Intl.DateTimeFormat.prototype.resolvedOptions": 14,
                "NavigatorUAData.prototype.brands": 14,
                "Date.prototype.getTimezoneOffset": 14
            },
            "sites": 16,
            "prevalence": 0.00162,
            "cnames": [],
            "responseHashes": [
                "251b36de07e41ae198b7a599e39311257ee81560df17979ed5c33cb53b83ccf8"
            ],
            "type": "Script",
            "firstPartyCookies": {
                "_sp_ses.40cb": {
                    "ttl": 1822,
                    "length": 1,
                    "prevalence": 0.00010151253679829459,
                    "uniqueness": 1
                },
                "_sp_id.40cb": {
                    "ttl": 63072022,
                    "length": 152,
                    "prevalence": 0.00010151253679829459,
                    "uniqueness": 1
                },
                "_sp_ses.3264": {
                    "ttl": 1836,
                    "length": 1,
                    "prevalence": 0.00010151253679829459,
                    "uniqueness": 1
                },
                "_sp_id.3264": {
                    "ttl": 63072036,
                    "length": 152,
                    "prevalence": 0.00010151253679829459,
                    "uniqueness": 1
                },
                "_sp_ses.3085": {
                    "ttl": 1823,
                    "length": 1,
                    "prevalence": 0.00010151253679829459,
                    "uniqueness": 1
                },
                "_sp_id.3085": {
                    "ttl": 63072023,
                    "length": 153,
                    "prevalence": 0.00010151253679829459,
                    "uniqueness": 1
                },
                "_sp_ses.cfb1": {
                    "ttl": 1822,
                    "length": 1,
                    "prevalence": 0.00010151253679829459,
                    "uniqueness": 1
                },
                "_sp_id.cfb1": {
                    "ttl": 63072022,
                    "length": 153,
                    "prevalence": 0.00010151253679829459,
                    "uniqueness": 1
                },
                "_sp_ses.808e": {
                    "ttl": 1824,
                    "length": 1,
                    "prevalence": 0.00010151253679829459,
                    "uniqueness": 1
                },
                "_sp_id.808e": {
                    "ttl": 63072024,
                    "length": 153,
                    "prevalence": 0.00010151253679829459,
                    "uniqueness": 1
                },
                "_sp_ses.b237": {
                    "ttl": 1829,
                    "length": 1,
                    "prevalence": 0.00010151253679829459,
                    "uniqueness": 1
                },
                "_sp_id.b237": {
                    "ttl": 63072029,
                    "length": 152,
                    "prevalence": 0.00010151253679829459,
                    "uniqueness": 1
                },
                "_sp_ses.2938": {
                    "ttl": 1828,
                    "length": 1,
                    "prevalence": 0.00010151253679829459,
                    "uniqueness": 1
                },
                "_sp_id.2938": {
                    "ttl": 63072028,
                    "length": 152,
                    "prevalence": 0.00010151253679829459,
                    "uniqueness": 1
                },
                "_sp_ses.31da": {
                    "ttl": 1823,
                    "length": 1,
                    "prevalence": 0.00010151253679829459,
                    "uniqueness": 1
                },