{
    "domain": "connectedinteractive.com",
    "owner": {},
    "source": [
        "DuckDuckGo-CA"
    ],
    "prevalence": 0.000914,
    "sites": 9,
    "subdomains": [
        "ads"
    ],
    "cnames": [],
    "fingerprinting": 0,
    "resources": [
        {
            "rule": "connectedinteractive\\.com\\/api\\/web_sync\\/ttd",
            "cookies": 0.000914,
            "fingerprinting": 0,
            "subdomains": [
                "ads"
            ],
            "apis": {},
            "sites": 9,
            "prevalence": 0.000914,
            "cnames": [],
            "responseHashes": [
                "f1e096147084549aaeaf4cbadc75765002b461373f3c185d7007c32f48ff4351",
                "9403c8d5af960f7ca712c4862dbce6f84876d54ef04647b6ced1e84f37cf64eb",
                "c6bcc6c56614ca55f1e5dec742b65dcbd436a02ab5fdee665c55fa1711b523a0",
                "d5070716dbb25ef6176a7744d262c17b55289e8614d1bfcbf6da9ecef3d65e40",
                "f3d3b29d1228658a507a09dd394f65f6d26f9f1ec715f06be9257101ddb8744d",
                "7a68efeed74bb55ffcd6f24f0f0ff6c3de4b74598aeec9847fef6280fdfc40c6",
                "161fdac580bfbc9bd00983b38e80674207bce1e26c11583911f2fb6f76735d8f",
                "143dfe84e12c0a9598544fe91b591993c733dcfcae4930e927cecfc9251c5056"
            ],
            "type": "Script",
            "firstPartyCookies": {},
            "firstPartyCookiesSent": {
                "ci_uid": 0.0009136128311846513,
                "ci_ttd_id": 0.0009136128311846513
            },
            "exampleSites": [
                "autotrader.ca",
                "www.autohebdo.net",
                "www.bcaa.com",
                "www.camh.ca",
                "www.kits.ca",
                "www.mohawkcollege.ca",
                "www.oktire.com",
                "www.rockymountaineer.com",
                "www.theupsstore.ca"
            ]
        },
        {
            "rule": "connectedinteractive\\.com\\/api\\/web_sync\\/ar\\/ea3e6c5ccec7b2009a8a83b899503ae3",
            "cookies": 0,
            "fingerprinting": 0,
            "subdomains": [
                "ads"
            ],
            "apis": {},
            "sites": 2,
            "prevalence": 0.000203,
            "cnames": [],
            "responseHashes": [],
            "type": "Script",
            "firstPartyCookies": {},
            "firstPartyCookiesSent": {
                "ci_uid": 0.00020302507359658918
            },
            "exampleSites": [
                "autohebdo.net",
                "www.autotrader.ca"
            ]
        },
        {
            "rule": "connectedinteractive\\.com\\/api\\/web\\/105\\/ea3e6c5ccec7b2009a8a83b899503ae3\\/app_open",
            "cookies": 0,
            "fingerprinting": 0,
            "subdomains": [
                "ads"
            ],
            "apis": {},
            "sites": 2,
            "prevalence": 0.000203,
            "cnames": [],
            "responseHashes": [],
            "type": "XHR",
            "firstPartyCookies": {},
            "firstPartyCookiesSent": {
                "ci_uid": 0.00020302507359658918,
                "ci_ttd_id": 0.00020302507359658918
            },
            "exampleSites": [
                "autotrader.ca",
                "www.autohebdo.net"
            ]
        }
    ],
    "categories": [],
    "performance": {},
    "cookies": 0.000914,
    "topInitiators": [
        {
            "domain": "d3htn85c6cao65.cloudfront.net",
            "prevalence": 0.7142857142857143
        },
        {
            "domain": "first party",
            "prevalence": 0.24489795918367346
        },
        {
            "domain": "datadoghq-browser-agent.com",
            "prevalence": 0.04081632653061224
        }
    ],
    "types": {
        "Script": 11,
        "XHR": 2
    },
    "nameservers": [
        "ns-193.awsdns-24.com",
        "ns-830.awsdns-39.net",
        "ns-1547.awsdns-01.co.uk",
        "ns-1079.awsdns-06.org"
    ]
}