{
    "domain": "consentmanager.net",
    "owner": {
        "name": "consentmanager AB",
        "displayName": "ConsentManager"
    },
    "source": [
        "DuckDuckGo-CA"
    ],
    "prevalence": 0.00183,
    "sites": 18,
    "subdomains": [
        "c.delivery",
        "b.delivery",
        "delivery",
        "a.delivery",
        "d.delivery",
        "cdn"
    ],
    "cnames": [],
    "fingerprinting": 2,
    "resources": [
        {
            "rule": "consentmanager\\.net\\/delivery\\/cmp\\.php",
            "cookies": 0.000406,
            "fingerprinting": 1,
            "subdomains": [
                "c.delivery",
                "b.delivery",
                "delivery",
                "a.delivery",
                "d.delivery"
            ],
            "apis": {
                "Date.prototype.getTime": 15,
                "Document.cookie getter": 4,
                "Document.cookie setter": 4
            },
            "sites": 18,
            "prevalence": 0.00183,
            "cnames": [],
            "responseHashes": [
                "539d67b5e0449cb825c896c55bf29a04c7767268354ec0d3c1baf93538c7a18c",
                "a3ac55ea9a6911f1a4169098335598becb06bd4a51e4f4161f53541b718e1c6d",
                "a6fc9fecefdda3be18d1a2629900a7756ae81855308237e51aa50e7fb95e3f68",
                "53a8b54707b782f06a8ef190763f0c655923d67158204bbf99cf268a6c3c2b8e",
                "16761f1390626ae443cdeaa8f1fb8e2fac010ad280c62f20ab1a1ad887ab8aeb",
                "aab5df424f3dd7af5416dea564b7dadc04da59e16e739fd143e45f410cf3f0ab",
                "465b4b427b079752a405997cef7c094830a0ce0d8a4aa6cdf59e6d8d3f7c9c05",
                "77c897023eb921216e8a11389d394843e11aa326968b591cff40a0b9ebef602f",
                "96c65f634b347103e726eafb6a4ca002a096761a17705e9a1a13b3c62cefab30",
                "ed3d873db5018b12870e9e69232f1100e499bd3c23e566adff6cf8ee56ff2ccc",
                "f4fc46e41a293aab61af344744bbf458231dcd864582e154b55f3b4c4205502e",
                "ab06fefd3abcfc1eab889fbf5622157473d3c8a4ad09cc64d691da30828f5e64",
                "2310e7b2c04cc7a12bb5b544df493d1d8f446a37b6660406d4e4f7f51031a0f7",
                "d0fa9eaaf815408ca7db4a86a588146670bc2366843d1934a69363c5156bdfd4",
                "88f2f93a5fadfa6ce8ad574f214210ded8e5e148994c46ca94a0377c68c5f03c"
            ],
            "type": "Script",
            "firstPartyCookies": {
                "__cmpcc": {
                    "ttl": 34128002,
                    "length": 1,
                    "prevalence": 0.00040605014719317836,
                    "uniqueness": 0.25
                }
            },
            "firstPartyCookiesSent": {
                "srcSite": 0.00020302507359658918,
                "IR_gbd": 0.00020302507359658918,
                "lotame_domain_check": 0.001218150441579535
            },
            "exampleSites": [
                "all3dp.com",
                "animalia.bio",
                "financeband.com",
                "filmora.wondershare.com",
                "recoverit.wondershare.com",
                "taddlr.com",
                "thevore.com",
                "www.aidedd.org",
                "www.bosch-home.ca",
                "www.bosch-home.com",
                "www.calendar-canada.ca",
                "www.cineserie.com",
                "www.continental-tires.com",
                "www.fjallraven.com",
                "www.greatbritishchefs.com",
                "www.reptileknowledge.com",
                "www.studycountry.com",
                "www.tuasaude.com"
            ]
        },
        {
            "rule": "consentmanager\\.net\\/delivery\\/js\\/cmp_final\\.min\\.js",
            "cookies": 0.00122,
            "fingerprinting": 1,
            "subdomains": [
                "cdn"
            ],
            "apis": {
                "Date.prototype.getTime": 16,
                "Navigator.prototype.languages": 16,
                "Navigator.prototype.language": 16,
                "window.localStorage": 16,
                "Document.cookie getter": 12,
                "Document.cookie setter": 12
            },
            "sites": 16,
            "prevalence": 0.00162,
            "cnames": [],
            "responseHashes": [
                "54a3906b19494b983fd8795320884c6ad2bf87c7147d6281092e7ec3838929bb"
            ],
            "type": "Script",
            "firstPartyCookies": {
                "__cmpconsentx108666": {
                    "ttl": 31536015,
                    "length": 480,
                    "prevalence": 0.00010151253679829459,
                    "uniqueness": 1
                },
                "__cmpcccx108666": {
                    "ttl": 31536015,
                    "length": 140,
                    "prevalence": 0.00010151253679829459,
                    "uniqueness": 1
                },
                "__cmpconsentx66181": {
                    "ttl": 31536005,
                    "length": 516,
                    "prevalence": 0.0006090752207897675,
                    "uniqueness": 0.16666666666666666
                },
                "__cmpcccx66181": {
                    "ttl": 31536005,
                    "length": 434,
                    "prevalence": 0.0006090752207897675,
                    "uniqueness": 1
                },
                "__cmpcvcu47960": {
                    "ttl": 31536014,
                    "length": 433,
                    "prevalence": 0.00020302507359658918,
                    "uniqueness": 0.5
                },
                "__cmpcpcu47960": {
                    "ttl": 31536014,
                    "length": 12,
                    "prevalence": 0.00020302507359658918,
                    "uniqueness": 0.5
                },
                "__cmpccpausps": {
                    "ttl": 31536014,
                    "length": 4,
                    "prevalence": 0.00020302507359658918,
                    "uniqueness": 0.5
                },
                "__cmpcccu26960": {
                    "ttl": 1209603,
                    "length": 64,
                    "prevalence": 0.00010151253679829459,
                    "uniqueness": 1
                },
                "__cmpcccx86399": {
                    "ttl": 1209604,
                    "length": 62,
                    "prevalence": 0.00010151253679829459,
                    "uniqueness": 1
                },
                "__cmpcccu46521": {
                    "ttl": 1209602,
                    "length": 87,
                    "prevalence": 0.00010151253679829459,
                    "uniqueness": 1
                }
            },
            "firstPartyCookiesSent": {},
            "exampleSites": [
                "all3dp.com",
                "animalia.bio",
                "financeband.com",
                "filmora.wondershare.com",
                "recoverit.wondershare.com",
                "taddlr.com",
                "thevore.com",
                "www.aidedd.org",
                "www.calendar-canada.ca",
                "www.cineserie.com",
                "www.continental-tires.com",
                "www.fjallraven.com",
                "www.greatbritishchefs.com",
                "www.reptileknowledge.com",
                "www.studycountry.com",
                "www.tuasaude.com"
            ]
        },
        {
            "rule": "consentmanager\\.net\\/delivery\\/info\\/",
            "cookies": 0,
            "fingerprinting": 0,
            "subdomains": [
                "c.delivery",
                "a.delivery",
                "b.delivery",
                "d.delivery"
            ],
            "apis": {},
            "sites": 18,
            "prevalence": 0.00183,
            "cnames": [],
            "responseHashes": [
                "1cfaf533b9965b7d9cf11f372b0eecdc7839642d73db9971d7533b9ad4cbc54c"
            ],
            "type": "Image",
            "firstPartyCookies": {},