{
    "domain": "cq0.co",
    "owner": {},
    "source": [
        "DuckDuckGo-CA"
    ],
    "prevalence": 0.00223,
    "sites": 22,
    "subdomains": [
        "doh"
    ],
    "cnames": [],
    "fingerprinting": 0,
    "resources": [
        {
            "rule": "cq0\\.co\\/resolve",
            "cookies": 0,
            "fingerprinting": 0,
            "subdomains": [
                "doh"
            ],
            "apis": {},
            "sites": 22,
            "prevalence": 0.00223,
            "cnames": [],
            "responseHashes": [
                "c7290d5c03ee9033c8db92f8ce99f55f3e081d513ea872e312c5506a2f9ddf58",
                "a94ff59b334a90670b32536c4e4168bd21fc43b22710f4590d1e1bfbd774913e",
                "66e562ffa84f268da571765709eb05cac9a7f8e2921ffde1c4d3cc79bf278e12",
                "6a2dc2010eff421a1e9b8e98bd74553dc603de98d365417bf65335a4dd133dd7",
                "e494bff1bc348911410264543f920fcdc488fd2633ae29fcba637a0fcf2fca59",
                "a8bee2cdd302f81b624c3af818f32e4387afa227f0106f69e697f47004cc947a",
                "769b47f13fc53200a5a44c40755dda12cbe24c902b3834b7e2e4798d7e7a9609",
                "ed40d98d09b9fc71e5776d9867ffa18e7415261df9b611f05eb323061d8c0d77",
                "463e22b53d3543fde375fd7b42defd620e78a721feaae9edb757e4b512152983",
                "1375499a9840a51949294b731785c8e0d18ab4e308b42b0f3e216985a7d1639a",
                "28cbd98929fe77d15e6f61a956264604572fb744d33cd2f3bccd5356cf86b74d",
                "c9aeae97e01cada365d0b85999f0d7c9e50bbcc6b4fe7c256dd44111c462908a",
                "f95cc58140b39b03c9112f24748b7120c20554a31542f486efeafb93ab690c47",
                "a57bd072935c2fc341704c5ed7411bf07897f9bba9d0147a1b1a9e15db3d8542",
                "fd83008c79dda0492bd636a36c07dd791728821fcc95f54baaea86345247ed4d",
                "fc5a236336e53f30dd5a351b9e35f3bbd3067314d872466628055c56db5117fa",
                "cf9587bd5d2763ebb22a06471a9486f75d55a82598dd2c6448d0235334652533",
                "f509eafcf7a4bd9c4c70b34dfbf4cf7e396eb8105b45c274541c9de08c60444d",
                "c283a811b59947ff87e56bf10397774306002dcf7bb9bc5259320b5b3d01b0b9",
                "9767b41ef6b404fb5ab8f51d047638ec03a015cca2ee4f9a84113989cb9c32ad",
                "c0bf3ea5703f2dfc17391b7de9c25ec67b0cd4af7a6d4702384fde7c1f1cd518"
            ],
            "type": "Fetch",
            "firstPartyCookies": {},
            "firstPartyCookiesSent": {
                "IR_gbd": 0.00030453761039488374,
                "s_gpv_custom": 0.00010151253679829459,
                "lotame_domain_check": 0.00010151253679829459,
                "_li_dcdm_c": 0.00010151253679829459
            },
            "exampleSites": [
                "www.espn.com",
                "www.latimes.com",
                "www.mayoclinic.org",
                "www.nationalgeographic.com",
                "www.fidelity.com",
                "moviesanywhere.com",
                "www.marvel.com",
                "digital.fidelity.com",
                "www.audi.ca",
                "ca.norton.com",
                "us.norton.com",
                "www.wyndhamhotels.com",
                "abc.com",
                "www.toyota.com",
                "www.britishairways.com",
                "www.sherwin-williams.com",
                "www.jackpotcity.com",
                "www.easyjet.com",
                "go.com",
                "www.delta.com"
            ]
        }
    ],
    "categories": [],
    "performance": {},
    "cookies": 0,
    "topInitiators": [
        {
            "domain": "first party",
            "prevalence": 0.5454545454545454
        },
        {
            "domain": "ensighten.com",
            "prevalence": 0.18181818181818182
        },
        {
            "domain": "espn.com",
            "prevalence": 0.13636363636363635
        },
        {
            "domain": "audi.com",
            "prevalence": 0.045454545454545456
        },
        {
            "domain": "src-play.com",
            "prevalence": 0.045454545454545456
        },
        {
            "domain": "californiatimes.com",
            "prevalence": 0.045454545454545456
        }
    ],
    "types": {
        "Fetch": 22
    },
    "nameservers": [
        "ns-1857.awsdns-40.co.uk",
        "ns-488.awsdns-61.com",
        "ns-1240.awsdns-27.org",
        "ns-682.awsdns-21.net"
    ]
}