{
    "domain": "enrtx.com",
    "owner": {},
    "source": [
        "DuckDuckGo-CA"
    ],
    "prevalence": 0.00122,
    "sites": 12,
    "subdomains": [],
    "cnames": [],
    "fingerprinting": 0,
    "resources": [
        {
            "rule": "enrtx\\.com\\/get\\/",
            "cookies": 0,
            "fingerprinting": 0,
            "subdomains": [],
            "apis": {},
            "sites": 12,
            "prevalence": 0.00122,
            "cnames": [],
            "responseHashes": [
                "144a2616afd356498fd7063511b234d3d645a7aa6662ce77814e113b7da57257",
                "92ab566cd9b1e765bbf2c0dff4519c07bb98fde00406f39c4179dc1f440d96b6",
                "333eac11b7bd1e67c25bb987a4c089a36c66b38ad5117a734df9e6e1d22ad46f",
                "0ec4bf0888b801fa18cb4dac4ece9ebf4b3815dace1d9b8db476c33fdab733c8",
                "66143ba72934cab48ce5a8da859651e3d3e192d85b29c4d2122ba0687355d8bf",
                "5009a07012471b053187300e9d77ca6761578b26728653ac535a95e784ad7a78",
                "6d8a3544811c540c04115a4024a546a00116364489df2b9335ff7d5b9e187ee7",
                "ce6580cb606df17458c4866ef20fd7a72b0cf7c79b18a3296eb4713f7265edf7",
                "773da551bdf04b88bdc497b146f015d61b8d3867d204bee7b91a97c44644c8e8",
                "1d0f55abf5fef829de48c6de5e8718a1f209c44390e54e479d0c7ba65fd3906f",
                "7852f6f42296260f5fcaf56f2b8009fb659d23a4c7b65a9c085323b7b96b1e8c"
            ],
            "type": "Fetch",
            "firstPartyCookies": {},
            "firstPartyCookiesSent": {},
            "exampleSites": [
                "fans-here.com",
                "heavyfetish.com",
                "thepornscat.com",
                "thethothub.com",
                "thothub.ch",
                "thothub.is",
                "thothub.lol",
                "thothub.mx",
                "thothub.org",
                "thothub.to",
                "www.thothub.ch",
                "www.thothub.to"
            ]
        }
    ],
    "categories": [],
    "performance": {},
    "cookies": 0,
    "topInitiators": [
        {
            "domain": "19b7f4f4d8.com",
            "prevalence": 0.8333333333333334
        },
        {
            "domain": "capndr.com",
            "prevalence": 0.16666666666666666
        }
    ],
    "types": {
        "Fetch": 12
    },
    "nameservers": [
        "ns3.digitalocean.com",
        "ns2.digitalocean.com",
        "ns1.digitalocean.com"
    ]
}