{
    "domain": "futurehybrid.tech",
    "owner": {},
    "source": [
        "DuckDuckGo-CA"
    ],
    "prevalence": 0.00365,
    "sites": 36,
    "subdomains": [
        "sommelier"
    ],
    "cnames": [],
    "fingerprinting": 0,
    "resources": [
        {
            "rule": "futurehybrid\\.tech\\/config\\/",
            "cookies": 0,
            "fingerprinting": 0,
            "subdomains": [
                "sommelier"
            ],
            "apis": {},
            "sites": 36,
            "prevalence": 0.00365,
            "cnames": [],
            "responseHashes": [
                "ebabb587660e8ce5fae243842fa1ec3985682bcd68c9a8a8e52ad31358de2152",
                "6f57d76bc05e3c154797d00af7b9494f6911222b1dfbb70c1604522dcb5cc1b3",
                "db9603fb109de34c589f97c1c4b1be16530a5e6e9841b446075f96f2a453ed16",
                "ba0414b2762e4891c9978e75bc037ebe31fd38f25202d5ec13fa23a588eb1c99",
                "c3b5b552875a317da55567d1377287cccb086615b1048dd98a21702f5629c1ee",
                "9f3888f70a04049479a0353d123b9f73d0bee3f3d4778e7977efe39ec2bfa6b1",
                "a7285db7024e5e1997ac2047420693f7394fea3ff8dd07a2621658e4e1998e54",
                "961d918654967543b95c2c55c5cf6ed2024aa139ba2827c95a79d55d6b008541",
                "dd174106f9157b9ab832e057cec3fdb3e0c02ec1eac5c573f524305cea209708",
                "8179d1e7d71cabc19b5c367cc33fb06356795e7f709fb05166d247ce4006895e",
                "9e2169112359e355104b190952429d3166e3dc681a2ff4f92ab2baa7d7e1f1c5",
                "191bf050928119560322fe385cff2be738ced99eff2c8f6ec00b08efb56bf72b",
                "c3180a018bc2cdd6c2c1145bdcb581d7aed8f7ac05963e1012baf328162372ba",
                "3537603da016b6ebf2ba400ba96f2fde367c98625043181f0ef29b70cb0feedb",
                "68a70cb8629b86a8d29226c1ec875470abeadf7c01b620c91a89025730c0fba0",
                "690bcc190f20d916e6d8020d7a803bf9b3ae587dfb91c0296005526f7719436d",
                "0637a2b1c5e6fb0888004c1a2950e066ace828f4c88b461ad9460e95a78e2973",
                "a5094458d4a4b775badcc6e2acc017d9b1fc5f824b24a5e9cc1aefd1a44a9c59",
                "4dde135a5e5e69a3f3df47b3be4db6a82115c0ee3ef0bbe472dda25ea4f70204",
                "242d38f814c6757cce5d1c6006249716ce0347bda6a22ffb714b31a15aa4a02c",
                "c875718108c92ec20fec0d5d8207557bbfe6205ef1b9ded642dbaa20c705ffa8",
                "ed57151804ec167b1d3567f8a97d467d84a06865bbbfa9398db9b05c2d6168a0",
                "e4de5044728440b00324b707bea8828da546cf183fc2ff8969d903ce7b6c2e76",
                "cf4daf8b73c9cdb44ab15bef2d27a070dddd9cb65a704b216a87068b48066bb4",
                "31d4fd3893b47bfc19ed684b52dbc3ef9a65ac5169d2a0b3db8c73bba7462acc",
                "1366c41bbe877332646265bec5f2631704827831ce9a93200f1057e279611bbc",
                "b73cccc9c90410387c9d2b948a35b2b4d40f645876a45d19ccc3d7940002dc49",
                "27c694f1aee6898a98c389f6480233745ba57909ea8d0e65fc70bbc304e07f39",
                "ade0987ab9fc1dc16fed5ba6fee72b4e3a81dc91c078a5fcf29d152ea1b850f2",
                "1a91e53f49d6841034e2a0403a3046140fb6924806ab260b49e2450a981cadaf",
                "25307be04a3c23abfec661c126c3a3adfe4a79e66f68777677a1583a5b586394",
                "acb8123252f9df6971fc25be1fc0baf51fb630bbe58645bbbe2e05f2c3d7803f",
                "a1f7340a4c100a24f528014818272856332a2c014161fe28fca849a63b730155",
                "50d4e8fc7f8bc81c8562cd6572d6e2722ae5021894b44db654002c5bf859f3fb",
                "32ac66e086bd73c13f51e7757f1de82901a0b4b172695f18f2e96b1a69e2defb"
            ],
            "type": "Fetch",
            "firstPartyCookies": {},
            "firstPartyCookiesSent": {
                "_li_dcdm_c": 0.002740838493553954,
                "lotame_domain_check": 0.002740838493553954
            },
            "exampleSites": [
                "www.techradar.com",
                "www.tomsguide.com",
                "www.tomshardware.com",
                "www.pcgamer.com",
                "www.whattowatch.com",
                "www.homesandgardens.com",
                "androidcentral.com",
                "www.livescience.com",
                "www.laptopmag.com",
                "www.creativebloq.com",
                "www.digitalcameraworld.com",
                "www.cyclingnews.com",
                "www.loudersound.com",
                "www.cyclingweekly.com",
                "www.cinemablend.com",
                "www.marieclaire.com",
                "www.gardeningknowhow.com",
                "forums.tomsguide.com",
                "www.imore.com",
                "www.golfmonthly.com"
            ]
        }
    ],
    "categories": [],
    "performance": {},
    "cookies": 0,
    "topInitiators": [
        {
            "domain": "futurecdn.net",
            "prevalence": 1
        }
    ],
    "types": {
        "Fetch": 36
    },
    "nameservers": [
        "ns-1705.awsdns-21.co.uk",
        "ns-786.awsdns-34.net",
        "ns-1419.awsdns-49.org",
        "ns-55.awsdns-06.com"
    ]
}