{
    "domain": "gaug.es",
    "owner": {},
    "source": [
        "DuckDuckGo-CA"
    ],
    "prevalence": 0.00122,
    "sites": 12,
    "subdomains": [
        "secure"
    ],
    "cnames": [],
    "fingerprinting": 1,
    "resources": [
        {
            "rule": "gaug\\.es\\/track\\.js",
            "cookies": 0.00122,
            "fingerprinting": 1,
            "subdomains": [
                "secure"
            ],
            "apis": {
                "Date.prototype.getTime": 12,
                "Document.cookie setter": 12,
                "Navigator.prototype.userAgent": 12,
                "Document.cookie getter": 12,
                "Screen.prototype.width": 12,
                "window.innerWidth": 12,
                "window.innerHeight": 12
            },
            "sites": 12,
            "prevalence": 0.00122,
            "cnames": [],
            "responseHashes": [
                "df2698e6cf74ed890afa92da10051f880df2ce0b3257b73c5d9ae2f6bea82d3c"
            ],
            "type": "Script",
            "firstPartyCookies": {
                "_gauges_cookie": {
                    "ttl": 3,
                    "length": 1,
                    "prevalence": 0.001218150441579535,
                    "uniqueness": 0.08333333333333333
                },
                "_gauges_unique_hour": {
                    "ttl": 3602,
                    "length": 1,
                    "prevalence": 0.001218150441579535,
                    "uniqueness": 0.08333333333333333
                },
                "_gauges_unique_day": {
                    "ttl": 86402,
                    "length": 1,
                    "prevalence": 0.001218150441579535,
                    "uniqueness": 0.08333333333333333
                },
                "_gauges_unique_month": {
                    "ttl": 2678402,
                    "length": 1,
                    "prevalence": 0.001218150441579535,
                    "uniqueness": 0.08333333333333333
                },
                "_gauges_unique_year": {
                    "ttl": 31536002,
                    "length": 1,
                    "prevalence": 0.001218150441579535,
                    "uniqueness": 0.08333333333333333
                },
                "_gauges_unique": {
                    "ttl": 31536002,
                    "length": 1,
                    "prevalence": 0.001218150441579535,
                    "uniqueness": 0.08333333333333333
                }
            },
            "firstPartyCookiesSent": {},
            "exampleSites": [
                "appletoolbox.com",
                "energeticcity.ca",
                "shotkit.com",
                "smittenkitchen.com",
                "thegolfnewsnet.com",
                "www.alphr.com",
                "www.guidingtech.com",
                "www.omgubuntu.co.uk",
                "www.scienceofpeople.com",
                "www.sleepfoundation.org",
                "www.strengthlog.com",
                "www.technipages.com"
            ]
        },
        {
            "rule": "gaug\\.es\\/track\\.gif",
            "cookies": 0,
            "fingerprinting": 0,
            "subdomains": [
                "secure"
            ],
            "apis": {},
            "sites": 12,
            "prevalence": 0.00122,
            "cnames": [],
            "responseHashes": [
                "7fff1569ea68ef52782ba25b0cf3934627f7a4fc1e8e22f4652de959c5f97978"
            ],
            "type": "Image",
            "firstPartyCookies": {},
            "firstPartyCookiesSent": {
                "_li_dcdm_c": 0.00040605014719317836
            },
            "exampleSites": [
                "appletoolbox.com",
                "energeticcity.ca",
                "shotkit.com",
                "smittenkitchen.com",
                "thegolfnewsnet.com",
                "www.alphr.com",
                "www.guidingtech.com",
                "www.omgubuntu.co.uk",
                "www.scienceofpeople.com",
                "www.sleepfoundation.org",
                "www.strengthlog.com",
                "www.technipages.com"
            ]
        }
    ],
    "categories": [],
    "performance": {},
    "cookies": 0.00122,
    "topInitiators": [
        {
            "domain": "first party",
            "prevalence": 1
        }
    ],
    "types": {
        "Script": 12,
        "Image": 12
    },
    "nameservers": [
        "ns-940.awsdns-53.net",
        "ns-1458.awsdns-54.org",
        "ns-451.awsdns-56.com",
        "ns-1754.awsdns-27.co.uk"
    ]
}