{
    "domain": "getsitectrl.com",
    "owner": {},
    "source": [
        "DuckDuckGo-CA"
    ],
    "prevalence": 0.00233,
    "sites": 23,
    "subdomains": [
        "events"
    ],
    "cnames": [],
    "fingerprinting": 0,
    "resources": [
        {
            "rule": "getsitectrl\\.com\\/api\\/v1\\/events",
            "cookies": 0,
            "fingerprinting": 0,
            "subdomains": [
                "events"
            ],
            "apis": {},
            "sites": 23,
            "prevalence": 0.00233,
            "cnames": [],
            "responseHashes": [
                "3bef3081869f11fcded9e431a183205d542163d53a88af3466f25674aeaab030",
                "88bf4f6af5106363f3b0b2a3470af67d367ac7284aac2766ff9e7086fc02e6b9",
                "cd764bdb05e392ab5b1a3fa2625e36a5339952d10ba2d1227ce354f60ab535f0",
                "1ea125d505eaad4cb61f181bf01f3554afb4d28bee5115872a11617dea96c8d4",
                "2fa047d91038e27a453089327de1052d53c98d0a8ae460889eba11ac3ab23746",
                "16031102aae1bf274435b6ac5777debc938b02faab1a1289ba84a3f503851160",
                "e36582091ad45ff3e5990b0031d466691768e83e3a7aa7df73e907c658b6c4ba",
                "e3b0c44298fc1c149afbf4c8996fb92427ae41e4649b934ca495991b7852b855",
                "1fb2cab6c2bc022d0bd28015dfeeb873ae0d44fcea793a1c9bddaa439ca8b9d4",
                "b77c95c7181505366461e00654194363baeeb5f33d5bf6d184023b8e76a1dbba",
                "73653327e181e466399adfa32e9f9f923f392ba344011da79824182b5e27ec9f",
                "c3d4e6d2ba59731d36b1beaf3e5e859d51d1c08b21e2a794d6a4479220a5ebac",
                "c3d694a34c8ca9d9436c5984a464378b791a3168811c1357f2386da9e26fe63d",
                "21482e5d4273ba72c1b111519d38ad63b895f8465a6ce2d14818568f891604f3",
                "4f6acb4563c37e2db558d0b506b9053875348db81f13b0ea9c551fb94a8df2f1",
                "04ae9b5baf2c5107c19140c9804c3e81ba95890fadd196020ad001c1094e9ec3",
                "4af479338bf657ddea6361e56ee73d688345d9bb666794be69bfee19f43b4f7a",
                "8be90e7bb4524fe45cc2f709bccc43b15747788d7e3118e0d7f6a0b9cc5a5e66",
                "9500df3991ea8194d54f58d98c7cb7c596a68e06038e791fce52d244d29211ef",
                "f382376b4cf82d598c6dec6d8dde7d63cf0bdd73ea57e3e5e224a4299300a13a"
            ],
            "type": "Fetch",
            "firstPartyCookies": {},
            "firstPartyCookiesSent": {},
            "exampleSites": [
                "www.princegeorgecitizen.com",
                "www.ratemds.com",
                "www.sasktoday.ca",
                "www.nsnews.com",
                "forums.redflagdeals.com",
                "www.timescolonist.com",
                "charityvillage.com",
                "www.squamishchief.com",
                "www.1010tires.com",
                "paddling.com",
                "www.biv.com",
                "www.prpeak.com",
                "www.vancouverisawesome.com",
                "www.richmond-news.com",
                "www.redflagdeals.com",
                "www.promessedefleurs.com",
                "www.burnabynow.com",
                "www.getmaple.ca",
                "www.physio-pedia.com",
                "thecabindepot.ca"
            ]
        },
        {
            "rule": "getsitectrl\\.com\\/api\\/v1\\/events",
            "cookies": 0,
            "fingerprinting": 0,
            "subdomains": [
                "events"
            ],
            "apis": {},
            "sites": 7,
            "prevalence": 0.000711,
            "cnames": [],
            "responseHashes": [
                "e3b0c44298fc1c149afbf4c8996fb92427ae41e4649b934ca495991b7852b855"
            ],
            "type": "Ping",
            "firstPartyCookies": {},
            "firstPartyCookiesSent": {},
            "exampleSites": [
                "charityvillage.com",
                "forum.hearingtracker.com",
                "forums.paddling.com",
                "forums.redflagdeals.com",
                "paddling.com",
                "www.physio-pedia.com",
                "www.redflagdeals.com"
            ]
        }
    ],
    "categories": [],
    "performance": {},
    "cookies": 0,
    "topInitiators": [
        {
            "domain": "getsitecontrol.com",
            "prevalence": 0.7777777777777778
        },
        {
            "domain": "first party",
            "prevalence": 0.19444444444444445
        },
        {
            "domain": "vitals.app",
            "prevalence": 0.027777777777777776
        }
    ],
    "types": {
        "Fetch": 23,
        "Ping": 7
    },
    "nameservers": [
        "ns-420.awsdns-52.com",
        "ns-853.awsdns-42.net",
        "ns-1552.awsdns-02.co.uk",
        "ns-1342.awsdns-39.org"
    ]
}