{
    "domain": "mmapiws.com",
    "owner": {},
    "source": [
        "DuckDuckGo-CA"
    ],
    "prevalence": 0.00112,
    "sites": 11,
    "subdomains": [
        "d-ipv6"
    ],
    "cnames": [],
    "fingerprinting": 0,
    "resources": [
        {
            "rule": "mmapiws\\.com\\/ant_squire",
            "cookies": 0.00112,
            "fingerprinting": 0,
            "subdomains": [
                "d-ipv6"
            ],
            "apis": {},
            "sites": 11,
            "prevalence": 0.00112,
            "cnames": [],
            "responseHashes": [
                "1e7b6b49613d994bdf71fc4e3c176ac5856a55aeedffd1d8bc3517cb47535344",
                "5730a5a82647ddff7264ff4e9afdddbfe9e09b78ca1a35c9dd9a095cb873c411",
                "61a4042b569bc9defc46a33d8e7152f8a1e2f6f2cd98f06e4af2e0ae624966ef",
                "bf35efff26412170922a5e46d6c6c9c72cd871588c5f705086863da49e108233",
                "18cfc9738a1b99ecd72e23eb33408f8f24aa0ee4b75194b0e0ccb5bcff75a3ec",
                "9d13b661317aa5da1a596346896bca5dd9916f314e0dfd977be119c095a3e367",
                "3ca5f1849d894f4cb118aa9a74dea4c47faa008edcb7259d4090c6822d6f464b",
                "58fb8893f7a636687acd2bc2aea68b60ee85a79064568f9cc71f8e8470a988dd",
                "5a18a5420e19600bdbcea4dd151bbc9f0411d223382249b1fd7bbcf8752e069a",
                "dd668e51bf9c23777b1222f99990d63d9992cf6b3f90f51eb4a930bb24bbf7c3"
            ],
            "type": "Fetch",
            "firstPartyCookies": {},
            "firstPartyCookiesSent": {},
            "exampleSites": [
                "alflahertys.com",
                "barbecuesgalore.ca",
                "fragrancecanada.ca",
                "muji.ca",
                "musicredone.com",
                "snugglebugz.ca",
                "store.401games.ca",
                "www.additudemag.com",
                "www.chefsupplies.ca",
                "www.gravitypope.com",
                "www.northernfitness.ca"
            ]
        }
    ],
    "categories": [],
    "performance": {},
    "cookies": 0.00112,
    "topInitiators": [
        {
            "domain": "first party",
            "prevalence": 0.6666666666666666
        },
        {
            "domain": "minmaxify.com",
            "prevalence": 0.25
        },
        {
            "domain": "bigcommerce.com",
            "prevalence": 0.08333333333333333
        }
    ],
    "types": {
        "Fetch": 11
    },
    "nameservers": [
        "josh.ns.cloudflare.com",
        "kim.ns.cloudflare.com"
    ]
}