{
    "domain": "mountain.com",
    "owner": {
        "name": "Mountain Digital, Inc.",
        "displayName": "Mountain Digital"
    },
    "source": [
        "DuckDuckGo-CA"
    ],
    "prevalence": 0.00396,
    "sites": 39,
    "subdomains": [
        "dx",
        "px",
        "gs"
    ],
    "cnames": [],
    "fingerprinting": 1,
    "resources": [
        {
            "rule": "mountain\\.com\\/spx",
            "cookies": 0,
            "fingerprinting": 1,
            "subdomains": [
                "dx"
            ],
            "apis": {
                "Document.cookie getter": 37,
                "Date.prototype.getTime": 28
            },
            "sites": 39,
            "prevalence": 0.00396,
            "cnames": [],
            "responseHashes": [
                "e0285aa53e888fb64234af7076098189ad7b8926c41b4f283f04eac4df0c86c0",
                "5770a7696737eecc2a5a19af74a69c523485897fa40707229791dab444363c37",
                "1a022360c2fc4d2a2846e8ecbd8b516085c3ba9ef84f335235c38de4aea90d02",
                "005c49c2224d604ba6b181d3340172662f6f8d00ec0598367c4534279aa52afb",
                "d70cef04ac5d90f7a4f7d07e296d57c5b3a8cdaa59687a9749d3b89f04bc9b59",
                "a6056f592958694ea3f78048c97da41e7012f1928ed6086bd02b649cd127f262",
                "6f51580698b10b6a6ceb21c4d9ffccd9aad45a4fcb90d4adba4fffe434069286",
                "3b3accbed5cdad2075737b300aed6dd418646374056110ed206b5c6ee94920b6",
                "7737b1559555f33cd85398b3f0d566374cf7c2d78234a4f1977c98dd0e2d3ee7",
                "741857173405cc7a350428f6bc826e53c1ee98eee068bf1964c53290984c32a2",
                "01d54f6d79c0e8c82461c81219e2aedc412f7f1fb295cf765005eb6f64f5e236",
                "70bfb2449d3c651596098a22928c9fb0c5079824e22c959dcb60ec6c26d7c901",
                "5d5e8f4b148c8aae314bd1e02010c878bcd79aa5489a206a8bf84090177e426a",
                "a266bbf2622a15fc7fc22404629bacad17d12c41c18871e71457d171c86fc71c",
                "381321feaf7758cf66891700197300bc1977dd9678983d01190cae06e5f735e2",
                "81792684ab65612d581186341e937738045fd05fdb80d4e46b21729084f74734",
                "2ece23a3543b58c3b1c1ca242e65f69e04f5835281d7272dc85c36a71fa37fde",
                "4b4b741fd6b8d9949ec50f60c18d0533dcc58273107fc9936bd6135b608b18b0",
                "5d8e9e9d4b9fa9ef78fed19e9e2a53803766beba0b429dd3a11de181e909c99f",
                "6d514ba12786d90ba016323009ce337af35284c2e68561d86107e1b6d920b409",
                "cd3b3874b5c72b24370dd1113c1f2cd03e46d738d6b10c300e4e97ed147931be",
                "58dc1dc7ec534b8dba4dfce5dbc7286b70b59d9d047769ee2740f010808d3566",
                "13f4f6cd5f436dbff62db335a324235030552b1c3eae3844de41e8829a768740",
                "7913aba7591826bc10c396b23cabd9ff04f1f53b29bf1eab040a4fdf9bc01fe7",
                "4aac1524979895536ad93cec6eca629f3a66b18afb32893a37d76f9230153d51",
                "c55d19da4ee82b7ec08c344931e0685208a6ea2356f7bc8aedf607422b5277bf",
                "5aba435ee6b87b1ebdcdfa8241c5d940cab8ae1f31c525f6375ca4b9393a492b",
                "e7bddf2a0772bc7bbe27c78503a9cd5ea4560f430320c3e73f159f7abad17f50",
                "e8f88df432e1520ab02d591180eefa67e4c4591ac2db58a450273ad8e0621735",
                "78648f81030662adaa2353399855a9828794ffa31e83f0d4751b431b7dd6202c",
                "355ecd61472543d460c32e23202e62a2cf0565db4cfc5976a4bf34ffb86c7d15",
                "b1bee691220ecae52c471822dc0c091a22a15a5a4c4841027727e3c515638a19",
                "dcb0a700e7f2b3d429ea24f56c5a61703afc9ff53e11b5aafeba471e119f2f2b",
                "29c8ae219fa86cb3db15bcfa49f92b9195157fdef0d85ad5a18d70b5966bf278",
                "a682d9b1763952e60026e8df9407e976ab0118e9c2a81fd7edf6e261f527ce6c",
                "0a2dc80fe58c8fcff0bebebb8b34ea0d08fd341254199abb2e3db0dc7a62e794",
                "73e4d09c2543f408459b0e6797ecc8d07b28c9d33d2ea328d5f43bea9c9f3269",
                "726c10c4131b4b6739c4ba41e4f899631306a2485cfc680e216334690ee05f5b"
            ],
            "type": "Script",
            "firstPartyCookies": {},
            "firstPartyCookiesSent": {
                "sa-r-source": 0.00010151253679829459,
                "lotame_domain_check": 0.00010151253679829459,
                "_li_dcdm_c": 0.00020302507359658918,
                "IR_gbd": 0.00020302507359658918,
                "fcd_li_attempted_whitelist_domain": 0.00010151253679829459
            },
            "exampleSites": [
                "www.cannondale.com",
                "subsplash.com",
                "harbourair.com",
                "www.missouribotanicalgarden.org",
                "www.ecstuning.com",
                "www.masterclass.com",
                "www.fjallraven.com",
                "owalalife.com",
                "reedsy.com",
                "www.boss.info",
                "asana.com",
                "www.boattrader.com",
                "www.logos.com",
                "www.padi.com",
                "playactivate.com",
                "www.goodsam.com",
                "www.postman.com",
                "www.rbauction.com",
                "www.gadventures.com",
                "www.fossil.com"
            ]
        },
        {
            "rule": "mountain\\.com\\/st",
            "cookies": 0.00396,
            "fingerprinting": 0,
            "subdomains": [
                "px"
            ],
            "apis": {},
            "sites": 39,
            "prevalence": 0.00396,
            "cnames": [],