{
    "domain": "omnisendlink.com",
    "owner": {},
    "source": [
        "DuckDuckGo-CA"
    ],
    "prevalence": 0.000914,
    "sites": 9,
    "subdomains": [
        "wt"
    ],
    "cnames": [],
    "fingerprinting": 0,
    "resources": [
        {
            "rule": "omnisendlink\\.com\\/REST\\/inShop\\/v1\\/getSettings",
            "cookies": 0,
            "fingerprinting": 0,
            "subdomains": [
                "wt"
            ],
            "apis": {},
            "sites": 9,
            "prevalence": 0.000914,
            "cnames": [],
            "responseHashes": [
                "37c658cda85ba063d95fd512d3403c0f31293bd86f72c25c80755231c4a5eb81",
                "8068b0a5d3058753d5963699908c16028e580fd763a296f272de535de9eaf0e3",
                "72869d5031e50b5147cbfd5b92775c411995ce0e23d29b693502ca0127454c01",
                "ca5a4f52097557de4e8e670cf603bcaa7ca2fedc297d5a2b1d481dd963a1e830",
                "0f103a4372527452610311a179b18584cb43f29a2ec3e23f3b9daef53a31c15f",
                "9dbcbe9b30f94d9b667a9953e5ad543927f8fee7c944aa2d4a03badb4965a289",
                "fe6ec9ea67c7ce68426ac1025868fad34cdfec0c7ce3f27aedc707f6bab8857d",
                "7a74aaad1dbe309d9b133256f306c25b55b053e7aa2da2b3c01c57a6a5453189"
            ],
            "type": "Fetch",
            "firstPartyCookies": {},
            "firstPartyCookiesSent": {
                "_li_dcdm_c": 0.00010151253679829459
            },
            "exampleSites": [
                "lightscanada.ca",
                "mcmunnandyates.com",
                "solarpowerstore.ca",
                "www.consumerhealthdigest.com",
                "www.hartstores.com",
                "www.lelo.com",
                "www.twc.health",
                "www.urbannaturestore.ca",
                "www.vmedia.ca"
            ]
        }
    ],
    "categories": [],
    "performance": {},
    "cookies": 0,
    "topInitiators": [
        {
            "domain": "first party",
            "prevalence": 0.5555555555555556
        },
        {
            "domain": "omnisnippet1.com",
            "prevalence": 0.2222222222222222
        },
        {
            "domain": "minmaxify.com",
            "prevalence": 0.1111111111111111
        },
        {
            "domain": "requestmetrics.com",
            "prevalence": 0.1111111111111111
        }
    ],
    "types": {
        "Fetch": 9
    },
    "nameservers": [
        "dina.ns.cloudflare.com",
        "greg.ns.cloudflare.com"
    ]
}