{
    "domain": "optimise.net",
    "owner": {},
    "source": [
        "DuckDuckGo-CA"
    ],
    "prevalence": 0.00995,
    "sites": 98,
    "subdomains": [],
    "cnames": [],
    "fingerprinting": 0,
    "resources": [
        {
            "rule": "optimise\\.net\\/",
            "cookies": 0,
            "fingerprinting": 0,
            "subdomains": [],
            "apis": {},
            "sites": 98,
            "prevalence": 0.00995,
            "cnames": [],
            "responseHashes": [
                "39756fb63f09ca107e9971449c93aa88063763100d97f38ebc6ca00981fc572e",
                "16150ea62a5b951719b5bd165d114a56db4d09ecd557e5de19fe2a68baeea08e",
                "10e4946757ae04194ba8e4ef8fbc64acfb9e299884ff1b67ff097a4571eddeb2",
                "6e28da291078ae07931dab7dd0635a5b9bef89dd428028f2b07298cdd5a5902b",
                "f1ba25653bd9b9516fc73b26104487f891168f54aa881a4234ab984d876483a4",
                "221c2b04938879c01deab2b4482919bf37dd56b2463619c5b8d42f5caaf4c4da",
                "9b76e618475e15fe477e1b8684bf0e1c147039c9e3c8a427534b8608db67cfd4",
                "8b7b30398bf9da9ad7d9723b587c23da74a2c9b6b0c2b5447582b335f1cd2cea",
                "1d22131d4debacaa928368f7b5d598e40ec3661bdf0cbd8bae9fc3c308f0f78a",
                "3935851cc474be92366660b642e4e186e171c4be7d322602411d2655df3aef9e",
                "d88f9c834acb86579236fde7a5138dbacddc9b644bfba098cbbe85e6a95b80df",
                "88b48eca8bc0c6bd477e849aca45b3491d794cf8f4b1338ed5a413e9dd16b38d",
                "f82be494a16d73ca19bc4e5316b62e5d277d6156cff1202fa3cddde25a37ebc5",
                "a36081a8bdb1a2fd365dbcb96c555ec51711b83b9806f9b2f3203e31db3c7014",
                "d63ee183e374aae43f01c9a55f26c4417bdf3349fec172c221c2f79b0ba29c6a",
                "ee289b4981b524c7317192470c325db26d3ab0c9881245433a349c39ffb5c59c",
                "570064a0f62751951e7cf98cdaff3413f3d9a58ff3a1fbe292ad036d81b8d89a",
                "b27f0df4269ddf0fd4242008116e5e3ca988408a87f1282384d41446ca35f1d4",
                "84dde054d4283ee158bc7f9a29758dd1c9e952fc15524ec7a65ac11daafd3c2b",
                "0e9a4e2555cd2b5cf6e05d2bd88eccad44a6307075ec3659581aada670e1a9c4",
                "0c9648ee2da2df3018d6730b034885970fb134fb74080dec553c38e23041c801",
                "e61363259abb0550ab6e2830613a60913e69c7a977b50e0aee7ee7d87f0eb5f5",
                "6a7ff531615cd3996889e7c60f23661ae085859a13e199bdb1f05e6d5ec060d0",
                "646a6f599d44d0913acf1c65f057c1d32d29a084d09a069cfbb53f7578d10a93",
                "4caffb84930ddf677f847f85bb4105cacd64b2b61f85ff00623218ea9eac0975",
                "1dfa0142d4e6c99581aee4bd5ffcbdaf719c0119e2ee551723be3288e22d1674",
                "164c9f2653cd4ea2c52f83eec2b548be8fd797716278c457351763bdaeb17849",
                "3418fbfefa4bd394b79372caa53eb86c9e37a7e86b9c77b871043d26d0161256",
                "55d6a5d20c3915d498214e14aba9947e8e0ab252b1f8c24caa3ed6ace5d5f004",
                "7659c2f8f68aeac417c2be8ff229848356369cdb1d3fb0ab828638e4d9e3719e",
                "99a05696aa8f3080eccfbfb5be4ef878c6ad0d67cdd0af09db59242ab4f66ab3",
                "f01f06e91aa3d034280d4ea772100b697caa5050db54ef5cc95f3013800e7964",
                "a759df95baf36df687590a4972d3f0c49113663ed054afa38f7494ac97ddaa78",
                "07a72480ef686362b0034f90126b7932d5e7845c7cc8b33dd44ce4072ef0240b",
                "2fd84a2a55fcfaf02c7d6d77dc36137c4083592093feb83664289437e870c803",
                "9438e5699c12424c4f55012402ab6629710e07345d0d95df4e92864229d1f2d6",
                "721ac766fc0d172b59d0f6902116293ae4794e3c68463ccd71e9d97a4a5126f1",
                "04fc8f16d2dd7c7fbab1687aec1ee2a700668c346f6299bfb93613f9694b3234",
                "2927d60733fa6629ed751411bc590c4d64cf85a9a06ba7c663cf5784eb0279e4",
                "f0b0ccf023d3ac34959358eebdbb5694afd69d4db59055f8b7ded6af4bb498b0",
                "30cdf46fe59281acfbe1fc090620405dffa4260d36ea7c9a64d36c0823c24293",
                "b44f5db4e9f446f1560f63edf21fc87bfc89c3a1cd202f6f03c2a2344b8967ea",
                "e5858bbd19a092ba1b705a466ebda6f8027a2b62decd46162b16e98ec6bcd74b",
                "32980b16267dbc194f51469102a49336fd00aa91aeb44f8ea9d02e40b5dc35e5",
                "50662f43d04d2c11e7596c9ac8402fd47e7466169b4892a794fd697deee218fe",
                "574df08316ac365319ea8aef181bacd649bcdc5ae7b79d7a1790b391f124632c",
                "b3577f3fedbabbae3ca3b6652547f2117b7ca500246c133d3fc3879c2ad02e40",
                "aefe6506483454876a8d36c80347ab19c64ec3e99bd6457e18723b4c10f4bbff",
                "9846eb4488850e58c288681c1bb5f408505c9c4bb7051c772677e8cf20ec3687",
                "31ddfb0a83d27296a27f3748c7c8149a937bb56acc4551dfcc50abaaafe503b2",
                "5842584af2d3a00b531311862c9ef61dd3d6dd7547b63c794574da5b0860cd53",
                "8090d3665f745e3ce8b6ff3cb10270081a6bd97f1a3dc52aeae604adb4ccc437",
                "1d490f04773c62a1e4c40750fb3ece7b91506a4e116a8eab5f87cfb1f62a9226",
                "9bd5f3a72b72fee76d3c9ba075bacf121d8c28f54406752256c2d27741538671",
                "fb528fd048f84f41c7f36132f06781817071f4f1aeac2699f4bf0b45239df603",
                "31f63965507d32d1c16ab9ba43d3f86ed09baf1a20a1793cb69224f5d85010d7",
                "cc5ed1324f0971bbeef2a3fe7045ead8c6ecdbaf0eddd0f2d2bc4944c2c7dbb1",
                "444b29b7e91ef98574e273680dde22c40a7f31bd38e188732659021ce6a71d4f",
                "a01446bb0164fa2ae939b71362b4f8c782564c43e47f6e313102a3932ac7ab08",
                "3d362ee2f4aa6e5d93718de50a3182472d7119c46efcb9c19c553fb041904e6b",
                "19cab580df7eaf45f4beb8a0d3d833189b232fd9c2976a1ae23a269b334f6249",
                "8a104ed4b37b107bf2d28db147ba2da8cb06ead2968dc60f91226c8c6fbc54fb",
                "d0067ef71938f71fd7e4da94d831c620bddbf0dd690d47378a194f1f2a33cae5",
                "a9ee66a5fa76cca66fe5d8d2ea5e503768f84aebb103a59aac3ae38d70ecc2a8",
                "893e4ec7c0ca427de78152caadd5b5832f92a6cba0eed25e97576bf98104bae2",
                "ed825dbc0be22de2dfcb9cee4c202211598a0c06491d5d39f10f5d8cecc30e8c",
                "77360bde4b6a64723a9564b54ad10f7519e4e0071c367cf5504e789fa06f6980",
                "20c8c518ed792bf95af760eb430ff4942928d90d3998a81b2f347c9d5d10f793",
                "45ad2917b8c898179e23aaf6491a697619321d04d13fffef2a84fca42c2142fc",
                "23af3f14c7b05b4cd4eb1c11e6d63b101b81992d577032ef3fe448e9ed291951",
                "20b9d69ebe6977c6d786dd6bc6826cb53d56a10c09dcb53beea1dafa99f71407",
                "6ed0a85ce648d2e356004d3346001a0ac5ff691f4cbb498b4bf375629513e5c4",
                "7bf5b69c3a47644e4f48eaca6900ed3ed5798ba963a83025d8ceaee784c77fa9",
                "bb9260eec8b8b4793c439dda335653c99b9924b53cee9bd3f99892380151d4dc",
                "87850bfc2ea0a871b9fcee6763ca9af3e77411b720db9b6a9f25233125a15459",
                "091529348ec76b95c7168b015fa7c7660648e45c5fde08a49e82f675936b8dde",
                "e34668c983547d03a9251e342a4c4739e00c2356ee1955acf69a244e85311000",
                "006795348752039d2f3e4b919ac9426ba8c1046e5a1799dfe04be36019a74642",
                "6647924c90ed672c9c33d2c3b3fa851ecd00d0bd92d816b0dfd373299e1b1d1c",
                "4ce3a5d41db60246e10c8b110e56ceca24ba85156d467f832086dab15fb446af",
                "8bb3f1c1e2c636347f097924f8c298b82f11be04e73734f393f4c100ccbfd87e",
                "ba994e92b7cf4d5070d03251f6bbda18d6cfbfd2db946e502dabeadc615c3d36",
                "0f998ebf15aa00fefc40e0ee7a60b4e1e7aa6faabf4f98a0a81737fa00a5344e",
                "abc4a319760d6411d7c94b2f5f481d549b050c05f39f9121655e64aedf20585c",
                "77e7d59dde39fdabf317fd0b6daaea04b9230740425b8b8d90906bd3959bda35",
                "0c5b212fcee89a2db3d014fde90fa0a6a5c564a3f80cb0a20abc9f05cd5f6389",
                "0bd7f16fc362d6d9f302cf76b7de0ab72d87236a6add521715a4743dd24710b5",
                "edd88c6cc83cbf883bd363cb666ca5318a1818ef633b836946ed5fd448170e7e",
                "f8fa9c9839e4b6a29162d1444cd661e97c5aef00b2dfe8ec104091f144c452b6",
