{
    "domain": "p7cloud.net",
    "owner": {},
    "source": [
        "DuckDuckGo-CA"
    ],
    "prevalence": 0.00284,
    "sites": 28,
    "subdomains": [
        "silo48",
        "silo26",
        "silo49",
        "silo55",
        "silo38",
        "silo90",
        "silo27",
        "silo43",
        "silo50",
        "ua",
        "location",
        "lal"
    ],
    "cnames": [],
    "fingerprinting": 1,
    "resources": [
        {
            "rule": "p7cloud\\.net\\/as1\\.js",
            "cookies": 0.00213,
            "fingerprinting": 1,
            "subdomains": [
                "silo48",
                "silo26",
                "silo49",
                "silo55",
                "silo38",
                "silo90",
                "silo27",
                "silo43",
                "silo50"
            ],
            "apis": {
                "window.localStorage": 27,
                "Date.prototype.getTime": 23,
                "Navigator.prototype.languages": 12,
                "Document.cookie getter": 23,
                "Document.cookie setter": 21,
                "window.devicePixelRatio": 1,
                "Screen.prototype.width": 1,
                "Screen.prototype.height": 1,
                "Navigator.prototype.platform": 1
            },
            "sites": 28,
            "prevalence": 0.00284,
            "cnames": [],
            "responseHashes": [
                "fa7fc8f922a5b1af7ba9ad44c7434a2e9d02cb50d72569cce4d677a68e9d8c45",
                "396504539469835b0624f6b20a0bb1233a48df64bd4328b081643c1ffb1254d5",
                "cfdacfcd4954b2b9bde708084776fbc924ab7c9bc0072c25a967875b53841e85",
                "a967c837814cb0b702eaae705aa7a175346dc256e23a96b06022057ef848cad6",
                "d8541caaedec8c9e696024e0e7913f82dd0a4cb5e82e47e5fdb2067abd984488",
                "003303a990928f7256b9d46710ef78413e27b7797a9aa35adf1e217aa6a02d49",
                "c740e773752cfcd42e19221e435a377dd854e565fdf910952e18894c92be6d07",
                "0093ba94243d17eece55926b5dc26b8e082767260aac714eb72d303454c6cf4a",
                "5b8a18ba22abb7b334214efa555bceba77a059a6ed8354b73cacba49c5af5cf1",
                "a9316b43920073bb5761558d0f89577f72274e436720f40ce748a775d88c55cb",
                "d8dc5a71aab87c7d009f3aba60fc36c2c1bdc527c37fbe2b3b57ede6f548416c",
                "d5006b909f1edfa943abe73ec2b26cb1d0a71795f2925fef1fdb00d51bb0a010",
                "09db2576690b26f02cc09feae5ed107c3b0433bc611bf098aab313bc34397c71",
                "1cc270863b5f90c6fa2511fda3e9ae06e0dd822d991e3c13f65d8cbe718f145f",
                "8f59401e4b616ff10af0ebda4f53e3f869d35dd5d816c82e158af7626cd14f88",
                "aa983459fda2efede5f4a47b8ad73e5a508c6d7d1149366d67fe7486678f0650",
                "8d18829a18d1c8ffc5bbf3d7663ab118e52498900c48f110fd14ffd3bc744ccd",
                "e1f41dcc9e8b2aebc51a0602ee20d7552428d840a5233dbcf10f4eeda5a831fa",
                "01776c2b2033ba65d554ad0e445f785a1041447e1cc457c740f98fe76139903c",
                "6fa07b7423d546ffbfc9b3076b312f13e66ec11799a7d74482547b3851f90a04",
                "b56570b29c8a7af1323c9351cfd29a13f4e4dbb4ac71598613611b5d1c57ae08",
                "f53a06ced54fe1ab7bb75b3aada30bcd5b5ba4bebc856bbce1ac37b86106abb9",
                "4f65f5f89e0181f6de7a4454c4c92a4c9ec404be9d402175d6b115fafa672dad",
                "29e9e524d5248bccd44c8d006f568fbf5b76757835a21a942ab379d17d21f884",
                "1151f043b0d341ee070ae6509eda9e9fe60ec1e6a03448c96dd3d64574e63cda"
            ],
            "type": "Script",
            "firstPartyCookies": {
                "aspan_s": {
                    "ttl": 1811,
                    "length": 21,
                    "prevalence": 0.0021317632727641863,
                    "uniqueness": 1
                }
            },
            "firstPartyCookiesSent": {
                "lotame_domain_check": 0.00020302507359658918,
                "_li_dcdm_c": 0.0013196629783778296
            },
            "exampleSites": [
                "cars.usnews.com",
                "fortune.com",
                "health.usnews.com",
                "nypost.com",
                "twinfinite.net",
                "www.newsweek.com",
                "decider.com",
                "gamerjournalist.com",
                "pagesix.com",
                "attackofthefanboy.com",
                "www.gameskinny.com",
                "www.usnews.com",
                "www.refinery29.com",
                "www.gamepur.com",
                "www.usmagazine.com",
                "travel.usnews.com",
                "primagames.com",
                "www.womansworld.com",
                "wegotthiscovered.com",
                "www.sciencefocus.com"
            ]
        },
        {
            "rule": "p7cloud\\.net\\/if\\.html",
            "cookies": 0.00264,
            "fingerprinting": 1,
            "subdomains": [
                "silo48",
                "silo26",
                "silo49",
                "silo55",
                "silo38",
                "silo90",
                "silo27",
                "silo43"
            ],
            "apis": {
                "Date.prototype.getTime": 26,
                "Document.cookie setter": 26,
                "Document.cookie getter": 16,
                "window.localStorage": 13
            },
            "sites": 27,
            "prevalence": 0.00274,
            "cnames": [],
            "responseHashes": [
                "f10b55fc648ebc29d5188fd4314d67c6afc38eca17e1c04ba2eb22bc1a7e5069"
            ],
            "type": "Document",
            "firstPartyCookies": {
                "arcid": {
                    "ttl": 7776023,
                    "length": 34,
                    "prevalence": 0.002233275809562481,
                    "uniqueness": 1
                },
                "_t": {
                    "ttl": 254,
                    "length": 3,
                    "prevalence": 0.0016242005887727134,
                    "uniqueness": 0.0625
                },
                "cohorts": {
                    "ttl": 7776025,
                    "length": 130,
                    "prevalence": 0.0013196629783778296,
                    "uniqueness": 1
                }
            },
            "firstPartyCookiesSent": {},
            "exampleSites": [
                "cars.usnews.com",
                "fortune.com",
                "health.usnews.com",
                "nypost.com",
                "twinfinite.net",
                "www.newsweek.com",
                "www.usnews.com",
                "www.womansworld.com",
                "www.firstforwomen.com",
                "decider.com",
                "pagesix.com",
                "gamerjournalist.com",
                "progameguides.com",
                "www.gamepur.com",
                "www.bikeradar.com",
                "primagames.com",
                "travel.usnews.com",
                "www.themarysue.com",
                "www.sciencefocus.com",
                "golf.com"
            ]
        },
        {
            "rule": "p7cloud\\.net\\/cpm\\.js",
            "cookies": 0,
            "fingerprinting": 0,
            "subdomains": [
                "silo48"
            ],
            "apis": {},
            "sites": 11,
            "prevalence": 0.00112,
            "cnames": [],
            "responseHashes": [
                "6558b4c93e7c2366a12f5213091cf6c0b5484653ca553f86a8a087f24e1c9fbb"
            ],
            "type": "Script",
            "firstPartyCookies": {},
            "firstPartyCookiesSent": {},