{
    "domain": "podname.com",
    "owner": {},
    "source": [
        "DuckDuckGo-CA"
    ],
    "prevalence": 0.00122,
    "sites": 12,
    "subdomains": [],
    "cnames": [],
    "fingerprinting": 2,
    "resources": [
        {
            "rule": "podname\\.com\\/dist\\/d70a86db6\\/bce6a2e34dd2a28d0976a02ab91502bf2e44cb2ba82bc\\.v2\\.js",
            "cookies": 0.000305,
            "fingerprinting": 2,
            "subdomains": [],
            "apis": {
                "Navigator.prototype.userAgent": 11,
                "window.sessionStorage": 11,
                "Navigator.prototype.language": 11,
                "CookieStore.prototype.getAll": 11,
                "window.localStorage": 11,
                "HTMLCanvasElement.prototype.toDataURL": 11,
                "Date.prototype.getTimezoneOffset": 11,
                "CookieStore.prototype.set": 3,
                "Notification.permission": 2
            },
            "sites": 11,
            "prevalence": 0.00112,
            "cnames": [],
            "responseHashes": [
                "0954bf999435824b35289fc65a35f3945ccce2e3d3d37a0bde27466e08eb178c",
                "a03adb306debd2e510394399b0c4f0d90c0ab25be7887fdd17cbc6bda4d6500a",
                "975b74f8f513f619707c63a9d44ce540ca24319256701a4be416922c6ce48db3",
                "9987f9dff9013ac8796868d41c7ccffd346b8847140bdf2cd43196ef67c1da07",
                "b3865e72454da3eda74449d35f37ba11830c217c0830dbb3261e81d7f19c46e3",
                "7fe951429b9c6e95dfebc2f63d2a32358096adef94d434213c4d65e9921ebb4d",
                "10dadfc6a89e60082ebdbc42e22014376bdb4aa1d554bfbde3ae113c25c885db",
                "2f7842c2e6c6e491540fec53adff4302f4588b490b042be43379f05b8181d5e6",
                "bf85e1a1ef5b0d0c9b439e52d6da02b3e0e8d2264f6ffa7680c2f7555fc533c0"
            ],
            "type": "Script",
            "firstPartyCookies": {},
            "firstPartyCookiesSent": {},
            "exampleSites": [
                "fextralife.com",
                "darksouls3.wiki.fextralife.com",
                "darksouls2.wiki.fextralife.com",
                "darksouls.wiki.fextralife.com",
                "divinityoriginalsin2.wiki.fextralife.com",
                "eldenring.wiki.fextralife.com",
                "eldenringnightreign.wiki.fextralife.com",
                "expedition33.wiki.fextralife.com",
                "liesofp.wiki.fextralife.com",
                "pathfinderwrathoftherighteous.wiki.fextralife.com",
                "roguetrader.wiki.fextralife.com"
            ]
        },
        {
            "rule": "podname\\.com\\/submit\\/le41j0mhz2dxua1o8qmg3iwhrnurvgtgv8p9p79ynmdfrg0",
            "cookies": 0,
            "fingerprinting": 0,
            "subdomains": [],
            "apis": {},
            "sites": 10,
            "prevalence": 0.00102,
            "cnames": [],
            "responseHashes": [
                "c76c09f2f0a45f78b9322bd60be44311f8d0fa4b30c549e1572f8e105c176768",
                "e349be028e9038a04bcbd515504e76336367bc8df17069158af52295c21869e8",
                "6ad939fc72b78ef50d68ae223182ee70b3907a0e8f6432a75fe623f402d41185"
            ],
            "type": "Fetch",
            "firstPartyCookies": {},
            "firstPartyCookiesSent": {},
            "exampleSites": [
                "fextralife.com",
                "darksouls3.wiki.fextralife.com",
                "darksouls2.wiki.fextralife.com",
                "darksouls.wiki.fextralife.com",
                "divinityoriginalsin2.wiki.fextralife.com",
                "eldenring.wiki.fextralife.com",
                "expedition33.wiki.fextralife.com",
                "liesofp.wiki.fextralife.com",
                "pathfinderwrathoftherighteous.wiki.fextralife.com",
                "roguetrader.wiki.fextralife.com"
            ]
        },
        {
            "rule": "podname\\.com\\/ler1dlr0mjlbi93o65cqxkyvvkqxlziuxx4i3hpdmn3qy0g",
            "cookies": 0,
            "fingerprinting": 0,
            "subdomains": [],
            "apis": {},
            "sites": 2,
            "prevalence": 0.000203,
            "cnames": [],
            "responseHashes": [
                "33c70c297b1a729f965a6aca60b7b3bb7a3b06bd13efe07698516fa98ac8b9f9"
            ],
            "type": "Fetch",
            "firstPartyCookies": {},
            "firstPartyCookiesSent": {},
            "exampleSites": [
                "fextralife.com",
                "liesofp.wiki.fextralife.com"
            ]
        }
    ],
    "categories": [],
    "performance": {},
    "cookies": 0.000406,
    "topInitiators": [
        {
            "domain": "adsninja.ca",
            "prevalence": 0.9166666666666666
        },
        {
            "domain": "first party",
            "prevalence": 0.08333333333333333
        }
    ],
    "types": {
        "Script": 11,
        "Fetch": 12
    },
    "nameservers": [
        "ns-1606.awsdns-08.co.uk",
        "ns-504.awsdns-63.com",
        "ns-1256.awsdns-29.org",
        "ns-909.awsdns-49.net"
    ]
}