{
    "domain": "syndicatedsearch.goog",
    "owner": {},
    "source": [
        "DuckDuckGo-CA"
    ],
    "prevalence": 0.00183,
    "sites": 18,
    "subdomains": [],
    "cnames": [],
    "fingerprinting": 1,
    "resources": [
        {
            "rule": "syndicatedsearch\\.goog\\/afs\\/ads",
            "cookies": 0,
            "fingerprinting": 0,
            "subdomains": [],
            "apis": {},
            "sites": 18,
            "prevalence": 0.00183,
            "cnames": [],
            "responseHashes": [
                "f0f6f62c691d51d1eb75ffc4d5f0a6d0afb180a0ad847959ff214758d5986fae",
                "70532e9cb45d2d410e1e2b24d0cca4090b8e0d78a4c50b51ea7d7233074f26c7",
                "8b63938144a6738e076e5a4d1349d8e8052a7cc81c7b8e594f00eedd22f112c4",
                "b288dd3473256b9eda1ea32087c963203ee06b15c07d5414178fb87a083dc966",
                "ecfef80d69a6a2d492531c6b1b1eff648d6eb4eb8b6c7ef727d4398e068cecd5",
                "432f4a04c3d92dbf6ef742d8352ed1bd3f48fd563000e3a81dd858e02d46c937",
                "7e5b799c7a3d36218471bec4bb9e5145d9434b256b09f0206389f3da5351a9b6",
                "5dd4d802276cd1f03d0786604706b83a4ffe6a08b8a2532cb372e6fe1f4c4e69",
                "b5c0ecf6d9a206c00f7e82854b682567d8f4eade156c03e7007efeba331f303e",
                "4cfc99e113373069afcdb03200bdb3f19886888bcd4d1b3bf11704f0e0e3c213",
                "891d60dde7d88392cf107667420b83432ef835c42d7f9356bbd68500cba8fd5c",
                "eac9d49c620a773b0ce31c0dfb3d99cd88f3afdb5d39063d244bd49576b023ba",
                "dfe0413c0e62c7e82d2f6329f41f12d5f66074945a43ac0d79883a01ba929132",
                "dd4170775ed1e79bb4431791ef7a9c6f16ce3664b640e8094e042a9d9a1a662f",
                "a2700d24e3f36e49e242195a860f38e507d75e72db1b3afd71bfa1ba24e2ddfd",
                "d666f913f5f56371b3d97d64209aeacd3d04c1ec384b2e4b86c965629ebc5f8a",
                "6521c46cee20a790e2e4375b372af6c9c74e43e098cd0797e87cdd10e72f449e"
            ],
            "type": "Document",
            "firstPartyCookies": {},
            "firstPartyCookiesSent": {},
            "exampleSites": [
                "chatiw.com",
                "convertunits.online",
                "erome.io",
                "hatchjs.com",
                "mapliv.com",
                "opengovca.com",
                "plant4harvest.com",
                "tenantrights.ca",
                "uhmegle.com",
                "weather-and-climate.com",
                "www.cgaa.org",
                "www.chatiw.com",
                "www.easeweather.com",
                "www.insectidentification.org",
                "www.leolist.ca",
                "www.linuxquestions.org",
                "www.taxtips.ca",
                "www.worldstandards.eu"
            ]
        },
        {
            "rule": "syndicatedsearch\\.goog\\/adsense\\/search\\/ads\\.js",
            "cookies": 0,
            "fingerprinting": 1,
            "subdomains": [],
            "apis": {
                "Date.prototype.getTime": 16,
                "Navigator.prototype.userAgent": 14,
                "window.name": 12
            },
            "sites": 16,
            "prevalence": 0.00162,
            "cnames": [],
            "responseHashes": [
                "734e6415bb2ad2b91198950574f104de47bd731a81eba621783e74c4ff8cf673",
                "671f479eb630cf0bd2c9b9c14304f734a93d763713916d591fa697558705cd92",
                "3c34223567386dbda5d7adbf2018c06de2da8393372ed0917eec4969f3fc1612",
                "5482bbb9c74807b2fabbf3cb4b5c4f4d2a264f45cbce0eedbc917be6b84553a9",
                "f3052536a7e1477369e1b710497c53d458ab20d7714f66a17c4065786ba38dbb"
            ],
            "type": "Script",
            "firstPartyCookies": {},
            "firstPartyCookiesSent": {},
            "exampleSites": [
                "chatiw.com",
                "convertunits.online",
                "hatchjs.com",
                "mapliv.com",
                "opengovca.com",
                "plant4harvest.com",
                "tenantrights.ca",
                "uhmegle.com",
                "weather-and-climate.com",
                "www.cgaa.org",
                "www.chatiw.com",
                "www.easeweather.com",
                "www.insectidentification.org",
                "www.linuxquestions.org",
                "www.taxtips.ca",
                "www.worldstandards.eu"
            ]
        },
        {
            "rule": "syndicatedsearch\\.goog\\/afs\\/gen_204",
            "cookies": 0,
            "fingerprinting": 0,
            "subdomains": [],
            "apis": {},
            "sites": 16,
            "prevalence": 0.00162,
            "cnames": [],
            "responseHashes": [
                "e3b0c44298fc1c149afbf4c8996fb92427ae41e4649b934ca495991b7852b855"
            ],
            "type": "Image",
            "firstPartyCookies": {},
            "firstPartyCookiesSent": {},
            "exampleSites": [
                "chatiw.com",
                "convertunits.online",
                "erome.io",
                "hatchjs.com",
                "plant4harvest.com",
                "tenantrights.ca",
                "uhmegle.com",
                "weather-and-climate.com",
                "www.cgaa.org",
                "www.chatiw.com",
                "www.easeweather.com",
                "www.insectidentification.org",
                "www.leolist.ca",
                "www.linuxquestions.org",
                "www.taxtips.ca",
                "www.worldstandards.eu"
            ]
        },
        {
            "rule": "syndicatedsearch\\.goog\\/adsense\\/domains\\/caf\\.js",
            "cookies": 0,
            "fingerprinting": 1,
            "subdomains": [],
            "apis": {
                "Date.prototype.getTime": 2,
                "Navigator.prototype.userAgent": 2,
                "window.name": 2
            },
            "sites": 2,
            "prevalence": 0.000203,
            "cnames": [],
            "responseHashes": [
                "0713c777bb709246e5903f59b82f2334ecb8484d095104b9f5d6fc7c8a2c6d2d"
            ],
            "type": "Script",
            "firstPartyCookies": {},
            "firstPartyCookiesSent": {},
            "exampleSites": [
                "erome.io",
                "www.leolist.ca"
            ]
        }
    ],
    "categories": [],
    "performance": {},
    "cookies": 0,
    "topInitiators": [
        {
            "domain": "google.com",
            "prevalence": 1
        }
    ],
    "types": {
        "Document": 18,
        "Script": 18,
        "Image": 16
    },
    "nameservers": [
        "ns3.google.com",
        "ns2.google.com",
        "ns4.google.com",
        "ns1.google.com"
    ]
}