{
    "domain": "tctm.co",
    "owner": {
        "name": "Call Tracking Metrics LLC",
        "displayName": "Call Tracking Metrics"
    },
    "source": [
        "DuckDuckGo-CA"
    ],
    "prevalence": 0.000914,
    "sites": 9,
    "subdomains": [
        "94058",
        "537969",
        "486917",
        "310659",
        "459974",
        "346055",
        "440875",
        "230186",
        "64459"
    ],
    "cnames": [],
    "fingerprinting": 1,
    "resources": [
        {
            "rule": "tctm\\.co\\/t\\.js",
            "cookies": 0.000914,
            "fingerprinting": 1,
            "subdomains": [
                "94058",
                "537969",
                "486917",
                "310659",
                "459974",
                "346055",
                "440875",
                "230186",
                "64459"
            ],
            "apis": {
                "Document.cookie getter": 6,
                "Navigator.prototype.userAgent": 6,
                "window.localStorage": 6,
                "Date.prototype.getTime": 6,
                "Document.cookie setter": 6
            },
            "sites": 9,
            "prevalence": 0.000914,
            "cnames": [],
            "responseHashes": [
                "0265d93adef493a495ae65fdb2c1ae5f58cfdbc94debe49f9203d2ae0af811ae",
                "8e887d0eafe242405964a213eb4099f79f680c58422da3c2006eb51fc5bfabd5",
                "e1c621ce034b9cc9cf6cb582f372b118a4d269445e88343ae91d3efdc42d6eb1",
                "1491cd55344eb3802e9fb3a89041b6037f1cffc3c2da3dbf6f4ef28fa280b903",
                "01ba4719c80b6fe911b091a7c05124b64eeece964e09c058ef8f9805daca546b",
                "3b78c1675d495ec4ba07995c6619716341b1830c55d5ee0aec97e0b60d5fd86f"
            ],
            "type": "Script",
            "firstPartyCookies": {
                "__ctmid": {
                    "ttl": 2592006,
                    "length": 24,
                    "prevalence": 0.0006090752207897675,
                    "uniqueness": 1
                }
            },
            "firstPartyCookiesSent": {},
            "exampleSites": [
                "baybloorradio.com",
                "canadianpreparedness.com",
                "carcostcanada.com",
                "propertyguys.com",
                "urban-planet.com",
                "www.airliquide.ca",
                "www.kmstools.com",
                "www.traversiers.com",
                "www.vbce.ca"
            ]
        }
    ],
    "categories": [],
    "performance": {},
    "cookies": 0.000914,
    "topInitiators": [
        {
            "domain": "googletagmanager.com",
            "prevalence": 0.7777777777777778
        },
        {
            "domain": "first party",
            "prevalence": 0.2222222222222222
        }
    ],
    "types": {
        "Script": 9
    },
    "nameservers": [
        "ns-1163.awsdns-17.org",
        "ns-603.awsdns-11.net",
        "ns-425.awsdns-53.com",
        "ns-1852.awsdns-39.co.uk"
    ]
}