{
    "domain": "villagemedia.ca",
    "owner": {},
    "source": [
        "DuckDuckGo-CA"
    ],
    "prevalence": 0.000914,
    "sites": 9,
    "subdomains": [
        "weather"
    ],
    "cnames": [],
    "fingerprinting": 0,
    "resources": [
        {
            "rule": "villagemedia\\.ca\\/weatherwidget",
            "cookies": 0,
            "fingerprinting": 0,
            "subdomains": [
                "weather"
            ],
            "apis": {},
            "sites": 8,
            "prevalence": 0.000812,
            "cnames": [],
            "responseHashes": [
                "4880f016f28083187a7bd46c97b221747ee7fbe5d748d0c5557df7934e04910a",
                "0bf4b344c152482ea2da9ee10e0046f0c676e3d77d4ea6669acfa3796097357a",
                "7a37a68263bef5fb6164b119e5315993999517e874571377a0d381b35af48924",
                "2ea42bd180e3d1f98dc04912ac8a503ba0660a5e583baf37503e79ba27118c16",
                "69b68bef20f7ba46860f9eaa82fcc9833ae9a1501acb278c7f1d8a0988081ba9",
                "4fe7ee00140ff8e64e0a1f2e8e435bcfa8786b05fd26ec5c288b7941308f4b04",
                "50a206ae79e55f90685571b3b95be19c0d18b0a394f5f478874dbf542edc172c"
            ],
            "type": "XHR",
            "firstPartyCookies": {},
            "firstPartyCookiesSent": {},
            "exampleSites": [
                "burnabynow.com",
                "www.coastreporter.net",
                "www.nsnews.com",
                "www.piquenewsmagazine.com",
                "www.prpeak.com",
                "www.richmond-news.com",
                "www.squamishchief.com",
                "www.vancouverisawesome.com"
            ]
        }
    ],
    "categories": [],
    "performance": {},
    "cookies": 0,
    "topInitiators": [
        {
            "domain": "first party",
            "prevalence": 1
        }
    ],
    "types": {
        "XHR": 8
    },
    "nameservers": [
        "pearl.ns.cloudflare.com",
        "braden.ns.cloudflare.com"
    ]
}