{
    "domain": "wisepops.net",
    "owner": {},
    "source": [
        "DuckDuckGo-CA"
    ],
    "prevalence": 0.00183,
    "sites": 18,
    "subdomains": [],
    "cnames": [],
    "fingerprinting": 2,
    "resources": [
        {
            "rule": "wisepops\\.net\\/loader\\.js",
            "cookies": 0.000508,
            "fingerprinting": 2,
            "subdomains": [],
            "apis": {
                "window.sessionStorage": 6,
                "window.localStorage": 6,
                "Document.cookie getter": 5,
                "Document.cookie setter": 5,
                "Date.prototype.getTime": 6,
                "window.innerHeight": 6,
                "window.innerWidth": 6,
                "Navigator.prototype.cookieEnabled": 6,
                "Intl.DateTimeFormat.prototype.resolvedOptions": 6
            },
            "sites": 18,
            "prevalence": 0.00183,
            "cnames": [],
            "responseHashes": [
                "fe2c9e351e17b7d47f24022059387af08c04bf8ed91de1c150e333ce9fbd144d",
                "5847055b369a9a5bfe592e9004ccad45734d60a6ab49c5e08cbf258f6c121021",
                "9fb25221d9d340afea4bd9a8f1b5a85c02948ea164e1c0d81548c6223bae5502",
                "bd292c51e2bf71aa7a1a8a98d4f2e27b9c2fce4672d35cd719878c79d5443836",
                "6285d16405f8d6882485fd19d19ba1660b791641264e89befa0a185a3099fceb",
                "f84e954416884bbe73bd1ef195051e32c8f80b5789b2fcdce166d6c2d2fec31f",
                "e3b0c44298fc1c149afbf4c8996fb92427ae41e4649b934ca495991b7852b855",
                "6404b674db62150df9fbfc37e06be03dcaa09a2ae090ef5b50dbac648ad38dc9",
                "ec34ee7c63e45f2925325fe3bcf026c94c3e1dd1cea11dfee073d08ec8710f0a",
                "c46fe65e39d22e64dee0cb4822766d1e72b74538c5795c193d5ced82b74770a7",
                "a7f012be24fa1a75df92768f544e2d5e47a0f8f3ecf167d788bceb943eb40f4b",
                "351504ae95bc6b85f54675db3cbe33c7a45c32f3b2e965ce5820eac93621d962",
                "9d3b29b683ca44a6cb8e000176210342799f064f4e9e679655a2ff64eedacb30"
            ],
            "type": "Script",
            "firstPartyCookies": {
                "wisepops_tld": {
                    "ttl": 21,
                    "length": 1,
                    "prevalence": 0.000507562683991473,
                    "uniqueness": 0.2
                },
                "wisepops": {
                    "ttl": 63072000,
                    "length": 157,
                    "prevalence": 0.000507562683991473,
                    "uniqueness": 1
                },
                "wisepops_session": {
                    "ttl": null,
                    "length": 301,
                    "prevalence": 0.000507562683991473,
                    "uniqueness": 1
                },
                "wisepops_visitor": {
                    "ttl": 63072000,
                    "length": 67,
                    "prevalence": 0.000507562683991473,
                    "uniqueness": 1
                },
                "wisepops_visits": {
                    "ttl": 63072000,
                    "length": 40,
                    "prevalence": 0.000507562683991473,
                    "uniqueness": 1
                },
                "wisepops_props": {
                    "ttl": 63072000,
                    "length": 38,
                    "prevalence": 0.00010151253679829459,
                    "uniqueness": 1
                }
            },
            "firstPartyCookiesSent": {},
            "exampleSites": [
                "alzheimer.ca",
                "bike.shimano.com",
                "defender.ca",
                "defender.com",
                "learn.ligonier.org",
                "realtruck.com",
                "silvergoldbull.ca",
                "thedrardisshow.com",
                "timex.ca",
                "www.bmr.ca",
                "www.canadaluggagedepot.ca",
                "www.dailywire.com",
                "www.flightcentre.ca",
                "www.lelo.com",
                "www.patheos.com",
                "www.scenic.ca",
                "www.spacelist.ca",
                "www.washingtonexaminer.com"
            ]
        },
        {
            "rule": "wisepops\\.net\\/id",
            "cookies": 0,
            "fingerprinting": 0,
            "subdomains": [],
            "apis": {},
            "sites": 12,
            "prevalence": 0.00122,
            "cnames": [],
            "responseHashes": [
                "6bc41998ac532f5ab89baef986e9aa7195660355f8c5366cb7f22cd62dc31188",
                "4d132aa1e1935c6f98d8a5dcc7d112b2bfc6721aa53365b35f621ca58ced02df",
                "6a63028efd92c18ea80774d8864d65c54b2279150c3becd4025559adb00b2e8c",
                "cec410325b93586a6c349deaf7272eb8c6a1e8147a34b020fc862cb65259cd7a",
                "9ce703dcd3d5f681d25ecb403ad10548f8512d256726da0c23dac2d00b543ff0",
                "3471ed11be6e7d45ae2b531b085171dd7141a94bdf50c91891685c05d7d191ed",
                "449c744faf57e234548437e166ec5526b8ac296f041ff68364b847fac59cda55",
                "091dea1356a4954059905203dafa464391891f4093a9dd1f637244ae1fa41796",
                "88a92900f85fa46b851c6eb50e0551e01a2c3ba9d68343fdb7d78699899d9b71",
                "0efc91b728ad86e516e7baba31da5305ae66641db15b96f849d1ef9b6616ca62",
                "317b761df848e481a00a25ace009b2d4dc2c510d46d3acb9f3bb9794c5bceae1"
            ],
            "type": "Fetch",
            "firstPartyCookies": {},
            "firstPartyCookiesSent": {},
            "exampleSites": [
                "shimano.com",
                "defender.ca",
                "defender.com",
                "learn.ligonier.org",
                "silvergoldbull.ca",
                "timex.ca",
                "www.dailywire.com",
                "www.flightcentre.ca",
                "www.lelo.com",
                "www.patheos.com",
                "www.scenic.ca",
                "www.spacelist.ca"
            ]
        },
        {
            "rule": "wisepops\\.net\\/my-wisepop",
            "cookies": 0,
            "fingerprinting": 0,
            "subdomains": [],
            "apis": {},
            "sites": 12,
            "prevalence": 0.00122,
            "cnames": [],
            "responseHashes": [
                "4d86867680309e517e4e75e7a5a75a704465d78cee428c2ef89be97a458e970a",
                "acccbff4ad6a838be2fba3820bcf826c3d2a81895e9385b8babb0f0b0b340926",
                "74a5a1455898514e4513d971c5f0ab0d17395ab17560424594f0cbfed418f387",
                "d31ba92ebee1c7a349816de84efe6521667c266a064a1e5d680137fd58f96b0b",
                "40be1a5db09f6820495618cdc1a1d0902c3bba5d9407727797e820191640bd8e",
                "c036b45a98fe17037c60da94ee5ab2b4352ead9f2512a1ff063247c8dcd1a7d2",
                "068eef27f9e5c600d799e7d7ce855a8ba334b236001ded39a84ed439ec2c0ff3",
                "38f9bca634b123e7e96ef7570d8affa6f43c5ff06bc70c0785dc8d967169987a",
                "fe9427f0d54fbe355ad9eb771583f9a20dedb7538c533a68987b765f602bbe7c"
            ],
            "type": "XHR",
            "firstPartyCookies": {},
            "firstPartyCookiesSent": {},
            "exampleSites": [
                "shimano.com",
                "defender.ca",
                "defender.com",
                "learn.ligonier.org",
                "silvergoldbull.ca",
                "timex.ca",
                "www.dailywire.com",
                "www.flightcentre.ca",
                "www.lelo.com",
                "www.patheos.com",
                "www.scenic.ca",
                "www.spacelist.ca"
            ]
        }
    ],
    "categories": [],
    "performance": {},
    "cookies": 0.000609,
    "topInitiators": [
        {
            "domain": "first party",
            "prevalence": 0.5714285714285714
        },
        {
            "domain": "googletagmanager.com",
            "prevalence": 0.16666666666666666
        },
        {
            "domain": "wisepops.com",