{
    "domain": "adcalls.nl",
    "owner": {},
    "source": [
        "DuckDuckGo-NL"
    ],
    "prevalence": 0.000808,
    "sites": 8,
    "subdomains": [
        "api"
    ],
    "cnames": [],
    "fingerprinting": 1,
    "resources": [
        {
            "rule": "adcalls\\.nl\\/API\\/v3\\/createCookie\\.json",
            "cookies": 0,
            "fingerprinting": 0,
            "subdomains": [
                "api"
            ],
            "apis": {},
            "sites": 8,
            "prevalence": 0.000808,
            "cnames": [],
            "responseHashes": [
                "9a01b76731850b844fc78e688404e549e8329f8c91b8d1a4d7f8f6cf88fce626",
                "a647c11377635184ce6ba238bc986cc90ddd6c24ce8faedbc9fad392df44284d",
                "cfdcf92eff2c3ba26695daed3ebf37252fca11e39e9d0f066055660dd34a98db",
                "c743398950e36edb4dbe68b1af7ec330abd8f23f7dcf01a00a8c62e6b93622d9",
                "fab76929ac4bfd8a73fc80e67a80a42fc8d1104cc7b4facd918b0574eb1d9981"
            ],
            "type": "XHR",
            "firstPartyCookies": {},
            "firstPartyCookiesSent": {
                "_ga": 0.00020206102242877348,
                "acalltrackerreferrer": 0.00010103051121438674,
                "__BillyPix_uid": 0.00010103051121438674,
                "__BillyPix_sid": 0.00010103051121438674
            },
            "exampleSites": [
                "beestjeskwijt.nl",
                "fysiotherapie4all.nl",
                "podotherapeut.nl",
                "www.ambtadvocaten.nl",
                "www.dela.nl",
                "www.loetje.nl",
                "www.mangomobility.nl",
                "www.openluchtmuseum.nl"
            ]
        }
    ],
    "categories": [],
    "performance": {},
    "cookies": 0.000808,
    "topInitiators": [
        {
            "domain": "first party",
            "prevalence": 0.6923076923076923
        },
        {
            "domain": "googletagmanager.com",
            "prevalence": 0.23076923076923078
        },
        {
            "domain": "ltje.nl",
            "prevalence": 0.07692307692307693
        }
    ],
    "types": {
        "XHR": 8
    },
    "nameservers": [
        "ns-472.awsdns-59.com",
        "ns-971.awsdns-57.net",
        "ns-1341.awsdns-39.org",
        "ns-1721.awsdns-23.co.uk"
    ]
}