{
    "domain": "clerk.io",
    "owner": {},
    "source": [
        "DuckDuckGo-NL"
    ],
    "prevalence": 0.000707,
    "sites": 7,
    "subdomains": [
        "api",
        "cdn"
    ],
    "cnames": [],
    "fingerprinting": 1,
    "resources": [
        {
            "rule": "clerk\\.io\\/v2\\/config\\/load",
            "cookies": 0,
            "fingerprinting": 0,
            "subdomains": [
                "api"
            ],
            "apis": {},
            "sites": 7,
            "prevalence": 0.000707,
            "cnames": [],
            "responseHashes": [
                "5bd6c42d76810cb73c08d2a6b12b575272416c7cc0935a941022cfa09416e2a0",
                "3a112ebd0ed8d526d86f45b8f82e7c7a95a59f77cc7b5e62f08620c0fab67419",
                "11a567d49162a3011814da990f25a2ba9f79c8fb500b91ed99a83e694bdc3bee",
                "8b7b816e87a9578e301ad3fefda081c28a3a8add712e5bb6b6dd287d10207d78",
                "5900e164258c875d7e2b982686d3b2ff9743931d080231fbd6bfd8b5e7ddbdf1",
                "89e8d94734fdb34d3ed2c1c95529230f1c1693453d72806c7dd5151677dd8df0"
            ],
            "type": "Script",
            "firstPartyCookies": {},
            "firstPartyCookiesSent": {},
            "exampleSites": [
                "braumarkt.com",
                "nostalux.nl",
                "rvsland.nl",
                "sailspecials.nl",
                "www.groenehoedduurzaam.nl",
                "www.techniekwebshop.nl",
                "www.voetbalshop.nl"
            ]
        },
        {
            "rule": "clerk\\.io\\/v2\\/config\\/designs",
            "cookies": 0,
            "fingerprinting": 0,
            "subdomains": [
                "api"
            ],
            "apis": {},
            "sites": 6,
            "prevalence": 0.000606,
            "cnames": [],
            "responseHashes": [
                "efd26ced9227eeaf9040125e0f38367c2f04009047ba87a92ef9447e3396fb4c",
                "a9982322fbf90c490fd2c182e25d7e2573de9cba34822e539106757539c86636",
                "1ae5b6d926e88105426283e112917778b0a99479db3aaa5266c7ee55d6028ce6",
                "fc2992ff92acfad46706b1156ebcf954c464a814678d417dad812ed073d0aae0",
                "9198e82de7f8863fc77cd90925d0e1da8fcde3196d8c2264dcd0ecd903846248"
            ],
            "type": "Script",
            "firstPartyCookies": {},
            "firstPartyCookiesSent": {},
            "exampleSites": [
                "braumarkt.com",
                "nostalux.nl",
                "rvsland.nl",
                "sailspecials.nl",
                "www.groenehoedduurzaam.nl",
                "www.voetbalshop.nl"
            ]
        },
        {
            "rule": "clerk\\.io\\/v2\\/log\\/pageview",
            "cookies": 0,
            "fingerprinting": 0,
            "subdomains": [
                "api"
            ],
            "apis": {},
            "sites": 7,
            "prevalence": 0.000707,
            "cnames": [],
            "responseHashes": [
                "e5f09434d09353e6ff7c4be00066b55648d8aa472aa6320d91067ce984dd7de2",
                "cfad76da02936d638a82ce0fd60efa495a2468905fc57b8f03cce631a2937309"
            ],
            "type": "Script",
            "firstPartyCookies": {},
            "firstPartyCookiesSent": {},
            "exampleSites": [
                "braumarkt.com",
                "nostalux.nl",
                "rvsland.nl",
                "sailspecials.nl",
                "www.groenehoedduurzaam.nl",
                "www.techniekwebshop.nl",
                "www.voetbalshop.nl"
            ]
        },
        {
            "rule": "clerk\\.io\\/clerk\\.js",
            "cookies": 0,
            "fingerprinting": 1,
            "subdomains": [
                "cdn"
            ],
            "apis": {
                "Navigator.prototype.userAgent": 5,
                "window.innerWidth": 5,
                "window.innerHeight": 5,
                "window.sessionStorage": 5,
                "Navigator.prototype.language": 5,
                "window.localStorage": 5,
                "Date.prototype.getTime": 5
            },
            "sites": 5,
            "prevalence": 0.000505,
            "cnames": [],
            "responseHashes": [
                "606618d9e8f26c155709c7596b1703436ce9771df8c727630242ffb655229163"
            ],
            "type": "Script",
            "firstPartyCookies": {},
            "firstPartyCookiesSent": {},
            "exampleSites": [
                "nostalux.nl",
                "sailspecials.nl",
                "www.groenehoedduurzaam.nl",
                "www.techniekwebshop.nl",
                "www.voetbalshop.nl"
            ]
        }
    ],
    "categories": [],
    "performance": {},
    "cookies": 0,
    "topInitiators": [
        {
            "domain": "first party",
            "prevalence": 0.4166666666666667
        },
        {
            "domain": "omnisnippet1.com",
            "prevalence": 0.4166666666666667
        },
        {
            "domain": "cookiebot.com",
            "prevalence": 0.08333333333333333
        },
        {
            "domain": "usercentrics.eu",
            "prevalence": 0.08333333333333333
        }
    ],
    "types": {
        "Script": 25
    },
    "nameservers": [
        "ns-158.awsdns-19.com",
        "ns-2015.awsdns-59.co.uk",
        "ns-1077.awsdns-06.org",
        "ns-857.awsdns-43.net"
    ]
}