{
    "domain": "cq0.co",
    "owner": {},
    "source": [
        "DuckDuckGo-NL"
    ],
    "prevalence": 0.00172,
    "sites": 17,
    "subdomains": [
        "doh"
    ],
    "cnames": [],
    "fingerprinting": 0,
    "resources": [
        {
            "rule": "cq0\\.co\\/resolve",
            "cookies": 0,
            "fingerprinting": 0,
            "subdomains": [
                "doh"
            ],
            "apis": {},
            "sites": 17,
            "prevalence": 0.00172,
            "cnames": [],
            "responseHashes": [
                "6a2dc2010eff421a1e9b8e98bd74553dc603de98d365417bf65335a4dd133dd7",
                "7072a2601d45b00c4073e6a484b45f0e30c0e976ad30b1a8c008b6c6c7e92bbd",
                "3d2b8fcf5bf43862b0486c528e827841d39ba1c22e59309fd123bec1497327ae",
                "847c9ec34831fd476fb83cd32bcf25fe19a5411bb073f269b5dc1f3136232bcc",
                "fa093d977de9bffe1b2b5571e47272cc3ff88decac35ebac15be73bd84f4b3f5",
                "10e7c5a1380ecdf3f4296484ee5dce172c44147c68c17a61d478d469bc7117cd",
                "75a1cc6c902934eb8af00f646431c434e8d994c808b592f6a5b7af3ebd0bac7e",
                "c24d0a0f95789a084af4f4bea64baafe7a32640fcd2424f4c07cb24597ca36a8",
                "2131919a1a009f991a5c72e0e45cfc749f8d5e85d81631849f9fb617255be80f",
                "a251b22d350d0f710bbca49f9a972b49b5e839dc1a662dc67289e14d77fddd07",
                "a84ff38ed13a9c796621f4712d5253abfef347036794aebb7e8ef1ba70f5a2ef",
                "defe1602ced1b5572e3f2f6af0b0dacf2d705305514444f0ce80ae20c73f703f",
                "ef283731160cbfe1fd9ee5f58f20943d100bdff456bf107dca585a1bbeba78f1",
                "73a7f87278049d6d3329bcce00508a17070555ab0f5002e778a81c17e4f6a6df",
                "01caa9d05ab4a6257b653f797661a25f9a14b2d53b909eaeb5523a19078b5908",
                "4cae020566bd5c3f81b2f7e30ca6e4c19a95cbdf0fa055ba4582c6da0445a23f"
            ],
            "type": "Fetch",
            "firstPartyCookies": {},
            "firstPartyCookiesSent": {
                "s_gpv_custom": 0.00010103051121438674
            },
            "exampleSites": [
                "go.com",
                "moviesanywhere.com",
                "nl.norton.com",
                "www.audi.nl",
                "www.bhphotovideo.com",
                "www.britishairways.com",
                "www.ccleaner.com",
                "www.delta.com",
                "www.disney.nl",
                "www.easyjet.com",
                "www.espn.nl",
                "www.espncricinfo.com",
                "www.espn.com",
                "www.latimes.com",
                "www.mayoclinic.org",
                "www.toyota.com",
                "www.volkswagen.nl"
            ]
        }
    ],
    "categories": [],
    "performance": {},
    "cookies": 0,
    "topInitiators": [
        {
            "domain": "first party",
            "prevalence": 0.47368421052631576
        },
        {
            "domain": "espn.com",
            "prevalence": 0.21052631578947367
        },
        {
            "domain": "ensighten.com",
            "prevalence": 0.10526315789473684
        },
        {
            "domain": "audi.com",
            "prevalence": 0.05263157894736842
        },
        {
            "domain": "bhphoto.com",
            "prevalence": 0.05263157894736842
        },
        {
            "domain": "californiatimes.com",
            "prevalence": 0.05263157894736842
        },
        {
            "domain": "lighthouselabs.eu",
            "prevalence": 0.05263157894736842
        }
    ],
    "types": {
        "Fetch": 17
    },
    "nameservers": [
        "ns-1857.awsdns-40.co.uk",
        "ns-682.awsdns-21.net",
        "ns-488.awsdns-61.com",
        "ns-1240.awsdns-27.org"
    ]
}