{
    "domain": "da7a60f765.com",
    "owner": {},
    "source": [
        "DuckDuckGo-NL"
    ],
    "prevalence": 0.00182,
    "sites": 18,
    "subdomains": [
        "447c339ed2"
    ],
    "cnames": [],
    "fingerprinting": 0,
    "resources": [
        {
            "rule": "da7a60f765\\.com\\/in\\/multy",
            "cookies": 0,
            "fingerprinting": 0,
            "subdomains": [
                "447c339ed2"
            ],
            "apis": {},
            "sites": 18,
            "prevalence": 0.00182,
            "cnames": [],
            "responseHashes": [
                "0fd02befba57a07c888015d8cd5af72548105ee3cc9ca59924fbbfa0b933ba7c",
                "a3bf542a6e496adf2cec08dd3546eb75ec5c56bb10b36ca39aae410f7c13ecd8",
                "bacb017ccb078c9d4b9263ed83fa83d33a4c35fee1c40ebf6af2294034c60d76",
                "7f8293959f377284abc9d0ca7780de400c5da6be758b9c81d57cfad54118a875",
                "bd58c03ea9f38728af7b0056d2245166419b0fd869a28b09733780ab3fc62aa7",
                "e0ea82c28d81506727ea067f4e23abbac5040ba34b348a43501aaa318c43b238",
                "b7988de31cf42ac42ab052240f12b46eb427958c748dc8aae4793a35e560581e",
                "e6cf0c24e3efb6b7cf30ec393b14ea4f20789219e8a6863187bd4ebde8fc5b87",
                "319b76cb83940b1ffac50185eaca7c8bd756dc6ba788cafcf4f1db0dcf99f708",
                "079ac9a674e80cafe2fc2346fbfa98b73a0849e0a544a3971fc06034700c5c15",
                "1e0a2b1d216ac5b03426537087b02a8a5fa755577eeddd33bd4b9f5188f94f47",
                "4302e39adf68ef11767e31879530bffab26bfb6ed189bd847ac3a2f598b63021",
                "e3b0c44298fc1c149afbf4c8996fb92427ae41e4649b934ca495991b7852b855",
                "3fb68d2cf4efe0fa7e27cd240fbc73e94bb8271e74146800b24a8c4509caf5a4",
                "aa6cca5bc6024226ed322a59307cdd11a2b258e559128cca227830ece1732aa1",
                "855dd5022cf8725dc13f06ee6dfb90d423f584abf3d4e8ac03e64ecdd6b9cc1d",
                "503ccd0f6176b768539ee56db80abf3fd8e403e4d1873e033689ba999a18008d"
            ],
            "type": "XHR",
            "firstPartyCookies": {},
            "firstPartyCookiesSent": {},
            "exampleSites": [
                "epornerpics.com",
                "epawg.com",
                "forcedcinema.net",
                "heavyfetish.com",
                "highporn.net",
                "hitomi.la",
                "incest.pro",
                "javhub.net",
                "mzansipornvideos.com",
                "nl.lets-rebuild.com",
                "pornovideoshub.com",
                "watchporn.to",
                "xtapes.me",
                "xxxi.porn"
            ]
        },
        {
            "rule": "da7a60f765\\.com\\/in\\/multy",
            "cookies": 0,
            "fingerprinting": 0,
            "subdomains": [
                "447c339ed2"
            ],
            "apis": {},
            "sites": 18,
            "prevalence": 0.00182,
            "cnames": [],
            "responseHashes": [],
            "type": "Preflight",
            "firstPartyCookies": {},
            "firstPartyCookiesSent": {},
            "exampleSites": [
                "epornerpics.com",
                "epawg.com",
                "forcedcinema.net",
                "heavyfetish.com",
                "highporn.net",
                "hitomi.la",
                "incest.pro",
                "javhub.net",
                "mzansipornvideos.com",
                "nl.lets-rebuild.com",
                "pornovideoshub.com",
                "watchporn.to",
                "xtapes.me",
                "xxxi.porn"
            ]
        },
        {
            "rule": "da7a60f765\\.com\\/in\\/show\\/",
            "cookies": 0,
            "fingerprinting": 0,
            "subdomains": [
                "447c339ed2"
            ],
            "apis": {},
            "sites": 17,
            "prevalence": 0.00172,
            "cnames": [],
            "responseHashes": [
                "e3b0c44298fc1c149afbf4c8996fb92427ae41e4649b934ca495991b7852b855"
            ],
            "type": "Image",
            "firstPartyCookies": {},
            "firstPartyCookiesSent": {},
            "exampleSites": [
                "epornerpics.com",
                "epawg.com",
                "forcedcinema.net",
                "heavyfetish.com",
                "highporn.net",
                "hitomi.la",
                "incest.pro",
                "javhub.net",
                "mzansipornvideos.com",
                "pornovideoshub.com",
                "watchporn.to",
                "xtapes.me",
                "xxxi.porn"
            ]
        }
    ],
    "categories": [],
    "performance": {},
    "cookies": 0,
    "topInitiators": [
        {
            "domain": "wpushsdk.com",
            "prevalence": 0.47540983606557374
        },
        {
            "domain": "61d7a302a1.com",
            "prevalence": 0.45901639344262296
        },
        {
            "domain": "first party",
            "prevalence": 0.06557377049180328
        }
    ],
    "types": {
        "XHR": 18,
        "Preflight": 18,
        "Image": 17
    },
    "nameservers": [
        "dns1.infrapu.sh",
        "dns2.infrapu.sh"
    ]
}