{
    "domain": "dpgmedia.nl",
    "owner": {
        "name": "Ringier AG",
        "displayName": "Ringier"
    },
    "source": [
        "DuckDuckGo-NL"
    ],
    "prevalence": 0.00384,
    "sites": 38,
    "subdomains": [
        "myprivacy",
        "pg",
        "login"
    ],
    "cnames": [],
    "fingerprinting": 1,
    "resources": [
        {
            "rule": "dpgmedia\\.nl\\/consent",
            "cookies": 0.00313,
            "fingerprinting": 1,
            "subdomains": [
                "myprivacy"
            ],
            "apis": {
                "Date.prototype.getTime": 31
            },
            "sites": 31,
            "prevalence": 0.00313,
            "cnames": [],
            "responseHashes": [
                "cf2e366dc70b386555fe1ceac083f5f93bf3ea9c8f5b1265c2884dba2938089b",
                "a4cf67d6dbc11dd22b0fa5d07582af0dabbe38697b0db5d5eb7e866325b34c6b",
                "bac53fd5a95e819ed3b15e848630ec5c29af8438bde6ae57e59e6105b44dda6f",
                "d93507fbfb4e112f0443a903982a0749996f4c9477f12d708bc7ca60ea64bac5",
                "b5c82c5d7292b34b9b2d42d975f27eb623617c8eef3cc755d6036cf1373112ac",
                "aa3471868785073025a310dd613e82f49ec3903db8f01c82419f8c7439aab2fa",
                "7ef5e5e4b64a4278956680d040255e7140b73574bbf49de2d8a8069a20a1c84b",
                "c0cf395f122f2b127e7f654ea0cd785c8264bb262a20ca70c7afe6f272a73f8c",
                "537bb1d2ac87437c88c25b0a4ffe1854c51cbfa182344bb700c44a18d6f050d5",
                "66985dbbeb8538dfe53895131bcde01db199f2adc75837ad0d75ddc8a062b62e",
                "9520759fa69d0630338216848ae8572a6e780c5836244079bb944040eaf8b765",
                "fbbd8804d91b86ad3c329fd1c70623708aa8890218899f6ba3d6f2e8cf5dbaa3",
                "742b68f9df1ebbdf4194b7672f978bc660352a5aadaabd14952360f23e553c38",
                "d9d7b37cb08d71c4bd45e74b31c01ece9f5e77f236af28ea89b1923b8e00ee4c",
                "be46789d6ec862ff754aad05348b3a1492e6dfc29324ba3efbca9d9e0f5b85da",
                "820e57d382d0e435270a2a6807e006262d1bb01046e33ac041a8bb9504f7add2",
                "422966cc807be650f30dfe0612e705806d069c83a8bb3cfa4fef3045ae2b4d6e",
                "5fea25e1d83dfad63aa4f6658539e4a968c1188d4c81e7d4b8568159711bf63e",
                "b734bef129f964a27f7a6c351ef016275ffd3b7d000c2edc173b1d06069f9be3",
                "723974e2e6b7e508d6ffabb54ae81f9222db315462803ac79532764d60f76a92",
                "44f03f016a4e7b9e4a41ed1d78b1df818bd3d3b12cc80bd3fef349301f9ee201",
                "98bcad45a03cf6f3539b3d80406f89241e6d5db05d618689e1044d6f4124550e",
                "9d08512c6e482e5b83099eea06ae4f688ac211980995198674c7ff2f4005abc1",
                "84f64c3d651f58d0b620c1e3e731b81dadf1800b66aded5cc8c4b57f0f2d37d7",
                "ab48f8f3a3c9bdc8d977f66622a5684e58a8cc72357d6dd0d4c2ee83abdf372f",
                "caae0ae2dd927759700e2112128ab1413350747ffd2d0ea67b01b8fbb1c19df9",
                "0b36b7643b26154460bf93c2aafaf953ef27b39e6ac15425a6c77cb2d120eb25",
                "802f2e5e1aa29884410c1612d2a4a4fddfa4b47876de1f5626f8a315630f22e2",
                "be7fa684cbdbb3264f5218db32262681255ca95d392d109298f6c206a1b96845",
                "9b1717409627819ac7c729e11e5f0dd3771964f5ca28c43a9ccd77d31e25936c"
            ],
            "type": "Document",
            "firstPartyCookies": {},
            "firstPartyCookiesSent": {},
            "exampleSites": [
                "gathering.tweakers.net",
                "www.parool.nl",
                "www.gelderlander.nl",
                "www.trouw.nl",
                "www.nu.nl",
                "www.volkskrant.nl",
                "www.bndestem.nl",
                "www.pzc.nl",
                "www.oudersvannu.nl",
                "qmusic.nl",
                "www.autowereld.nl",
                "alarmeringen.nl",
                "www.destentor.nl",
                "www.ad.nl",
                "www.flair.nl",
                "joe.nl",
                "www.bd.nl",
                "www.deondernemer.nl",
                "www.ed.nl",
                "www.libelle.nl"
            ]
        },
        {
            "rule": "dpgmedia\\.nl\\/api\\/consent",
            "cookies": 0.00344,
            "fingerprinting": 0,
            "subdomains": [
                "pg"
            ],
            "apis": {},
            "sites": 34,
            "prevalence": 0.00344,
            "cnames": [],
            "responseHashes": [
                "e306c4e6221834ed707a85484745a822ffda5675ab811fc84bfc6fa3afa5e85e",
                "e1ced6c3defdbeab4a99fced3397001f2ddb1b7f2ac8fbe49cd367cf733a1bad"
            ],
            "type": "Fetch",
            "firstPartyCookies": {},
            "firstPartyCookiesSent": {},
            "exampleSites": [
                "www.ad.nl",
                "www.indebuurt.nl",
                "www.autowereld.nl",
                "joe.nl",
                "www.volkskrant.nl",
                "www.bd.nl",
                "www.libelle.nl",
                "www.destentor.nl",
                "tweakers.net",
                "www.vtwonen.nl",
                "www.tubantia.nl",
                "www.totaaltv.nl",
                "www.oudersvannu.nl",
                "www.nationalevacaturebank.nl",
                "indebuurt.nl",
                "www.intermediair.nl",
                "www.trouw.nl",
                "gathering.tweakers.net",
                "www.margriet.nl",
                "www.ed.nl"
            ]
        },
        {
            "rule": "dpgmedia\\.nl\\/consent\\/",
            "cookies": 0.000303,
            "fingerprinting": 1,
            "subdomains": [
                "myprivacy"
            ],
            "apis": {
                "Date.prototype.getTime": 3
            },
            "sites": 3,
            "prevalence": 0.000303,
            "cnames": [],
            "responseHashes": [
                "7c4e9860e5dfcbf83396f46fc359472121d20b635ec29c1025151d933d7f6b54",
                "c01a56c8453bee8ce29153566159fede7e28a5e95cb7fdc523c141e0bcb22a35"
            ],
            "type": "Document",
            "firstPartyCookies": {},
            "firstPartyCookiesSent": {},
            "exampleSites": [
                "indebuurt.nl",
                "www.indebuurt.nl",
                "www.totaaltv.nl"
            ]
        },
        {
            "rule": "dpgmedia\\.nl\\/network-id",
            "cookies": 0.000404,
            "fingerprinting": 0,
            "subdomains": [
                "myprivacy"
            ],
            "apis": {},
            "sites": 4,
            "prevalence": 0.000404,
            "cnames": [],
            "responseHashes": [],
            "type": "Document",
            "firstPartyCookies": {},
            "firstPartyCookiesSent": {},
            "exampleSites": [
                "volkskrant.nl",
                "mijnomgeving.ad.nl",
                "weblog.independer.nl",
                "www.independer.nl"
            ]
        },
        {
            "rule": "dpgmedia\\.nl\\/ssosession",
            "cookies": 0.000202,
            "fingerprinting": 0,
            "subdomains": [
                "login"
            ],
            "apis": {},
            "sites": 2,
            "prevalence": 0.000202,
            "cnames": [],
            "responseHashes": [
                "87be0e03b257491a7c8dde475b456470c9d1353e668c91623a419a435d1e187b"
            ],
            "type": "Fetch",
            "firstPartyCookies": {},
            "firstPartyCookiesSent": {},
            "exampleSites": [
                "volkskrant.nl",
                "mijnomgeving.ad.nl"
            ]
        }
    ],
    "categories": [],
    "performance": {},
    "cookies": 0.00384,
    "topInitiators": [
        {
            "domain": "dpgmedia.net",
            "prevalence": 0.8947368421052632
        },
        {
            "domain": "first party",
            "prevalence": 0.10526315789473684
        }
    ],
    "types": {
        "Document": 38,