{
    "domain": "enrtx.com",
    "owner": {},
    "source": [
        "DuckDuckGo-NL"
    ],
    "prevalence": 0.00131,
    "sites": 13,
    "subdomains": [],
    "cnames": [],
    "fingerprinting": 0,
    "resources": [
        {
            "rule": "enrtx\\.com\\/get\\/",
            "cookies": 0,
            "fingerprinting": 0,
            "subdomains": [],
            "apis": {},
            "sites": 13,
            "prevalence": 0.00131,
            "cnames": [],
            "responseHashes": [
                "fd9c349410bbb1764ec2ad1f452a5663a9ea74012724e82aceaedcda83df7e1e",
                "9b8213fa150b62bd704e805fb409a1c765527f379fbe19ab9ae9aa2bed5578ca",
                "adaccf375b33152a16815409ea47e961a87d89334a9211e5b979a516bdf3d859",
                "29838ba8edf8117cf8c027b60b042ef0c5d7182a7095701ba9d906abc7617761",
                "7b57d6f3546409d3e22f0576fd352c3f2f0154cb441faf2fc03c5dcf294a0e91",
                "493d04f88d588a1be09f4602a97a49a5625230acfc0a9185c33716a31cd99587",
                "75523b86b15fc57d9092d2fbeff7e3f7db49a975be1bab059f2130d72759b02c",
                "1c18af0e77b27aab0b5024fb86f8c9c424ebbb46343b0673f264d3b5cabddb95",
                "3dcc728942d58549bd6032824358d04047201b6f02fe1f7724720736620d7eaa",
                "cea7f687e932fd0622272a2b94242cc6b10771e2a08bdde8ab21c648083f4224",
                "0129970543cdc9efea11a9bb5455e01eb19b78a690531ada08b99d523ebea9cb",
                "9f3f07cca8c983a72b3f6fcc3cef0b74af2c1fda10bb16a53353e3ef0ea6ceb5"
            ],
            "type": "Fetch",
            "firstPartyCookies": {},
            "firstPartyCookiesSent": {},
            "exampleSites": [
                "fans-here.com",
                "heavyfetish.com",
                "thepornscat.com",
                "thethothub.com",
                "thothub.ch",
                "thothub.is",
                "thothub.lol",
                "thothub.mx",
                "thothub.org",
                "thothub.to",
                "www.thothub.ch",
                "www.thothub.to",
                "xtapes.me"
            ]
        }
    ],
    "categories": [],
    "performance": {},
    "cookies": 0,
    "topInitiators": [
        {
            "domain": "61d7a302a1.com",
            "prevalence": 0.7692307692307693
        },
        {
            "domain": "capndr.com",
            "prevalence": 0.23076923076923078
        }
    ],
    "types": {
        "Fetch": 13
    },
    "nameservers": [
        "ns1.digitalocean.com",
        "ns2.digitalocean.com",
        "ns3.digitalocean.com"
    ]
}