{
    "domain": "featureassets.org",
    "owner": {},
    "source": [
        "DuckDuckGo-NL"
    ],
    "prevalence": 0.00182,
    "sites": 18,
    "subdomains": [],
    "cnames": [],
    "fingerprinting": 0,
    "resources": [
        {
            "rule": "featureassets\\.org\\/v1\\/initialize",
            "cookies": 0.00182,
            "fingerprinting": 0,
            "subdomains": [],
            "apis": {},
            "sites": 18,
            "prevalence": 0.00182,
            "cnames": [],
            "responseHashes": [
                "396e023ae095a417b631d423878f7cdadd8fa3558f65a70d246826ffb7c0d053",
                "043235d8f1ec26bf1c50884c05447184216d36bb2c338721eb25324251b5b4bd",
                "c24128a6777818c368489383c7985169edadba36b21f85867061f7acde194a58",
                "bcbf74561530072e1d3d46f1b5db834d40f77fda4c3ee9124382e276d47055a0",
                "6e5fc040ffc3934a44b2f914bddbf4da0008ecf70afcb5b25a03ac52565114ab",
                "030d8e396d5891e17c5bec980c43b13ac972aa67d1416ea070eb37a78df4e5c4",
                "477af27929381fdaa6b6443f301f432b1febcbc201a64523cb74a6a02c0ad14d",
                "ee36f657e77bf3c3bdb97096d35a8a30b29adb20c07e08e9f915d733bec9a470",
                "de0599375e89d8044b337438a9ff6695853b1ea97bcc1d3aa69d25512e99c34c",
                "150af447f15f334539b51d9fc72ece4f76161725ae344d73a2e15c1fb66e5af0",
                "9f2309225af9906126b357e38204c831f5d9f8fdd82959463be97bd0b2eaab3a",
                "ea293157711024ca8b8594a0d402438d99998c6bdaff97d86285be910b0468ac",
                "f37c23ed3ca4105aa7f6ad9fd59bb5e74c97ae9cc4e34aa260e9b41970e583e3",
                "0748902412fecc0b9742cb20847be16bf36943f6d8b25e09bba584f50ff115f3",
                "d713ca34bc655b2133ef851dc974f4346c367b03b25426686987874d27cb7898",
                "b43a2ca82cee3d011b7329e585c3df5891128f835842cf80f2dbbb94dfc36a2d",
                "6d289ccdded23a711b60682ae43df07ee0c053cb9aa61186d520b426faa77a0c"
            ],
            "type": "Fetch",
            "firstPartyCookies": {},
            "firstPartyCookiesSent": {},
            "exampleSites": [
                "squarespace.com",
                "cursor.com",
                "help.openai.com",
                "linktr.ee",
                "notino.nl",
                "openai.com",
                "platform.openai.com",
                "u.gg",
                "www.bloomberg.com",
                "www.decathlon.com",
                "www.figma.com",
                "www.mamabotanica.nl",
                "www.pixelcut.ai",
                "www.rover.com",
                "www.scribd.com",
                "www.sixt.nl",
                "www.slideshare.net",
                "www.vondy.com"
            ]
        }
    ],
    "categories": [],
    "performance": {},
    "cookies": 0.00182,
    "topInitiators": [
        {
            "domain": "first party",
            "prevalence": 0.5769230769230769
        },
        {
            "domain": "jsdelivr.net",
            "prevalence": 0.15384615384615385
        },
        {
            "domain": "oaistatic.com",
            "prevalence": 0.11538461538461539
        },
        {
            "domain": "slidesharecdn.com",
            "prevalence": 0.07692307692307693
        },
        {
            "domain": "allstar.gg",
            "prevalence": 0.038461538461538464
        },
        {
            "domain": "squarespace.com",
            "prevalence": 0.038461538461538464
        }
    ],
    "types": {
        "Fetch": 18
    },
    "nameservers": [
        "ns-1952.awsdns-52.co.uk",
        "ns-940.awsdns-53.net",
        "ns-1178.awsdns-19.org",
        "ns-387.awsdns-48.com"
    ]
}