{
    "domain": "fh-wgt.com",
    "owner": {},
    "source": [
        "DuckDuckGo-NL"
    ],
    "prevalence": 0.00293,
    "sites": 29,
    "subdomains": [],
    "cnames": [],
    "fingerprinting": 0,
    "resources": [
        {
            "rule": "fh-wgt\\.com\\/api\\/request\\/v1\\/affiliate_1",
            "cookies": 0,
            "fingerprinting": 0,
            "subdomains": [],
            "apis": {},
            "sites": 29,
            "prevalence": 0.00293,
            "cnames": [],
            "responseHashes": [
                "459b92367166b529d5308d99945ebe8b8bc0dcdf32567955c7bfc232db1b9277",
                "4452166ebf7e49a2904b114d2bdb9b405c3f732a13e2c50ad8e4eb8a9a7c9322",
                "14f892f9f4a4cb13f01c015f82862a355626b7afecd1217f5f7ee738acc9e0b3",
                "9b43b32962ce459ba4c2e36d4c87f05c4353024860d18447ea8ae94ebb6656aa",
                "2834b2a81399a952f506e6bb765714967b3ca6016d5a8454717d453dcfa2c9be",
                "cd2de321ce2d175926c9ff3f23d53e23923d74fb1464896c123119d03dc5d9a9",
                "90006fd5678ecce5e6a1b58b58e9b8baf619fdce3cd7a0c7340002d79658d04d",
                "c6571b8d8d6d9202d291dfea95b5fdab515008aaf48bedc5b61bfcf2216dc2bf",
                "b5a3649fff9000bfd62d89cc4f9c8f9c13696f47a85d6cba3e80b3ed2e92a010",
                "b88538461d8e1f49d6b64fe40c3054227cade4b3ba1e568c30ef49b28a953496",
                "4f496cd7f37d435862895249992042841ffe1907095955eb89c3923c493d8912",
                "8479874bd1913e5750bf797c5cf34bb2a091bc6cbe069aa376bd6b621add275f",
                "92fd6c13b252401d14682e071149825804516823e5588936a79e9c7ae604ffa1",
                "3b8780c4d365817d7223d85b7099b5fd0f36b6dbc8d0e54b4839d5c8dce92311",
                "9c4f9e92350813e6aad9ee9d44bfcfb43ec112dece33a7c12d995d7c718e21e1",
                "1bcee253d3dd5eaa14ce426ee7429dfeefe95f0a5a85b9da6fc607c8ca0f0041",
                "c4de99aa8742f6aa143d85ca23aa75776e6ef7ddfa156a8465326528b717aedb",
                "009feabde1e6d7be11600a84927f9d1a8696faebd4b7dc1731532454ee934c5f",
                "95a08c31583399910a6316ac3933414321ef808503094ba499a64d56d37792c8",
                "faf7b5deb9e9fe5ed24e4c3d2a31f13266b1e54a73cb0172b4596d2fd78e5412",
                "2acc53fa5b856cabbf6fcf67926228c43a5b03199994e2b8826da78ecff51c76",
                "e592ee09d8ad87ebbba8f4311ca3ec8872167851d54788f939e32c1877cdf5aa",
                "44fb52497b2e9b210de5d6ba951a9bb2b3f72abbb9ee6355fb57c5822d3cc5b7",
                "e3111066d5fed7716341764f684ae8a932d789717d91dd98fc31a2132c639d43",
                "8448eb18ceb815acd5bfb2eb422e6cf6b69f530673dd1ed15c585338eb841276",
                "d082d1a632cdb9f7a87cb285d3aaf33aff95f1f5f7126f1d1965a25325f4f1a1",
                "69d4b90bd01c6bb927e18d7d3ebe440d9cc3f19fc23699a7e0924b5e978e9732",
                "40a345250bf2c6f9caf852b2da77b6ed02dc51708e2b44e8ac07ad2702949ead"
            ],
            "type": "Fetch",
            "firstPartyCookies": {},
            "firstPartyCookiesSent": {},
            "exampleSites": [
                "www.eporner.com",
                "roughporn.me",
                "castingporntube.com",
                "txxx.tube",
                "m.eroprofile.com",
                "leaked.fans",
                "hdporn92.com",
                "japanesehdporn.com",
                "blowjobit.com",
                "www.solopornoitaliani.xxx",
                "www.xxbrits.com",
                "www.3movs.com",
                "sxyprn.net",
                "www.povaddict.net",
                "bdsmx.tube",
                "realpornclip.com",
                "www.sxyprn.com",
                "leak.xxx",
                "www.xxbrits.co.uk",
                "thisvid.com"
            ]
        }
    ],
    "categories": [],
    "performance": {},
    "cookies": 0,
    "topInitiators": [
        {
            "domain": "cdn-fc.com",
            "prevalence": 1
        }
    ],
    "types": {
        "Fetch": 29
    },
    "nameservers": [
        "nia.ns.cloudflare.com",
        "jake.ns.cloudflare.com"
    ]
}