{
    "domain": "getsitectrl.com",
    "owner": {},
    "source": [
        "DuckDuckGo-NL"
    ],
    "prevalence": 0.00192,
    "sites": 19,
    "subdomains": [
        "events"
    ],
    "cnames": [],
    "fingerprinting": 0,
    "resources": [
        {
            "rule": "getsitectrl\\.com\\/api\\/v1\\/events",
            "cookies": 0,
            "fingerprinting": 0,
            "subdomains": [
                "events"
            ],
            "apis": {},
            "sites": 19,
            "prevalence": 0.00192,
            "cnames": [],
            "responseHashes": [
                "e947a62af864ba3e2117e74c0e63e1b985310a96cacf35dbd8ca6c47b13cf9c8",
                "0d0c9f132f4eb520fc5caca21a14aa87d7bc44722422fbdb4cbcf1f3a6183490",
                "9e254e1a493cfc30d2a8ae341c0c081e1a6964ef940d826c6a0d3cf4647e0ba9",
                "61f01d887abcdeff22951d0d7b60b476863f45747f8f9c8fd0534f7e33814e52",
                "5320b1b5fedcf53428071774414686cc33a8e31def31520a04e6a73b445da5fb",
                "0f9296bbb60edb30c8d2c79cc14fc0797a2560f7b5cf1ba1660a8f3ec533ed6e",
                "8741ced2a3fddfbad36af45b197da3dbb25e254af6084c57ae432a5bc9f100b2",
                "3eccc30c990d481b523f61e1f82db9d80ace9a171c6ec7d41d702edd7464a181",
                "fea527512f3ad2281bc5da725ceebacdaee0b2eb4db367472eceee9d31876e31",
                "822c544b1ba7ddf8ce25c2dce27d85959376f279208dd893a256fcfcd588771d",
                "c017b6c46fa52fc7a61bf7476498ce611891b9ea8b2fb44eb0f07bdd58131934",
                "81e1a568f0eb2baf2b0ba2ed22a7a081257e743cca058e84b5994f42675fc4e2",
                "2fbb1b257228a14d3a5a21c763493564314f7c6060af5a1eba530372cbe3fd6f",
                "c6bb414d0ba3629bca45c5347a772aae79462b9e90baecedd67730b7185ef474",
                "2fe63314ff40c360308cfb7c2751be2f310bc0397a78df70fa585aea2f1d0fd6",
                "afde69510ad284c73b8d6a87e14fc2d887899405f87de6b6072209b559b71faa",
                "d2b85a0dcc269614f95524381fc4eeaf7140b0db58692c807bb88a12b2b72272",
                "9bc4365c61a72dbb24aec30e3678ff3142d42af4f3babbb4b4b57ae132ad566c"
            ],
            "type": "Fetch",
            "firstPartyCookies": {},
            "firstPartyCookiesSent": {},
            "exampleSites": [
                "autovisie.nl",
                "www.bcc.nl",
                "www.bedrock.nl",
                "www.campercontact.com",
                "www.culy.nl",
                "www.gooieneemlander.nl",
                "www.haarlemsdagblad.nl",
                "www.hotelspecials.nl",
                "www.iamexpat.nl",
                "www.indi.nl",
                "www.leidschdagblad.nl",
                "www.manners.nl",
                "www.noordhoff.nl",
                "www.noordhollandsdagblad.nl",
                "www.nsmbl.nl",
                "www.parcelparcel.com",
                "www.renewi.com",
                "www.want.nl",
                "www.weerplaza.nl"
            ]
        },
        {
            "rule": "getsitectrl\\.com\\/api\\/v1\\/events",
            "cookies": 0,
            "fingerprinting": 0,
            "subdomains": [
                "events"
            ],
            "apis": {},
            "sites": 2,
            "prevalence": 0.000202,
            "cnames": [],
            "responseHashes": [
                "e3b0c44298fc1c149afbf4c8996fb92427ae41e4649b934ca495991b7852b855"
            ],
            "type": "Ping",
            "firstPartyCookies": {},
            "firstPartyCookiesSent": {},
            "exampleSites": [
                "autovisie.nl",
                "www.iamexpat.nl"
            ]
        }
    ],
    "categories": [],
    "performance": {},
    "cookies": 0,
    "topInitiators": [
        {
            "domain": "getsitecontrol.com",
            "prevalence": 0.8571428571428571
        },
        {
            "domain": "first party",
            "prevalence": 0.09523809523809523
        },
        {
            "domain": "prismic.io",
            "prevalence": 0.047619047619047616
        }
    ],
    "types": {
        "Fetch": 19,
        "Ping": 2
    },
    "nameservers": [
        "ns-1342.awsdns-39.org",
        "ns-1552.awsdns-02.co.uk",
        "ns-420.awsdns-52.com",
        "ns-853.awsdns-42.net"
    ]
}