{
    "domain": "lcugatnuhfpo.com",
    "owner": {},
    "source": [
        "DuckDuckGo-NL"
    ],
    "prevalence": 0.00384,
    "sites": 38,
    "subdomains": [],
    "cnames": [],
    "fingerprinting": 0,
    "resources": [
        {
            "rule": "lcugatnuhfpo\\.com\\/en\\/hmazzaa\\/nitfk\\/ach",
            "cookies": 0.00374,
            "fingerprinting": 0,
            "subdomains": [],
            "apis": {},
            "sites": 38,
            "prevalence": 0.00384,
            "cnames": [],
            "responseHashes": [
                "85dd60040beccc6be97869409e066b22558b7ed976f9fddf5d7543cc258d8b3f",
                "393e2399ab09a6bf729e8c88e18fcf2530a5d78b31270368e3fc60f30d2862c0",
                "f27feb128edd0769ccb9caafb08fcffc189ae4b8b44987bffd3b4eae10d5fd88",
                "bdb357abcbcb7d116231ebfc2769438bc370bf4d87eb0ff84adb4568684b131b",
                "7d7cba636ebfe12a02422b25b5ef828518b3a24d0fe55a706ba44e86d53d77d0",
                "c393ef3be448968e270e08dec233ac2a97d4fb98a6cae787c25b048e9602e727",
                "0466d5dcbff2958b44d2914fc98d56fba5b58ad9ac9c5133b737983a11eaf044",
                "298b54c41ec7b6ea55cd8070ceb4b15750ce88705ae0e9ce873eae676431946b",
                "0934fef1eed9602e99f8e84ed59583aeeb9557591125d9b12ec7330ef7199c3d",
                "af27b318e3d3ec78083b0703215a8b8e26ab8a28b45bef4fcea9decb9f2d074e",
                "3151385f0b1f3d3d09418ef71803edc06a18ee84a21aaacf01ec5ced9c823cfd",
                "9b4d809e1499784dcda25dfc5c6a2dbb4f5c8edc4e82929048259b2d73e91716",
                "ced3b76e58e33c3952a790a0613b8372a2758581c61ed91c6be53d6d92ecb5b0",
                "eaca8940140b4e192d594e196ab8bc3f90216866fccf1b71db4f27002a37c768",
                "fedea32cd32c4843b38bb7cbc47c3dbc7a406a21cbd61cded457820f7a21cc2a",
                "6edb866ce1d13f95c7e1f739dd43001b4f6ecc33614090240bbefed2954b3968",
                "d3bd049ead205bad1cc1cd4e3b6a9df956b76128146af87c426bb8aecccd3c57",
                "da92dfb10a833a503249b50335fbde35243b2e0a4f107b090b3ddae23ca2fbb9",
                "2d8cc58ac748683d1664c3f95a7e7e5629ea3cdf1a27f805baaf82d0ec8be7bc",
                "322132e41bef9962200f034b54469ca267f107d5dd27b5a4ad25b1d5dc077df6",
                "32c6abcc47b4f18d30e7e947508dac10579471c30ca8b50702d1ffa8d5e417a5",
                "80b1cf2ab137646d5ab382f70a1e7f63cbe9562b99522e0045b8a09b05cdef2c",
                "1cc14007664130b734a703b9b86ec6adb13cf4d2b351d37fcdf6f14da191a1cd",
                "3fda4e44500406b46efd28b6ed357f2c4d17abee7e13017cd15049c301e45146",
                "28d5e4270368eed04e8e753abf75be3450909cac89aca3223b400d8bc8c9d76f",
                "28c1d05066dd867e7f2dccd1d748794a4269e068fd6333559e81b48e9ef9f985",
                "20f9678978f8cdbc878382fca6f6afbf09427f576eed1ad31484db23fa9aad77",
                "61f368b619c1237392e3d1545de71508070355eaf9c495e31ec79fcdb7405126",
                "75c2d45c9a891b9c6981c3111b394fe2fff7260e5271cd47fa4466b81a5a0128",
                "ff92c3da7890e8c9e017ec49486a58638e42008964e594217cbec98716931a4e",
                "fd5770d3303c33536f16f49bbcfb66ef5c2e2d800f1236c0601df635aaa2487d",
                "ce43610a15a9d46a6ac3a52ea5c9ec76d9792cffebf071e0e2ac03997759fa3c",
                "5262329dea8935a66fe726e660944bb4bb7b41d6a81c9ca2b803dd3effd47b16",
                "62adac47153e5830394197ce0f945bc4ce5d993185317feae12ee5ba3a1a8478",
                "656a5f1e18d0c4df69146fe3facd032c216b83ef16b1f7fa084c305527625c68",
                "5e94add0e92d58de203ec2f3e6ce4c986df69f02df59468144cde73ee60de399",
                "baa9e766290fcf59cd7a966c0168730b8d5a2c37ef6d58d2874b85325a14401c"
            ],
            "type": "Script",
            "firstPartyCookies": {},
            "firstPartyCookiesSent": {},
            "exampleSites": [
                "www.homemoviestube.com",
                "forcedcinema.net",
                "x-x-x.video",
                "sxyprn.net",
                "sick-r.com",
                "justthegays.tv",
                "iqbokep.org",
                "ogbokep.dev",
                "www.sxyprn.com",
                "nudostar.tv",
                "muchohentai.com",
                "fapopedia.net",
                "mobile-xnxx.com",
                "rule34.world",
                "www.xshemale.tv",
                "xnxx.health",
                "archivebate.com",
                "bokepwave.vip",
                "megapornpics.com",
                "fapfappy.com"
            ]
        }
    ],
    "categories": [],
    "performance": {},
    "cookies": 0.00384,
    "topInitiators": [
        {
            "domain": "crumpetprankerstench.com",
            "prevalence": 0.1794871794871795
        },
        {
            "domain": "clickadu.net",
            "prevalence": 0.1282051282051282
        },
        {
            "domain": "excavatenearbywand.com",
            "prevalence": 0.07692307692307693
        },
        {
            "domain": "badlandlispyippee.com",
            "prevalence": 0.07692307692307693
        },
        {
            "domain": "deductgreedyheadroom.com",
            "prevalence": 0.05128205128205128
        },
        {
            "domain": "footbathmockerpurse.com",
            "prevalence": 0.05128205128205128
        },
        {
            "domain": "browsecoherentunrefined.com",
            "prevalence": 0.05128205128205128
        },
        {
            "domain": "bundlemoviepumice.com",
            "prevalence": 0.05128205128205128
        },
        {
            "domain": "darnobedienceupscale.com",
            "prevalence": 0.05128205128205128
        },
        {
            "domain": "chilihandshakewing.com",
            "prevalence": 0.02564102564102564
        }
    ],
    "types": {
        "Script": 38
    },
    "nameservers": [
        "ns-829.awsdns-39.net",
        "ns-1598.awsdns-07.co.uk",
        "ns-1530.awsdns-63.org",
        "ns-302.awsdns-37.com"
    ]
}