{
    "domain": "mountain.com",
    "owner": {
        "name": "Mountain Digital, Inc.",
        "displayName": "Mountain Digital"
    },
    "source": [
        "DuckDuckGo-NL"
    ],
    "prevalence": 0.000505,
    "sites": 5,
    "subdomains": [
        "dx",
        "px",
        "gs"
    ],
    "cnames": [],
    "fingerprinting": 1,
    "resources": [
        {
            "rule": "mountain\\.com\\/spx",
            "cookies": 0,
            "fingerprinting": 1,
            "subdomains": [
                "dx"
            ],
            "apis": {
                "Document.cookie getter": 5,
                "Date.prototype.getTime": 2
            },
            "sites": 5,
            "prevalence": 0.000505,
            "cnames": [],
            "responseHashes": [
                "b13f2882330b2077086a0711cca758524169021fd2d9e604bb991070d5476f90",
                "a9af863f811b1cf35df1176a958a78b37a97c19a0685be721aebb136be52f0e4",
                "7d0bea12101048d0751725e2bacb4d6ecce00e6d6a5eb7b1d263d4521569d3de",
                "43573a51a8f585e5e34181dc24c5379a1dc8d4652cd06811220a404399b2434d"
            ],
            "type": "Script",
            "firstPartyCookies": {},
            "firstPartyCookiesSent": {},
            "exampleSites": [
                "splice.com",
                "www.fjallraven.com",
                "www.plannedparenthood.org",
                "www.postman.com",
                "www.specialized.com"
            ]
        },
        {
            "rule": "mountain\\.com\\/st",
            "cookies": 0.000505,
            "fingerprinting": 0,
            "subdomains": [
                "px"
            ],
            "apis": {},
            "sites": 5,
            "prevalence": 0.000505,
            "cnames": [],
            "responseHashes": [
                "50f057eb1b4d2f1017bdcd3c84513524049f85dbc70645b6371f47160d076764",
                "8cc5a77aec6f495349482c9855966c5a1a865fb4e44081171f62624fa19fd139",
                "a452b2fdbb1e2488208f40173b45abe7076232207799e93137eccae0f3e61e1f",
                "305bc9bfc23ab44f36a595aeacf5bc3149b0c43ebc65c083ccb87604238ca13b"
            ],
            "type": "Script",
            "firstPartyCookies": {},
            "firstPartyCookiesSent": {
                "_ga": 0.00040412204485754696
            },
            "exampleSites": [
                "splice.com",
                "www.fjallraven.com",
                "www.plannedparenthood.org",
                "www.postman.com",
                "www.specialized.com"
            ]
        },
        {
            "rule": "mountain\\.com\\/gs",
            "cookies": 0,
            "fingerprinting": 0,
            "subdomains": [
                "gs"
            ],
            "apis": {},
            "sites": 5,
            "prevalence": 0.000505,
            "cnames": [],
            "responseHashes": [
                "b36714d1fae7941adcd22b207f820c5070d3a678b22b3fc6f8a6a2769d7f0cea",
                "c8ebe0988ec8b3fb0ab92ffeda618745559ea97aee08a67c0f7994265d63f8ab",
                "6bbbc0df5884df6d959919ef325a6fc8fbcfa04c8a887936c328d439585cda11",
                "53796283c06dba532e562b96af33cb28883903965db0a1f6462ff6cf95469154"
            ],
            "type": "Script",
            "firstPartyCookies": {},
            "firstPartyCookiesSent": {},
            "exampleSites": [
                "splice.com",
                "www.fjallraven.com",
                "www.plannedparenthood.org",
                "www.postman.com",
                "www.specialized.com"
            ]
        }
    ],
    "categories": [],
    "performance": {},
    "cookies": 0.000505,
    "topInitiators": [
        {
            "domain": "first party",
            "prevalence": 0.75
        },
        {
            "domain": "googletagmanager.com",
            "prevalence": 0.25
        }
    ],
    "types": {
        "Script": 15
    },
    "nameservers": [
        "ns-116.awsdns-14.com",
        "ns-845.awsdns-41.net",
        "ns-1508.awsdns-60.org",
        "ns-1916.awsdns-47.co.uk"
    ]
}