{
    "domain": "mrf.io",
    "owner": {
        "name": "Marfeel Solutions, S.L.",
        "displayName": "Marfeel"
    },
    "source": [
        "DuckDuckGo-NL"
    ],
    "prevalence": 0.00546,
    "sites": 54,
    "subdomains": [
        "sdk",
        "marfeelexperimentsexperienceengine",
        "flowcards"
    ],
    "cnames": [],
    "fingerprinting": 1,
    "resources": [
        {
            "rule": "mrf\\.io\\/statics\\/marfeel-sdk\\.js",
            "cookies": 0.00546,
            "fingerprinting": 1,
            "subdomains": [
                "sdk"
            ],
            "apis": {
                "window.localStorage": 54,
                "Navigator.prototype.userAgent": 54,
                "window.sessionStorage": 54,
                "Date.prototype.getTime": 54,
                "Document.cookie setter": 54,
                "Document.cookie getter": 54,
                "window.innerHeight": 4,
                "window.innerWidth": 4
            },
            "sites": 54,
            "prevalence": 0.00546,
            "cnames": [],
            "responseHashes": [
                "4445a3ce7929a4f89b299dfdace2a41cee2569a578991a20440f1fd28717323b",
                "36360972e900fb29257fb4b06a456761c77ef36a1e0f5de58d4c59646f10714c",
                "e6df3c882b92355c2b79e482d5ccc12fad1245e06348546282e7de8c7d1a966c",
                "693a10d8cb4558a6b6d4274eb9b0b5eb7775645d36a64edb51a7370f30ef5077",
                "024758aaa2b7facb446da0467bb5b38fd06215620b2559ab701abf599841cc6c",
                "d3597877515783959ef99a0affa3581f94fa26ce237903ff0136eb875329397b",
                "e90c8513eddcb5abf4ba9b792bd96f872185974f8050b8cac7c4dc4ada46c5f2",
                "5d3d55cbd32401a26cf5bb848676e0fceeeaadfa61125388808bb54ebd339c83",
                "336f79c4af1e850ba8a872e4e595423687019c8d7472eca4066398f699cd5ea2",
                "69b0f64f14369b27300082b815bacf0f9882f04848cbba21b28e5c7af19fa042",
                "256b72417bb57f61912f4eccd0c4a47d5b8cdbfc1a71c5a06c264bcb01e49276",
                "60eda7141dddcf151ed390e7ef0ee1423240d82854823fe83a3d163d376649c3",
                "04deeaf293fe0d150112507fcc661f5964fc796c7ce681830a394e68446793a6",
                "777174eab7e2aed708e7c00d0129a55b236ceb0bcfff5576f96609de75d58cef",
                "dda7dca43cf85e7d9128d13f2dabb739f8172fec017dbd7df7b95f1880c5f7fa",
                "811aec52850036727a675d24e06231c730b70488b4869d8da364435636bd0a10",
                "fd9b15900488918a0dd0ff93db4851b7c18589215d79dc21f559dd5666502e38",
                "94f494ab9e3afc64f3ac87c5bd0c7f15487184a0734f17a1b2e1f77cd2711523",
                "ec1ffcc81bd46ee7e8a850bdc8cc3da5792a02f5facf8daaead8778b783ea02f",
                "eb4971ab8ecb143e40c8a3d706af9d40fa6541aba9f6e3bc4e3cc2595ca1c7bd",
                "a3dd2e2ff69f7340763a506d09bc73a0df2a8ce89c907a173ae16ca499baf111",
                "926b0a2ca70b366dd0c81ec30afad91b1f7afe912db79ce622a986a9708cf007",
                "8908f82de5b49cec03a38824cd688d0002ac2c4e154c6b5f16adb8246b62550c",
                "696c728f9d8886046a92438eab2ee5fef7253800f36065f4e81891f6b4ff17da",
                "2b4872d377cb9328b268de0fad8ce00c1cbd4e2b8272d0deaaafe4029b00917f",
                "84dbfff1c9e483b4e0d6b6c6727562453ac7ef06254f407d708754ead4faafab",
                "4bd2e269d503294c89b31e33207d0531b378294bc88eddb097bf2a9313fea38b",
                "d8af549bd11f8c5460d6d5fe9eb586b56ddf5dcf04ea32b3a8d9a17aaa502419",
                "0da41051361d83555ef86d126a22d022b88781b20589aeca2665904eb2d1507a",
                "0392243b64703501be8ed2c96f69d19262a714becabcd92fb3eb0f3cf9a227ac",
                "3b2720cc0d17cd110107afb11709efa43b406f107b9233d5029cdf691af9661c",
                "f69ac622498242b1b21fb580f790667b76a93db3419c0a67611a27a648462a41",
                "2b6a295505eca8faf30f0798d8c82364e26cb91c0bf39ff43bcb582c7ce34bbb",
                "fae9af9cc3248351a635588738759f8158c333af646e3582e64ae24a4e5a9c21",
                "5d26778b18915be735b460d1e78ba3a5a62362778ad138c67bfb5821827b1ac3",
                "7958861fe8f6f565a84990a25d181249a6869779f308125a0b1130fb0799acdb",
                "14a9785f8451a223866025493833e00107ffcbac43634d9bebfc307a9271a1e8",
                "55fb71c51325adbb8e3470e081a793b500c791f6bc4a57a63e73afda5239fb8e",
                "b4542ca0f01d9440bda3dcf2ebe06864c057c9265ef4dcea3cb309800dd7b488",
                "f514d461d8a51a39b725db5780ccffc3bdb7872ec68c0422ceb4d44474cefb01"
            ],
            "type": "Script",
            "firstPartyCookies": {
                "___nrbic": {
                    "ttl": 15555603,
                    "length": 394,
                    "prevalence": 0.0006061830672863204,
                    "uniqueness": 1
                },
                "___nrbi": {
                    "ttl": 15555603,
                    "length": 201,
                    "prevalence": 0.0006061830672863204,
                    "uniqueness": 1
                },
                "compass_uid": {
                    "ttl": 15555603,
                    "length": 36,
                    "prevalence": 0.0006061830672863204,
                    "uniqueness": 1
                }
            },
            "firstPartyCookiesSent": {},
            "exampleSites": [
                "elpais.com",
                "gizmodo.com",
                "www.techradar.com",
                "www.thegatewaypundit.com",
                "www.tomsguide.com",
                "www.tomshardware.com",
                "www.tastingtable.com",
                "kotaku.com",
                "www.thelist.com",
                "www.jeuxvideo.com",
                "www.pcgamer.com",
                "www.f1maximaal.nl",
                "www.cinemablend.com",
                "www.slashgear.com",
                "verkenjegeest.com",
                "www.cyclingnews.com",
                "www.laptopmag.com",
                "www.elmundo.es",
                "www.gamepressure.com",
                "as.com"
            ]
        },
        {
            "rule": "mrf\\.io\\/experimentsexperience\\/render",
            "cookies": 0,
            "fingerprinting": 1,
            "subdomains": [
                "marfeelexperimentsexperienceengine"
            ],
            "apis": {
                "window.localStorage": 2
            },
            "sites": 17,
            "prevalence": 0.00172,
            "cnames": [],
            "responseHashes": [
                "0f8d6ca57f8a3a474d985e259006a7fa5c73e7b1f91d42d87c6634154948d226",
                "29b2da96251654e136d837394088e5b991aaebf6c3d5aaaf3dabf804d85ad5ca",
                "1ebe05f0a0f92b48433f29e50bda9ab3b6f02f7f6eb3aad6b5101c805aeb1e78"
            ],
            "type": "Script",
            "firstPartyCookies": {},
            "firstPartyCookiesSent": {},
            "exampleSites": [
                "as.com",
                "elpais.com",
                "g1.globo.com",
                "www.elmundo.es",
                "www.gamesradar.com",
                "www.guitarworld.com",
                "www.hola.com",
                "www.imore.com",
                "www.infobae.com",
                "www.livescience.com",
                "www.marieclaire.com",
                "www.marca.com",
                "www.musicradar.com",
                "www.pcgamer.com",
                "www.space.com",
                "www.tomsguide.com",
                "www.tomshardware.com"
            ]
        },
        {
            "rule": "mrf\\.io\\/statics\\/6ede7e7b23080bf5f383\\.js",
            "cookies": 0,
            "fingerprinting": 0,
            "subdomains": [
                "sdk"
            ],
            "apis": {},
            "sites": 2,
            "prevalence": 0.000202,
            "cnames": [],
            "responseHashes": [
                "361bf656fecfbf78281d8333c19226136c25fac129673f8350a2a378f92abd03"
            ],
            "type": "Script",
            "firstPartyCookies": {},