{
    "domain": "p-n.io",
    "owner": {
        "name": "Pushly",
        "displayName": "Pushly"
    },
    "source": [
        "DuckDuckGo-NL"
    ],
    "prevalence": 0.00333,
    "sites": 33,
    "subdomains": [
        "cdn",
        "k"
    ],
    "cnames": [],
    "fingerprinting": 3,
    "resources": [
        {
            "rule": "p-n\\.io\\/pushly-sdk\\.min\\.js",
            "cookies": 0.00283,
            "fingerprinting": 2,
            "subdomains": [
                "cdn"
            ],
            "apis": {
                "window.localStorage": 31,
                "Navigator.prototype.userAgent": 31,
                "Navigator.prototype.appVersion": 31,
                "Navigator.prototype.appCodeName": 31,
                "Navigator.prototype.product": 31,
                "Navigator.prototype.vendor": 31,
                "window.indexedDB": 31,
                "Document.cookie getter": 31,
                "window.sessionStorage": 30,
                "Date.prototype.getTime": 31,
                "Navigator.prototype.cookieEnabled": 29,
                "Document.cookie setter": 28,
                "Navigator.prototype.permissions": 28,
                "Intl.DateTimeFormat.prototype.resolvedOptions": 28,
                "NavigatorUAData.prototype.brands": 27,
                "Screen.prototype.orientation": 26
            },
            "sites": 32,
            "prevalence": 0.00323,
            "cnames": [],
            "responseHashes": [
                "95a50206e3cc597ec03c05148906b3477e4c89e34cb4b80f4536e0906a870c28",
                "d2329dc45367caa3a7c5bcf3d6828b42ae0d1206b5b41d38d7d2f2eceab94eef",
                "abf80cb12db80944d921d01f7f151408bf87abb3a5965afb1b4a7efb98a5076e",
                "07f03fd1eefda019b81b63a2160e08ab2b1cd426dc349f964eca5d9f137bbc82",
                "c002e7ba09664185facb52cf7b8c5732142a87e8dedff1aefddcfb78cc564c59",
                "14cfa47bfd553cc9b13e0bcc5d613b5eb1cefe45b5a3484b79901b7a98cc54ad",
                "6eefe110948f9cb5431fe00f2911109de5b91ba699ef6e419388b3c4319e2707",
                "ff8ce146802ec4552b3d908f25e85e763b3388f7d38c3f4a50f7c9df07dae8be",
                "52d968bd3a1eb35ab77ac48db2b5fb4196aefba7509d43de64341428daa9c1d8",
                "5b94ee23459a96e6fd88752d1d1661574850d12fa4fcf40cef840013b77cb3f2",
                "735411ee1c8da326ae7b635998b73fffdb5478d471592e32072a4a447b5e560a",
                "1ed9e967348f9bf59682cc247089a5cea7b76f78249dde7ab5df63894e34172f",
                "6addac6d37ee0d23b9a153bebbea5adc80382687f50a4fff75b9133bf33bbd54",
                "0a84b58b961eb8cfe68244ba64caa85ce15fef7c6c5568560d0761bea91fe181",
                "0518a1a9f28319f042d07560f0db2496d5a5a5f91da8ee024671764720a08b45",
                "6036262abdfc5bf318e2418c7abdf86d9fa8f90449d72477ac89abf59c1080a5",
                "bc050b0be01992ffd0e7732a82c9fedb7df8628e604b0d1dd07a0967cbfc60d5",
                "8c0b03195c0871452f0c83ef2758523f061914559e9b31177aa3e12de1e5ae52",
                "ed392bbcbd8779be4631a10c1d03485a02a4a931b7f15d9b530be9db2617963d",
                "7d32105f57f0ac50754745a1f80e9cf7f3f0abd8130c9fcd1520b9d02740d04a",
                "c8f8698082db653c835aa314993824da8f94b0857c550bd06e7cc62e76caf6e3",
                "b8810ee3c6bdcf64d3033ffcb330ca31803e9aff8171e9646e3478aef7fc228a",
                "9f30c49e561bf15d8f26fbe67e6279c3a62f20c078b22d26547585abd21c14e7",
                "aa15f00417c95d6630b9c4e299e521c35b08d5bc5c0ce724c095d534e05d13f7",
                "ee001303eab1317dfd99ffe358fc5f217790ad79fa5cba099c0179390d900273",
                "4e96fde96878ede53c9ebd766b3bdf56c31bd9a399b668091da1a95c6e0fb232",
                "a456b376b3aefbfadab83fc65c57454a517310afe51ec65eed7f4246218f8801",
                "132a770409f32e5f55d072a05d10faace6bfa38b66b260e7deff9f8cf0661178",
                "221b6887901cc5f927dc3200665c61f8474df788c902db699cc0f7af7ece5537"
            ],
            "type": "Script",
            "firstPartyCookies": {
                "_pn_NtnVGehy": {
                    "ttl": 15552014,
                    "length": 139,
                    "prevalence": 0.00010103051121438674,
                    "uniqueness": 1
                },
                "_pn_hK0Z3pH2": {
                    "ttl": 15552010,
                    "length": 112,
                    "prevalence": 0.00010103051121438674,
                    "uniqueness": 1
                },
                "_pn": {
                    "ttl": 15552012,
                    "length": 117,
                    "prevalence": 0.0005051525560719338,
                    "uniqueness": 1
                },
                "_pn_mP90dbv9": {
                    "ttl": 15552009,
                    "length": 139,
                    "prevalence": 0.00010103051121438674,
                    "uniqueness": 1
                },
                "_pn_GvbR9fxg": {
                    "ttl": 15552023,
                    "length": 139,
                    "prevalence": 0.00010103051121438674,
                    "uniqueness": 1
                },
                "_pn_TgtvAlfG": {
                    "ttl": 15552004,
                    "length": 112,
                    "prevalence": 0.00010103051121438674,
                    "uniqueness": 1
                },
                "_pn_zcgHRQlC": {
                    "ttl": 15552014,
                    "length": 139,
                    "prevalence": 0.00010103051121438674,
                    "uniqueness": 1
                },
                "_pn_HgS8Lyj7": {
                    "ttl": 15552009,
                    "length": 139,
                    "prevalence": 0.00010103051121438674,
                    "uniqueness": 1
                },
                "_pn_dRkQRo8t": {
                    "ttl": 15552006,
                    "length": 112,
                    "prevalence": 0.00010103051121438674,
                    "uniqueness": 1
                },
                "_pn_v2C4lIRo": {
                    "ttl": 15552017,
                    "length": 139,
                    "prevalence": 0.00010103051121438674,
                    "uniqueness": 1
                },
                "_pn_6YlvT2LV": {
                    "ttl": 15552020,
                    "length": 139,
                    "prevalence": 0.00010103051121438674,
                    "uniqueness": 1
                },
                "_pn_UtBLmdR1": {
                    "ttl": 15552013,
                    "length": 139,
                    "prevalence": 0.00010103051121438674,
                    "uniqueness": 1
                },
                "_pn_cAI2417v": {
                    "ttl": 15552009,
                    "length": 139,
                    "prevalence": 0.00010103051121438674,
                    "uniqueness": 1
                },
                "_pn_Zepx0dJv": {
                    "ttl": 15552009,
                    "length": 112,
                    "prevalence": 0.00010103051121438674,
                    "uniqueness": 1
                },
                "_pn_DEpH4OaP": {
                    "ttl": 15552021,
                    "length": 139,
                    "prevalence": 0.00010103051121438674,
                    "uniqueness": 1
                },
                "_pn_r1HpRy4H": {
                    "ttl": 15552008,
                    "length": 139,
                    "prevalence": 0.00010103051121438674,
                    "uniqueness": 1
                },
                "_pn_IKaaNszB": {
                    "ttl": 15552019,
                    "length": 139,
                    "prevalence": 0.00010103051121438674,
                    "uniqueness": 1
                },
                "_pn_12asXxo3": {
                    "ttl": 15552006,
                    "length": 112,
                    "prevalence": 0.00010103051121438674,
                    "uniqueness": 1
                },
                "_pn_X98wQeOR": {
                    "ttl": 15552013,