{
    "domain": "p7cloud.net",
    "owner": {},
    "source": [
        "DuckDuckGo-NL"
    ],
    "prevalence": 0.00141,
    "sites": 14,
    "subdomains": [
        "silo48",
        "silo55",
        "silo90",
        "silo52",
        "silo29",
        "silo43",
        "silo54",
        "silo27",
        "ua",
        "location",
        "lal"
    ],
    "cnames": [],
    "fingerprinting": 2,
    "resources": [
        {
            "rule": "p7cloud\\.net\\/as1\\.js",
            "cookies": 0.000505,
            "fingerprinting": 1,
            "subdomains": [
                "silo48",
                "silo55",
                "silo90",
                "silo52",
                "silo29",
                "silo43",
                "silo54",
                "silo27"
            ],
            "apis": {
                "window.localStorage": 13,
                "Date.prototype.getTime": 13,
                "Navigator.prototype.languages": 8,
                "Document.cookie getter": 13,
                "Document.cookie setter": 5,
                "Navigator.prototype.userAgent": 2,
                "window.devicePixelRatio": 1,
                "Screen.prototype.width": 1,
                "Screen.prototype.height": 1,
                "Navigator.prototype.platform": 1
            },
            "sites": 14,
            "prevalence": 0.00141,
            "cnames": [],
            "responseHashes": [
                "dd4e31473fe31d3d0b55f896dde687015dff893e2b6538fbbc78776b673340e8",
                "caa74f916c6a1881f59326c07c8437a8ce5b5973c0d64a586f3361f9c67a344a",
                "875c3fb09d744597eb23f4a636164f2f73b11b26741ce86ce0f9c20563bbb995",
                "8ab506add4e70adbc114ff1d4a2a8be4a0907946021d9149e2423e10d0799cbd",
                "67e12c150d53de570eec83e0daeee8ab69a182c4a06172549513896f82bbbf4b",
                "08bca56d2c234ae9a95bf8721841b18a23c968a2a2f9823a710e8c8409c0bdd4",
                "3f4937ac02a9a2892da0b6967fb2de5adcbafe55be5afc5b6738af572ae30bec",
                "a6fefbce3e62eabf1fe51348b7c1efaf9299b519d34a8143e03a7ab0f32750a9",
                "a63b0ebb70d81b2dce0217c705eae425d527d0f569b9702f41d4dbd40bfe4442",
                "e3b0c44298fc1c149afbf4c8996fb92427ae41e4649b934ca495991b7852b855",
                "40e1badb2df29a3040e5de99394c27954702dec23920caf5dd9fd474f0f6e745",
                "8fa9d7e6ccda4cf4a6635e5be7f591a2d4ccf852c7352dadb0737769e17c3886",
                "92b236a1bee5254b79004b328843514078b4c6efdf84ba296f11c8943d0097a5"
            ],
            "type": "Script",
            "firstPartyCookies": {
                "aspan_s": {
                    "ttl": 1814,
                    "length": 22,
                    "prevalence": 0.0005051525560719338,
                    "uniqueness": 1
                }
            },
            "firstPartyCookiesSent": {
                "_li_dcdm_c": 0.00020206102242877348
            },
            "exampleSites": [
                "dotesports.com",
                "fortune.com",
                "progameguides.com",
                "primagames.com",
                "twinfinite.net",
                "www.bikeradar.com",
                "www.destructoid.com",
                "www.dexerto.com",
                "www.gamepur.com",
                "www.gameskinny.com",
                "www.mindbodygreen.com",
                "www.newsweek.com",
                "www.refinery29.com",
                "www.usmagazine.com"
            ]
        },
        {
            "rule": "p7cloud\\.net\\/if\\.html",
            "cookies": 0.00131,
            "fingerprinting": 1,
            "subdomains": [
                "silo48",
                "silo55",
                "silo90",
                "silo52",
                "silo43",
                "silo54",
                "silo27"
            ],
            "apis": {
                "Date.prototype.getTime": 13,
                "Document.cookie setter": 13,
                "Document.cookie getter": 12,
                "window.localStorage": 9
            },
            "sites": 13,
            "prevalence": 0.00131,
            "cnames": [],
            "responseHashes": [
                "f10b55fc648ebc29d5188fd4314d67c6afc38eca17e1c04ba2eb22bc1a7e5069"
            ],
            "type": "Document",
            "firstPartyCookies": {
                "_t": {
                    "ttl": 246,
                    "length": 3,
                    "prevalence": 0.0012123661345726409,
                    "uniqueness": 0.08333333333333333
                },
                "arcid": {
                    "ttl": 7776026,
                    "length": 18,
                    "prevalence": 0.0013133966457870277,
                    "uniqueness": 0.5384615384615384
                },
                "cohorts": {
                    "ttl": 7776027,
                    "length": 134,
                    "prevalence": 0.0009092746009294807,
                    "uniqueness": 1
                }
            },
            "firstPartyCookiesSent": {},
            "exampleSites": [
                "dotesports.com",
                "fortune.com",
                "progameguides.com",
                "primagames.com",
                "twinfinite.net",
                "www.bikeradar.com",
                "www.destructoid.com",
                "www.dexerto.com",
                "www.gamepur.com",
                "www.gameskinny.com",
                "www.newsweek.com",
                "www.refinery29.com",
                "www.usmagazine.com"
            ]
        },
        {
            "rule": "p7cloud\\.net\\/cpm\\.js",
            "cookies": 0,
            "fingerprinting": 0,
            "subdomains": [
                "silo48"
            ],
            "apis": {},
            "sites": 7,
            "prevalence": 0.000707,
            "cnames": [],
            "responseHashes": [
                "6558b4c93e7c2366a12f5213091cf6c0b5484653ca553f86a8a087f24e1c9fbb"
            ],
            "type": "Script",
            "firstPartyCookies": {},
            "firstPartyCookiesSent": {},
            "exampleSites": [
                "dotesports.com",
                "progameguides.com",
                "primagames.com",
                "twinfinite.net",
                "www.destructoid.com",
                "www.gamepur.com",
                "www.gameskinny.com"
            ]
        },
        {
            "rule": "p7cloud\\.net\\/asp",
            "cookies": 0,
            "fingerprinting": 0,
            "subdomains": [
                "ua"
            ],
            "apis": {},
            "sites": 6,
            "prevalence": 0.000606,
            "cnames": [],
            "responseHashes": [
                "3d96813c98eb73f991199397012b2413559c44a04e657128511ef6af56d31095"
            ],
            "type": "Script",
            "firstPartyCookies": {},
            "firstPartyCookiesSent": {},
            "exampleSites": [
                "dotesports.com",
                "progameguides.com",
                "www.bikeradar.com",
                "www.destructoid.com",
                "www.newsweek.com",
                "www.usmagazine.com"
            ]
        },
        {
            "rule": "p7cloud\\.net\\/locdot",
            "cookies": 0,
            "fingerprinting": 0,
            "subdomains": [
                "location"
            ],
            "apis": {},
            "sites": 6,
            "prevalence": 0.000606,
            "cnames": [],
            "responseHashes": [
                "4f3076e23132435e3c4d68803fc2a82f5d6b2a32613e700a1f92164ae4cdaf28"
            ],
            "type": "Script",
            "firstPartyCookies": {},
            "firstPartyCookiesSent": {},