{
    "domain": "pbxai.com",
    "owner": {},
    "source": [
        "DuckDuckGo-NL"
    ],
    "prevalence": 0.00263,
    "sites": 26,
    "subdomains": [
        "floor",
        "cdn"
    ],
    "cnames": [],
    "fingerprinting": 1,
    "resources": [
        {
            "rule": "pbxai\\.com\\/",
            "cookies": 0,
            "fingerprinting": 0,
            "subdomains": [
                "floor"
            ],
            "apis": {},
            "sites": 22,
            "prevalence": 0.00222,
            "cnames": [],
            "responseHashes": [
                "5371df913eab753c1dc661715be85d94dcef4ca232474f1ab1dd156973a51c00",
                "efa8e3098706ff8f13bdf281f8df398b0318e8b67e14ed301a87928322cb83e7",
                "e3b0c44298fc1c149afbf4c8996fb92427ae41e4649b934ca495991b7852b855",
                "63c5eccc9f52f528db343bf41e61a3d5d332ea2e07935a1e85eb3672e3ac9f43",
                "3c656991277ec3f1ae216b97cf45a85ba1725f505f5a26b2dfda98366a656ad1",
                "cb6bd907ad2493a3aef584b201f29415804f769b1a24e1dff9ffe6c4d536ffd3",
                "73dc8e633dc253b476430c3fea33065e4589392bbf4c65b333cda7640dc54b5b",
                "bdb841926046ecfd41ae8e3647bf40ba596a8eaf639add2d0ddf723e6a9aaa83",
                "7620b7c34be1d0e311fa0a997921f8e492ca66bbe4b47eae1c5ad8c6d9d2275f",
                "339255d88962767cce5930a5770b38c9e6a72b61b21538f7e44e7e220f18598d",
                "a15e7380bfb57c9077889c34b67140d280604f72ce4f1563a294400aeb23666f",
                "b27b668e5efa8bed8063115e5743b43e3651fe165e91fb8233f636e2e5dfedcf",
                "15f53a0bfc3e0ec1ad85bb2091f37c461e78a1de63f56cd6ef1eed6bff512a49",
                "929dd44f01603765af9e10489af65e77728db2c45e229e2b856fcc53ae2f210f",
                "ad919f06e4e8f94b6023c6b71e7906b5319c15c8f8eb096c2cc35fce17689f16",
                "7c3372e578289d16ba4d1551e2cfdff7ca2e7d2cc1d9ba25d75c515b0ae3e138",
                "ca233a038069ca1a4bd9dbc6fcef34d671b0e4ee410ba3988e9b2b78e2bd7197",
                "527e6fd7e91648ed9c8cbbc2f320add116990aebebc0a1483faaf430fbdf5b8f",
                "8df641f4d6d8f5c79419144b11e9a64e711285f2601afdb5392329a006195e93",
                "f9c4e5128e1da72db40f7de1ff97f2b2ebe73a6542a3158d344936300972c638",
                "1d00aa22a5099ef01c46a7587e5bef7dd97be0d450d46a1643db511a6b88e0c3"
            ],
            "type": "Fetch",
            "firstPartyCookies": {},
            "firstPartyCookiesSent": {},
            "exampleSites": [
                "www.waldnet.nl",
                "www.lowcarbchef.nl",
                "www.livesoccertv.com",
                "helpdeskgeek.com",
                "www.wordhippo.com",
                "www.notebookcheck.net",
                "rapidsave.com",
                "www.geoguessr.com",
                "www.linguee.com",
                "nl.investing.com",
                "www.rapidtables.com",
                "www.linguee.fr",
                "www.timeout.com",
                "www.linguee.de",
                "www.isitdownrightnow.com",
                "www.thewordfinder.com",
                "www.ultimatespecs.com",
                "www.investing.com",
                "www.radiotimes.com",
                "www.puppyplaats.nl"
            ]
        },
        {
            "rule": "pbxai\\.com\\/",
            "cookies": 0,
            "fingerprinting": 0,
            "subdomains": [
                "floor"
            ],
            "apis": {},
            "sites": 2,
            "prevalence": 0.000202,
            "cnames": [],
            "responseHashes": [
                "73dc8e633dc253b476430c3fea33065e4589392bbf4c65b333cda7640dc54b5b"
            ],
            "type": "Other",
            "firstPartyCookies": {},
            "firstPartyCookiesSent": {},
            "exampleSites": [
                "investing.com",
                "www.investing.com"
            ]
        },
        {
            "rule": "pbxai\\.com\\/71b864d1-8747-49a4-9279-13f89d43e57f\\.js",
            "cookies": 0,
            "fingerprinting": 1,
            "subdomains": [
                "cdn"
            ],
            "apis": {
                "window.localStorage": 2,
                "window.sessionStorage": 2,
                "Date.prototype.getTime": 2
            },
            "sites": 2,
            "prevalence": 0.000202,
            "cnames": [],
            "responseHashes": [
                "aaf4b07db1b64011baaca861a3f177759a3cea3e0915df3e3d2a1b9fe13f32ba"
            ],
            "type": "Script",
            "firstPartyCookies": {},
            "firstPartyCookiesSent": {},
            "exampleSites": [
                "investing.com",
                "www.investing.com"
            ]
        },
        {
            "rule": "pbxai\\.com\\/5f4a4498-4f1f-48c2-94fc-26ecfea898d8\\.js",
            "cookies": 0,
            "fingerprinting": 1,
            "subdomains": [
                "cdn"
            ],
            "apis": {
                "window.localStorage": 6,
                "window.sessionStorage": 6,
                "Date.prototype.getTime": 6,
                "Navigator.prototype.platform": 1,
                "Navigator.prototype.userAgent": 1,
                "Navigator.prototype.vendor": 1
            },
            "sites": 6,
            "prevalence": 0.000606,
            "cnames": [],
            "responseHashes": [
                "7965c0024d00c54675906d3de6e8b31adbabff9a8acc675be8eab1bbba5adbb7",
                "907e3eff233f5696eb23d1cc7997eb340b2286d2260b23ecdec31c83695a9f55",
                "635c4fc121ad68a1e133a11f73f32db2aed20ae9f32286e32c821f586d155229",
                "3b632a536c91c443da03caa3ca6477e0f9737e7e68f1d78375f7ddc05ad5b771",
                "a3a22d988a0a4ba2403e5093e5fb022883fb078b6ca6d57c42918ebe4e9e532e"
            ],
            "type": "Script",
            "firstPartyCookies": {},
            "firstPartyCookiesSent": {},
            "exampleSites": [
                "on4t.com",
                "www.golinuxcloud.com",
                "www.greelane.com",
                "www.iplocation.net",
                "www.linuxfordevices.com",
                "www.lowcarbchef.nl"
            ]
        },
        {
            "rule": "pbxai\\.com\\/663ac230-2e1d-489d-a6bb-d0fcbfbc8759\\.js",
            "cookies": 0,
            "fingerprinting": 1,
            "subdomains": [
                "cdn"
            ],
            "apis": {
                "window.localStorage": 2,
                "window.sessionStorage": 2,
                "Date.prototype.getTime": 2
            },
            "sites": 2,
            "prevalence": 0.000202,
            "cnames": [],
            "responseHashes": [
                "2fd1daeabdd0951b4f9fe09761e84a37e9c1fb24aeec0fe0bc1de2cea6f9fce9"
            ],
            "type": "Script",
            "firstPartyCookies": {},
            "firstPartyCookiesSent": {},
            "exampleSites": [
                "bbcgoodfood.com",
                "www.radiotimes.com"
            ]
        }
    ],
    "categories": [],
    "performance": {},
    "cookies": 0,
    "topInitiators": [
        {
            "domain": "snigelweb.com",
            "prevalence": 0.358974358974359
        },
        {
            "domain": "adpushup.com",
            "prevalence": 0.2564102564102564
        },
        {
            "domain": "first party",
            "prevalence": 0.20512820512820512
        },
        {
            "domain": "rubiconproject.com",
            "prevalence": 0.1282051282051282
        },
        {
            "domain": "lwadm.com",
            "prevalence": 0.05128205128205128
        }
    ],
    "types": {
        "Fetch": 22,
        "Other": 2,
        "Script": 10
    },
    "nameservers": [
        "ns-234.awsdns-29.com",
        "ns-847.awsdns-41.net",
        "ns-1067.awsdns-05.org",
        "ns-1593.awsdns-07.co.uk"
    ]
}