{
    "domain": "sensic.net",
    "owner": {},
    "source": [
        "DuckDuckGo-NL"
    ],
    "prevalence": 0.000909,
    "sites": 9,
    "subdomains": [
        "es-config",
        "1755406357081776fea175ef606e7b540cc6ba2b08ed958dca1e7f1d.trk",
        "1755403547489cee399cdd6ff95612c64db1c5a551d11c0fd12bbb26.trk",
        "175540364534562fbf77ceb061fd74fe66d6a4177e0ed3811f389c86.trk",
        "1755406094421ccae8f57156b38181119c4ea736be8ebba6ed9f78f4.trk",
        "1755405544365f0b68776a2353cb0a113de2789f1787f0e60e742932.trk",
        "175540495032356f0f37e59b4975b7e74cd52b8a7d7bfa8efa7c927f.trk",
        "17554059343075ffc7b4d766b43b5f977eae12add0331de0c004a304.trk",
        "1755404103996c4f15f75e5046cf87d15268ceda5bd4a51728573027.trk",
        "1755402619798d0814049024db0df868eafe706d01f176ec4cf16252.trk",
        "es1-s2s",
        "de1-s2s"
    ],
    "cnames": [],
    "fingerprinting": 2,
    "resources": [
        {
            "rule": "sensic\\.net\\/s2s-web\\.js",
            "cookies": 0.000101,
            "fingerprinting": 1,
            "subdomains": [
                "es-config"
            ],
            "apis": {
                "window.localStorage": 8,
                "Date.prototype.getTime": 8,
                "Navigator.prototype.maxTouchPoints": 8,
                "Navigator.prototype.userAgent": 8,
                "Navigator.prototype.platform": 8,
                "Navigator.prototype.language": 8,
                "Document.cookie getter": 1,
                "Document.cookie setter": 1
            },
            "sites": 8,
            "prevalence": 0.000808,
            "cnames": [],
            "responseHashes": [
                "c1970577e4c3e5dd0ea0de6255b1a5a15eecb911d7c5c22b588fecf064f0a4de"
            ],
            "type": "Script",
            "firstPartyCookies": {
                "sui_1pc": {
                    "ttl": 63072009,
                    "length": 56,
                    "prevalence": 0.00010103051121438674,
                    "uniqueness": 1
                }
            },
            "firstPartyCookiesSent": {},
            "exampleSites": [
                "as.com",
                "elpais.com",
                "www.elespanol.com",
                "www.elmundo.es",
                "www.hola.com",
                "www.infobae.com",
                "www.marca.com",
                "www.tameteo.nl"
            ]
        },
        {
            "rule": "sensic\\.net\\/3pc\\.html",
            "cookies": 0.000101,
            "fingerprinting": 1,
            "subdomains": [
                "es-config"
            ],
            "apis": {
                "window.localStorage": 7,
                "Document.cookie getter": 8,
                "Date.prototype.getTime": 1,
                "Document.cookie setter": 1
            },
            "sites": 8,
            "prevalence": 0.000808,
            "cnames": [],
            "responseHashes": [
                "50d7dc201785b5d141a77b2ddff351c2caaa2ab64b19e659fe8f825a7c487f22"
            ],
            "type": "Document",
            "firstPartyCookies": {},
            "firstPartyCookiesSent": {},
            "exampleSites": [
                "as.com",
                "elpais.com",
                "www.elespanol.com",
                "www.elmundo.es",
                "www.hola.com",
                "www.infobae.com",
                "www.marca.com",
                "www.tameteo.nl"
            ]
        },
        {
            "rule": "sensic\\.net\\/tp\\.gif",
            "cookies": 0,
            "fingerprinting": 0,
            "subdomains": [
                "1755406357081776fea175ef606e7b540cc6ba2b08ed958dca1e7f1d.trk",
                "1755403547489cee399cdd6ff95612c64db1c5a551d11c0fd12bbb26.trk",
                "175540364534562fbf77ceb061fd74fe66d6a4177e0ed3811f389c86.trk",
                "1755406094421ccae8f57156b38181119c4ea736be8ebba6ed9f78f4.trk",
                "1755405544365f0b68776a2353cb0a113de2789f1787f0e60e742932.trk",
                "175540495032356f0f37e59b4975b7e74cd52b8a7d7bfa8efa7c927f.trk",
                "17554059343075ffc7b4d766b43b5f977eae12add0331de0c004a304.trk",
                "1755404103996c4f15f75e5046cf87d15268ceda5bd4a51728573027.trk",
                "1755402619798d0814049024db0df868eafe706d01f176ec4cf16252.trk"
            ],
            "apis": {},
            "sites": 9,
            "prevalence": 0.000909,
            "cnames": [],
            "responseHashes": [
                "e3b0c44298fc1c149afbf4c8996fb92427ae41e4649b934ca495991b7852b855"
            ],
            "type": "XHR",
            "firstPartyCookies": {},
            "firstPartyCookiesSent": {},
            "exampleSites": [
                "as.com",
                "elpais.com",
                "www.daserste.de",
                "www.elespanol.com",
                "www.elmundo.es",
                "www.hola.com",
                "www.infobae.com",
                "www.marca.com",
                "www.tameteo.nl"
            ]
        },
        {
            "rule": "sensic\\.net\\/",
            "cookies": 0,
            "fingerprinting": 0,
            "subdomains": [
                "es1-s2s"
            ],
            "apis": {},
            "sites": 8,
            "prevalence": 0.000808,
            "cnames": [],
            "responseHashes": [
                "e3b0c44298fc1c149afbf4c8996fb92427ae41e4649b934ca495991b7852b855"
            ],
            "type": "XHR",
            "firstPartyCookies": {},
            "firstPartyCookiesSent": {},
            "exampleSites": [
                "as.com",
                "elpais.com",
                "www.elespanol.com",
                "www.elmundo.es",
                "www.hola.com",
                "www.infobae.com",
                "www.marca.com",
                "www.tameteo.nl"
            ]
        },
        {
            "rule": "sensic\\.net\\/id",
            "cookies": 0,
            "fingerprinting": 0,
            "subdomains": [
                "de1-s2s",
                "es1-s2s"
            ],
            "apis": {},
            "sites": 5,
            "prevalence": 0.000505,
            "cnames": [],
            "responseHashes": [
                "e3b0c44298fc1c149afbf4c8996fb92427ae41e4649b934ca495991b7852b855"
            ],
            "type": "XHR",
            "firstPartyCookies": {},
            "firstPartyCookiesSent": {},
            "exampleSites": [
                "daserste.de",
                "www.elmundo.es",
                "www.hola.com",
                "www.infobae.com",
                "www.marca.com"
            ]
        }
    ],
    "categories": [],
    "performance": {},
    "cookies": 0.000101,
    "topInitiators": [
        {
            "domain": "first party",
            "prevalence": 0.75
        },
        {
            "domain": "adobedtm.com",
            "prevalence": 0.16666666666666666
        },
        {
            "domain": "prisamedia.com",
            "prevalence": 0.08333333333333333
        }
    ],
    "types": {
        "Script": 8,
        "Document": 8,
        "XHR": 22
    },
    "nameservers": [
        "ns-192.awsdns-24.com",
        "ns-1003.awsdns-61.net",
        "ns-1081.awsdns-07.org",
        "ns-1850.awsdns-39.co.uk"
    ]
}