{
    "domain": "smartocto.com",
    "owner": {},
    "source": [
        "DuckDuckGo-NL"
    ],
    "prevalence": 0.00414,
    "sites": 41,
    "subdomains": [
        "api",
        "ingestion",
        "tentacles"
    ],
    "cnames": [],
    "fingerprinting": 2,
    "resources": [
        {
            "rule": "smartocto\\.com\\/api\\/brands\\/tentacles",
            "cookies": 0,
            "fingerprinting": 0,
            "subdomains": [
                "api"
            ],
            "apis": {},
            "sites": 40,
            "prevalence": 0.00404,
            "cnames": [],
            "responseHashes": [
                "7a2db0683dcb538e53010eab12d2f2388b66655e871e978b2b623b215f230165",
                "5d2e01028f8bb1495fc802b5002ac80e38e1beae6a9f60d138c975b70b64b455",
                "24428423b2da849966bc8852fb0318fd33fe9ca8f3511a2a8ff74a770c0c46b6",
                "d5bba1ae4134b8ef981879945973cbda225dbe34e108a055854e44f6165495f7",
                "b747e388e8163d0d57e859669f14e5cb85c36cf8365a759135c77f9502d38b4c",
                "1f3c753fb604c2705eef94bba498ed4f60caafdfa1543ffa095a22b859e803bb",
                "16a4a18875cad192b68b0aad2122a02010b8bb27de242d1f35b00c1d43cc14a7",
                "1eb8faf06160dac787d871cd272a0b3f9896f8fbbd041b9ad63d80d160152d12",
                "e2040a707d334f54d5c87d01877c092edc684a913d84efe9afad05be97bbce80",
                "aa516be42697f4a18b0bf863599486077a7f3d5ea931f9fb3650ab09640aa484",
                "39326a985aee904579952ae545cb4230aa951a61c232b5c55143401106a0861f",
                "eb4a21f195a96f1ac7f9008536d619f5c75949d3c69007a1f1c1b84423e339bc",
                "b61529ac84196c7bfafdaa578a43dddb50fb1b693529a1a3a042c863a873e486",
                "461756a8702961ccdb13fa25452c4c88792a4d0d59ffa12df121b3ab85b94af5",
                "080ff2a50ee084be8a58436c8837d14fbef6c3ad16f2a1ce95ae95bc21aae183",
                "d247651dd388173589507d908ffdeac209f275f7de77f3dc937f05d7a75281b3",
                "c0aef123174a1f847822e0ba81d6d6b528043dd32dc8140447e6a3623c05cdf1",
                "156e97c1ecc2cc7c4915331ddb3cdabeb987e42e7beb052012a2f50d58d64995",
                "b752a9ec11dc2c087c326502ca47c9ec01e0f43589dfc6f7e8b953d8e5063c59",
                "6329bdfe1590c8b4a3d269d4b9415a3b19532e3a7066600731025a0ba8ee530f",
                "32ebced2b782c9ed1391f11f5d830f7ab3dee0cb007af3b3731c29d613f710af",
                "1d3755a1972c9f3ac6924b5ff7a3b2268036f707113937552a51b7428e730dc7",
                "974866faabd4fe400e93aff47fbd798b7684afc4e50c3d2363e4e1d2dd3165aa",
                "bd28cf102fa2653a073dbe18f8a1107a3ef8c56bdeb4bfe9649ea24e07fa4a12",
                "68246f8a8451074cf50aff0028e95be7e6173809cbe846e66ae00f2b097c6b84",
                "fc289a98d1d8ac3743c2da5761f93a8bde6a2b6e2e726ba42cbd64b97e22751f",
                "282009efab1af936ea532039d6b427f28959846bb82235b080adc6b630cfc628",
                "01f16986f956a3d4cca743f859e923b913472e48e90a7489801ef559152f38f0",
                "7c5539245f7467efcb1ad988cfb4cc5e4e582559d448b47ceb277f53b80cdf60",
                "5fe97823f26406ce102bc8e14bcb94d5a579716226d5511e2311789e97270cee",
                "ec6f376fb8d3ebd6e8374e7bd2caf2b9747649e417e81a4eee0cc5d96203ef4c",
                "c75322ade4836b9b1a2f6d10cc8460bd9c8d70b05414d708c6796fd6f135cc27",
                "8bc283be074e392a21faea4b1c345c213fd868116cd9a076e7787a7cb44b2483",
                "fd0366fa982bbfb40684d7022dd22b6306871525adb4dbbee994d1d84bd5591d",
                "7214cda8c59dc60a2258e995a4c66a8a9f00f39ee9529a751bb2f4e1f2d2f1f7",
                "dce5dafef8f76f943ddd7e5279418133a3395950bf15e89baf4e1d3cf3f11eb7",
                "0826b01062935244373ed3e034a22726380f560ff2cbd560a1a82bcafb30c232"
            ],
            "type": "XHR",
            "firstPartyCookies": {},
            "firstPartyCookiesSent": {},
            "exampleSites": [
                "www.oost.nl",
                "www.at5.nl",
                "www.schuttevaer.nl",
                "www.haarlemsdagblad.nl",
                "www.gld.nl",
                "www.rtl.nl",
                "www.omroepzeeland.nl",
                "www.omroepbrabant.nl",
                "sikkom.nl",
                "www.superfoodstore.nl",
                "oost.nl",
                "www.rtvnoord.nl",
                "sporza.be",
                "www.index.hr",
                "www.l1.nl",
                "www.gooieneemlander.nl",
                "www.rtvutrecht.nl",
                "lc.nl",
                "www.nhnieuws.nl",
                "www.l1nieuws.nl"
            ]
        },
        {
            "rule": "smartocto\\.com\\/t",
            "cookies": 0,
            "fingerprinting": 0,
            "subdomains": [
                "ingestion"
            ],
            "apis": {},
            "sites": 40,
            "prevalence": 0.00404,
            "cnames": [],
            "responseHashes": [
                "e3b0c44298fc1c149afbf4c8996fb92427ae41e4649b934ca495991b7852b855"
            ],
            "type": "XHR",
            "firstPartyCookies": {},
            "firstPartyCookiesSent": {},
            "exampleSites": [
                "www.oost.nl",
                "www.haarlemsdagblad.nl",
                "sikkom.nl",
                "nos.nl",
                "www.fr-fans.nl",
                "www.omropfryslan.nl",
                "www.omroepflevoland.nl",
                "sporza.be",
                "www.rtl.nl",
                "www.rd.nl",
                "www.noordhollandsdagblad.nl",
                "www.schuttevaer.nl",
                "www.metronieuws.nl",
                "www.gooieneemlander.nl",
                "www.l1nieuws.nl",
                "www.rtvdrenthe.nl",
                "www.superfoodstore.nl",
                "www.omroepbrabant.nl",
                "www.hbvl.be",
                "lc.nl"
            ]
        },
        {
            "rule": "smartocto\\.com\\/ten\\/tentacle\\.js",
            "cookies": 0,
            "fingerprinting": 1,
            "subdomains": [
                "tentacles"
            ],
            "apis": {
                "window.localStorage": 39,
                "Date.prototype.getTime": 38,
                "Navigator.prototype.userAgent": 15,
                "window.innerWidth": 15,
                "Navigator.prototype.maxTouchPoints": 15
            },
            "sites": 39,
            "prevalence": 0.00394,
            "cnames": [],
            "responseHashes": [
                "a7a12cab27af444769dfcd01463a6258ba7f79ded5c0e17cb203e3e95ae5df4f"
            ],
            "type": "Script",
            "firstPartyCookies": {},
            "firstPartyCookiesSent": {},
            "exampleSites": [
                "oost.nl",
                "www.haarlemsdagblad.nl",
                "www.rtl.nl",
                "www.gva.be",
                "www.omroepbrabant.nl",
                "www.l1.nl",
                "www.index.hr",
                "www.gld.nl",
                "www.rtvnoord.nl",
                "www.rtvdrenthe.nl",
                "dvhn.nl",
                "www.omroepflevoland.nl",
                "www.hbvl.be",
                "www.standaard.be",
                "www.rd.nl",
                "superfoodstore.nl",
                "lc.nl",
                "www.rtvutrecht.nl",
                "www.infrasite.nl",
                "www.superfoodstore.nl"
            ]
        },
        {
            "rule": "smartocto\\.com\\/ten\\/ingestion\\.js",
            "cookies": 0.00394,
            "fingerprinting": 2,
            "subdomains": [
                "tentacles"
            ],
            "apis": {
                "Screen.prototype.availWidth": 39,
                "Screen.prototype.availHeight": 39,
                "Date.prototype.getTime": 39,
                "Document.cookie getter": 26,
                "window.devicePixelRatio": 39,
                "window.innerWidth": 39,
                "window.innerHeight": 39,