{
    "domain": "stapecdn.com",
    "owner": {},
    "source": [
        "DuckDuckGo-NL"
    ],
    "prevalence": 0.00182,
    "sites": 18,
    "subdomains": [
        "sp"
    ],
    "cnames": [],
    "fingerprinting": 2,
    "resources": [
        {
            "rule": "stapecdn\\.com\\/widget\\/setting",
            "cookies": 0,
            "fingerprinting": 0,
            "subdomains": [
                "sp"
            ],
            "apis": {},
            "sites": 8,
            "prevalence": 0.000808,
            "cnames": [],
            "responseHashes": [
                "92c1588fc26bb8306d481fd819657faa9693e06f8e6de075bbe435082a07b9da",
                "6038e1a2b10d2d7a0e28965686f7f9763f8fb404a651aad75e23c9f81e39313e",
                "bd7a42c69246dcf3cc970bea72b8c2e972be17e4621a790761bd2126896ae0d9",
                "dd1a641d539f5cb89896efcc03667bbf335e51c21c8950c1f43d832b9280431c",
                "c0e3a75948eca39c4ce640ba129343231b2bb53a1d156e6f0a441a5868bbd599",
                "4f11b0dcdafae28bd2075c2fd06ac1ceba080da45703d254b410d5d86ee9d9c2",
                "32a33051aa6a68c756cb6c90b97cd3030a076f0d587cc14b763b407b685dfb10"
            ],
            "type": "Fetch",
            "firstPartyCookies": {},
            "firstPartyCookiesSent": {},
            "exampleSites": [
                "agradi.nl",
                "cookinglife.nl",
                "kinglouie.com",
                "upfront.nl",
                "welzo.com",
                "www.aanhangwagendirect.nl",
                "www.dekbed-discounter.nl",
                "www.revitsport.com"
            ]
        },
        {
            "rule": "stapecdn\\.com\\/widget\\/script_pixel",
            "cookies": 0,
            "fingerprinting": 0,
            "subdomains": [
                "sp"
            ],
            "apis": {},
            "sites": 7,
            "prevalence": 0.000707,
            "cnames": [],
            "responseHashes": [
                "71bc8ec6fb9d0aa873a3007a5d1742508fb18b56f1ac19f623c0366753fb30f2",
                "3a6c8883445fa4c25f4eee1222b6b0bf32e9cb61c2b02c146ce1afca675d62ac",
                "d96b7ced9287b9b83882d6db098da533e8c6603e177f3194e4c243ea7c7315f6",
                "934f8880f90b646918f03a48da629441ff273e51e988f1c9635e6a29b622101a",
                "eea16a5c5f8cb617729eb4fa314cbc07d29d267a3bfa19b91d0df39840e566d2",
                "f05f66cd6d0d7cbb0422de3c46ed8e2b075878ca7337f07ef75f5ed998893ed7"
            ],
            "type": "Fetch",
            "firstPartyCookies": {},
            "firstPartyCookiesSent": {},
            "exampleSites": [
                "cookinglife.nl",
                "kinglouie.com",
                "upfront.nl",
                "welzo.com",
                "www.aanhangwagendirect.nl",
                "www.dekbed-discounter.nl",
                "www.revitsport.com"
            ]
        },
        {
            "rule": "stapecdn\\.com\\/dtag\\/v8\\.js",
            "cookies": 0,
            "fingerprinting": 1,
            "subdomains": [],
            "apis": {
                "window.innerWidth": 10,
                "window.innerHeight": 10,
                "Screen.prototype.width": 10,
                "Screen.prototype.height": 10
            },
            "sites": 10,
            "prevalence": 0.00101,
            "cnames": [],
            "responseHashes": [
                "99f2d8044a24b9817bc31c4e3f6c34c24ff4e05557ca70dcd2631f790785d8a9"
            ],
            "type": "Script",
            "firstPartyCookies": {},
            "firstPartyCookiesSent": {},
            "exampleSites": [
                "happyhealthy.nl",
                "kunststofplatenshop.nl",
                "sanitairkamer.nl",
                "www.12gobiking.nl",
                "www.alpina.nl",
                "www.avogel.nl",
                "www.babypark.nl",
                "www.lucovitaal.nl",
                "www.peek-cloppenburg.nl",
                "www.zwilling.com"
            ]
        }
    ],
    "categories": [],
    "performance": {},
    "cookies": 0,
    "topInitiators": [
        {
            "domain": "first party",
            "prevalence": 0.84
        },
        {
            "domain": "shopify.com",
            "prevalence": 0.12
        },
        {
            "domain": "googletagmanager.com",
            "prevalence": 0.04
        }
    ],
    "types": {
        "Fetch": 15,
        "Script": 10
    },
    "nameservers": [
        "oswald.ns.cloudflare.com",
        "luciana.ns.cloudflare.com"
    ]
}