{
    "domain": "wisepops.net",
    "owner": {},
    "source": [
        "DuckDuckGo-NL"
    ],
    "prevalence": 0.00131,
    "sites": 13,
    "subdomains": [],
    "cnames": [],
    "fingerprinting": 2,
    "resources": [
        {
            "rule": "wisepops\\.net\\/loader\\.js",
            "cookies": 0.000707,
            "fingerprinting": 2,
            "subdomains": [],
            "apis": {
                "window.sessionStorage": 7,
                "window.localStorage": 7,
                "Document.cookie getter": 7,
                "Document.cookie setter": 7,
                "Date.prototype.getTime": 7,
                "window.innerHeight": 7,
                "window.innerWidth": 7,
                "Navigator.prototype.cookieEnabled": 7,
                "Intl.DateTimeFormat.prototype.resolvedOptions": 6
            },
            "sites": 13,
            "prevalence": 0.00131,
            "cnames": [],
            "responseHashes": [
                "c8d27af51e6a48ce60fc3f9b5827c0747483414f76b9a7ecc5dac29c5b541366",
                "61c906ed1111883a72875b56fa7982f03b1cd362d7b117d4c73975279c44d53c",
                "4eac35b926b76a8b759f560b1340488c9b181c804e2e57a5d4587626abb7d4cd",
                "aa1b4f5db500d47f36c814d4ad66bc574c45b82742593202856bc19bd0f30e2a",
                "ef8da4a2759fca7d96fe954b43e10afa3254447915828c2c0edd37b5796d9441",
                "7bf9440acf74989677c862c92a1af6cd3a6796adb3d505aa5db1b58bfb59fa52",
                "a700eb21511f4b8ea46d7a608ebdf8d6125730d9bb80021ca18a62b86d6d9add",
                "e6f14c87f930b6703aee76ba68e99cfeebab1dec5bb8a99f4582a439ac7ef04d",
                "d9f342791c40cf3e4bb69e62ac97ca010f34a5c075e954711c8b4ef9a806e39b",
                "e3b0c44298fc1c149afbf4c8996fb92427ae41e4649b934ca495991b7852b855",
                "db1d852e9fc60600eacdd2f894ca4e631ef28d0e22b5edc85e579ca7867daa86"
            ],
            "type": "Script",
            "firstPartyCookies": {
                "wisepops_tld": {
                    "ttl": 5,
                    "length": 1,
                    "prevalence": 0.0006061830672863204,
                    "uniqueness": 0.16666666666666666
                },
                "wisepops": {
                    "ttl": 63072000,
                    "length": 155,
                    "prevalence": 0.0006061830672863204,
                    "uniqueness": 1
                },
                "wisepops_session": {
                    "ttl": null,
                    "length": 296,
                    "prevalence": 0.0006061830672863204,
                    "uniqueness": 1
                },
                "wisepops_visitor": {
                    "ttl": 63072000,
                    "length": 67,
                    "prevalence": 0.0005051525560719338,
                    "uniqueness": 1
                },
                "wisepops_visits": {
                    "ttl": 63072000,
                    "length": 40,
                    "prevalence": 0.0005051525560719338,
                    "uniqueness": 1
                }
            },
            "firstPartyCookiesSent": {},
            "exampleSites": [
                "buycycle.com",
                "petrus.protestantsekerk.nl",
                "protestantsekerk.nl",
                "rab.equipment",
                "www.andrerieu.com",
                "www.bikester.nl",
                "www.businessinsider.com",
                "www.businessinsider.nl",
                "www.hoogvliet.com",
                "www.khn.nl",
                "www.purevpn.com",
                "www.siebeljuweliers.nl",
                "www.zamnesia.nl"
            ]
        },
        {
            "rule": "wisepops\\.net\\/id",
            "cookies": 0,
            "fingerprinting": 0,
            "subdomains": [],
            "apis": {},
            "sites": 11,
            "prevalence": 0.00111,
            "cnames": [],
            "responseHashes": [
                "f1708ceba18ccc23d10dd6eef0c361365ef9488bea611facea9b9ebd8bdbd732",
                "5ed8bac8b2c5ddf6364da9b8e2bc7a7867bb0ca89a350c7c18e4cff53f97e675",
                "366a8bb9cf6b541db0c7ebd17d8b6859b0cde3fa575d0407cc86e597c4432285",
                "fdf77c12d88657c0580037f860ba9bbe6599dff7a28fdf3b6521df97f495df17",
                "b9001ea16e2e60354ddc2f355a8548ec2e3161ecf40388962b8278f9efe6e1d7",
                "ce0dd53807526fcf8e03ca1b7d1a2d0f42a5e887fff2bd44739beeea44bf82e2",
                "444f8a269779a8115134b02d95e39a4b5059d76315562082f69e863e39c13ad2",
                "1eb260fdf3d8eab8eee4e655614e044edcbd094d894a38794ee3565ab3640687",
                "c12d692b2dc6f0ea7e04b232943c43ab4a60d4ede0d5c2094c9ac60401220b28"
            ],
            "type": "Fetch",
            "firstPartyCookies": {},
            "firstPartyCookiesSent": {},
            "exampleSites": [
                "buycycle.com",
                "petrus.protestantsekerk.nl",
                "protestantsekerk.nl",
                "rab.equipment",
                "www.andrerieu.com",
                "www.businessinsider.com",
                "www.businessinsider.nl",
                "www.hoogvliet.com",
                "www.khn.nl",
                "www.purevpn.com",
                "www.zamnesia.nl"
            ]
        },
        {
            "rule": "wisepops\\.net\\/my-wisepop",
            "cookies": 0,
            "fingerprinting": 0,
            "subdomains": [],
            "apis": {},
            "sites": 11,
            "prevalence": 0.00111,
            "cnames": [],
            "responseHashes": [
                "a0f0cc2da8bbd1a918b0a8e3e067454a16920860e4a76dea3cf41b2dda00755b",
                "3978ac30ac0579a1bc592fb431653870150ded750af60b1833fd7214c33e7a8e",
                "bf5e0368a655671119bd5364b722f8b2f77df5348463a87114266f26bd581789",
                "58841e76d7bf13ab62255a17758359ef1ae2be38a119c920cbd5cb8945a002b7",
                "1f68eb0c881967b41495e0ae0e7a802aa758c6ef0354971812cce638584ae291",
                "616fa2618499a91de3aeadef188a680552d9ae08e5553c4947c1677481346e49",
                "b922c73626043a99f57417308482106f47fe74306dfa80a9b4fef8f171febd29",
                "298b80bcee6aaa5bd7cd35a656ef4733d286eb1bd65a8b09a03b5f45c1ef1cb9"
            ],
            "type": "XHR",
            "firstPartyCookies": {},
            "firstPartyCookiesSent": {},
            "exampleSites": [
                "buycycle.com",
                "petrus.protestantsekerk.nl",
                "protestantsekerk.nl",
                "rab.equipment",
                "www.andrerieu.com",
                "www.businessinsider.com",
                "www.businessinsider.nl",
                "www.hoogvliet.com",
                "www.khn.nl",
                "www.purevpn.com",
                "www.zamnesia.nl"
            ]
        }
    ],
    "categories": [],
    "performance": {},
    "cookies": 0.000707,
    "topInitiators": [
        {
            "domain": "first party",
            "prevalence": 0.34375
        },
        {
            "domain": "wisepops.com",
            "prevalence": 0.3125
        },
        {
            "domain": "googletagmanager.com",
            "prevalence": 0.28125
        },
        {
            "domain": "datadoghq-browser-agent.com",
            "prevalence": 0.0625
        }
    ],
    "types": {
        "Script": 13,
        "Fetch": 11,
        "XHR": 11
    },
    "nameservers": [
        "wally.ns.cloudflare.com",
        "marek.ns.cloudflare.com"
    ]
}