{
    "domain": "youshouldask.ai",
    "owner": {},
    "source": [
        "DuckDuckGo-NL"
    ],
    "prevalence": 0.00121,
    "sites": 12,
    "subdomains": [
        "app"
    ],
    "cnames": [],
    "fingerprinting": 1,
    "resources": [
        {
            "rule": "youshouldask\\.ai\\/chat\\/popup-styles\\.css\\.php",
            "cookies": 0.00121,
            "fingerprinting": 0,
            "subdomains": [
                "app"
            ],
            "apis": {},
            "sites": 12,
            "prevalence": 0.00121,
            "cnames": [],
            "responseHashes": [
                "af4cff73cb734051842349c663d5a640fd824fddb7808938802f32d939755a91",
                "175d86af20a929c52a6ca403bf7dae675d1384ffb73e5f9b283fd6612c0b6d88",
                "71525652748af1d9abc1263ebaa67ecb3908fe3d261c117eb3e39f2851074b2a",
                "8403f8de1dd4b1d543144d4cdd561fb8bdc26091e554b8388d8bb16c29e8aec4",
                "9923de790b1026b1550308d3e85173be136b280667d1dd9c5927e0f3d1c7d734",
                "ff0ffb1308a63991484cc1ca99b84f5a74e51b9ac5dd2384dedda744b2eefc48",
                "92288f4ff603de4e1baa123ee216fecd36ed8c93eb421c6343f08c644d40866b",
                "a7a99e8a56135a0c08513f9bd195a6480cabd25e4a6a2176c8c114ee64530e4d",
                "877db3f3ef6e52f5b77d86e1bec35d2ced2e6c830841c055afaad53c4ffc9c6c",
                "a95b7210d5aa4a4d004a23eb802d39e28ed4098643c8dcba5ba3d96c35d23844",
                "af1c0f403fd2bd3e9dd72e751a1af32da2e67a16572fdb8711bd97913a79f8ee"
            ],
            "type": "Stylesheet",
            "firstPartyCookies": {},
            "firstPartyCookiesSent": {},
            "exampleSites": [
                "polyestershoppen.nl",
                "www.carpetright.nl",
                "www.deverfzaak.nl",
                "www.dierapotheker.nl",
                "www.dutch-headshop.nl",
                "www.haarshop.nl",
                "www.halfords.nl",
                "www.hemdvoorhem.nl",
                "www.heuts.nl",
                "www.orientalwebshop.nl",
                "www.prontowonen.nl",
                "www.vanbeekumspecerijen.nl"
            ]
        },
        {
            "rule": "youshouldask\\.ai\\/api\\/store_page_visit\\.php",
            "cookies": 0.00121,
            "fingerprinting": 0,
            "subdomains": [
                "app"
            ],
            "apis": {},
            "sites": 12,
            "prevalence": 0.00121,
            "cnames": [],
            "responseHashes": [],
            "type": "Preflight",
            "firstPartyCookies": {},
            "firstPartyCookiesSent": {},
            "exampleSites": [
                "polyestershoppen.nl",
                "www.carpetright.nl",
                "www.deverfzaak.nl",
                "www.dierapotheker.nl",
                "www.dutch-headshop.nl",
                "www.haarshop.nl",
                "www.halfords.nl",
                "www.hemdvoorhem.nl",
                "www.heuts.nl",
                "www.orientalwebshop.nl",
                "www.prontowonen.nl",
                "www.vanbeekumspecerijen.nl"
            ]
        },
        {
            "rule": "youshouldask\\.ai\\/api\\/store_page_visit\\.php",
            "cookies": 0.00121,
            "fingerprinting": 0,
            "subdomains": [
                "app"
            ],
            "apis": {},
            "sites": 12,
            "prevalence": 0.00121,
            "cnames": [],
            "responseHashes": [
                "e3b0c44298fc1c149afbf4c8996fb92427ae41e4649b934ca495991b7852b855"
            ],
            "type": "XHR",
            "firstPartyCookies": {},
            "firstPartyCookiesSent": {},
            "exampleSites": [
                "polyestershoppen.nl",
                "www.carpetright.nl",
                "www.deverfzaak.nl",
                "www.dierapotheker.nl",
                "www.dutch-headshop.nl",
                "www.haarshop.nl",
                "www.halfords.nl",
                "www.hemdvoorhem.nl",
                "www.heuts.nl",
                "www.orientalwebshop.nl",
                "www.prontowonen.nl",
                "www.vanbeekumspecerijen.nl"
            ]
        },
        {
            "rule": "youshouldask\\.ai\\/img\\/chat_icon\\.webp",
            "cookies": 0,
            "fingerprinting": 0,
            "subdomains": [
                "app"
            ],
            "apis": {},
            "sites": 12,
            "prevalence": 0.00121,
            "cnames": [],
            "responseHashes": [
                "9661f4e2010c9a8166499aeef3983ff65c13ddff74b544def6f7a31aa3139b4d"
            ],
            "type": "Image",
            "firstPartyCookies": {},
            "firstPartyCookiesSent": {},
            "exampleSites": [
                "polyestershoppen.nl",
                "www.carpetright.nl",
                "www.deverfzaak.nl",
                "www.dierapotheker.nl",
                "www.dutch-headshop.nl",
                "www.haarshop.nl",
                "www.halfords.nl",
                "www.hemdvoorhem.nl",
                "www.heuts.nl",
                "www.orientalwebshop.nl",
                "www.prontowonen.nl",
                "www.vanbeekumspecerijen.nl"
            ]
        },
        {
            "rule": "youshouldask\\.ai\\/chat\\/popup-custom\\.css\\.php",
            "cookies": 0.000808,
            "fingerprinting": 0,
            "subdomains": [
                "app"
            ],
            "apis": {},
            "sites": 8,
            "prevalence": 0.000808,
            "cnames": [],
            "responseHashes": [
                "e3b0c44298fc1c149afbf4c8996fb92427ae41e4649b934ca495991b7852b855",
                "93463037e7bdaa2a9912346f830bf1484b3e0c9960540f92c82f535e890b9a98",
                "7d30c8f281e395c5ef49f750adc2c7c9aeee4c0a6af170021d6ea86c30a978c6",
                "1dddfa31ee179fe40bd0005c91815e50d013bdbd08e20583aef4b7a3ff23df4b"
            ],
            "type": "Stylesheet",
            "firstPartyCookies": {},
            "firstPartyCookiesSent": {},
            "exampleSites": [
                "carpetright.nl",
                "www.dierapotheker.nl",
                "www.dutch-headshop.nl",
                "www.halfords.nl",
                "www.hemdvoorhem.nl",
                "www.heuts.nl",
                "www.prontowonen.nl",
                "www.vanbeekumspecerijen.nl"
            ]
        },
        {
            "rule": "youshouldask\\.ai\\/img\\/close-circle\\.svg",
            "cookies": 0,
            "fingerprinting": 0,
            "subdomains": [
                "app"
            ],
            "apis": {},
            "sites": 8,
            "prevalence": 0.000808,
            "cnames": [],
            "responseHashes": [
                "13cc00030c3f4d7103c73506de2d602f108f2d91a1889be499d287390e5951e4"
            ],
            "type": "Image",
            "firstPartyCookies": {},
            "firstPartyCookiesSent": {},
            "exampleSites": [
                "carpetright.nl",
                "www.dierapotheker.nl",
                "www.dutch-headshop.nl",
                "www.halfords.nl",
                "www.hemdvoorhem.nl",
                "www.heuts.nl",
                "www.prontowonen.nl",
                "www.vanbeekumspecerijen.nl"
            ]
        },
        {
            "rule": "youshouldask\\.ai\\/uploads\\/avatar_files\\/13_f3033dd7666807dfe76e4d61d6a5d9b9\\.png",
            "cookies": 0,
            "fingerprinting": 0,
            "subdomains": [
                "app"
            ],
            "apis": {},
            "sites": 2,
            "prevalence": 0.000202,
            "cnames": [],
            "responseHashes": [
                "b1650acdaf9a6de3437a11ed1ce24b6714935c8f2bbba770b0ccabf7194685af"
            ],
            "type": "Image",
            "firstPartyCookies": {},
            "firstPartyCookiesSent": {},