{
    "domain": "baidu.com",
    "owner": {
        "name": "Baidu, Inc.",
        "displayName": "Baidu"
    },
    "source": [
        "DuckDuckGo-FR"
    ],
    "prevalence": 0.000909,
    "sites": 9,
    "subdomains": [
        "hm"
    ],
    "cnames": [],
    "fingerprinting": 2,
    "resources": [
        {
            "rule": "baidu\\.com\\/hm\\.js",
            "cookies": 0.000808,
            "fingerprinting": 2,
            "subdomains": [
                "hm"
            ],
            "apis": {
                "Navigator.prototype.userAgent": 8,
                "Navigator.prototype.cookieEnabled": 8,
                "Navigator.prototype.javaEnabled": 8,
                "Navigator.prototype.language": 8,
                "Screen.prototype.width": 8,
                "Screen.prototype.height": 8,
                "Screen.prototype.colorDepth": 8,
                "Screen.prototype.orientation": 8,
                "window.innerWidth": 8,
                "window.localStorage": 8,
                "Document.cookie getter": 8,
                "window.sessionStorage": 8,
                "Date.prototype.getTime": 8,
                "Document.cookie setter": 8,
                "window.innerHeight": 8
            },
            "sites": 9,
            "prevalence": 0.000909,
            "cnames": [],
            "responseHashes": [
                "69f90b47dd83c8d698e25c2f645fe0f2bf80be99cf341b8cbb83c90c03057069",
                "ab5595842fa691185a1811bb9054693b639d24320b3239632e2a5c3438fd79fa",
                "b286c976efd0c97da22510227339683bdc3aa18d8888eee5c1b7e8beecacca42",
                "89e7121e0ec58349c774c4b770b2ec8bdaefa918af4ec39116b25670530009ed",
                "455d5d9dfaf011371d2715a45b8255e1b2da1f92e198dcbdfff9d7a6cec3d61a",
                "94c4bb477a960ef274aa8bd00d50b55b16f8e94b3cbd2bf19b0158b69a9673b3",
                "d465dd997581c30ced77780e1b80f183238a944152a979483e494a36c4a780f1"
            ],
            "type": "Script",
            "firstPartyCookies": {
                "Hm_lvt_6bcd52f51e9b3dce32bec4a3997715ac": {
                    "ttl": 31536008,
                    "length": 10,
                    "prevalence": 0.000100999899000101,
                    "uniqueness": 1
                },
                "Hm_lpvt_6bcd52f51e9b3dce32bec4a3997715ac": {
                    "ttl": null,
                    "length": 10,
                    "prevalence": 0.000100999899000101,
                    "uniqueness": 1
                },
                "HMACCOUNT": {
                    "ttl": null,
                    "length": 16,
                    "prevalence": 0.000807999192000808,
                    "uniqueness": 1
                },
                "Hm_lvt_1d5ba5cbc559273825f37fdd6ecdfe28": {
                    "ttl": 31536014,
                    "length": 10,
                    "prevalence": 0.000100999899000101,
                    "uniqueness": 1
                },
                "Hm_lpvt_1d5ba5cbc559273825f37fdd6ecdfe28": {
                    "ttl": null,
                    "length": 10,
                    "prevalence": 0.000100999899000101,
                    "uniqueness": 1
                },
                "Hm_lvt_da0619047856c9fcb34c38649c466107": {
                    "ttl": 31536004,
                    "length": 10,
                    "prevalence": 0.000100999899000101,
                    "uniqueness": 1
                },
                "Hm_lpvt_da0619047856c9fcb34c38649c466107": {
                    "ttl": null,
                    "length": 10,
                    "prevalence": 0.000100999899000101,
                    "uniqueness": 1
                },
                "Hm_lvt_a7025e25c8500c732b8f48cc46e21467": {
                    "ttl": 31536002,
                    "length": 10,
                    "prevalence": 0.000100999899000101,
                    "uniqueness": 1
                },
                "Hm_lpvt_a7025e25c8500c732b8f48cc46e21467": {
                    "ttl": null,
                    "length": 10,
                    "prevalence": 0.000100999899000101,
                    "uniqueness": 1
                },
                "Hm_lvt_59317e5849f38e9ec82d03f6fb1a84d7": {
                    "ttl": 31536005,
                    "length": 10,
                    "prevalence": 0.000100999899000101,
                    "uniqueness": 1
                },
                "Hm_lpvt_59317e5849f38e9ec82d03f6fb1a84d7": {
                    "ttl": null,
                    "length": 10,
                    "prevalence": 0.000100999899000101,
                    "uniqueness": 1
                },
                "Hm_lvt_1622f2cabfbc976ec3635c8998b71c72": {
                    "ttl": 31536004,
                    "length": 10,
                    "prevalence": 0.000100999899000101,
                    "uniqueness": 1
                },
                "Hm_lpvt_1622f2cabfbc976ec3635c8998b71c72": {
                    "ttl": null,
                    "length": 10,
                    "prevalence": 0.000100999899000101,
                    "uniqueness": 1
                },
                "Hm_lvt_98beee57fd2ef70ccdd5ca52b9740c49": {
                    "ttl": 31536005,
                    "length": 10,
                    "prevalence": 0.000201999798000202,
                    "uniqueness": 1
                },
                "Hm_lpvt_98beee57fd2ef70ccdd5ca52b9740c49": {
                    "ttl": null,
                    "length": 10,
                    "prevalence": 0.000201999798000202,
                    "uniqueness": 1
                }
            },
            "firstPartyCookiesSent": {},
            "exampleSites": [
                "csdn.net",
                "docs.espressif.com",
                "fanfox.net",
                "mangapark.net",
                "www.mangatown.com",
                "www.shanghairanking.com",
                "www.ventoy.net",
                "www.zhihu.com",
                "zhuanlan.zhihu.com"
            ]
        },
        {
            "rule": "baidu\\.com\\/hm\\.gif",
            "cookies": 0,
            "fingerprinting": 0,
            "subdomains": [
                "hm"
            ],
            "apis": {},
            "sites": 8,
            "prevalence": 0.000808,
            "cnames": [],
            "responseHashes": [
                "77b1d2c0857d4e95d4c2ae7aa0abc5aaafa6bd4581b31203d1592759c26f5c44"
            ],
            "type": "Image",
            "firstPartyCookies": {},
            "firstPartyCookiesSent": {
                "HMACCOUNT": 0.000807999192000808
            },
            "exampleSites": [
                "csdn.net",
                "docs.espressif.com",
                "fanfox.net",
                "mangapark.net",
                "www.mangatown.com",
                "www.shanghairanking.com",
                "www.zhihu.com",
                "zhuanlan.zhihu.com"
            ]
        }
    ],
    "categories": [],
    "performance": {},
    "cookies": 0.000808,
    "topInitiators": [
        {
            "domain": "first party",
            "prevalence": 0.9090909090909091
        },
        {
            "domain": "csdnimg.cn",
            "prevalence": 0.09090909090909091
        }
    ],
    "types": {
        "Script": 9,
        "Image": 8
    },
    "nameservers": [
        "ns2.baidu.com",
        "ns3.baidu.com",
        "ns4.baidu.com",
        "ns1.baidu.com",
        "ns7.baidu.com"
    ]
}