{
    "domain": "bunny.net",
    "owner": {},
    "source": [
        "DuckDuckGo-FR"
    ],
    "prevalence": 0.00222,
    "sites": 22,
    "subdomains": [
        "fonts"
    ],
    "cnames": [],
    "fingerprinting": 0,
    "resources": [
        {
            "rule": "bunny\\.net\\/css",
            "cookies": 0,
            "fingerprinting": 0,
            "subdomains": [
                "fonts"
            ],
            "apis": {},
            "sites": 16,
            "prevalence": 0.00162,
            "cnames": [],
            "responseHashes": [
                "445aa5e26aad6e18e52939dea37bdacb342f934b3ed683acee2cdf6eee019eb2",
                "2e0062a22890d8249c9c1b8084b30c93282f679b8662d1d3d5fedf33128441da",
                "5bc459b73727e626519cef8c4fa583ea3d56ee5eed85784ae847fc722e69b88c",
                "6fb5c8c1db286f15620e19e48dd16fe8204f264ed3c91ab7978571587a925a7f",
                "ffdc7dddf670abb088446ccac6974bedd6bec4af8b4d32cd4d8de966d32a8873",
                "158bdad7b3d87b7b774900fa87ecc02ddef7b782a6899acb9e18e842baa6558e",
                "e0baffa8d3daa73791b614f8efccbf81dfa247ad8eb5c225af0f888c5b3e3a4c",
                "00239faac5489b03c019d76982dc02cd990eaaf6228285f65dd54ba31c4617e1",
                "a522d8bd659a2178ffacf5107b654a61cb47a3ddda8fbb3c353522bf09f5b0df",
                "91fac68e35f7c1dac8cd706cee656b9ee621eee793bebc37fb769eb15d311823",
                "6f9899fcbe2d3303297f115c873b3f8685e4b15e0a1a21b434b9d822ed7602c7",
                "c773b3789edf836b7d48c098bbbfbc343be022c5a8a22aa24455644766617461",
                "30c22d6d7ee565aea599575b2c23881bc004465afc9bc2f476311b91d0961c60",
                "c085e08a1900945408fe255b15f3b1c904bac7bdeb3ae68b9de000240ff5b89f"
            ],
            "type": "Stylesheet",
            "firstPartyCookies": {},
            "firstPartyCookiesSent": {},
            "exampleSites": [
                "bike-cafe.fr",
                "cryptoast.fr",
                "dailydriven.ro",
                "fapello.is",
                "journalducoin.com",
                "linote.fr",
                "onlyscat.com",
                "revolutionfermentation.com",
                "www.allibert-trekking.com",
                "www.carandclassic.com",
                "www.cycletyres.fr",
                "www.guru99.com",
                "www.lecyclo.com",
                "www.letudiant.fr",
                "www.sonepar.fr",
                "www.stablediffusion.blog"
            ]
        },
        {
            "rule": "bunny\\.net\\/oswald\\/files\\/oswald-latin-500-normal\\.woff2",
            "cookies": 0,
            "fingerprinting": 0,
            "subdomains": [
                "fonts"
            ],
            "apis": {},
            "sites": 3,
            "prevalence": 0.000303,
            "cnames": [],
            "responseHashes": [
                "05e60bfe1be3adb3c9ff04453b3e278426e53bb014e0800a9bf4855691b06086"
            ],
            "type": "Font",
            "firstPartyCookies": {},
            "firstPartyCookiesSent": {},
            "exampleSites": [
                "bike-cafe.fr",
                "www.carandclassic.com",
                "www.letudiant.fr"
            ]
        },
        {
            "rule": "bunny\\.net\\/oswald\\/files\\/oswald-latin-400-normal\\.woff2",
            "cookies": 0,
            "fingerprinting": 0,
            "subdomains": [
                "fonts"
            ],
            "apis": {},
            "sites": 2,
            "prevalence": 0.000202,
            "cnames": [],
            "responseHashes": [
                "9fb9d68eee08063f074380c1bd502925e1a065ac783da55291850bfdfa46c562"
            ],
            "type": "Font",
            "firstPartyCookies": {},
            "firstPartyCookiesSent": {},
            "exampleSites": [
                "bike-cafe.fr",
                "www.letudiant.fr"
            ]
        },
        {
            "rule": "bunny\\.net\\/open-sans\\/files\\/open-sans-latin-400-normal\\.woff2",
            "cookies": 0,
            "fingerprinting": 0,
            "subdomains": [
                "fonts"
            ],
            "apis": {},
            "sites": 5,
            "prevalence": 0.000505,
            "cnames": [],
            "responseHashes": [
                "ecc36e6b87fac24881eea0c0b31778284bb5b7719365f3885584a215306386b9"
            ],
            "type": "Font",
            "firstPartyCookies": {},
            "firstPartyCookiesSent": {},
            "exampleSites": [
                "bike-cafe.fr",
                "cryptoast.fr",
                "dailydriven.ro",
                "journalducoin.com",
                "www.jeux123.fr"
            ]
        },
        {
            "rule": "bunny\\.net\\/open-sans\\/files\\/open-sans-latin-700-normal\\.woff2",
            "cookies": 0,
            "fingerprinting": 0,
            "subdomains": [
                "fonts"
            ],
            "apis": {},
            "sites": 2,
            "prevalence": 0.000202,
            "cnames": [],
            "responseHashes": [
                "bb9d138a3c3b5d84eedecc3ae4e275b1d6dbfc4729d278ab43016fda5fb85b42"
            ],
            "type": "Font",
            "firstPartyCookies": {},
            "firstPartyCookiesSent": {},
            "exampleSites": [
                "bike-cafe.fr",
                "www.jeux123.fr"
            ]
        },
        {
            "rule": "bunny\\.net\\/roboto\\/files\\/roboto-latin-400-normal\\.woff2",
            "cookies": 0,
            "fingerprinting": 0,
            "subdomains": [
                "fonts"
            ],
            "apis": {},
            "sites": 3,
            "prevalence": 0.000303,
            "cnames": [],
            "responseHashes": [
                "0152e925694c9e22045d875b0c03975c9bcd3778305eef80a7073dc78fda42c8"
            ],
            "type": "Font",
            "firstPartyCookies": {},
            "firstPartyCookiesSent": {},
            "exampleSites": [
                "bike-cafe.fr",
                "lesdelicesdestef.fr",
                "passion-astrologue.com"
            ]
        },
        {
            "rule": "bunny\\.net\\/open-sans\\/files\\/open-sans-symbols-600-normal\\.woff2",
            "cookies": 0,
            "fingerprinting": 0,
            "subdomains": [
                "fonts"
            ],
            "apis": {},
            "sites": 2,
            "prevalence": 0.000202,
            "cnames": [],
            "responseHashes": [
                "f47e97fd67f7e17db68ea214c813ac18889c66baf690f9c95326d8ef40f94070"
            ],
            "type": "Font",
            "firstPartyCookies": {},
            "firstPartyCookiesSent": {},
            "exampleSites": [
                "dailydriven.ro",
                "www.jeux123.fr"
            ]
        },
        {
            "rule": "bunny\\.net\\/open-sans\\/files\\/open-sans-latin-600-normal\\.woff2",
            "cookies": 0,
            "fingerprinting": 0,
            "subdomains": [
                "fonts"
            ],
            "apis": {},
            "sites": 2,
            "prevalence": 0.000202,
            "cnames": [],
            "responseHashes": [
                "8b2a8f8bda6dde7045156d3f859b80cee3f7b790f5e9464225c0480853177fd9"
            ],
            "type": "Font",
            "firstPartyCookies": {},
            "firstPartyCookiesSent": {},
            "exampleSites": [
                "dailydriven.ro",
                "www.jeux123.fr"
            ]
        },
        {
            "rule": "bunny\\.net\\/inter\\/files\\/inter-latin-500-normal\\.woff2",
            "cookies": 0,
            "fingerprinting": 0,
            "subdomains": [
                "fonts"
            ],
            "apis": {},
            "sites": 2,
            "prevalence": 0.000202,
            "cnames": [],
            "responseHashes": [
                "c33b26a195ad0b7981171c8702a33bac7e65da60532855494df5fdac58311567"
            ],