{
    "domain": "cq0.co",
    "owner": {},
    "source": [
        "DuckDuckGo-FR"
    ],
    "prevalence": 0.00131,
    "sites": 13,
    "subdomains": [
        "doh"
    ],
    "cnames": [],
    "fingerprinting": 0,
    "resources": [
        {
            "rule": "cq0\\.co\\/resolve",
            "cookies": 0,
            "fingerprinting": 0,
            "subdomains": [
                "doh"
            ],
            "apis": {},
            "sites": 13,
            "prevalence": 0.00131,
            "cnames": [],
            "responseHashes": [
                "e5183413187b7b4bf1230ce9b34ea7371ee1e5ebf292a1bb7811a9e18e1e6b16",
                "0505042bc830730bc963dfde33875d4a2b3234c0e14393a70b357c8ab964eed3",
                "f74dbdbf183d38dceae27fed848fbf97ff1760ccb97662d8f4ebf6092d346fb8",
                "bb0e12e794257253e9d7716c67f065a596ea2a7e6050521ae33a233e92d96e64",
                "769b47f13fc53200a5a44c40755dda12cbe24c902b3834b7e2e4798d7e7a9609",
                "ed40d98d09b9fc71e5776d9867ffa18e7415261df9b611f05eb323061d8c0d77",
                "463e22b53d3543fde375fd7b42defd620e78a721feaae9edb757e4b512152983",
                "2131919a1a009f991a5c72e0e45cfc749f8d5e85d81631849f9fb617255be80f",
                "8b04f4ab39cf62ab631c37029b488470bd5854eb65a1eae58910ead893f5b5e2",
                "fd83008c79dda0492bd636a36c07dd791728821fcc95f54baaea86345247ed4d",
                "cf9587bd5d2763ebb22a06471a9486f75d55a82598dd2c6448d0235334652533"
            ],
            "type": "Fetch",
            "firstPartyCookies": {},
            "firstPartyCookiesSent": {
                "s_gpv_custom": 0.000100999899000101
            },
            "exampleSites": [
                "go.com",
                "fr.norton.com",
                "moviesanywhere.com",
                "www.audi.fr",
                "www.bhphotovideo.com",
                "www.britishairways.com",
                "www.ccleaner.com",
                "www.delta.com",
                "www.easyjet.com",
                "www.espn.com",
                "www.johnlewis.com",
                "www.latimes.com",
                "www.mayoclinic.org"
            ]
        }
    ],
    "categories": [],
    "performance": {},
    "cookies": 0,
    "topInitiators": [
        {
            "domain": "first party",
            "prevalence": 0.5333333333333333
        },
        {
            "domain": "ensighten.com",
            "prevalence": 0.13333333333333333
        },
        {
            "domain": "espn.com",
            "prevalence": 0.06666666666666667
        },
        {
            "domain": "audi.com",
            "prevalence": 0.06666666666666667
        },
        {
            "domain": "bhphoto.com",
            "prevalence": 0.06666666666666667
        },
        {
            "domain": "onelink-translations.com",
            "prevalence": 0.06666666666666667
        },
        {
            "domain": "californiatimes.com",
            "prevalence": 0.06666666666666667
        }
    ],
    "types": {
        "Fetch": 13
    },
    "nameservers": [
        "ns-1240.awsdns-27.org",
        "ns-1857.awsdns-40.co.uk",
        "ns-488.awsdns-61.com",
        "ns-682.awsdns-21.net"
    ]
}