{
    "domain": "dotmetrics.net",
    "owner": {
        "name": "Dotmetrics",
        "displayName": "Dotmetrics"
    },
    "source": [
        "DuckDuckGo-FR"
    ],
    "prevalence": 0.00293,
    "sites": 29,
    "subdomains": [
        "uk-script",
        "au-script",
        "rm-script"
    ],
    "cnames": [],
    "fingerprinting": 1,
    "resources": [
        {
            "rule": "dotmetrics\\.net\\/door\\.js",
            "cookies": 0.000101,
            "fingerprinting": 1,
            "subdomains": [
                "uk-script",
                "au-script"
            ],
            "apis": {
                "Date.prototype.getTime": 28,
                "Date.prototype.getTimezoneOffset": 28
            },
            "sites": 29,
            "prevalence": 0.00293,
            "cnames": [],
            "responseHashes": [
                "26b6699d9e37b25bf452508db7de00795b874f042e28355cd380d930d01e3a17",
                "036af7878f6764c8b06ac1742912674acf1a850ed7cfbd4016e01cec2db6942c",
                "dfac535a78cb8490722a720d41b04af77227aae8ef0f7af8693c5ebdc4ff5f9d",
                "c2b781ea1152e7aa5e853f48613ae141da010399ae3915393e7a4cc0a67d0a31",
                "d205e8b0646036f39158ba6f61d9e3d890ca20ce9bf1f6ce2e88b5f44bbedd01",
                "e7241e92dfc644402820bebf236fe8eab8da590a7a03ea1461daff98f20d2da0",
                "c25d7a8c1468d88673f191c716192013cc480026d8ceef2fa7529e82b174b638",
                "6620254e40c1d70388ee5893c4ad4e3ea95e97f9b72b996fb9d52f29b3102015",
                "19e296d98838739375242ca6d8b228934b28d537913ff8a9ba5de6b4b2d49199",
                "bef25697559ad35bf20695916f229408b987975995ccf24be3842fa4e1b6fcd0",
                "343f39ca76194d1af1b50ed26d94676043264a3f532d64133918160b73b84364",
                "d28a575c57591aa6256f31f4982e8f37132bef8525060bae2b2bfee3df42ba95",
                "537214d6e3250844f5977ca5af6ffad9cc5a0527770c4f6fc17b33c8886562f4",
                "81c67bcf0f90ab77ecd55feeedb956e3098d9485f6e396626674f5161059ca85",
                "6eb84f013441151ee0b24ea51344fd49a3c50c9bcc794bb073efb911b507d003",
                "83f843e2a34a62ea82ffeb5f01d4180c3d7fd85b0df741b2f1079813e2d7765d",
                "cd6d156baabc2a3ab1ba137c933491f418106a45137b3c54a954e65724b82083",
                "ae8c8ad89a56d20413a66a098d1e3f297165d8f23554a3223e5642e67eb9e9a3",
                "183bc2b05028f660914944cd799571533feb5ab3ce917a634cee276eed0a23de",
                "c0efc71ab914ad984dfe78e68438700d83372c23233b85d40d537a12df9dadd2",
                "b92cac51c2993ae6ec2ce6e2e7c899424a74741af5047eb596f3d31e0e0d5dfd",
                "ce4f44155acac793332d844bbbb1eb87ca5a6de58d95613922b2157beb1f7843",
                "b30e850b701bcfbe36a6a6767cd5dab2eab4432dfe4054e4fa28fea5c2d3abd2",
                "421e540df0fbcbf616a6c7acd66859865098a95ec7ca0c5e6d46f1e60848a9f7",
                "4667b99fc6ef17c8cd82e3fd71462fdf697a04c41b9edbabfd2ae108f4ac3c91",
                "d62560df18cd222afdad5db94a4927d5732bb0de9dcf14262c29a15da8ef97be",
                "938be8fa20c2412ec92d2c3a48bb0fd2f662f9d67060dfd74a5f25bd1ac3ef47",
                "994b4fe35eff36aa3e9413dcd17c27aff2e4cc3b8464e5c0e0bc85923be53cfe"
            ],
            "type": "Script",
            "firstPartyCookies": {},
            "firstPartyCookiesSent": {},
            "exampleSites": [
                "techradar.com",
                "www.bbc.com",
                "www.bbc.co.uk",
                "www.dailymail.co.uk",
                "www.express.co.uk",
                "www.independent.co.uk",
                "www.mirror.co.uk",
                "www.techradar.com",
                "www.thesun.co.uk",
                "www.tomsguide.com",
                "www.hola.com",
                "www.skysports.com",
                "www.guitarworld.com",
                "www.digitalcameraworld.com",
                "www.hellomagazine.com",
                "www.livescience.com",
                "www.windowscentral.com",
                "www.abc.net.au",
                "www.tomshardware.com",
                "www.the-sun.com"
            ]
        },
        {
            "rule": "dotmetrics\\.net\\/hit\\.gif",
            "cookies": 0.000303,
            "fingerprinting": 0,
            "subdomains": [
                "uk-script",
                "rm-script",
                "au-script"
            ],
            "apis": {},
            "sites": 29,
            "prevalence": 0.00293,
            "cnames": [],
            "responseHashes": [
                "57640b6d8ccf4070239d260940ca7576d90563d6f87b744f1a9928266930de46",
                "07383c96980710a04144e5a39ae59e7f9f74bcfd6462a6932ded48efe6d73bce"
            ],
            "type": "Image",
            "firstPartyCookies": {},
            "firstPartyCookiesSent": {},
            "exampleSites": [
                "techradar.com",
                "www.bbc.com",
                "www.bbc.co.uk",
                "www.dailymail.co.uk",
                "www.express.co.uk",
                "www.independent.co.uk",
                "www.mirror.co.uk",
                "www.techradar.com",
                "www.thesun.co.uk",
                "www.tomsguide.com",
                "global.techradar.com",
                "www.guitarworld.com",
                "www.digitalcameraworld.com",
                "www.thetimes.com",
                "www.gamesradar.com",
                "www.hellomagazine.com",
                "www.radiotimes.com",
                "www.windowscentral.com",
                "www.musicradar.com",
                "www.bbcgoodfood.com"
            ]
        },
        {
            "rule": "dotmetrics\\.net\\/Scripts\\/script\\.js",
            "cookies": 0.000303,
            "fingerprinting": 1,
            "subdomains": [
                "uk-script",
                "au-script"
            ],
            "apis": {
                "window.localStorage": 3,
                "Document.cookie getter": 3,
                "Date.prototype.getTimezoneOffset": 3,
                "Date.prototype.getTime": 3,
                "Document.cookie setter": 3
            },
            "sites": 3,
            "prevalence": 0.000303,
            "cnames": [],
            "responseHashes": [
                "52da95e00abf3bb0158842b3cf087914764b356156931de79cb3e06388d63977"
            ],
            "type": "Script",
            "firstPartyCookies": {
                "DM_SitId946": {
                    "ttl": null,
                    "length": 1,
                    "prevalence": 0.000201999798000202,
                    "uniqueness": 0.5
                },
                "DM_SitId946SecId5236": {
                    "ttl": null,
                    "length": 1,
                    "prevalence": 0.000201999798000202,
                    "uniqueness": 0.5
                },
                "DotMetricsTimeOnPage": {
                    "ttl": 4,
                    "length": 4,
                    "prevalence": 0.000302999697000303,
                    "uniqueness": 0.3333333333333333
                },
                "DM_SitId1615": {
                    "ttl": null,
                    "length": 1,
                    "prevalence": 0.000100999899000101,
                    "uniqueness": 1
                },
                "DM_SitId1615SecId13803": {
                    "ttl": null,
                    "length": 1,
                    "prevalence": 0.000100999899000101,
                    "uniqueness": 1
                }
            },
            "firstPartyCookiesSent": {},
            "exampleSites": [
                "techradar.com",
                "www.abc.net.au",
                "www.techradar.com"
            ]
        },
        {
            "rule": "dotmetrics\\.net\\/SiteEvent\\.dotmetrics",
            "cookies": 0.000303,
            "fingerprinting": 0,
            "subdomains": [
                "uk-script",
                "au-script"
            ],
            "apis": {},