{
    "domain": "featureassets.org",
    "owner": {},
    "source": [
        "DuckDuckGo-FR"
    ],
    "prevalence": 0.00192,
    "sites": 19,
    "subdomains": [],
    "cnames": [],
    "fingerprinting": 0,
    "resources": [
        {
            "rule": "featureassets\\.org\\/v1\\/initialize",
            "cookies": 0.00182,
            "fingerprinting": 0,
            "subdomains": [],
            "apis": {},
            "sites": 19,
            "prevalence": 0.00192,
            "cnames": [],
            "responseHashes": [
                "74033ef95497fd9318b126dccc3194001a799f3000547c1b2c9ec43992a3f28c",
                "35a59ad2dcf1ee2019a9f32a8b43469bfdae92f1efeac2fa311eac628a682419",
                "386f0dfc2f010d805286082c0dbe98ce14295a61705021a31e205d7417b8d639",
                "ee04ec1b2905832e57a3f9467a8506f43696022dec5ddd25dff9cfc69ac40eb6",
                "a70033dec3b6818ed7fdb0c823bbc709ebd1b4f1dbe22c2eee5f2fd7064c6360",
                "1eb08cb047b3691fc95ec7a389a7b5229ab0ad20970e0253963dfb2d3a4c6cca",
                "6be5421b0563606d705d199064c4af4ef26532e32141a4681ac4e3c5cbd86676",
                "3c00c1c0431bf9cd469c164c3887f76f667464484ba33b87365c73fd4f400af4",
                "2478409e735e160c13df60b56ce747d994d8c470988ac9b62b23968a359d3d77",
                "49a34c19e6674540f6265464e4819ec27790b3082d37517d9cbd7b4437cbfbd4",
                "acf5a25d7e3f22bc132f2f5b93ab284119ecb980673fe14ee858555979722145",
                "c7e5baa48685ec8b934a58b1b41aaf8ae9a25b49d6974a6290685e41d80d4e18",
                "d4abb37d9aff8eb05a851900d3619becac7f9627a2ebac2524f9e6b6dffee6d5",
                "770dac4787550975dfdd0c8e0631476792620346768d9752de4a8058899b3689",
                "e63b578528d5729042342aff4b85c3f0d932224f46e29090f46dcc235bcb3261",
                "aa406c850f1ede278e4ef493db060204c19155cd916fcb8bd5486c5e8c78884f",
                "4a7bea76e836f542d23cccf0d80ffee6392345c6adfa2a1a8519fc2f26d57837",
                "9f7be5d64d7b76424e51403f9ae4aa379feeac313ff364707c7113f7fb2842c7"
            ],
            "type": "Fetch",
            "firstPartyCookies": {},
            "firstPartyCookiesSent": {},
            "exampleSites": [
                "calendly.com",
                "cursor.com",
                "fr.scribd.com",
                "help.openai.com",
                "linktr.ee",
                "lolesports.com",
                "notino.fr",
                "openai.com",
                "platform.openai.com",
                "u.gg",
                "webflow.com",
                "www.bloomberg.com",
                "www.decathlon-outdoor.com",
                "www.figma.com",
                "www.notino.fr",
                "www.pixelcut.ai",
                "www.scribd.com",
                "www.sixt.fr",
                "www.slideshare.net"
            ]
        }
    ],
    "categories": [],
    "performance": {},
    "cookies": 0.00192,
    "topInitiators": [
        {
            "domain": "first party",
            "prevalence": 0.41379310344827586
        },
        {
            "domain": "jsdelivr.net",
            "prevalence": 0.3103448275862069
        },
        {
            "domain": "oaistatic.com",
            "prevalence": 0.10344827586206896
        },
        {
            "domain": "slidesharecdn.com",
            "prevalence": 0.06896551724137931
        },
        {
            "domain": "scribdassets.com",
            "prevalence": 0.034482758620689655
        },
        {
            "domain": "allstar.gg",
            "prevalence": 0.034482758620689655
        },
        {
            "domain": "d3e54v103j8qbb.cloudfront.net",
            "prevalence": 0.034482758620689655
        }
    ],
    "types": {
        "Fetch": 19
    },
    "nameservers": [
        "ns-387.awsdns-48.com",
        "ns-940.awsdns-53.net",
        "ns-1178.awsdns-19.org",
        "ns-1952.awsdns-52.co.uk"
    ]
}