{
    "domain": "feldot.com",
    "owner": {},
    "source": [
        "DuckDuckGo-FR"
    ],
    "prevalence": 0.00172,
    "sites": 17,
    "subdomains": [],
    "cnames": [],
    "fingerprinting": 2,
    "resources": [
        {
            "rule": "feldot\\.com\\/v1\\/sdk\\.js",
            "cookies": 0,
            "fingerprinting": 2,
            "subdomains": [],
            "apis": {
                "window.localStorage": 13,
                "Document.cookie getter": 13,
                "Navigator.prototype.permissions": 12,
                "NavigatorUAData.prototype.brands": 12,
                "NavigatorUAData.prototype.platform": 12
            },
            "sites": 17,
            "prevalence": 0.00172,
            "cnames": [],
            "responseHashes": [
                "dde33980a30d3d329646c7a2b1650da7b00eccef57a87ba0880c85a8f3e4bab3",
                "cf8f705f0fa4cb9207a8f143de504f517c2647669fd0d3ff5e8c551eed3a2c8a",
                "0342b06bed4bdbdef68de92d8ea0218dbf33700bea5a05825f6264ac9892b78f",
                "ef0e18276a7507ffcc7b04fa89d7d0d2c4856c76c14335fba22de0d1fec61a1d",
                "65a46f1e64474122882e5edd4479d2c3664087abedbe9a58d9b5764fda9420ca",
                "0c5e55e0877ff4343ed870a9ca2b6f0c41576224b5551e36ded2b8d33567b40e",
                "814029a165c67dffa1efebd60916beff57191d8d746419981389997bc274efbe",
                "08cd45abf4d11e37745c06399e9ad4da385a8164c08c3fa508a12461c3ad8040",
                "b540644a46de504236442febf419ca8d1a1041802f3ea535b5274aa6515b2ed3",
                "44cd45f263e3378cf00c1c231e22d5f2e3dca0eba11b19dd21d6fcdd9a1d0b3c",
                "91b0e954eb7cb454966946a9c758d2b27add20b33f5f12901107689b620f7125",
                "f155b777c60a070e12fa0f2d9ec57a426d99b6b5cdde2eecc1c5d98e4eacf1d2",
                "318365db60a8aa8d697db3d6e63aecd2ec469f6063660e92c8077158c0861c77"
            ],
            "type": "Script",
            "firstPartyCookies": {},
            "firstPartyCookiesSent": {},
            "exampleSites": [
                "animalporn.life",
                "animalpornxxx.me",
                "animalzooporn.net",
                "animalzoosex.me",
                "blowjobit.com",
                "fr.wiki7.org",
                "fr.wikiital.com",
                "pornanimalsex.com",
                "pornzoovideos.com",
                "xxxsexzoo.com",
                "zoo-xnxx.com",
                "zoo-xvideos.com",
                "zoomobileporn.com",
                "zoopornmd.com",
                "zoosex.cc",
                "zootube1.com",
                "zoozhamster.com"
            ]
        },
        {
            "rule": "feldot\\.com\\/fp\\.js",
            "cookies": 0.00121,
            "fingerprinting": 1,
            "subdomains": [],
            "apis": {
                "window.localStorage": 12,
                "Date.prototype.getTime": 12,
                "Document.cookie setter": 12
            },
            "sites": 14,
            "prevalence": 0.00141,
            "cnames": [],
            "responseHashes": [
                "0bb8407c298d739ccf96aab484145096524072ac86351c24c4cac2eb48a7f0c1",
                "eb4c554bd4b253d0e622c206200a06bfcc4a6dbe23e8a6124c8bdec7ff24bad4",
                "2a857c9d368738bb35dbee53aea86c6cbf23d77809e7b7299af47066e8ff3644",
                "3d6dfa7684b6c4dec2803a2d6ee86a80e871cc0f1b7f2d574fc7d350abeb8576",
                "9c1214fe7b1621d8217f9b4dc751eca8150359ece466a2187f2b58bf8a704498",
                "c4c7cf76fe612c50bb8529c8a1c813d4a0142e1f23a71c5f6c4c34a17f523986",
                "6fc06e638159a719d4a6d4cd9d6ea513728b1ff8e0b41bca9c77c77a5aa20f0d",
                "b6d3b85070c9f286555621c0eb09ff2783e72e6a5681ba4d6e878a39392d1b44",
                "8c075799310ffdb84529ebc0ba6280dd46f59b7221a17fee80d7e6c5d03e9b1a",
                "02da137e2e58dcee2b9858d1d700073d6018a0659ec933484d3fc8e86e267aab",
                "6e47e1b827deab1d8d0740c3a4191973e496dc0346b073e9a3ec6d436fc2f7aa"
            ],
            "type": "Script",
            "firstPartyCookies": {
                "ufp2": {
                    "ttl": 604804,
                    "length": 40,
                    "prevalence": 0.001110998889001111,
                    "uniqueness": 1
                }
            },
            "firstPartyCookiesSent": {},
            "exampleSites": [
                "animalporn.life",
                "animalpornxxx.me",
                "animalzooporn.net",
                "animalzoosex.me",
                "blowjobit.com",
                "fr.wiki7.org",
                "fr.wikiital.com",
                "pornanimalsex.com",
                "pornzoovideos.com",
                "zoo-xnxx.com",
                "zoopornmd.com",
                "zoosex.cc",
                "zootube1.com",
                "zoozhamster.com"
            ]
        }
    ],
    "categories": [],
    "performance": {},
    "cookies": 0.00121,
    "topInitiators": [
        {
            "domain": "puabvo.com",
            "prevalence": 1
        }
    ],
    "types": {
        "Script": 31
    },
    "nameservers": [
        "brit.ns.cloudflare.com",
        "lex.ns.cloudflare.com"
    ]
}