{
    "domain": "gravitec.net",
    "owner": {},
    "source": [
        "DuckDuckGo-FR"
    ],
    "prevalence": 0.00151,
    "sites": 15,
    "subdomains": [
        "cdn"
    ],
    "cnames": [],
    "fingerprinting": 2,
    "resources": [
        {
            "rule": "gravitec\\.net\\/sdk\\/web\\/configs",
            "cookies": 0,
            "fingerprinting": 0,
            "subdomains": [
                "cdn"
            ],
            "apis": {},
            "sites": 15,
            "prevalence": 0.00151,
            "cnames": [],
            "responseHashes": [
                "099e1595ec4c2d2aa7f4de953da5f725500ab4e122605b85498277aea779c072",
                "2b1abed1444f11749a2a09b09773f8c145f0f258b52dacfa915d51767266d8a2",
                "ca92f2ac12f682d1cbf7645e34eca35affa117ffab55e4d0d93faa49e30dccca",
                "9a590260a10a66dca64fbcc305dbef63b24ef6ebb40e8bd2f6c229374de6f77c",
                "72b7b199d0e3212be1e607fc65c283d37136056b659e0e31898836882532285f",
                "684799a81d7e197f3770d97fd530f0e6ecbddb02bad25115196a87edc6eeb7b7",
                "dc6cec54087bf6dde3a74453cbc0cda4b292fc1c73f73cad2e247dd9fcb08ee8",
                "45dc63de544db56eb437224fdad40b773c5e0253ff0dffba51b5d49b8a081188",
                "6bf495a4cdcf3992444d278a7066ecc4cf80755b65fcccfd2a3ec1fe1774b46c",
                "513abe1a51369161f053096dad55bbf1c8bba10cfe705d1d1f2fc5724cd06bbb",
                "1bc995b94b94b57f6233b81cb8e9759a5719e743b34878386a35224861785a94",
                "47d42a28f0afdc59a136149d056932f9526ac93d1c0ce6aa0b76081d1a17094d",
                "7a65c7449e95281c5e877df12e2a1a3a851f04835cbd38a89d958cfca0458f9e",
                "2b36a5ebfcb51660e884504e3f1afab6052a5bb5d441b25b80695504890a342b"
            ],
            "type": "Fetch",
            "firstPartyCookies": {},
            "firstPartyCookiesSent": {},
            "exampleSites": [
                "encause.fr",
                "expo.paris",
                "meilleure-innovation.com",
                "mychromebook.fr",
                "nature-au-quotidien.com",
                "www.addictivetips.com",
                "www.algerie360.com",
                "www.cinetrafic.fr",
                "www.culturequizz.com",
                "www.ecranlarge.com",
                "www.lensfoot.com",
                "www.liverugby.fr",
                "www.losclive.com",
                "www.mercatolive.fr",
                "www.tameteo.com"
            ]
        },
        {
            "rule": "gravitec\\.net\\/sw\\/worker\\.js",
            "cookies": 0,
            "fingerprinting": 0,
            "subdomains": [
                "cdn"
            ],
            "apis": {},
            "sites": 11,
            "prevalence": 0.00111,
            "cnames": [],
            "responseHashes": [
                "791c567e857b96489c740bd383ac6d8b537953e420e362faa70601bafde953bd"
            ],
            "type": "Other",
            "firstPartyCookies": {},
            "firstPartyCookiesSent": {},
            "exampleSites": [
                "expo.paris",
                "mychromebook.fr",
                "nature-au-quotidien.com",
                "www.algerie360.com",
                "www.culturequizz.com",
                "www.ecranlarge.com",
                "www.lensfoot.com",
                "www.liverugby.fr",
                "www.losclive.com",
                "www.mercatolive.fr",
                "www.tameteo.com"
            ]
        },
        {
            "rule": "gravitec\\.net\\/modules\\/0\\.bundle\\.js",
            "cookies": 0,
            "fingerprinting": 0,
            "subdomains": [
                "cdn"
            ],
            "apis": {},
            "sites": 11,
            "prevalence": 0.00111,
            "cnames": [],
            "responseHashes": [
                "f218602aceeb2690e3323c74dcf734d2ee9440c9f8d094ced1c003aa898931db"
            ],
            "type": "Script",
            "firstPartyCookies": {},
            "firstPartyCookiesSent": {},
            "exampleSites": [
                "expo.paris",
                "mychromebook.fr",
                "nature-au-quotidien.com",
                "www.algerie360.com",
                "www.culturequizz.com",
                "www.ecranlarge.com",
                "www.lensfoot.com",
                "www.liverugby.fr",
                "www.losclive.com",
                "www.mercatolive.fr",
                "www.tameteo.com"
            ]
        },
        {
            "rule": "gravitec\\.net\\/modules\\/1\\.bundle\\.js",
            "cookies": 0,
            "fingerprinting": 1,
            "subdomains": [
                "cdn"
            ],
            "apis": {
                "window.localStorage": 2
            },
            "sites": 11,
            "prevalence": 0.00111,
            "cnames": [],
            "responseHashes": [
                "9d957400dcf6c3514f4eb6d82ca459dc74f0b33d32381c9445f909a57f1b7142"
            ],
            "type": "Script",
            "firstPartyCookies": {},
            "firstPartyCookiesSent": {},
            "exampleSites": [
                "expo.paris",
                "mychromebook.fr",
                "nature-au-quotidien.com",
                "www.algerie360.com",
                "www.culturequizz.com",
                "www.ecranlarge.com",
                "www.lensfoot.com",
                "www.liverugby.fr",
                "www.losclive.com",
                "www.mercatolive.fr",
                "www.tameteo.com"
            ]
        },
        {
            "rule": "gravitec\\.net\\/img\\/unblockGuide\\.svg",
            "cookies": 0,
            "fingerprinting": 0,
            "subdomains": [
                "cdn"
            ],
            "apis": {},
            "sites": 7,
            "prevalence": 0.000707,
            "cnames": [],
            "responseHashes": [
                "08af07f9b2209546bd5988e574fb5d74b579feaf5d0d24ece133050accd49960"
            ],
            "type": "Image",
            "firstPartyCookies": {},
            "firstPartyCookiesSent": {},
            "exampleSites": [
                "expo.paris",
                "www.algerie360.com",
                "www.ecranlarge.com",
                "www.lensfoot.com",
                "www.liverugby.fr",
                "www.losclive.com",
                "www.mercatolive.fr"
            ]
        }
    ],
    "categories": [],
    "performance": {},
    "cookies": 0,
    "topInitiators": [
        {
            "domain": "first party",
            "prevalence": 0.9666666666666667
        },
        {
            "domain": "googletagmanager.com",
            "prevalence": 0.03333333333333333
        }
    ],
    "types": {
        "Fetch": 15,
        "Other": 11,
        "Script": 22,
        "Image": 7
    },
    "nameservers": [
        "arnold.ns.cloudflare.com",
        "bella.ns.cloudflare.com"
    ]
}