{
    "domain": "kurlkyja.com",
    "owner": {},
    "source": [
        "DuckDuckGo-FR"
    ],
    "prevalence": 0.00404,
    "sites": 40,
    "subdomains": [
        "www"
    ],
    "cnames": [],
    "fingerprinting": 0,
    "resources": [
        {
            "rule": "kurlkyja\\.com\\/en\\/ganolqdi\\/sultryb",
            "cookies": 0.00404,
            "fingerprinting": 0,
            "subdomains": [],
            "apis": {},
            "sites": 40,
            "prevalence": 0.00404,
            "cnames": [],
            "responseHashes": [
                "90028aa4af1d4235492a30b90a7ac9eea322d4aed4e0b1d1b8fdf48edfd0c557",
                "9f72718a44d0aba8ce62d73ca46330a82782b40f1720642fbe131b51f2f34f38",
                "a3842823c1f56ebef4caab2111a620d370c923b20f87f576dabac12785bd0c12",
                "abecb9b108f0c802fc114926a40fe0e5200930d58f2b178b8ce2c621bc4f5dde",
                "ce2929a06cc67521c7d0b1dba103ffd865aec4738d4ca6614830432013bce697",
                "ef50a8a5ec8c9331a88670f5e83737c89e9af1de734ff29853cedccf10424d2b",
                "c112d0cb475bde4a2879e9b110840fe84e3698dca5d409e5574fe941d697336e",
                "2bce799b5f8a46fadf5451f9ad0009b18eb71113a364888695fb9db11927eebc",
                "f22836166aa7b85fd55dc4a8dd08830018297fdaff59cc5beafa476c8b781212",
                "e7e7f0eb33db0fe9fd772713433c3caf6bdcd3e8298894aec70421f94218adcc",
                "40e894a790d4a5bc3262351a6e5b7353bb375dc343c6c87a97a83f335e928698",
                "32ee8bfb7c4fb16dec72d81db4deeae3d0974064c630e0cecdd92745cd33c659",
                "590a3d351aa926b2bcb6979c625b40a31326ea7bb70cf32960b926877323b0c5",
                "b36bb17742e2af3e29ddcf8b1accbe081e15053669140c0482c50c2536d94b66",
                "c5d513fcd99ac0208a45fbede7a4e382bc7760a690c809ca383609996e8b0749",
                "9c1d9ff21e097198171c3ae72c2e3264d2db5809eee08388cec8d5d331952f0f",
                "95145e0e643b4e9197eaf0af35f5862876505bb51b9d85b677aea789fa6c1236",
                "fd486ba34b808bbd56deb1fde71848904c019bb4d3adf3942d4999170fcad6f4",
                "6c7a96da85d6e4593e91f9423559e5e3e1d97997cfd355c290f96ace006ff956",
                "105adcbea7dcd594b39d1fe84a0430b67e7e044480d6a21bc99d0ed5b1a9f210",
                "eb5d1437632031594c9ce32c51e3404d477ae1d9823ab7436c541668cd004a1f",
                "2687c8b10ecbdf95b8b9a0b583ed4526d83223520c96b45cf032d824a24bc681",
                "52ffba81e8a88b2090647ca725fe2f28011bdd384fedb4b05a34b7f3109362f6",
                "0c5337fd9561c64baecc1250f796787756fa899db18ad294ed3fdf59e68078d2",
                "dfebf2fcbfe89dcc504905bc8400556964ddf9d4b1b36b0ebba16b2467d4b599",
                "a146a87485eb094fcd7f48cf9514c0c92b3b775496cb851e43ac417249f63247",
                "60de2d64a68afbb6dae1a064d3ea71bb62d2675f55ca743cb0323e4032d57f53",
                "bd206a5182fed73f68ce5b2db7a2d158fa2fb4c36fb643b1c5748c4d17b61f89",
                "72184b5fed1967ea4dcbdafeb1cc17b93703805405d5a2e3ceac07cd472644ac",
                "566c2c1712581f4ace5ba59b6542eddc8003d23a459ce6e3f7321a8ea8be43e2",
                "545e97a4b7e4f5f2d1c8d0cf331583a7d718e46db9d25e0bfd2cec18b5d19618",
                "3bc0346f6cf93d7152d8d6021ccbcb855287c48657bccb9cbb38e7a55f998e88",
                "f6548acc53a2f50e2cf19be95612789658e9ec3538f053ec89f37b6933a552ad",
                "f2072031f886ab36e20d4e22b920da5b8ce9e54a51cb81355a69baec8e0888b6",
                "7a721534348832ebf13848811580f87665810ae56814bd8af60165b262cb5688",
                "d216673ee753219b5faef42f0a5bf88b9cc44dd5499b0974f727596cf4ed15f2",
                "0610224709a06307b91c77a3b59db7b6b58f513ae9f2d454a972a609c658b538",
                "07e958d700e2a41b1ece634c2905d5159c76784a0a43c9e2577e78f99bb3cee9",
                "8cee8dd3cb2ce3356761b63c1d2b91d684f55f2d781bf34870083bcb90d00f2b"
            ],
            "type": "Script",
            "firstPartyCookies": {},
            "firstPartyCookiesSent": {},
            "exampleSites": [
                "thefappening.pro",
                "celebporner.com",
                "javseen.tv",
                "javsubindoe.com",
                "www.shesfreaky.com",
                "www.pornslash.com",
                "jav.direct",
                "sxyprn.net",
                "nudostar.tv",
                "forcedcinema.net",
                "transflix.net",
                "fapopedia.net",
                "xnxx.health",
                "indosex21.net",
                "nekopoi.run",
                "perbokep.org",
                "fapfappy.com",
                "iqbokep.org",
                "asmr18.fans",
                "bokepseed.net"
            ]
        },
        {
            "rule": "kurlkyja\\.com\\/sn\\/pr\\/2007564",
            "cookies": 0.000202,
            "fingerprinting": 0,
            "subdomains": [],
            "apis": {},
            "sites": 2,
            "prevalence": 0.000202,
            "cnames": [],
            "responseHashes": [],
            "type": "Document",
            "firstPartyCookies": {},
            "firstPartyCookiesSent": {},
            "exampleSites": [
                "javindo.bar",
                "javsubindoe.com"
            ]
        },
        {
            "rule": "kurlkyja\\.com\\/static\\/image\\/bn\\/0e5\\/9b9\\/684\\/0e59b9684102f6b9857ff27f6831b5c2e7accf12\\.gif",
            "cookies": 0,
            "fingerprinting": 0,
            "subdomains": [
                "www"
            ],
            "apis": {},
            "sites": 2,
            "prevalence": 0.000202,
            "cnames": [],
            "responseHashes": [],
            "type": "Image",
            "firstPartyCookies": {},
            "firstPartyCookiesSent": {},
            "exampleSites": [
                "javindo.bar",
                "javsubindoe.com"
            ]
        },
        {
            "rule": "kurlkyja\\.com\\/sn\\/ps\\/2007564",
            "cookies": 0.000202,
            "fingerprinting": 0,
            "subdomains": [],
            "apis": {},
            "sites": 2,
            "prevalence": 0.000202,
            "cnames": [],
            "responseHashes": [],
            "type": "Document",
            "firstPartyCookies": {},
            "firstPartyCookiesSent": {},
            "exampleSites": [
                "javindo.bar",
                "javsubindoe.com"
            ]
        }
    ],
    "categories": [],
    "performance": {},
    "cookies": 0.00404,
    "topInitiators": [
        {
            "domain": "guidepaparazzisurface.com",
            "prevalence": 0.5479041916167665
        },
        {
            "domain": "isolatedovercomepasted.com",
            "prevalence": 0.32934131736526945
        },
        {
            "domain": "crumpetprankerstench.com",
            "prevalence": 0.020958083832335328
        },
        {
            "domain": "clickadu.net",
            "prevalence": 0.014970059880239521
        },
        {
            "domain": "footbathmockerpurse.com",
            "prevalence": 0.011976047904191617
        },
        {
            "domain": "excavatenearbywand.com",
            "prevalence": 0.011976047904191617
        },
        {
            "domain": "bartererfaxtingling.com",
            "prevalence": 0.008982035928143712
        },
        {
            "domain": "badlandlispyippee.com",
            "prevalence": 0.005988023952095809
        },
        {
            "domain": "driverhugoverblown.com",
            "prevalence": 0.005988023952095809
        },
        {
            "domain": "chilihandshakewing.com",
            "prevalence": 0.0029940119760479044
        }
    ],
    "types": {
        "Script": 40,
        "Document": 4,
        "Image": 2
    },
    "nameservers": [
        "ns-724.awsdns-26.net",
        "ns-451.awsdns-56.com",
        "ns-1101.awsdns-09.org",
        "ns-1721.awsdns-23.co.uk"
    ]
}