{
    "domain": "linkconnector.com",
    "owner": {
        "name": "LinkConnector Corporation",
        "displayName": "LinkConnector"
    },
    "source": [
        "DuckDuckGo-FR"
    ],
    "prevalence": 0.000707,
    "sites": 7,
    "subdomains": [
        "www"
    ],
    "cnames": [],
    "fingerprinting": 1,
    "resources": [
        {
            "rule": "linkconnector\\.com\\/uts_lp\\.php",
            "cookies": 0.000707,
            "fingerprinting": 1,
            "subdomains": [
                "www"
            ],
            "apis": {
                "Document.cookie getter": 7,
                "window.localStorage": 7,
                "Date.prototype.getTime": 7,
                "Document.cookie setter": 7
            },
            "sites": 7,
            "prevalence": 0.000707,
            "cnames": [],
            "responseHashes": [
                "d3e4fb5f0f2e3ba91a1d331c7853c2ac4d7a95a979efb3fb497c726884d62804",
                "849c94157800b546a1b0ac1bbf77e1326dafb02fb14ec3fb213f6d122d5f1754",
                "d1d5346cfacd00411dca066be65a82b9bb6fb457e0294b1597b6ae28efa9965e",
                "ac20b6e964996f82228a3b87483d87789daa15bd3ae88c09eec4b7dca5bdb785",
                "e8be9ffa14c7a1e421ad9f0417eff338d841626adc368869ec36cb25f9aefed8",
                "8fd4d3228439ff5f889de22871e04123405ea5fc930fc6b7b337417005fd285d"
            ],
            "type": "Script",
            "firstPartyCookies": {
                "uts_id": {
                    "ttl": 157680007,
                    "length": 17,
                    "prevalence": 0.000706999293000707,
                    "uniqueness": 1
                },
                "LCUTS_UID_900133": {
                    "ttl": 3608,
                    "length": 6,
                    "prevalence": 0.000605999394000606,
                    "uniqueness": 0.16666666666666666
                },
                "LCUTS_UID_902007": {
                    "ttl": 3603,
                    "length": 6,
                    "prevalence": 0.000100999899000101,
                    "uniqueness": 1
                }
            },
            "firstPartyCookiesSent": {
                "LCUTS_UID_900133": 0.000605999394000606,
                "LCUTS_UID_902007": 0.000100999899000101
            },
            "exampleSites": [
                "wondershare.fr",
                "filmora.wondershare.fr",
                "mobiletrans.wondershare.com",
                "pdf.wondershare.fr",
                "recoverit.wondershare.fr",
                "uniconverter.wondershare.fr",
                "updf.com"
            ]
        },
        {
            "rule": "linkconnector\\.com\\/tu\\.php",
            "cookies": 0.000606,
            "fingerprinting": 0,
            "subdomains": [
                "www"
            ],
            "apis": {},
            "sites": 6,
            "prevalence": 0.000606,
            "cnames": [],
            "responseHashes": [
                "942fa519ebb6234f59c3d8c8c66c6b2671b69364c1c31a6788f722e4baca9a94"
            ],
            "type": "Image",
            "firstPartyCookies": {},
            "firstPartyCookiesSent": {
                "_rdt_uuid": 0.000100999899000101,
                "_hjSessionUser_1326224": 0.000100999899000101,
                "_hjSession_1326224": 0.000100999899000101,
                "_vwo_uuid": 0.000100999899000101,
                "srcSite": 0.000100999899000101,
                "IR_gbd": 0.000302999697000303
            },
            "exampleSites": [
                "wondershare.fr",
                "filmora.wondershare.fr",
                "mobiletrans.wondershare.com",
                "pdf.wondershare.fr",
                "recoverit.wondershare.fr",
                "uniconverter.wondershare.fr"
            ]
        },
        {
            "rule": "linkconnector\\.com\\/js\\/uts_uid\\.php",
            "cookies": 0.000606,
            "fingerprinting": 0,
            "subdomains": [
                "www"
            ],
            "apis": {},
            "sites": 6,
            "prevalence": 0.000606,
            "cnames": [],
            "responseHashes": [
                "942fa519ebb6234f59c3d8c8c66c6b2671b69364c1c31a6788f722e4baca9a94"
            ],
            "type": "Image",
            "firstPartyCookies": {},
            "firstPartyCookiesSent": {
                "LCUTS_UID_900133": 0.000605999394000606
            },
            "exampleSites": [
                "wondershare.fr",
                "filmora.wondershare.fr",
                "mobiletrans.wondershare.com",
                "pdf.wondershare.fr",
                "recoverit.wondershare.fr",
                "uniconverter.wondershare.fr"
            ]
        }
    ],
    "categories": [],
    "performance": {},
    "cookies": 0.000707,
    "topInitiators": [
        {
            "domain": "googletagmanager.com",
            "prevalence": 0.8571428571428571
        },
        {
            "domain": "first party",
            "prevalence": 0.14285714285714285
        }
    ],
    "types": {
        "Script": 7,
        "Image": 12
    },
    "nameservers": [
        "sri.ns.cloudflare.com",
        "edna.ns.cloudflare.com"
    ]
}