{
    "domain": "meganewsspace.my",
    "owner": {},
    "source": [
        "DuckDuckGo-FR"
    ],
    "prevalence": 0.00121,
    "sites": 12,
    "subdomains": [],
    "cnames": [],
    "fingerprinting": 0,
    "resources": [
        {
            "rule": "meganewsspace\\.my\\/gh\\.js",
            "cookies": 0,
            "fingerprinting": 0,
            "subdomains": [],
            "apis": {},
            "sites": 12,
            "prevalence": 0.00121,
            "cnames": [],
            "responseHashes": [],
            "type": "XHR",
            "firstPartyCookies": {},
            "firstPartyCookiesSent": {},
            "exampleSites": [
                "animalpornxxx.me",
                "animalporn.life",
                "animalsbestialityporn.com",
                "animalzooporn.net",
                "animalzoosex.me",
                "beastiality.tv",
                "pornanimalsex.com",
                "www.zoofilialovers.com",
                "www.zooskoolvideos.com",
                "zooanimalsex.top",
                "zooanimalsexporn.com",
                "zoosex.cc"
            ]
        },
        {
            "rule": "meganewsspace\\.my\\/feed\\/",
            "cookies": 0.00121,
            "fingerprinting": 0,
            "subdomains": [],
            "apis": {},
            "sites": 12,
            "prevalence": 0.00121,
            "cnames": [],
            "responseHashes": [
                "51aef80a401ab1e16794153bfca0eba5a2e64b1ac2779e191a46829e81128280",
                "7f159823f2adb79d618c75aad20f176283005f7e2077b957969aeb596dd6068f",
                "365dc1d61a5e23a166c34507258c304ab2194148f76ba393bb6cfea77062fa70",
                "a2299ca55ab49b3e4cebc6773c1cd6310de4d97af1b83aa6cdd9ec65c666ae58",
                "5c64b65835bcd6035293d3f15970d1f933bb4fd5f52991b6ce376dfd00ecfb80",
                "915d16cb62d2f1c6aaa063fc7021e3a617fac6f58cdaf4564f042a533a6a5e8b",
                "b3bd1a3ad371aab2aa478207f22d39be049337226b894548c55ebb58c4d329c1",
                "ab343242b1754103d1eb65d95fb604b15f531e8e68ba1b7ce00f05377a9334c2",
                "94b82bc89e8ff2d7322d669c0bf587677fa6f41bb94f4dadc6f57d12acd069b9",
                "339026c9d252ac5193df33371430322da272d9bb962482047b24dba2c68a97f3",
                "a0c7fbf7739572b9a8fc3f2285382eca389a91a9441f107bc9e74d1f1cb80f4b"
            ],
            "type": "XHR",
            "firstPartyCookies": {},
            "firstPartyCookiesSent": {},
            "exampleSites": [
                "animalpornxxx.me",
                "animalporn.life",
                "animalsbestialityporn.com",
                "animalzooporn.net",
                "animalzoosex.me",
                "beastiality.tv",
                "pornanimalsex.com",
                "www.zoofilialovers.com",
                "www.zooskoolvideos.com",
                "zooanimalsex.top",
                "zooanimalsexporn.com",
                "zoosex.cc"
            ]
        },
        {
            "rule": "meganewsspace\\.my\\/s3\\/pgo\\/3-7417\\/att5lidicj5geacgkiaaaaaageyzobpqquubia7zdqaaaaiaaaaaaaaaaaaa",
            "cookies": 0.000202,
            "fingerprinting": 0,
            "subdomains": [],
            "apis": {},
            "sites": 2,
            "prevalence": 0.000202,
            "cnames": [],
            "responseHashes": [
                "e29150b6f43c59e31e33a1e4f5a3573e05e185a0bd69311f3995024252697c76"
            ],
            "type": "Document",
            "firstPartyCookies": {},
            "firstPartyCookiesSent": {},
            "exampleSites": [
                "zoofilialovers.com",
                "www.zoofilialovers.com"
            ]
        },
        {
            "rule": "meganewsspace\\.my\\/s3\\/pgo\\/3-7417\\/att5lidicj5geacgkiaaaaaageyzobpqquubia7zdqaaaaiaaaaaaaaaaaaa",
            "cookies": 0,
            "fingerprinting": 0,
            "subdomains": [],
            "apis": {},
            "sites": 2,
            "prevalence": 0.000202,
            "cnames": [],
            "responseHashes": [
                "bf9e94fd4f9bfda19e07cdc2c04b7025b2568b0a99508b74235edb65dff5439f"
            ],
            "type": "Image",
            "firstPartyCookies": {},
            "firstPartyCookiesSent": {},
            "exampleSites": [
                "zoofilialovers.com",
                "www.zoofilialovers.com"
            ]
        },
        {
            "rule": "meganewsspace\\.my\\/s3\\/pgo\\/3-7417\\/ark5nidicj5geacgkiaaaaaa5ej3qaxqquubia7zdqaaaaiaaaaaaaaaaaaa",
            "cookies": 0.000202,
            "fingerprinting": 0,
            "subdomains": [],
            "apis": {},
            "sites": 2,
            "prevalence": 0.000202,
            "cnames": [],
            "responseHashes": [
                "bd628779655c40523df2c61d35b837fc63f6c8b14214996c00ae46af7c2cf309"
            ],
            "type": "Document",
            "firstPartyCookies": {},
            "firstPartyCookiesSent": {},
            "exampleSites": [
                "zooskoolvideos.com",
                "www.zooskoolvideos.com"
            ]
        },
        {
            "rule": "meganewsspace\\.my\\/s3\\/pgo\\/3-7417\\/ark5nidicj5geacgkiaaaaaa5ej3qaxqquubia7zdqaaaaiaaaaaaaaaaaaa",
            "cookies": 0,
            "fingerprinting": 0,
            "subdomains": [],
            "apis": {},
            "sites": 2,
            "prevalence": 0.000202,
            "cnames": [],
            "responseHashes": [],
            "type": "Image",
            "firstPartyCookies": {},
            "firstPartyCookiesSent": {},
            "exampleSites": [
                "zooskoolvideos.com",
                "www.zooskoolvideos.com"
            ]
        }
    ],
    "categories": [],
    "performance": {},
    "cookies": 0.00121,
    "topInitiators": [
        {
            "domain": "fastdata.my",
            "prevalence": 0.574468085106383
        },
        {
            "domain": "wugoji.xyz",
            "prevalence": 0.2553191489361702
        },
        {
            "domain": "portalspace.my",
            "prevalence": 0.1702127659574468
        }
    ],
    "types": {
        "XHR": 24,
        "Document": 4,
        "Image": 4
    },
    "nameservers": [
        "tanner.ns.cloudflare.com",
        "lilith.ns.cloudflare.com"
    ]
}