{
    "domain": "ntvpforever.com",
    "owner": {},
    "source": [
        "DuckDuckGo-FR"
    ],
    "prevalence": 0.00414,
    "sites": 41,
    "subdomains": [],
    "cnames": [],
    "fingerprinting": 0,
    "resources": [
        {
            "rule": "ntvpforever\\.com\\/keywords",
            "cookies": 0,
            "fingerprinting": 0,
            "subdomains": [],
            "apis": {},
            "sites": 40,
            "prevalence": 0.00404,
            "cnames": [],
            "responseHashes": [],
            "type": "Preflight",
            "firstPartyCookies": {},
            "firstPartyCookiesSent": {},
            "exampleSites": [
                "incest.pro",
                "watchporn.to",
                "vulgarx.com",
                "pornovideoshub.com",
                "thothub.lol",
                "thothub.is",
                "www.luscious.net",
                "celebdeepfakes.net",
                "forcedcinema.net",
                "highporn.net",
                "xxxi.porn",
                "heavyfetish.com",
                "epawg.com",
                "thepornscat.com",
                "novamanga.com",
                "www5.javmost.com",
                "desisex.xxx",
                "mangaraw18.net",
                "www.rexporn.sex",
                "www.gig.sex"
            ]
        },
        {
            "rule": "ntvpforever\\.com\\/keywords",
            "cookies": 0,
            "fingerprinting": 0,
            "subdomains": [],
            "apis": {},
            "sites": 40,
            "prevalence": 0.00404,
            "cnames": [],
            "responseHashes": [
                "ff59b5c816b22b3e7f563fcd08ecdfb34e179902831bf41454833a41c785122d",
                "b6b95a34b00f70a6b900103bf1870b5625fb684d4f001820226be1d339777d95",
                "080040b4937f3f423f32cd7f19b2a79ba1e1e213f1d9f4f4db4f609d4ad778d8",
                "5cabd53b128cef96bfed07f88d16bea2fcc4df45e3fc821e0c883c0be2a3804a",
                "fde7d36f453bb590121869961a43f2b35e60d8f9ba54dbf5812ea33ac00c6630",
                "b61e04eb79c37fe63ea93953a5932880a28531d11d1ffe4d1ec083eb829b642f",
                "4c7d996ddffabca7f5a8fba7c3fa72a41f041ba7f96dfdbbd1818ec884aec396",
                "af85379d60ac860299fe36c578fde3307965fd91dfd9c027af0dc850fcc9a29d",
                "c7f0c41fb42c73f02ac62b0a8fa846a8f843c65b6a0189a0f4fe5d6511de4845",
                "f945f278a9fc1807059145377d7e7daf348f847810fe6f7ee711da78d1b75a9b",
                "0659560ea437b20f1cca8eaf12c8117c895fb6a6830ab1ded2bb48915e31e5f5",
                "448c3e95b0a3163794336f5e724d4ff011244188db81d5c22fe3884b13aebc88",
                "1a371e93eea56bd10b31bc1e9c1962b0c92fcabb5d666ef6a40e134dafda7e25",
                "bdf6a69f0728cb23024d22ca44d832597acd1b5654ec93edb0a4662a6140b0a8",
                "2cc97755cb4083122228167f0b24643331f580dee787a4ad73c152f365cbf34b",
                "31fb51df156339472a8381803b0c131b7a5bb9dcb1510f146e0d48a113eecbac",
                "eeccce95950758c1a3396e5d25c332fc5df9b4ed7233ad5bbcdf53684b1c6e70",
                "0d85aa1178528bf63cc6222ff21af428592861d0c1d7e0b4837a58d2e54d423d",
                "9dfbfb1cb0d27994946dcaed918c9819cce56c21690e9ff00001996a411779eb",
                "8b610d9321e8f20156792875f1980a68fb0fd49a378382297b257243c9dc6822",
                "5636dc2329e606fec5e876789f166a579c7ba677038a1a30114b3ccf59bc8687",
                "f3b93eea938d9c2fda838e0e6309790543d11877b4777a92d68118e71a865d53",
                "e1c3ca75774723701adcb1c2512653534eb1b16959a4ffcfb91269c34a024c2c",
                "c0011a488aec7f7058e017f3f1de1a5682260581b1f73e5e2868d9d18cdc1e14"
            ],
            "type": "XHR",
            "firstPartyCookies": {},
            "firstPartyCookiesSent": {},
            "exampleSites": [
                "epawg.com",
                "www5.javmost.com",
                "www.xxxvideoindian2.com",
                "thothub.to",
                "thethothub.com",
                "desisex.xxx",
                "www.luscious.net",
                "pornovideoshub.com",
                "forcedcinema.net",
                "thothub.ch",
                "thothub.is",
                "watchporn.to",
                "www.rexporn.sex",
                "xxxi.porn",
                "allsex.xxx",
                "thothub.org",
                "mzansipornvideos.com",
                "www.thothub.to",
                "javhub.net",
                "www.xasiat.com"
            ]
        },
        {
            "rule": "ntvpforever\\.com\\/in\\/show\\/",
            "cookies": 0,
            "fingerprinting": 0,
            "subdomains": [],
            "apis": {},
            "sites": 2,
            "prevalence": 0.000202,
            "cnames": [],
            "responseHashes": [
                "e3b0c44298fc1c149afbf4c8996fb92427ae41e4649b934ca495991b7852b855"
            ],
            "type": "Image",
            "firstPartyCookies": {},
            "firstPartyCookiesSent": {},
            "exampleSites": [
                "pornhits.com",
                "www.pornhits.com"
            ]
        }
    ],
    "categories": [],
    "performance": {},
    "cookies": 0,
    "topInitiators": [
        {
            "domain": "19b7f4f4d8.com",
            "prevalence": 0.45454545454545453
        },
        {
            "domain": "wpadmngr.com",
            "prevalence": 0.32727272727272727
        },
        {
            "domain": "first party",
            "prevalence": 0.21818181818181817
        }
    ],
    "types": {
        "Preflight": 40,
        "XHR": 40,
        "Image": 2
    },
    "nameservers": [
        "ns1.digitalocean.com",
        "ns2.digitalocean.com",
        "ns3.digitalocean.com"
    ]
}