{
    "domain": "p-n.io",
    "owner": {
        "name": "Pushly",
        "displayName": "Pushly"
    },
    "source": [
        "DuckDuckGo-FR"
    ],
    "prevalence": 0.00192,
    "sites": 19,
    "subdomains": [
        "cdn",
        "k"
    ],
    "cnames": [],
    "fingerprinting": 3,
    "resources": [
        {
            "rule": "p-n\\.io\\/pushly-sdk\\.min\\.js",
            "cookies": 0.00162,
            "fingerprinting": 2,
            "subdomains": [
                "cdn"
            ],
            "apis": {
                "window.localStorage": 19,
                "Navigator.prototype.userAgent": 19,
                "Navigator.prototype.appVersion": 19,
                "Navigator.prototype.appCodeName": 19,
                "Navigator.prototype.product": 19,
                "Navigator.prototype.vendor": 19,
                "window.indexedDB": 19,
                "Document.cookie getter": 19,
                "window.sessionStorage": 17,
                "Date.prototype.getTime": 19,
                "Navigator.prototype.cookieEnabled": 16,
                "Document.cookie setter": 16,
                "Navigator.prototype.permissions": 16,
                "Intl.DateTimeFormat.prototype.resolvedOptions": 15,
                "NavigatorUAData.prototype.brands": 14,
                "Screen.prototype.orientation": 14
            },
            "sites": 19,
            "prevalence": 0.00192,
            "cnames": [],
            "responseHashes": [
                "d2329dc45367caa3a7c5bcf3d6828b42ae0d1206b5b41d38d7d2f2eceab94eef",
                "abf80cb12db80944d921d01f7f151408bf87abb3a5965afb1b4a7efb98a5076e",
                "c002e7ba09664185facb52cf7b8c5732142a87e8dedff1aefddcfb78cc564c59",
                "c6b1f40044cc98e83e9546f02a82f00f6729e81e16ae88fff735742d102d0cf2",
                "14cfa47bfd553cc9b13e0bcc5d613b5eb1cefe45b5a3484b79901b7a98cc54ad",
                "ff8ce146802ec4552b3d908f25e85e763b3388f7d38c3f4a50f7c9df07dae8be",
                "52d968bd3a1eb35ab77ac48db2b5fb4196aefba7509d43de64341428daa9c1d8",
                "6cbf61be995bca24af8ead177c9d37aeeca18a5bb30fb08bd2d261c499d9d38a",
                "1ed9e967348f9bf59682cc247089a5cea7b76f78249dde7ab5df63894e34172f",
                "bc050b0be01992ffd0e7732a82c9fedb7df8628e604b0d1dd07a0967cbfc60d5",
                "8c0b03195c0871452f0c83ef2758523f061914559e9b31177aa3e12de1e5ae52",
                "aa15f00417c95d6630b9c4e299e521c35b08d5bc5c0ce724c095d534e05d13f7",
                "4e96fde96878ede53c9ebd766b3bdf56c31bd9a399b668091da1a95c6e0fb232",
                "a456b376b3aefbfadab83fc65c57454a517310afe51ec65eed7f4246218f8801",
                "132a770409f32e5f55d072a05d10faace6bfa38b66b260e7deff9f8cf0661178",
                "221b6887901cc5f927dc3200665c61f8474df788c902db699cc0f7af7ece5537"
            ],
            "type": "Script",
            "firstPartyCookies": {
                "_pn_hK0Z3pH2": {
                    "ttl": 15552012,
                    "length": 112,
                    "prevalence": 0.000100999899000101,
                    "uniqueness": 1
                },
                "_pn": {
                    "ttl": 15552007,
                    "length": 112,
                    "prevalence": 0.000504999495000505,
                    "uniqueness": 1
                },
                "_pn_mP90dbv9": {
                    "ttl": 15552009,
                    "length": 139,
                    "prevalence": 0.000100999899000101,
                    "uniqueness": 1
                },
                "_pn_TgtvAlfG": {
                    "ttl": 15552005,
                    "length": 112,
                    "prevalence": 0.000100999899000101,
                    "uniqueness": 1
                },
                "_pn_zcgHRQlC": {
                    "ttl": 15552015,
                    "length": 139,
                    "prevalence": 0.000100999899000101,
                    "uniqueness": 1
                },
                "_pn_HgS8Lyj7": {
                    "ttl": 15552010,
                    "length": 139,
                    "prevalence": 0.000100999899000101,
                    "uniqueness": 1
                },
                "_pn_6YlvT2LV": {
                    "ttl": 15552017,
                    "length": 139,
                    "prevalence": 0.000100999899000101,
                    "uniqueness": 1
                },
                "_pn_DEpH4OaP": {
                    "ttl": 15552017,
                    "length": 139,
                    "prevalence": 0.000100999899000101,
                    "uniqueness": 1
                },
                "_pn_q3YG2N02": {
                    "ttl": 15552011,
                    "length": 112,
                    "prevalence": 0.000100999899000101,
                    "uniqueness": 1
                },
                "_pn_RPAnbhVi": {
                    "ttl": 15552003,
                    "length": 112,
                    "prevalence": 0.000100999899000101,
                    "uniqueness": 1
                },
                "_pn_2g6b0g7p": {
                    "ttl": 15552002,
                    "length": 112,
                    "prevalence": 0.000100999899000101,
                    "uniqueness": 1
                },
                "_pn_s7i8LIH5": {
                    "ttl": 15552009,
                    "length": 139,
                    "prevalence": 0.000100999899000101,
                    "uniqueness": 1
                }
            },
            "firstPartyCookiesSent": {},
            "exampleSites": [
                "comicbook.com",
                "decider.com",
                "dotesports.com",
                "knowyourmeme.com",
                "mashable.com",
                "nypost.com",
                "primagames.com",
                "progameguides.com",
                "www.accuweather.com",
                "www.allmusic.com",
                "www.destructoid.com",
                "www.digitaltrends.com",
                "www.si.com",
                "www.sportingnews.com",
                "www.thedailybeast.com",
                "www.timeout.fr",
                "www.timeout.com",
                "www.trustedreviews.com",
                "www.vice.com"
            ]
        },
        {
            "rule": "p-n\\.io\\/event-stream",
            "cookies": 0,
            "fingerprinting": 0,
            "subdomains": [
                "k"
            ],
            "apis": {},
            "sites": 6,
            "prevalence": 0.000606,
            "cnames": [],
            "responseHashes": [],
            "type": "Fetch",
            "firstPartyCookies": {},
            "firstPartyCookiesSent": {},
            "exampleSites": [
                "dotesports.com",
                "primagames.com",
                "progameguides.com",
                "www.allmusic.com",
                "www.destructoid.com",
                "www.vice.com"
            ]
        }
    ],
    "categories": [],
    "performance": {},
    "cookies": 0.00162,
    "topInitiators": [
        {
            "domain": "first party",
            "prevalence": 0.7391304347826086
        },
        {
            "domain": "adlightning.com",
            "prevalence": 0.08695652173913043
        },
        {
            "domain": "script.ac",
            "prevalence": 0.08695652173913043
        },
        {
            "domain": "rubiconproject.com",
            "prevalence": 0.043478260869565216
        },
        {
            "domain": "googletagmanager.com",
            "prevalence": 0.043478260869565216
        }
    ],
    "types": {
        "Script": 19,
        "Fetch": 6
    },
    "nameservers": [
        "ns-972.awsdns-57.net",
        "ns-191.awsdns-23.com",
        "ns-1851.awsdns-39.co.uk",
        "ns-1241.awsdns-27.org"
    ]
}