{
    "domain": "salesforce-scrt.com",
    "owner": {},
    "source": [
        "DuckDuckGo-FR"
    ],
    "prevalence": 0.00162,
    "sites": 16,
    "subdomains": [
        "anydesk.my",
        "ledgercustomersuccess.my",
        "canonamericas.my",
        "decathlonpro.my",
        "dysoncrm.my",
        "ecovacs2020.my",
        "fermob360.my",
        "fordpro.my",
        "fortinet.my",
        "invaluable.my",
        "nikeconsumerservices.my",
        "specialized.my",
        "thuleab.my",
        "vpcare.my",
        "vivino.my",
        "wonderbox.my"
    ],
    "cnames": [],
    "fingerprinting": 0,
    "resources": [
        {
            "rule": "salesforce-scrt\\.com\\/embeddedservice\\/v1\\/embedded-service-config",
            "cookies": 0,
            "fingerprinting": 0,
            "subdomains": [
                "anydesk.my",
                "ledgercustomersuccess.my",
                "canonamericas.my",
                "decathlonpro.my",
                "dysoncrm.my",
                "ecovacs2020.my",
                "fermob360.my",
                "fordpro.my",
                "fortinet.my",
                "invaluable.my",
                "nikeconsumerservices.my",
                "specialized.my",
                "thuleab.my",
                "vpcare.my",
                "vivino.my",
                "wonderbox.my"
            ],
            "apis": {},
            "sites": 16,
            "prevalence": 0.00162,
            "cnames": [],
            "responseHashes": [
                "bcf9994bcdeb70c53bc17f3c09916e4ebe9867895075ba598f2a59b8a20ad3fb",
                "179a06b9eb90bca957103e6537809f3718430b0cf9faccf2201146dab2b7406a",
                "4ca8cfbd3fc3fa1e9568b4889145d85b921ea1e35f046adbcb803f3067b19215",
                "5d3d9899b7ae161d9b6846758ad74ee45ad91eb3d378952a4db0e49499996abd",
                "e00ad83e7fbaa9c4be743584b46a1be178ee5435c942c2a83a15c5235c2ccd39",
                "691d104161b50e33fa60baee6837baf9cc8786c016a298e03b87e21e2bbfbb8d",
                "e1dc49df1dfaf22dc859ff133ce312c42482f6a6e12d2923a050cb1ed122571b",
                "4dc3a01f60fb7c70d8bd4b937ffb16cc06e05ceae8122bb017171f8198015041",
                "20350f2f479a7dc8cf516875163972178b69766456681c2506c524dcfe9105d2",
                "052f41ca4f9a9073682992e8335c53b34afa55a900f695d2d658916634c676ef",
                "8b467c62c608db954d431f663eeb0aa0b76a78c1a45602a31ea3dc3be2ae671d",
                "7b12028fd4a84aa41fefafc038035b1bcd06d29fe377610224110772b0d6f45b",
                "fb43f43640cb49904fefa8532c3c7bc48d769b99d774bea807830bdab9d54a5d",
                "1de8b48a19cd3a5abba89f019068ef97263dc985f7256b02ae1608c7b4963442",
                "bf69284879dfdc9b1faf9f6218828c528917ae612dd7c191fbb240938c4d94a3"
            ],
            "type": "XHR",
            "firstPartyCookies": {},
            "firstPartyCookiesSent": {},
            "exampleSites": [
                "anydesk.com",
                "support.ledger.com",
                "support.usa.canon.com",
                "www.decathlonpro.fr",
                "www.dyson.fr",
                "www.ecovacs.com",
                "www.fermob.com",
                "www.ford.fr",
                "www.fortinet.com",
                "www.invaluable.com",
                "www.nike.com",
                "www.specialized.com",
                "www.thule.com",
                "www.vistaprint.fr",
                "www.vivino.com",
                "www.wonderbox.fr"
            ]
        },
        {
            "rule": "salesforce-scrt\\.com\\/embeddedservice\\/v1\\/businesshours",
            "cookies": 0,
            "fingerprinting": 0,
            "subdomains": [
                "anydesk.my",
                "ledgercustomersuccess.my",
                "canonamericas.my",
                "decathlonpro.my",
                "dysoncrm.my",
                "ecovacs2020.my",
                "fermob360.my",
                "fordpro.my",
                "fortinet.my",
                "invaluable.my",
                "nikeconsumerservices.my",
                "specialized.my",
                "thuleab.my",
                "vpcare.my",
                "vivino.my",
                "wonderbox.my"
            ],
            "apis": {},
            "sites": 16,
            "prevalence": 0.00162,
            "cnames": [],
            "responseHashes": [
                "e3b0c44298fc1c149afbf4c8996fb92427ae41e4649b934ca495991b7852b855",
                "8c556aad38d4b927b50d4a61abd12134624a81fef7c141c6c7370baa3e1cc30b",
                "5d3d9899b7ae161d9b6846758ad74ee45ad91eb3d378952a4db0e49499996abd",
                "22debd97d57a5373304cc854308c6dbf7108ca8e6e498c7acb8fff34c31a175a"
            ],
            "type": "XHR",
            "firstPartyCookies": {},
            "firstPartyCookiesSent": {},
            "exampleSites": [
                "anydesk.com",
                "support.ledger.com",
                "support.usa.canon.com",
                "www.decathlonpro.fr",
                "www.dyson.fr",
                "www.ecovacs.com",
                "www.fermob.com",
                "www.ford.fr",
                "www.fortinet.com",
                "www.invaluable.com",
                "www.nike.com",
                "www.specialized.com",
                "www.thule.com",
                "www.vistaprint.fr",
                "www.vivino.com",
                "www.wonderbox.fr"
            ]
        }
    ],
    "categories": [],
    "performance": {},
    "cookies": 0,
    "topInitiators": [
        {
            "domain": "first party",
            "prevalence": 0.5882352941176471
        },
        {
            "domain": "site.com",
            "prevalence": 0.35294117647058826
        },
        {
            "domain": "datadoghq-browser-agent.com",
            "prevalence": 0.058823529411764705
        }
    ],
    "types": {
        "XHR": 32
    },
    "nameservers": [
        "dns1.p03.nsone.net",
        "dns2.p03.nsone.net",
        "dns3.p03.nsone.net",
        "dns4.p03.nsone.net",
        "ns02.salesforce-dns.com",
        "ns01.salesforce-dns.com",
        "ns03.salesforce-dns.com",
        "ns04.salesforce-dns.com"
    ]
}