{
    "domain": "sensic.net",
    "owner": {},
    "source": [
        "DuckDuckGo-FR"
    ],
    "prevalence": 0.00141,
    "sites": 14,
    "subdomains": [
        "es-config-preproduction",
        "es-config",
        "17553704757474a26782b31e9deeb1fd0e604f4992189c8ec5979dd0.trk",
        "17553745280831ad90b2ee31c2f7889dcef27c79afe266737ef58398.trk",
        "175537148683498f2aeed185106702fe705d18248167ba1cbc17b442.trk",
        "1755373257012fabd6d7fa67094d733e6ef10108c89b93cfad25577b.trk",
        "17553744276033dc343d9916f9aeaa6e61ddce5544383ea3e37abf83.trk",
        "175537124663709a61ff39475af69ef738ee705984d46da293f63b44.trk",
        "175537431791934e275a91936b3fa8b4559ecfa60f6623429bcb633a.trk",
        "1755374234148c6f26abe7abef1b9c5cdbc5360fde1630f8ab4d2f2e.trk",
        "1755373157022c15aec96ba62de2829326e003a0187913cf2752af28.trk",
        "1755374659633435eb5c78adced3ed1a3a754b563f8d428056108d5f.trk",
        "1755373940167151f0a7932def56c637d6e88a734249eeaac0e6f3cb.trk",
        "17553749429120ffea89a63db6bb985f858f2a5a621eac703290c72d.trk",
        "17553723685933ae1dcb084e0bc053081a0a5b5757c7263b13d727c1.trk",
        "175537009356826a0143a5c5b95bf7c97740c2002204e521a841ea49.trk",
        "es1preprod-s2s",
        "es1-s2s",
        "localhost"
    ],
    "cnames": [],
    "fingerprinting": 2,
    "resources": [
        {
            "rule": "sensic\\.net\\/s2s-web\\.js",
            "cookies": 0,
            "fingerprinting": 1,
            "subdomains": [
                "es-config-preproduction"
            ],
            "apis": {
                "window.localStorage": 3,
                "Date.prototype.getTime": 3,
                "Navigator.prototype.maxTouchPoints": 3,
                "Navigator.prototype.userAgent": 3,
                "Navigator.prototype.platform": 3,
                "Navigator.prototype.language": 3
            },
            "sites": 3,
            "prevalence": 0.000303,
            "cnames": [],
            "responseHashes": [
                "e3b0c44298fc1c149afbf4c8996fb92427ae41e4649b934ca495991b7852b855"
            ],
            "type": "Fetch",
            "firstPartyCookies": {},
            "firstPartyCookiesSent": {},
            "exampleSites": [
                "amelioretasante.com",
                "etreparents.com",
                "nospensees.fr"
            ]
        },
        {
            "rule": "sensic\\.net\\/s2s-web\\.js",
            "cookies": 0.000101,
            "fingerprinting": 1,
            "subdomains": [
                "es-config-preproduction",
                "es-config"
            ],
            "apis": {
                "window.localStorage": 14,
                "Date.prototype.getTime": 14,
                "Navigator.prototype.maxTouchPoints": 14,
                "Navigator.prototype.userAgent": 14,
                "Navigator.prototype.platform": 14,
                "Navigator.prototype.language": 14,
                "Document.cookie getter": 1,
                "Document.cookie setter": 1
            },
            "sites": 14,
            "prevalence": 0.00141,
            "cnames": [],
            "responseHashes": [
                "c1970577e4c3e5dd0ea0de6255b1a5a15eecb911d7c5c22b588fecf064f0a4de",
                "c2c84d510aec9249edeb51fed90cb43ea3855d7db6b8ab395fe24425d3dec08c"
            ],
            "type": "Script",
            "firstPartyCookies": {
                "sui_1pc": {
                    "ttl": 63072009,
                    "length": 56,
                    "prevalence": 0.000100999899000101,
                    "uniqueness": 1
                }
            },
            "firstPartyCookiesSent": {},
            "exampleSites": [
                "amelioretasante.com",
                "as.com",
                "cadenaser.com",
                "elpais.com",
                "etreparents.com",
                "nospensees.fr",
                "www.eldiario.es",
                "www.elespanol.com",
                "www.elmundo.es",
                "www.hola.com",
                "www.infobae.com",
                "www.larazon.es",
                "www.marca.com",
                "www.tameteo.com"
            ]
        },
        {
            "rule": "sensic\\.net\\/tp\\.gif",
            "cookies": 0,
            "fingerprinting": 0,
            "subdomains": [
                "17553704757474a26782b31e9deeb1fd0e604f4992189c8ec5979dd0.trk",
                "17553745280831ad90b2ee31c2f7889dcef27c79afe266737ef58398.trk",
                "175537148683498f2aeed185106702fe705d18248167ba1cbc17b442.trk"
            ],
            "apis": {},
            "sites": 3,
            "prevalence": 0.000303,
            "cnames": [],
            "responseHashes": [
                "e3b0c44298fc1c149afbf4c8996fb92427ae41e4649b934ca495991b7852b855"
            ],
            "type": "Fetch",
            "firstPartyCookies": {},
            "firstPartyCookiesSent": {},
            "exampleSites": [
                "amelioretasante.com",
                "etreparents.com",
                "nospensees.fr"
            ]
        },
        {
            "rule": "sensic\\.net\\/3pc\\.html",
            "cookies": 0.000101,
            "fingerprinting": 1,
            "subdomains": [
                "es-config-preproduction",
                "es-config"
            ],
            "apis": {
                "Document.cookie getter": 13,
                "window.localStorage": 7,
                "Date.prototype.getTime": 1,
                "Document.cookie setter": 1
            },
            "sites": 14,
            "prevalence": 0.00141,
            "cnames": [],
            "responseHashes": [
                "50d7dc201785b5d141a77b2ddff351c2caaa2ab64b19e659fe8f825a7c487f22"
            ],
            "type": "Document",
            "firstPartyCookies": {},
            "firstPartyCookiesSent": {},
            "exampleSites": [
                "amelioretasante.com",
                "as.com",
                "cadenaser.com",
                "elpais.com",
                "etreparents.com",
                "nospensees.fr",
                "www.eldiario.es",
                "www.elespanol.com",
                "www.elmundo.es",
                "www.hola.com",
                "www.infobae.com",
                "www.larazon.es",
                "www.marca.com",
                "www.tameteo.com"
            ]
        },
        {
            "rule": "sensic\\.net\\/tp\\.gif",
            "cookies": 0,
            "fingerprinting": 0,
            "subdomains": [
                "17553704757474a26782b31e9deeb1fd0e604f4992189c8ec5979dd0.trk",
                "1755373257012fabd6d7fa67094d733e6ef10108c89b93cfad25577b.trk",
                "17553744276033dc343d9916f9aeaa6e61ddce5544383ea3e37abf83.trk",
                "175537124663709a61ff39475af69ef738ee705984d46da293f63b44.trk",
                "17553745280831ad90b2ee31c2f7889dcef27c79afe266737ef58398.trk",
                "175537148683498f2aeed185106702fe705d18248167ba1cbc17b442.trk",
                "175537431791934e275a91936b3fa8b4559ecfa60f6623429bcb633a.trk",
                "1755374234148c6f26abe7abef1b9c5cdbc5360fde1630f8ab4d2f2e.trk",
                "1755373157022c15aec96ba62de2829326e003a0187913cf2752af28.trk",
                "1755374659633435eb5c78adced3ed1a3a754b563f8d428056108d5f.trk",
                "1755373940167151f0a7932def56c637d6e88a734249eeaac0e6f3cb.trk",
                "17553749429120ffea89a63db6bb985f858f2a5a621eac703290c72d.trk",
                "17553723685933ae1dcb084e0bc053081a0a5b5757c7263b13d727c1.trk",
                "175537009356826a0143a5c5b95bf7c97740c2002204e521a841ea49.trk"
            ],
            "apis": {},
            "sites": 14,
            "prevalence": 0.00141,
            "cnames": [],
            "responseHashes": [
                "e3b0c44298fc1c149afbf4c8996fb92427ae41e4649b934ca495991b7852b855"
            ],
            "type": "XHR",
            "firstPartyCookies": {},