{
    "domain": "societe-des-avis-garantis.fr",
    "owner": {},
    "source": [
        "DuckDuckGo-FR"
    ],
    "prevalence": 0.00151,
    "sites": 15,
    "subdomains": [
        "www"
    ],
    "cnames": [],
    "fingerprinting": 1,
    "resources": [
        {
            "rule": "societe-des-avis-garantis\\.fr\\/wp-content\\/plugins\\/ag-core\\/widgets\\/JsWidget\\.js",
            "cookies": 0,
            "fingerprinting": 0,
            "subdomains": [
                "www"
            ],
            "apis": {},
            "sites": 9,
            "prevalence": 0.000909,
            "cnames": [],
            "responseHashes": [
                "67d92b450d52afc93551e31737a7f2f38686f876eed1d20be0d6886244736c2d"
            ],
            "type": "Script",
            "firstPartyCookies": {},
            "firstPartyCookiesSent": {},
            "exampleSites": [
                "doctibike.com",
                "laboutiqueduhard.fr",
                "les-coupons-de-saint-pierre.fr",
                "www.1001hobbies.fr",
                "www.armurerie-centrale.fr",
                "www.armurerie-loisir.fr",
                "www.epices.com",
                "www.herboristerieduvalmont.com",
                "www.ruedesplaisirs.com"
            ]
        },
        {
            "rule": "societe-des-avis-garantis\\.fr\\/wp-content\\/plugins\\/ag-core\\/widgets\\/iframe\\/2\\/h\\/",
            "cookies": 0,
            "fingerprinting": 0,
            "subdomains": [
                "www"
            ],
            "apis": {},
            "sites": 13,
            "prevalence": 0.00131,
            "cnames": [],
            "responseHashes": [
                "2e3736c5f30f3e31fc46777182beac3f7b9c443c29616922fefe3c318727f629",
                "304ec887dd7671e65b8cd679c2b92dbf27626bd9d747f835acf2969bda9ae649",
                "5dfa324b41a17d924c4ba56ac7e8e99f96cb90038b0dc9338026e7dff7765554",
                "8e9692984539c5fffd4f3460716fbf194e928c41ea66fd2f22311f073db1057a",
                "3c2b94868a696b2269dc6318a4065cbc92c35147fc2f8abd2724c73253cf1fa2",
                "f3c1386f689e6a20125a714bddbfce4e3823a0b336361910750875999ab62454",
                "f62e3c6c935521d1c54a887bc8930c4b1b3c65ec3a2c2580d42caa6f279a457f",
                "360af652c0c9d3bdd81a40d83189deacd405a37f15b68abafbf70376666c795c",
                "50eea5b5b6d0e2da6736d80f8651be29c8d52bab836052d4d68866fd2e264f82",
                "f717ba2d2eb9add0e9492cd69f3d28de8859d452626f66413540bbba123a924f",
                "142f95fb2187e254dcea255d210d45236dd832c04a45bd948d0326d57f3c58a6"
            ],
            "type": "Document",
            "firstPartyCookies": {},
            "firstPartyCookiesSent": {},
            "exampleSites": [
                "doctibike.com",
                "laboutiqueduhard.fr",
                "les-coupons-de-saint-pierre.fr",
                "www.1001hobbies.fr",
                "www.armurerie-centrale.fr",
                "www.epices.com",
                "www.herboristerieduvalmont.com",
                "www.laminedefer.fr",
                "www.maxxess.fr",
                "www.moto-axxe.fr",
                "www.ruedesplaisirs.com",
                "www.street-moto-piece.fr",
                "www.tompress.com"
            ]
        },
        {
            "rule": "societe-des-avis-garantis\\.fr\\/wp-content\\/plugins\\/ag-core\\/widgets\\/iframe\\/2\\/h\\/css\\/main_horizontal\\.css",
            "cookies": 0,
            "fingerprinting": 0,
            "subdomains": [
                "www"
            ],
            "apis": {},
            "sites": 13,
            "prevalence": 0.00131,
            "cnames": [],
            "responseHashes": [
                "169e7bd3e9036480fb0856f8e09b384616e74f5361ab96131f8b6e48aaf24f79"
            ],
            "type": "Stylesheet",
            "firstPartyCookies": {},
            "firstPartyCookiesSent": {},
            "exampleSites": [
                "doctibike.com",
                "laboutiqueduhard.fr",
                "les-coupons-de-saint-pierre.fr",
                "www.1001hobbies.fr",
                "www.armurerie-centrale.fr",
                "www.epices.com",
                "www.herboristerieduvalmont.com",
                "www.laminedefer.fr",
                "www.maxxess.fr",
                "www.moto-axxe.fr",
                "www.ruedesplaisirs.com",
                "www.street-moto-piece.fr",
                "www.tompress.com"
            ]
        },
        {
            "rule": "societe-des-avis-garantis\\.fr\\/wp-content\\/plugins\\/ag-core\\/widgets\\/iframe\\/2\\/h\\/js\\/compiled\\.min\\.js",
            "cookies": 0,
            "fingerprinting": 1,
            "subdomains": [
                "www"
            ],
            "apis": {
                "Navigator.prototype.userAgent": 13,
                "Event.prototype.timeStamp": 13,
                "Element.prototype.getClientRects": 13
            },
            "sites": 13,
            "prevalence": 0.00131,
            "cnames": [],
            "responseHashes": [
                "e4195d6a221e62608e8284010005dac6e02a0e29782eeab7cd4210664b3a19d5"
            ],
            "type": "Script",
            "firstPartyCookies": {},
            "firstPartyCookiesSent": {},
            "exampleSites": [
                "doctibike.com",
                "laboutiqueduhard.fr",
                "les-coupons-de-saint-pierre.fr",
                "www.1001hobbies.fr",
                "www.armurerie-centrale.fr",
                "www.epices.com",
                "www.herboristerieduvalmont.com",
                "www.laminedefer.fr",
                "www.maxxess.fr",
                "www.moto-axxe.fr",
                "www.ruedesplaisirs.com",
                "www.street-moto-piece.fr",
                "www.tompress.com"
            ]
        },
        {
            "rule": "societe-des-avis-garantis\\.fr\\/wp-content\\/plugins\\/ag-core\\/images\\/iframeWidget\\/fr\\/sag_logo_badge\\.svg",
            "cookies": 0,
            "fingerprinting": 0,
            "subdomains": [
                "www"
            ],
            "apis": {},
            "sites": 13,
            "prevalence": 0.00131,
            "cnames": [],
            "responseHashes": [
                "c704ec5703c014b0b42e3dde13433d24be557601c6295e019e019f39bc6d67d1"
            ],
            "type": "Image",
            "firstPartyCookies": {},
            "firstPartyCookiesSent": {},
            "exampleSites": [
                "doctibike.com",
                "laboutiqueduhard.fr",
                "les-coupons-de-saint-pierre.fr",
                "www.1001hobbies.fr",
                "www.armurerie-centrale.fr",
                "www.epices.com",
                "www.herboristerieduvalmont.com",
                "www.laminedefer.fr",
                "www.maxxess.fr",
                "www.moto-axxe.fr",
                "www.ruedesplaisirs.com",
                "www.street-moto-piece.fr",
                "www.tompress.com"
            ]
        },
        {
            "rule": "societe-des-avis-garantis\\.fr\\/wp-content\\/plugins\\/ag-core\\/images\\/iframeWidget\\/fr\\/cocarde\\.svg",
            "cookies": 0,
            "fingerprinting": 0,
            "subdomains": [
                "www"
            ],
            "apis": {},
            "sites": 14,
            "prevalence": 0.00141,
            "cnames": [],
            "responseHashes": [
                "9156f77e5eeca974bc22e505006f65a41d5a7086f626f3c797a61bb87ce27a15"
            ],
            "type": "Image",
            "firstPartyCookies": {},
            "firstPartyCookiesSent": {},