{
    "domain": "tarteaucitron.io",
    "owner": {},
    "source": [
        "DuckDuckGo-FR"
    ],
    "prevalence": 0.00545,
    "sites": 54,
    "subdomains": [
        "cdn"
    ],
    "cnames": [],
    "fingerprinting": 1,
    "resources": [
        {
            "rule": "tarteaucitron\\.io\\/load\\.js",
            "cookies": 0.00424,
            "fingerprinting": 1,
            "subdomains": [],
            "apis": {
                "Document.cookie getter": 43,
                "Navigator.prototype.doNotTrack": 42,
                "Date.prototype.getTime": 42,
                "Document.cookie setter": 42,
                "window.innerHeight": 4,
                "Navigator.prototype.language": 3
            },
            "sites": 50,
            "prevalence": 0.00505,
            "cnames": [],
            "responseHashes": [
                "19dbdce3b1439cb80357954e781e87169c74abb28ac8b1bf3e63ec81d1312129",
                "17d15aa7252a1a57c0005937d62e01adc2e4963ccc8d840a7d6255a2f965bff2",
                "1b9f923f33f9a6e9f556ce4dc1b0c0e4094a1ccb9ed15daa3abf66ed3936f658",
                "4afbbe9eb8b189f6d4e5015298dd44281229f431b2b8aca3d1602d7fd3ab0794",
                "f8c83e4743f771ff1335a75ffadefa42be151a04cfb735c81a5f90946e6e3202",
                "6a1c181e6106420e39a35ab6f43f920b9cfe68502278ad1cfaa06a138fd94c08",
                "47fbc73a0d3939de48ec3e63c03ac4d4fa3b9d1338d7142e55a5105d6b820222",
                "5b933383b2460e9dc1f2194a2937cb3581861d4a07ac099a7ef30b73606fcf71",
                "fbf832536960b025acca5eec4d868e2616e9c5769c7605141fd989b0ceb84298",
                "f65881c669ec829aa75b6d672df115685398f07af6303ba398f983355c30008c",
                "a8aef51e542709f8993c8c560dad0036f9e123ef33cabf28ff6c2d1821a05e82",
                "2f81006b7ee3fa25d171db18282620b528402a7c1eac52fbdaefb6d7a9e08813",
                "c66a54879d5bee9394487f0ee9917421b5b373609c287203e1bf8060c6798e34",
                "90f0efb01d859be340caeb29fc0aa56b766cb660ee1b3ff441381c806228edbe",
                "894d10967106523cc5bbcd5db69fa8a133e72716a91c60e28c9136d2cd948d3e",
                "4bcabca7090951d32e078f51c6b2e6b30287d75f1cfc93d8d6aa5d18c3ffee27",
                "8a8536bfad957cbbfa6be413c4d1494b08f330ee8bf57e9403e1ae20cde738e5",
                "72771e19529622e50be4ef24338c26655f807b0acbc6837184ffb1efff4ae4fe",
                "74eb6aeb93c01a1cf977aad05c6ab79926a0737dccfaaed56e604d30c2342acd",
                "4ae1d9b9ab866f38246fe0d0e5ab8cecb204398ee082db5fa3b7dda30618a1ef",
                "72bc7976a00b22b956e222fcccba1adfc7cde08be8d2ced17c1265bbe7477af8",
                "0efdeb211718f2c7c4056e71628981be8a627f9c32f0b3ecc1bbf6226a346356",
                "bbe912b9b2f3f13581113b568969bf24d3a3b4d42ff60328e005760928ef136e",
                "ba50e53f1f3006a8fbe0177ad70ef3d1ee1e43cbad9e7d0b554064b7ee1a5878",
                "f95e8270e9a1a9b88adbb2898e6c98c074f6558229205afb03e805480e5ef983",
                "74f26c0ca17225d52bd5213d5fd5037b5f4763b37935d51e587740a39bb50fa2",
                "38663fceaf6ac7f741554ed6851d51246addcc8641b20d5572aa5a09f24ad061",
                "9be4eeb9a62e98d92668f0b31c03d7755065f80c04be1c75b2cc8aa8a9926fbe",
                "ff670d6831c8822625026add5ab5e807a6bbab1a34186f4541fbfd825da38f1c",
                "8a07c593c01c38b5a21c23809e1a29b60335d98fe08ff5ace0db2117b2c70737",
                "bbf41a5d7d99bd3897fc33d11c534efecb6fa2646e4b2990185e6ff76b5fa3ef",
                "8ca5a0b6d7931e8b0b97e83f87c1a53d0665cdb1f02b2152ffcf09e3a320095c",
                "e96cf966ff452cf555b9dcd25dc1929b768c7acbdd594cc6efe13b27905a0d70",
                "d23c7abb4a274a115228490b11ed4822b2e7920b1f76ac4e5e5060f350bdd500",
                "ddc8fa08600e2f920b01d24547e64eaf6eae2122f16ee2a44ff882496fc3e422",
                "ea98a221aea7e1f1673d6b8f3cf7245532aac1291cd8241c26a3b61b48c68203",
                "a160bc4b455d65a16715297a0776e7660143fdfa7b178d3c1dfdc7b1b6381858",
                "654b32e94766c73a25f8f462fa62bb8115787c4aad8e915beaea95ae7f304b82",
                "a0e9d4aa86103376ddd51fffd41a2d6ad645760bcdc07fa4388d250bcd60f0ee",
                "06de02974c1e472eaabdc7a3bc14a71ff5cd50ed571a4761dabbc37a2d074d7d",
                "5153f01167a3c6b8509004e0c17b6e2ddba7e07f9a5777c19b8a98812f3e2d41",
                "2b77c7b319fb2957c5acba5d779d1e2e31e892c3672c0d1bc092dc89adfc2875",
                "399283e1ce2476965201f45b57ce97e4b2684b97c62470b3eacd2b38954d21c1",
                "0b5c4c609a2026d6d537c1f2183cd9c7d75301cfefaf442e4f907488567fd65f",
                "61a6c7e3c0bf11487f599ff6d752ed745f67d295be71f06bc7301049d1a5ecf2",
                "f694b574bd64e5c99c5df29e44c8d2f62b91fdbd91349fad0660fe5ef9d1eddb",
                "c35a79c1aa1b57c3bf6a36968709ede7f3fd116d34611c895d23cc611726038a"
            ],
            "type": "Script",
            "firstPartyCookies": {
                "tarteaucitron": {
                    "ttl": 31536004,
                    "length": 10,
                    "prevalence": 0.003130996869003131,
                    "uniqueness": 0.6129032258064516
                },
                "cookie-compliance": {
                    "ttl": 31536003,
                    "length": 19,
                    "prevalence": 0.000100999899000101,
                    "uniqueness": 1
                },
                "tarteaucitronc": {
                    "ttl": 86402,
                    "length": 23,
                    "prevalence": 0.000100999899000101,
                    "uniqueness": 1
                },
                "tarteaucitrongallica": {
                    "ttl": 86404,
                    "length": 23,
                    "prevalence": 0.000100999899000101,
                    "uniqueness": 1
                },
                "cookieconsentement": {
                    "ttl": 15724804,
                    "length": 12,
                    "prevalence": 0.000100999899000101,
                    "uniqueness": 1
                },
                "tarteaucitronPresseLocaleAncienne": {
                    "ttl": 86403,
                    "length": 5,
                    "prevalence": 0.000100999899000101,
                    "uniqueness": 1
                },
                "cookieswpm": {
                    "ttl": 31536007,
                    "length": 14,
                    "prevalence": 0.000100999899000101,
                    "uniqueness": 1
                },
                "tarteaucitronbnf": {
                    "ttl": 86408,
                    "length": 5,
                    "prevalence": 0.000100999899000101,
                    "uniqueness": 1
                },
                "tarteaucitron3": {
                    "ttl": 31536008,
                    "length": 14,
                    "prevalence": 0.000100999899000101,
                    "uniqueness": 1
                },
                "eu-consent": {
                    "ttl": 15724804,
                    "length": 14,
                    "prevalence": 0.000100999899000101,
                    "uniqueness": 1
                },
                "tarteaucitron_CMS": {
                    "ttl": 31536007,
                    "length": 9,
                    "prevalence": 0.000100999899000101,
                    "uniqueness": 1
                },
                "tarteaucitron_txiktxak": {
                    "ttl": 31536006,
                    "length": 5,
                    "prevalence": 0.000100999899000101,
                    "uniqueness": 1
                }
            },
            "firstPartyCookiesSent": {},