{
    "domain": "wisepops.net",
    "owner": {},
    "source": [
        "DuckDuckGo-FR"
    ],
    "prevalence": 0.00172,
    "sites": 17,
    "subdomains": [],
    "cnames": [],
    "fingerprinting": 2,
    "resources": [
        {
            "rule": "wisepops\\.net\\/loader\\.js",
            "cookies": 0.000606,
            "fingerprinting": 2,
            "subdomains": [],
            "apis": {
                "window.sessionStorage": 6,
                "window.localStorage": 6,
                "Document.cookie getter": 6,
                "Document.cookie setter": 6,
                "Date.prototype.getTime": 6,
                "window.innerHeight": 6,
                "window.innerWidth": 6,
                "Navigator.prototype.cookieEnabled": 6,
                "Intl.DateTimeFormat.prototype.resolvedOptions": 6,
                "Notification.permission": 3
            },
            "sites": 17,
            "prevalence": 0.00172,
            "cnames": [],
            "responseHashes": [
                "2bd117b1adda3adcf9d51e40c93b35b4e5b30caf297c43b1eadea869a08ba955",
                "bf887585f7acc8a33a2d927368dc1ec55e3962ec411404d2636a5f4aee37c7ac",
                "4e30b68560c1e8cbad10d3e59a014103f5fca4bc95974a172cfc2a34fdd5bf9d",
                "1472f234de8f5312812a44e808d56bfa59f0a8e28f8ecb556a4e5522c26cf0a6",
                "e3b0c44298fc1c149afbf4c8996fb92427ae41e4649b934ca495991b7852b855",
                "c15524dc4f2d306c1a0401b04acd5e53226b4cd74a7cc74edc422dd753c406b2",
                "e78aff3d694bebd4456835bf82e7e85c2a3f68c5e2f2711855e50610cd07c2b6",
                "c46fe65e39d22e64dee0cb4822766d1e72b74538c5795c193d5ced82b74770a7",
                "38999fa2d1b50980bc78ad02a86cb8303ba12ac78b117f729275ad4d75bd674e",
                "7b09fa43bfe4997e738a14a863096262cf479f77f4e6fb08ecf33d87e22f3a0a",
                "faca5512d9d225eec3337f4096e913d0d560de94acf6b898fb7ccba6e6689e4c",
                "5f49bb97fa45113378c5a7bbdcf2ade1ab6dea2e4110032d4839a7f05a6c9f48",
                "3134380fe0b0924918988b86b7ebbdf27871d448c45e96932f96c6c950804804",
                "f8573ca303ef6479a1bca2f3df5657214256ca4e22e7b8ce74905f9341e37101"
            ],
            "type": "Script",
            "firstPartyCookies": {
                "wisepops_tld": {
                    "ttl": 3,
                    "length": 1,
                    "prevalence": 0.000605999394000606,
                    "uniqueness": 0.16666666666666666
                },
                "wisepops": {
                    "ttl": 63072000,
                    "length": 157,
                    "prevalence": 0.000504999495000505,
                    "uniqueness": 1
                },
                "wisepops_session": {
                    "ttl": null,
                    "length": 301,
                    "prevalence": 0.000504999495000505,
                    "uniqueness": 1
                },
                "wisepops_visitor": {
                    "ttl": 63072000,
                    "length": 67,
                    "prevalence": 0.000605999394000606,
                    "uniqueness": 1
                },
                "wisepops_visits": {
                    "ttl": 63072000,
                    "length": 40,
                    "prevalence": 0.000504999495000505,
                    "uniqueness": 1
                },
                "wisepops_props": {
                    "ttl": 34214400,
                    "length": 157,
                    "prevalence": 0.000100999899000101,
                    "uniqueness": 1
                }
            },
            "firstPartyCookiesSent": {},
            "exampleSites": [
                "buycycle.com",
                "my-foncia.fonciamillenium.net",
                "particulier.malakoffhumanis.com",
                "www.assoconnect.com",
                "www.avenue-privee.com",
                "www.dunod.com",
                "www.famillechretienne.fr",
                "www.finishers.com",
                "www.indy.fr",
                "www.lanutrition.fr",
                "www.lelo.com",
                "www.lesitedumadeinfrance.fr",
                "www.recyclivre.com",
                "www.santevet.com",
                "www.swile.co",
                "www.tikamoon.com",
                "www.zamnesia.fr"
            ]
        },
        {
            "rule": "wisepops\\.net\\/id",
            "cookies": 0,
            "fingerprinting": 0,
            "subdomains": [],
            "apis": {},
            "sites": 14,
            "prevalence": 0.00141,
            "cnames": [],
            "responseHashes": [
                "e8431348bbf41e250adbdfca1744d1f3cc2ac8956c19dac190a6eefbc1ca6b4b",
                "4ed0641433f9a20879b337f9166157e5e7a66f6c5a65af449cd1d0de12521013",
                "1e9bbe92533a98484113da905b0d276037cee95a326308d8ebc37bb740d1bc42",
                "e8641946c1fa3ab34c2a5937e9024177456a6cc4e8efbe30ddd144d2bdec003d",
                "f26f5c6a8f284c9c91733ec3604c6f3c222763a0a25869c299dddf8de52d711d",
                "34cf4d21e720569b1b263c3e952ff437b3de9bd5522e945f44583d2a0ddd7f76",
                "728e8c2fd2ec7c1f89733b23383929234f0e6f505bc66a1d3993cf40351b1524",
                "900cd01dca26822569a4f413c483ae783e75c2943eda2464a697cf9d50c7c1d0",
                "5437ee42e5d7787e5c239176f89860fb60234b8b68bddf49c8e282cb9cd924a0",
                "ce3a11fc013b4d7471a29cf8ea5591786fa9c3378b9b1cb84bd654ac71a9f707",
                "fead38a0d3ffb6b997ad0f4408c7302620a4d617421bc976f2a40e71c9d867df",
                "c77f9efa7e27b54bcec1a780e10f5862154fec0786fa0e33991c4126e301177f",
                "9554eb0aba42d9b9b9dacd2fe97ea09de3f551dc8afc61754e4adda5e3013962"
            ],
            "type": "Fetch",
            "firstPartyCookies": {},
            "firstPartyCookiesSent": {},
            "exampleSites": [
                "buycycle.com",
                "my-foncia.fonciamillenium.net",
                "particulier.malakoffhumanis.com",
                "www.assoconnect.com",
                "www.avenue-privee.com",
                "www.indy.fr",
                "www.lanutrition.fr",
                "www.lelo.com",
                "www.lesitedumadeinfrance.fr",
                "www.recyclivre.com",
                "www.santevet.com",
                "www.swile.co",
                "www.tikamoon.com",
                "www.zamnesia.fr"
            ]
        },
        {
            "rule": "wisepops\\.net\\/my-wisepop",
            "cookies": 0,
            "fingerprinting": 0,
            "subdomains": [],
            "apis": {},
            "sites": 14,
            "prevalence": 0.00141,
            "cnames": [],
            "responseHashes": [
                "86c7e3d48c980925486b3b72323f024c0803648e70b0e584750cc469535d3b84",
                "9999c5cbf10727ee25f813fa254a9b61d9a1e8314bee4d17c08a6c0b3348359a",
                "30de1319ffbcb941a916f7c376a1218f79720fd891fba30ae21d85531add12f4",
                "b8c4c57d613a446dcca5f4d783c9fdc78ec7cb3efaf4fc63808d8da6179b3581",
                "ebcf9b96384f35ac942f26ff2e285dde4babc020249cd1855b2072b7fcc3733e",
                "2e06952f5ecf2aeb7d266e9df2e9cf76d0b81a59996d6ede197168f470a3d927",
                "7667aec2817e33cf9c1b5c82ef7dc3efd827727a27a2f157ce338047299771c9",
                "0f7107632530167bc27c61990ef8eb0d9efdf966eb7cb255ff517a81a43702aa",
                "e416300029a42f77a84e3a0e2fa8714e6c7e0b15ddfebca29613eee774825c26",
                "302fbeafad68fcad2a3f634d5381a6fe7a25b93bb2dae28b4ff4c2361be52e63",
                "b62d3193e88cc05d2de94c6f304d4619eed7e26595e34314ee02089fd205b7d4",
                "c398b44bad32ac5ebd7e717c8357e5f3918e8a62591ce25a7922bf9230f952f8"
            ],
            "type": "XHR",
            "firstPartyCookies": {},
            "firstPartyCookiesSent": {},